<PMWActivityAssociationTable>
	<RowData><ProcessDefId>14</ProcessDefId><ActivityId>1</ActivityId><DefinitionType>I</DefinitionType><DefinitionId>1</DefinitionId><AccessFlag></AccessFlag><FieldName>q_orient_service_po_item</FieldName><Attribute>O</Attribute><ExtObjID>1</ExtObjID><VariableId>113</VariableId>
	</RowData>
	<RowData><ProcessDefId>14</ProcessDefId><ActivityId>1</ActivityId><DefinitionType>I</DefinitionType><DefinitionId>2</DefinitionId><AccessFlag></AccessFlag><FieldName>PoNumber</FieldName><Attribute>O</Attribute><ExtObjID>1</ExtObjID><VariableId>104</VariableId>
	</RowData>
	<RowData><ProcessDefId>14</ProcessDefId><ActivityId>1</ActivityId><DefinitionType>I</DefinitionType><DefinitionId>3</DefinitionId><AccessFlag></AccessFlag><FieldName>InvoiceDate</FieldName><Attribute>O</Attribute><ExtObjID>1</ExtObjID><VariableId>60</VariableId>
	</RowData>
	<RowData><ProcessDefId>14</ProcessDefId><ActivityId>1</ActivityId><DefinitionType>I</DefinitionType><DefinitionId>4</DefinitionId><AccessFlag></AccessFlag><FieldName>assignedTo</FieldName><Attribute>O</Attribute><ExtObjID>1</ExtObjID><VariableId>68</VariableId>
	</RowData>
	<RowData><ProcessDefId>14</ProcessDefId><ActivityId>1</ActivityId><DefinitionType>I</DefinitionType><DefinitionId>5</DefinitionId><AccessFlag></AccessFlag><FieldName>pur_group</FieldName><Attribute>O</Attribute><ExtObjID>1</ExtObjID><VariableId>73</VariableId>
	</RowData>
	<RowData><ProcessDefId>14</ProcessDefId><ActivityId>1</ActivityId><DefinitionType>I</DefinitionType><DefinitionId>6</DefinitionId><AccessFlag></AccessFlag><FieldName>InvAmount_sharepointt</FieldName><Attribute>O</Attribute><ExtObjID>1</ExtObjID><VariableId>108</VariableId>
	</RowData>
	<RowData><ProcessDefId>14</ProcessDefId><ActivityId>1</ActivityId><DefinitionType>I</DefinitionType><DefinitionId>7</DefinitionId><AccessFlag></AccessFlag><FieldName>pan_inv</FieldName><Attribute>O</Attribute><ExtObjID>1</ExtObjID><VariableId>89</VariableId>
	</RowData>
	<RowData><ProcessDefId>14</ProcessDefId><ActivityId>1</ActivityId><DefinitionType>I</DefinitionType><DefinitionId>8</DefinitionId><AccessFlag></AccessFlag><FieldName>InvDate_sharepoint</FieldName><Attribute>O</Attribute><ExtObjID>1</ExtObjID><VariableId>107</VariableId>
	</RowData>
	<RowData><ProcessDefId>14</ProcessDefId><ActivityId>1</ActivityId><DefinitionType>I</DefinitionType><DefinitionId>9</DefinitionId><AccessFlag></AccessFlag><FieldName>DocumentPath</FieldName><Attribute>O</Attribute><ExtObjID>1</ExtObjID><VariableId>111</VariableId>
	</RowData>
	<RowData><ProcessDefId>14</ProcessDefId><ActivityId>1</ActivityId><DefinitionType>I</DefinitionType><DefinitionId>10</DefinitionId><AccessFlag></AccessFlag><FieldName>pur_org</FieldName><Attribute>O</Attribute><ExtObjID>1</ExtObjID><VariableId>74</VariableId>
	</RowData>
	<RowData><ProcessDefId>14</ProcessDefId><ActivityId>1</ActivityId><DefinitionType>I</DefinitionType><DefinitionId>11</DefinitionId><AccessFlag></AccessFlag><FieldName>pan_sap</FieldName><Attribute>O</Attribute><ExtObjID>1</ExtObjID><VariableId>99</VariableId>
	</RowData>
	<RowData><ProcessDefId>14</ProcessDefId><ActivityId>1</ActivityId><DefinitionType>I</DefinitionType><DefinitionId>12</DefinitionId><AccessFlag></AccessFlag><FieldName>po_type</FieldName><Attribute>O</Attribute><ExtObjID>1</ExtObjID><VariableId>72</VariableId>
	</RowData>
	<RowData><ProcessDefId>14</ProcessDefId><ActivityId>1</ActivityId><DefinitionType>I</DefinitionType><DefinitionId>13</DefinitionId><AccessFlag></AccessFlag><FieldName>q_service_entrySheetDetails</FieldName><Attribute>O</Attribute><ExtObjID>1</ExtObjID><VariableId>116</VariableId>
	</RowData>
	<RowData><ProcessDefId>14</ProcessDefId><ActivityId>1</ActivityId><DefinitionType>I</DefinitionType><DefinitionId>14</DefinitionId><AccessFlag></AccessFlag><FieldName>finance_decision</FieldName><Attribute>O</Attribute><ExtObjID>1</ExtObjID><VariableId>93</VariableId>
	</RowData>
	<RowData><ProcessDefId>14</ProcessDefId><ActivityId>1</ActivityId><DefinitionType>I</DefinitionType><DefinitionId>15</DefinitionId><AccessFlag></AccessFlag><FieldName>postingSyncStatus</FieldName><Attribute>O</Attribute><ExtObjID>1</ExtObjID><VariableId>114</VariableId>
	</RowData>
	<RowData><ProcessDefId>14</ProcessDefId><ActivityId>1</ActivityId><DefinitionType>I</DefinitionType><DefinitionId>16</DefinitionId><AccessFlag></AccessFlag><FieldName>Record_ID</FieldName><Attribute>O</Attribute><ExtObjID>1</ExtObjID><VariableId>102</VariableId>
	</RowData>
	<RowData><ProcessDefId>14</ProcessDefId><ActivityId>1</ActivityId><DefinitionType>I</DefinitionType><DefinitionId>17</DefinitionId><AccessFlag></AccessFlag><FieldName>route_to</FieldName><Attribute>O</Attribute><ExtObjID>1</ExtObjID><VariableId>67</VariableId>
	</RowData>
	<RowData><ProcessDefId>14</ProcessDefId><ActivityId>1</ActivityId><DefinitionType>I</DefinitionType><DefinitionId>18</DefinitionId><AccessFlag></AccessFlag><FieldName>gstn_inv</FieldName><Attribute>O</Attribute><ExtObjID>1</ExtObjID><VariableId>88</VariableId>
	</RowData>
	<RowData><ProcessDefId>14</ProcessDefId><ActivityId>1</ActivityId><DefinitionType>I</DefinitionType><DefinitionId>19</DefinitionId><AccessFlag></AccessFlag><FieldName>VendorCode</FieldName><Attribute>O</Attribute><ExtObjID>1</ExtObjID><VariableId>109</VariableId>
	</RowData>
	<RowData><ProcessDefId>14</ProcessDefId><ActivityId>1</ActivityId><DefinitionType>I</DefinitionType><DefinitionId>20</DefinitionId><AccessFlag></AccessFlag><FieldName>gstn_sap</FieldName><Attribute>O</Attribute><ExtObjID>1</ExtObjID><VariableId>98</VariableId>
	</RowData>
	<RowData><ProcessDefId>14</ProcessDefId><ActivityId>1</ActivityId><DefinitionType>I</DefinitionType><DefinitionId>21</DefinitionId><AccessFlag></AccessFlag><FieldName>PONo_new</FieldName><Attribute>O</Attribute><ExtObjID>1</ExtObjID><VariableId>117</VariableId>
	</RowData>
	<RowData><ProcessDefId>14</ProcessDefId><ActivityId>1</ActivityId><DefinitionType>I</DefinitionType><DefinitionId>22</DefinitionId><AccessFlag></AccessFlag><FieldName>InvoiceAmount</FieldName><Attribute>O</Attribute><ExtObjID>1</ExtObjID><VariableId>83</VariableId>
	</RowData>
	<RowData><ProcessDefId>14</ProcessDefId><ActivityId>1</ActivityId><DefinitionType>I</DefinitionType><DefinitionId>23</DefinitionId><AccessFlag></AccessFlag><FieldName>Inv_Post</FieldName><Attribute>O</Attribute><ExtObjID>1</ExtObjID><VariableId>58</VariableId>
	</RowData>
	<RowData><ProcessDefId>14</ProcessDefId><ActivityId>1</ActivityId><DefinitionType>I</DefinitionType><DefinitionId>24</DefinitionId><AccessFlag></AccessFlag><FieldName>posting_date</FieldName><Attribute>O</Attribute><ExtObjID>1</ExtObjID><VariableId>69</VariableId>
	</RowData>
	<RowData><ProcessDefId>14</ProcessDefId><ActivityId>1</ActivityId><DefinitionType>I</DefinitionType><DefinitionId>25</DefinitionId><AccessFlag></AccessFlag><FieldName>orient_gstn</FieldName><Attribute>O</Attribute><ExtObjID>1</ExtObjID><VariableId>96</VariableId>
	</RowData>
	<RowData><ProcessDefId>14</ProcessDefId><ActivityId>1</ActivityId><DefinitionType>I</DefinitionType><DefinitionId>26</DefinitionId><AccessFlag></AccessFlag><FieldName>dmspath</FieldName><Attribute>O</Attribute><ExtObjID>1</ExtObjID><VariableId>92</VariableId>
	</RowData>
	<RowData><ProcessDefId>14</ProcessDefId><ActivityId>1</ActivityId><DefinitionType>I</DefinitionType><DefinitionId>27</DefinitionId><AccessFlag></AccessFlag><FieldName>accounts_decision</FieldName><Attribute>O</Attribute><ExtObjID>1</ExtObjID><VariableId>94</VariableId>
	</RowData>
	<RowData><ProcessDefId>14</ProcessDefId><ActivityId>1</ActivityId><DefinitionType>I</DefinitionType><DefinitionId>28</DefinitionId><AccessFlag></AccessFlag><FieldName>parkingSyncStatus</FieldName><Attribute>O</Attribute><ExtObjID>1</ExtObjID><VariableId>101</VariableId>
	</RowData>
	<RowData><ProcessDefId>14</ProcessDefId><ActivityId>1</ActivityId><DefinitionType>I</DefinitionType><DefinitionId>29</DefinitionId><AccessFlag></AccessFlag><FieldName>processid</FieldName><Attribute>O</Attribute><ExtObjID>1</ExtObjID><VariableId>65</VariableId>
	</RowData>
	<RowData><ProcessDefId>14</ProcessDefId><ActivityId>1</ActivityId><DefinitionType>I</DefinitionType><DefinitionId>30</DefinitionId><AccessFlag></AccessFlag><FieldName>plant</FieldName><Attribute>O</Attribute><ExtObjID>1</ExtObjID><VariableId>100</VariableId>
	</RowData>
	<RowData><ProcessDefId>14</ProcessDefId><ActivityId>1</ActivityId><DefinitionType>I</DefinitionType><DefinitionId>31</DefinitionId><AccessFlag></AccessFlag><FieldName>PAN</FieldName><Attribute>O</Attribute><ExtObjID>1</ExtObjID><VariableId>90</VariableId>
	</RowData>
	<RowData><ProcessDefId>14</ProcessDefId><ActivityId>1</ActivityId><DefinitionType>I</DefinitionType><DefinitionId>32</DefinitionId><AccessFlag></AccessFlag><FieldName>taxcode_service</FieldName><Attribute>O</Attribute><ExtObjID>1</ExtObjID><VariableId>86</VariableId>
	</RowData>
	<RowData><ProcessDefId>14</ProcessDefId><ActivityId>1</ActivityId><DefinitionType>I</DefinitionType><DefinitionId>33</DefinitionId><AccessFlag></AccessFlag><FieldName>q_serviceapproval</FieldName><Attribute>O</Attribute><ExtObjID>1</ExtObjID><VariableId>84</VariableId>
	</RowData>
	<RowData><ProcessDefId>14</ProcessDefId><ActivityId>1</ActivityId><DefinitionType>I</DefinitionType><DefinitionId>34</DefinitionId><AccessFlag></AccessFlag><FieldName>initiator_user</FieldName><Attribute>O</Attribute><ExtObjID>1</ExtObjID><VariableId>118</VariableId>
	</RowData>
	<RowData><ProcessDefId>14</ProcessDefId><ActivityId>1</ActivityId><DefinitionType>I</DefinitionType><DefinitionId>35</DefinitionId><AccessFlag></AccessFlag><FieldName>Inv_Park</FieldName><Attribute>O</Attribute><ExtObjID>1</ExtObjID><VariableId>62</VariableId>
	</RowData>
	<RowData><ProcessDefId>14</ProcessDefId><ActivityId>1</ActivityId><DefinitionType>I</DefinitionType><DefinitionId>36</DefinitionId><AccessFlag></AccessFlag><FieldName>comp_code</FieldName><Attribute>O</Attribute><ExtObjID>1</ExtObjID><VariableId>70</VariableId>
	</RowData>
	<RowData><ProcessDefId>14</ProcessDefId><ActivityId>1</ActivityId><DefinitionType>I</DefinitionType><DefinitionId>37</DefinitionId><AccessFlag></AccessFlag><FieldName>PurchaseOrderNo</FieldName><Attribute>O</Attribute><ExtObjID>1</ExtObjID><VariableId>63</VariableId>
	</RowData>
	<RowData><ProcessDefId>14</ProcessDefId><ActivityId>1</ActivityId><DefinitionType>I</DefinitionType><DefinitionId>38</DefinitionId><AccessFlag></AccessFlag><FieldName>currency</FieldName><Attribute>O</Attribute><ExtObjID>1</ExtObjID><VariableId>85</VariableId>
	</RowData>
	<RowData><ProcessDefId>14</ProcessDefId><ActivityId>1</ActivityId><DefinitionType>I</DefinitionType><DefinitionId>39</DefinitionId><AccessFlag></AccessFlag><FieldName>GSTN</FieldName><Attribute>O</Attribute><ExtObjID>1</ExtObjID><VariableId>87</VariableId>
	</RowData>
	<RowData><ProcessDefId>14</ProcessDefId><ActivityId>1</ActivityId><DefinitionType>I</DefinitionType><DefinitionId>40</DefinitionId><AccessFlag></AccessFlag><FieldName>vendor_code</FieldName><Attribute>O</Attribute><ExtObjID>1</ExtObjID><VariableId>75</VariableId>
	</RowData>
	<RowData><ProcessDefId>14</ProcessDefId><ActivityId>1</ActivityId><DefinitionType>I</DefinitionType><DefinitionId>41</DefinitionId><AccessFlag></AccessFlag><FieldName>q_orient_po_item</FieldName><Attribute>O</Attribute><ExtObjID>1</ExtObjID><VariableId>77</VariableId>
	</RowData>
	<RowData><ProcessDefId>14</ProcessDefId><ActivityId>1</ActivityId><DefinitionType>I</DefinitionType><DefinitionId>42</DefinitionId><AccessFlag></AccessFlag><FieldName>q_orient_entrysheet_sel</FieldName><Attribute>O</Attribute><ExtObjID>1</ExtObjID><VariableId>91</VariableId>
	</RowData>
	<RowData><ProcessDefId>14</ProcessDefId><ActivityId>1</ActivityId><DefinitionType>I</DefinitionType><DefinitionId>43</DefinitionId><AccessFlag></AccessFlag><FieldName>po_date</FieldName><Attribute>O</Attribute><ExtObjID>1</ExtObjID><VariableId>71</VariableId>
	</RowData>
	<RowData><ProcessDefId>14</ProcessDefId><ActivityId>1</ActivityId><DefinitionType>I</DefinitionType><DefinitionId>44</DefinitionId><AccessFlag></AccessFlag><FieldName>InvoiceNo</FieldName><Attribute>O</Attribute><ExtObjID>1</ExtObjID><VariableId>59</VariableId>
	</RowData>
	<RowData><ProcessDefId>14</ProcessDefId><ActivityId>1</ActivityId><DefinitionType>I</DefinitionType><DefinitionId>45</DefinitionId><AccessFlag></AccessFlag><FieldName>q_orient_pohistory</FieldName><Attribute>O</Attribute><ExtObjID>1</ExtObjID><VariableId>81</VariableId>
	</RowData>
	<RowData><ProcessDefId>14</ProcessDefId><ActivityId>1</ActivityId><DefinitionType>I</DefinitionType><DefinitionId>46</DefinitionId><AccessFlag></AccessFlag><FieldName>ServiceEntryNo</FieldName><Attribute>O</Attribute><ExtObjID>1</ExtObjID><VariableId>105</VariableId>
	</RowData>
	<RowData><ProcessDefId>14</ProcessDefId><ActivityId>1</ActivityId><DefinitionType>I</DefinitionType><DefinitionId>47</DefinitionId><AccessFlag></AccessFlag><FieldName>vendor_name</FieldName><Attribute>O</Attribute><ExtObjID>1</ExtObjID><VariableId>76</VariableId>
	</RowData>
	<RowData><ProcessDefId>14</ProcessDefId><ActivityId>1</ActivityId><DefinitionType>I</DefinitionType><DefinitionId>49</DefinitionId><AccessFlag></AccessFlag><FieldName>q_exception_details</FieldName><Attribute>O</Attribute><ExtObjID>1</ExtObjID><VariableId>115</VariableId>
	</RowData>
	<RowData><ProcessDefId>14</ProcessDefId><ActivityId>1</ActivityId><DefinitionType>I</DefinitionType><DefinitionId>50</DefinitionId><AccessFlag></AccessFlag><FieldName>service_status</FieldName><Attribute>O</Attribute><ExtObjID>1</ExtObjID><VariableId>66</VariableId>
	</RowData>
	<RowData><ProcessDefId>14</ProcessDefId><ActivityId>1</ActivityId><DefinitionType>I</DefinitionType><DefinitionId>51</DefinitionId><AccessFlag></AccessFlag><FieldName>q_orient_acc_assignment</FieldName><Attribute>O</Attribute><ExtObjID>1</ExtObjID><VariableId>79</VariableId>
	</RowData>
	<RowData><ProcessDefId>14</ProcessDefId><ActivityId>1</ActivityId><DefinitionType>I</DefinitionType><DefinitionId>52</DefinitionId><AccessFlag></AccessFlag><FieldName>orient_PAN</FieldName><Attribute>O</Attribute><ExtObjID>1</ExtObjID><VariableId>97</VariableId>
	</RowData>
	<RowData><ProcessDefId>14</ProcessDefId><ActivityId>1</ActivityId><DefinitionType>I</DefinitionType><DefinitionId>53</DefinitionId><AccessFlag></AccessFlag><FieldName>PoDate</FieldName><Attribute>O</Attribute><ExtObjID>1</ExtObjID><VariableId>61</VariableId>
	</RowData>
	<RowData><ProcessDefId>14</ProcessDefId><ActivityId>1</ActivityId><DefinitionType>I</DefinitionType><DefinitionId>54</DefinitionId><AccessFlag></AccessFlag><FieldName>InvoiceNumber</FieldName><Attribute>O</Attribute><ExtObjID>1</ExtObjID><VariableId>106</VariableId>
	</RowData>
	<RowData><ProcessDefId>14</ProcessDefId><ActivityId>1</ActivityId><DefinitionType>I</DefinitionType><DefinitionId>55</DefinitionId><AccessFlag></AccessFlag><FieldName>amount_po</FieldName><Attribute>O</Attribute><ExtObjID>1</ExtObjID><VariableId>95</VariableId>
	</RowData>
	<RowData><ProcessDefId>14</ProcessDefId><ActivityId>1</ActivityId><DefinitionType>I</DefinitionType><DefinitionId>56</DefinitionId><AccessFlag></AccessFlag><FieldName>q_orient_witholding</FieldName><Attribute>O</Attribute><ExtObjID>1</ExtObjID><VariableId>112</VariableId>
	</RowData>
	<RowData><ProcessDefId>14</ProcessDefId><ActivityId>1</ActivityId><DefinitionType>I</DefinitionType><DefinitionId>57</DefinitionId><AccessFlag></AccessFlag><FieldName>DocumentName</FieldName><Attribute>O</Attribute><ExtObjID>1</ExtObjID><VariableId>110</VariableId>
	</RowData>
	<RowData><ProcessDefId>14</ProcessDefId><ActivityId>1</ActivityId><DefinitionType>I</DefinitionType><DefinitionId>58</DefinitionId><AccessFlag></AccessFlag><FieldName>finance_user</FieldName><Attribute>O</Attribute><ExtObjID>1</ExtObjID><VariableId>119</VariableId>
	</RowData>
	<RowData><ProcessDefId>14</ProcessDefId><ActivityId>1</ActivityId><DefinitionType>I</DefinitionType><DefinitionId>59</DefinitionId><AccessFlag></AccessFlag><FieldName>SharePointRequestId</FieldName><Attribute>O</Attribute><ExtObjID>1</ExtObjID><VariableId>103</VariableId>
	</RowData>
	<RowData><ProcessDefId>14</ProcessDefId><ActivityId>1</ActivityId><DefinitionType>I</DefinitionType><DefinitionId>60</DefinitionId><AccessFlag></AccessFlag><FieldName>q_orient_poitem_history</FieldName><Attribute>O</Attribute><ExtObjID>1</ExtObjID><VariableId>82</VariableId>
	</RowData>
	<RowData><ProcessDefId>14</ProcessDefId><ActivityId>1</ActivityId><DefinitionType>I</DefinitionType><DefinitionId>61</DefinitionId><AccessFlag></AccessFlag><FieldName>q_orient_entry_service</FieldName><Attribute>O</Attribute><ExtObjID>1</ExtObjID><VariableId>80</VariableId>
	</RowData>
	<RowData><ProcessDefId>14</ProcessDefId><ActivityId>1</ActivityId><DefinitionType>I</DefinitionType><DefinitionId>62</DefinitionId><AccessFlag></AccessFlag><FieldName>EntrySheetNo</FieldName><Attribute>O</Attribute><ExtObjID>1</ExtObjID><VariableId>64</VariableId>
	</RowData>
	<RowData><ProcessDefId>14</ProcessDefId><ActivityId>1</ActivityId><DefinitionType>I</DefinitionType><DefinitionId>63</DefinitionId><AccessFlag></AccessFlag><FieldName>plan_code</FieldName><Attribute>O</Attribute><ExtObjID>1</ExtObjID><VariableId>120</VariableId>
	</RowData>
	<RowData><ProcessDefId>14</ProcessDefId><ActivityId>1</ActivityId><DefinitionType>I</DefinitionType><DefinitionId>64</DefinitionId><AccessFlag></AccessFlag><FieldName>user_finance</FieldName><Attribute>O</Attribute><ExtObjID>1</ExtObjID><VariableId>121</VariableId>
	</RowData>
	<RowData><ProcessDefId>14</ProcessDefId><ActivityId>1</ActivityId><DefinitionType>I</DefinitionType><DefinitionId>65</DefinitionId><AccessFlag></AccessFlag><FieldName>SharePointRequest</FieldName><Attribute>O</Attribute><ExtObjID>1</ExtObjID><VariableId>123</VariableId>
	</RowData>
	<RowData><ProcessDefId>14</ProcessDefId><ActivityId>1</ActivityId><DefinitionType>I</DefinitionType><DefinitionId>66</DefinitionId><AccessFlag></AccessFlag><FieldName>plant_code</FieldName><Attribute>O</Attribute><ExtObjID>1</ExtObjID><VariableId>124</VariableId>
	</RowData>
	<RowData><ProcessDefId>14</ProcessDefId><ActivityId>1</ActivityId><DefinitionType>I</DefinitionType><DefinitionId>67</DefinitionId><AccessFlag></AccessFlag><FieldName>user_initiator</FieldName><Attribute>O</Attribute><ExtObjID>1</ExtObjID><VariableId>122</VariableId>
	</RowData>
	<RowData><ProcessDefId>14</ProcessDefId><ActivityId>1</ActivityId><DefinitionType>I</DefinitionType><DefinitionId>68</DefinitionId><AccessFlag></AccessFlag><FieldName>bus_place</FieldName><Attribute>O</Attribute><ExtObjID>1</ExtObjID><VariableId>125</VariableId>
	</RowData>
	<RowData><ProcessDefId>14</ProcessDefId><ActivityId>1</ActivityId><DefinitionType>I</DefinitionType><DefinitionId>69</DefinitionId><AccessFlag></AccessFlag><FieldName>fiscalyear</FieldName><Attribute>O</Attribute><ExtObjID>1</ExtObjID><VariableId>126</VariableId>
	</RowData>
	<RowData><ProcessDefId>14</ProcessDefId><ActivityId>1</ActivityId><DefinitionType>I</DefinitionType><DefinitionId>70</DefinitionId><AccessFlag></AccessFlag><FieldName>initiator_decision</FieldName><Attribute>O</Attribute><ExtObjID>1</ExtObjID><VariableId>127</VariableId>
	</RowData>
	<RowData><ProcessDefId>14</ProcessDefId><ActivityId>1</ActivityId><DefinitionType>I</DefinitionType><DefinitionId>71</DefinitionId><AccessFlag></AccessFlag><FieldName>PostingException_decision</FieldName><Attribute>O</Attribute><ExtObjID>1</ExtObjID><VariableId>129</VariableId>
	</RowData>
	<RowData><ProcessDefId>14</ProcessDefId><ActivityId>1</ActivityId><DefinitionType>I</DefinitionType><DefinitionId>72</DefinitionId><AccessFlag></AccessFlag><FieldName>ParkingException_decision</FieldName><Attribute>O</Attribute><ExtObjID>1</ExtObjID><VariableId>128</VariableId>
	</RowData>
	<RowData><ProcessDefId>14</ProcessDefId><ActivityId>1</ActivityId><DefinitionType>I</DefinitionType><DefinitionId>73</DefinitionId><FieldName>q_tds_calculation</FieldName><Attribute>O</Attribute><ExtObjID>1</ExtObjID><VariableId>130</VariableId>
	</RowData>
	<RowData><ProcessDefId>14</ProcessDefId><ActivityId>1</ActivityId><DefinitionType>I</DefinitionType><DefinitionId>74</DefinitionId><FieldName>created_by</FieldName><Attribute>O</Attribute><ExtObjID>1</ExtObjID><VariableId>131</VariableId>
	</RowData>
	<RowData><ProcessDefId>14</ProcessDefId><ActivityId>1</ActivityId><DefinitionType>N</DefinitionType><DefinitionId>3</DefinitionId><AccessFlag></AccessFlag><FieldName>Y,0,930,10275,15360</FieldName><Attribute></Attribute><ExtObjID>0</ExtObjID><VariableId>0</VariableId>
	</RowData>
	<RowData><ProcessDefId>14</ProcessDefId><ActivityId>1</ActivityId><DefinitionType>N</DefinitionType><DefinitionId>5</DefinitionId><AccessFlag></AccessFlag><FieldName>Y,0,915,7305,7005</FieldName><Attribute></Attribute><ExtObjID>0</ExtObjID><VariableId>0</VariableId>
	</RowData>
	<RowData><ProcessDefId>14</ProcessDefId><ActivityId>1</ActivityId><DefinitionType>N</DefinitionType><DefinitionId>8</DefinitionId><AccessFlag></AccessFlag><FieldName></FieldName><Attribute></Attribute><ExtObjID>0</ExtObjID><VariableId>0</VariableId>
	</RowData>
	<RowData><ProcessDefId>14</ProcessDefId><ActivityId>1</ActivityId><DefinitionType>N</DefinitionType><DefinitionId>10</DefinitionId><AccessFlag></AccessFlag><FieldName>Y,0,915,7305,7005</FieldName><Attribute></Attribute><ExtObjID>0</ExtObjID><VariableId>0</VariableId>
	</RowData>
	<RowData><ProcessDefId>14</ProcessDefId><ActivityId>1</ActivityId><DefinitionType>Q</DefinitionType><DefinitionId>48</DefinitionId><AccessFlag></AccessFlag><FieldName>q_sharepoint_requestid</FieldName><Attribute>O</Attribute><ExtObjID>1</ExtObjID><VariableId>10012</VariableId>
	</RowData>
	<RowData><ProcessDefId>14</ProcessDefId><ActivityId>2</ActivityId><DefinitionType>I</DefinitionType><DefinitionId>1</DefinitionId><AccessFlag></AccessFlag><FieldName>PAN</FieldName><Attribute>O</Attribute><ExtObjID>1</ExtObjID><VariableId>90</VariableId>
	</RowData>
	<RowData><ProcessDefId>14</ProcessDefId><ActivityId>2</ActivityId><DefinitionType>I</DefinitionType><DefinitionId>2</DefinitionId><AccessFlag></AccessFlag><FieldName>taxcode_service</FieldName><Attribute>O</Attribute><ExtObjID>1</ExtObjID><VariableId>86</VariableId>
	</RowData>
	<RowData><ProcessDefId>14</ProcessDefId><ActivityId>2</ActivityId><DefinitionType>I</DefinitionType><DefinitionId>3</DefinitionId><AccessFlag></AccessFlag><FieldName>q_serviceapproval</FieldName><Attribute>O</Attribute><ExtObjID>1</ExtObjID><VariableId>84</VariableId>
	</RowData>
	<RowData><ProcessDefId>14</ProcessDefId><ActivityId>2</ActivityId><DefinitionType>I</DefinitionType><DefinitionId>5</DefinitionId><AccessFlag></AccessFlag><FieldName>assignedTo</FieldName><Attribute>O</Attribute><ExtObjID>1</ExtObjID><VariableId>68</VariableId>
	</RowData>
	<RowData><ProcessDefId>14</ProcessDefId><ActivityId>2</ActivityId><DefinitionType>I</DefinitionType><DefinitionId>6</DefinitionId><AccessFlag></AccessFlag><FieldName>Inv_Park</FieldName><Attribute>O</Attribute><ExtObjID>1</ExtObjID><VariableId>62</VariableId>
	</RowData>
	<RowData><ProcessDefId>14</ProcessDefId><ActivityId>2</ActivityId><DefinitionType>I</DefinitionType><DefinitionId>7</DefinitionId><AccessFlag></AccessFlag><FieldName>comp_code</FieldName><Attribute>O</Attribute><ExtObjID>1</ExtObjID><VariableId>70</VariableId>
	</RowData>
	<RowData><ProcessDefId>14</ProcessDefId><ActivityId>2</ActivityId><DefinitionType>I</DefinitionType><DefinitionId>8</DefinitionId><AccessFlag></AccessFlag><FieldName>pur_group</FieldName><Attribute>O</Attribute><ExtObjID>1</ExtObjID><VariableId>73</VariableId>
	</RowData>
	<RowData><ProcessDefId>14</ProcessDefId><ActivityId>2</ActivityId><DefinitionType>I</DefinitionType><DefinitionId>9</DefinitionId><AccessFlag></AccessFlag><FieldName>PurchaseOrderNo</FieldName><Attribute>O</Attribute><ExtObjID>1</ExtObjID><VariableId>63</VariableId>
	</RowData>
	<RowData><ProcessDefId>14</ProcessDefId><ActivityId>2</ActivityId><DefinitionType>I</DefinitionType><DefinitionId>11</DefinitionId><AccessFlag></AccessFlag><FieldName>currency</FieldName><Attribute>O</Attribute><ExtObjID>1</ExtObjID><VariableId>85</VariableId>
	</RowData>
	<RowData><ProcessDefId>14</ProcessDefId><ActivityId>2</ActivityId><DefinitionType>I</DefinitionType><DefinitionId>12</DefinitionId><AccessFlag></AccessFlag><FieldName>pan_inv</FieldName><Attribute>O</Attribute><ExtObjID>1</ExtObjID><VariableId>89</VariableId>
	</RowData>
	<RowData><ProcessDefId>14</ProcessDefId><ActivityId>2</ActivityId><DefinitionType>I</DefinitionType><DefinitionId>13</DefinitionId><AccessFlag></AccessFlag><FieldName>vendor_code</FieldName><Attribute>O</Attribute><ExtObjID>1</ExtObjID><VariableId>75</VariableId>
	</RowData>
	<RowData><ProcessDefId>14</ProcessDefId><ActivityId>2</ActivityId><DefinitionType>I</DefinitionType><DefinitionId>14</DefinitionId><AccessFlag></AccessFlag><FieldName>q_orient_po_item</FieldName><Attribute>O</Attribute><ExtObjID>1</ExtObjID><VariableId>77</VariableId>
	</RowData>
	<RowData><ProcessDefId>14</ProcessDefId><ActivityId>2</ActivityId><DefinitionType>I</DefinitionType><DefinitionId>15</DefinitionId><AccessFlag></AccessFlag><FieldName>InvoiceNo</FieldName><Attribute>O</Attribute><ExtObjID>1</ExtObjID><VariableId>59</VariableId>
	</RowData>
	<RowData><ProcessDefId>14</ProcessDefId><ActivityId>2</ActivityId><DefinitionType>I</DefinitionType><DefinitionId>16</DefinitionId><AccessFlag></AccessFlag><FieldName>po_date</FieldName><Attribute>O</Attribute><ExtObjID>1</ExtObjID><VariableId>71</VariableId>
	</RowData>
	<RowData><ProcessDefId>14</ProcessDefId><ActivityId>2</ActivityId><DefinitionType>I</DefinitionType><DefinitionId>17</DefinitionId><AccessFlag></AccessFlag><FieldName>q_orient_pohistory</FieldName><Attribute>O</Attribute><ExtObjID>1</ExtObjID><VariableId>81</VariableId>
	</RowData>
	<RowData><ProcessDefId>14</ProcessDefId><ActivityId>2</ActivityId><DefinitionType>I</DefinitionType><DefinitionId>18</DefinitionId><AccessFlag></AccessFlag><FieldName>pur_org</FieldName><Attribute>O</Attribute><ExtObjID>1</ExtObjID><VariableId>74</VariableId>
	</RowData>
	<RowData><ProcessDefId>14</ProcessDefId><ActivityId>2</ActivityId><DefinitionType>I</DefinitionType><DefinitionId>19</DefinitionId><AccessFlag></AccessFlag><FieldName>po_type</FieldName><Attribute>O</Attribute><ExtObjID>1</ExtObjID><VariableId>72</VariableId>
	</RowData>
	<RowData><ProcessDefId>14</ProcessDefId><ActivityId>2</ActivityId><DefinitionType>I</DefinitionType><DefinitionId>20</DefinitionId><AccessFlag></AccessFlag><FieldName>vendor_name</FieldName><Attribute>O</Attribute><ExtObjID>1</ExtObjID><VariableId>76</VariableId>
	</RowData>
	<RowData><ProcessDefId>14</ProcessDefId><ActivityId>2</ActivityId><DefinitionType>I</DefinitionType><DefinitionId>21</DefinitionId><AccessFlag></AccessFlag><FieldName>service_status</FieldName><Attribute>O</Attribute><ExtObjID>1</ExtObjID><VariableId>66</VariableId>
	</RowData>
	<RowData><ProcessDefId>14</ProcessDefId><ActivityId>2</ActivityId><DefinitionType>I</DefinitionType><DefinitionId>22</DefinitionId><AccessFlag></AccessFlag><FieldName>route_to</FieldName><Attribute>O</Attribute><ExtObjID>1</ExtObjID><VariableId>67</VariableId>
	</RowData>
	<RowData><ProcessDefId>14</ProcessDefId><ActivityId>2</ActivityId><DefinitionType>I</DefinitionType><DefinitionId>23</DefinitionId><AccessFlag></AccessFlag><FieldName>gstn_inv</FieldName><Attribute>O</Attribute><ExtObjID>1</ExtObjID><VariableId>88</VariableId>
	</RowData>
	<RowData><ProcessDefId>14</ProcessDefId><ActivityId>2</ActivityId><DefinitionType>I</DefinitionType><DefinitionId>24</DefinitionId><AccessFlag></AccessFlag><FieldName>q_orient_acc_assignment</FieldName><Attribute>O</Attribute><ExtObjID>1</ExtObjID><VariableId>79</VariableId>
	</RowData>
	<RowData><ProcessDefId>14</ProcessDefId><ActivityId>2</ActivityId><DefinitionType>I</DefinitionType><DefinitionId>27</DefinitionId><AccessFlag></AccessFlag><FieldName>Inv_Post</FieldName><Attribute>O</Attribute><ExtObjID>1</ExtObjID><VariableId>58</VariableId>
	</RowData>
	<RowData><ProcessDefId>14</ProcessDefId><ActivityId>2</ActivityId><DefinitionType>I</DefinitionType><DefinitionId>28</DefinitionId><AccessFlag></AccessFlag><FieldName>posting_date</FieldName><Attribute>O</Attribute><ExtObjID>1</ExtObjID><VariableId>69</VariableId>
	</RowData>
	<RowData><ProcessDefId>14</ProcessDefId><ActivityId>2</ActivityId><DefinitionType>I</DefinitionType><DefinitionId>29</DefinitionId><AccessFlag></AccessFlag><FieldName>q_orient_poitem_history</FieldName><Attribute>O</Attribute><ExtObjID>1</ExtObjID><VariableId>82</VariableId>
	</RowData>
	<RowData><ProcessDefId>14</ProcessDefId><ActivityId>2</ActivityId><DefinitionType>I</DefinitionType><DefinitionId>30</DefinitionId><AccessFlag></AccessFlag><FieldName>q_orient_entry_service</FieldName><Attribute>O</Attribute><ExtObjID>1</ExtObjID><VariableId>80</VariableId>
	</RowData>
	<RowData><ProcessDefId>14</ProcessDefId><ActivityId>2</ActivityId><DefinitionType>I</DefinitionType><DefinitionId>31</DefinitionId><AccessFlag></AccessFlag><FieldName>EntrySheetNo</FieldName><Attribute>O</Attribute><ExtObjID>1</ExtObjID><VariableId>64</VariableId>
	</RowData>
	<RowData><ProcessDefId>14</ProcessDefId><ActivityId>2</ActivityId><DefinitionType>I</DefinitionType><DefinitionId>32</DefinitionId><AccessFlag></AccessFlag><FieldName>processid</FieldName><Attribute>O</Attribute><ExtObjID>1</ExtObjID><VariableId>65</VariableId>
	</RowData>
	<RowData><ProcessDefId>14</ProcessDefId><ActivityId>2</ActivityId><DefinitionType>I</DefinitionType><DefinitionId>33</DefinitionId><AccessFlag></AccessFlag><FieldName>q_orient_entrysheet_sel</FieldName><Attribute>O</Attribute><ExtObjID>1</ExtObjID><VariableId>91</VariableId>
	</RowData>
	<RowData><ProcessDefId>14</ProcessDefId><ActivityId>2</ActivityId><DefinitionType>I</DefinitionType><DefinitionId>34</DefinitionId><AccessFlag></AccessFlag><FieldName>dmspath</FieldName><Attribute>O</Attribute><ExtObjID>1</ExtObjID><VariableId>92</VariableId>
	</RowData>
	<RowData><ProcessDefId>14</ProcessDefId><ActivityId>2</ActivityId><DefinitionType>I</DefinitionType><DefinitionId>35</DefinitionId><AccessFlag></AccessFlag><FieldName>finance_decision</FieldName><Attribute>O</Attribute><ExtObjID>1</ExtObjID><VariableId>93</VariableId>
	</RowData>
	<RowData><ProcessDefId>14</ProcessDefId><ActivityId>2</ActivityId><DefinitionType>I</DefinitionType><DefinitionId>36</DefinitionId><AccessFlag></AccessFlag><FieldName>amount_po</FieldName><Attribute>O</Attribute><ExtObjID>1</ExtObjID><VariableId>95</VariableId>
	</RowData>
	<RowData><ProcessDefId>14</ProcessDefId><ActivityId>2</ActivityId><DefinitionType>I</DefinitionType><DefinitionId>37</DefinitionId><AccessFlag></AccessFlag><FieldName>accounts_decision</FieldName><Attribute>O</Attribute><ExtObjID>1</ExtObjID><VariableId>94</VariableId>
	</RowData>
	<RowData><ProcessDefId>14</ProcessDefId><ActivityId>2</ActivityId><DefinitionType>I</DefinitionType><DefinitionId>38</DefinitionId><AccessFlag></AccessFlag><FieldName>pan_sap</FieldName><Attribute>O</Attribute><ExtObjID>1</ExtObjID><VariableId>99</VariableId>
	</RowData>
	<RowData><ProcessDefId>14</ProcessDefId><ActivityId>2</ActivityId><DefinitionType>I</DefinitionType><DefinitionId>39</DefinitionId><AccessFlag></AccessFlag><FieldName>orient_PAN</FieldName><Attribute>O</Attribute><ExtObjID>1</ExtObjID><VariableId>97</VariableId>
	</RowData>
	<RowData><ProcessDefId>14</ProcessDefId><ActivityId>2</ActivityId><DefinitionType>I</DefinitionType><DefinitionId>40</DefinitionId><AccessFlag></AccessFlag><FieldName>gstn_sap</FieldName><Attribute>O</Attribute><ExtObjID>1</ExtObjID><VariableId>98</VariableId>
	</RowData>
	<RowData><ProcessDefId>14</ProcessDefId><ActivityId>2</ActivityId><DefinitionType>I</DefinitionType><DefinitionId>41</DefinitionId><AccessFlag></AccessFlag><FieldName>orient_gstn</FieldName><Attribute>O</Attribute><ExtObjID>1</ExtObjID><VariableId>96</VariableId>
	</RowData>
	<RowData><ProcessDefId>14</ProcessDefId><ActivityId>2</ActivityId><DefinitionType>I</DefinitionType><DefinitionId>42</DefinitionId><AccessFlag></AccessFlag><FieldName>plant</FieldName><Attribute>O</Attribute><ExtObjID>1</ExtObjID><VariableId>100</VariableId>
	</RowData>
	<RowData><ProcessDefId>14</ProcessDefId><ActivityId>2</ActivityId><DefinitionType>I</DefinitionType><DefinitionId>43</DefinitionId><AccessFlag></AccessFlag><FieldName>parkingSyncStatus</FieldName><Attribute>O</Attribute><ExtObjID>1</ExtObjID><VariableId>101</VariableId>
	</RowData>
	<RowData><ProcessDefId>14</ProcessDefId><ActivityId>2</ActivityId><DefinitionType>I</DefinitionType><DefinitionId>44</DefinitionId><AccessFlag></AccessFlag><FieldName>PoNumber</FieldName><Attribute>O</Attribute><ExtObjID>1</ExtObjID><VariableId>104</VariableId>
	</RowData>
	<RowData><ProcessDefId>14</ProcessDefId><ActivityId>2</ActivityId><DefinitionType>I</DefinitionType><DefinitionId>45</DefinitionId><AccessFlag></AccessFlag><FieldName>InvAmount_sharepointt</FieldName><Attribute>O</Attribute><ExtObjID>1</ExtObjID><VariableId>108</VariableId>
	</RowData>
	<RowData><ProcessDefId>14</ProcessDefId><ActivityId>2</ActivityId><DefinitionType>I</DefinitionType><DefinitionId>46</DefinitionId><AccessFlag></AccessFlag><FieldName>InvDate_sharepoint</FieldName><Attribute>O</Attribute><ExtObjID>1</ExtObjID><VariableId>107</VariableId>
	</RowData>
	<RowData><ProcessDefId>14</ProcessDefId><ActivityId>2</ActivityId><DefinitionType>I</DefinitionType><DefinitionId>47</DefinitionId><AccessFlag></AccessFlag><FieldName>DocumentPath</FieldName><Attribute>O</Attribute><ExtObjID>1</ExtObjID><VariableId>111</VariableId>
	</RowData>
	<RowData><ProcessDefId>14</ProcessDefId><ActivityId>2</ActivityId><DefinitionType>I</DefinitionType><DefinitionId>48</DefinitionId><AccessFlag></AccessFlag><FieldName>Record_ID</FieldName><Attribute>O</Attribute><ExtObjID>1</ExtObjID><VariableId>102</VariableId>
	</RowData>
	<RowData><ProcessDefId>14</ProcessDefId><ActivityId>2</ActivityId><DefinitionType>I</DefinitionType><DefinitionId>49</DefinitionId><AccessFlag></AccessFlag><FieldName>VendorCode</FieldName><Attribute>O</Attribute><ExtObjID>1</ExtObjID><VariableId>109</VariableId>
	</RowData>
	<RowData><ProcessDefId>14</ProcessDefId><ActivityId>2</ActivityId><DefinitionType>I</DefinitionType><DefinitionId>50</DefinitionId><AccessFlag></AccessFlag><FieldName>ServiceEntryNo</FieldName><Attribute>O</Attribute><ExtObjID>1</ExtObjID><VariableId>105</VariableId>
	</RowData>
	<RowData><ProcessDefId>14</ProcessDefId><ActivityId>2</ActivityId><DefinitionType>I</DefinitionType><DefinitionId>51</DefinitionId><AccessFlag></AccessFlag><FieldName>InvoiceNumber</FieldName><Attribute>O</Attribute><ExtObjID>1</ExtObjID><VariableId>106</VariableId>
	</RowData>
	<RowData><ProcessDefId>14</ProcessDefId><ActivityId>2</ActivityId><DefinitionType>I</DefinitionType><DefinitionId>52</DefinitionId><AccessFlag></AccessFlag><FieldName>DocumentName</FieldName><Attribute>O</Attribute><ExtObjID>1</ExtObjID><VariableId>110</VariableId>
	</RowData>
	<RowData><ProcessDefId>14</ProcessDefId><ActivityId>2</ActivityId><DefinitionType>I</DefinitionType><DefinitionId>53</DefinitionId><AccessFlag></AccessFlag><FieldName>SharePointRequestId</FieldName><Attribute>O</Attribute><ExtObjID>1</ExtObjID><VariableId>103</VariableId>
	</RowData>
	<RowData><ProcessDefId>14</ProcessDefId><ActivityId>2</ActivityId><DefinitionType>I</DefinitionType><DefinitionId>98</DefinitionId><AccessFlag></AccessFlag><FieldName>q_orient_witholding</FieldName><Attribute>O</Attribute><ExtObjID>1</ExtObjID><VariableId>112</VariableId>
	</RowData>
	<RowData><ProcessDefId>14</ProcessDefId><ActivityId>2</ActivityId><DefinitionType>I</DefinitionType><DefinitionId>99</DefinitionId><AccessFlag></AccessFlag><FieldName>InvoiceAmount</FieldName><Attribute>O</Attribute><ExtObjID>1</ExtObjID><VariableId>83</VariableId>
	</RowData>
	<RowData><ProcessDefId>14</ProcessDefId><ActivityId>2</ActivityId><DefinitionType>I</DefinitionType><DefinitionId>100</DefinitionId><AccessFlag></AccessFlag><FieldName>GSTN</FieldName><Attribute>O</Attribute><ExtObjID>1</ExtObjID><VariableId>87</VariableId>
	</RowData>
	<RowData><ProcessDefId>14</ProcessDefId><ActivityId>2</ActivityId><DefinitionType>I</DefinitionType><DefinitionId>101</DefinitionId><AccessFlag></AccessFlag><FieldName>InvoiceDate</FieldName><Attribute>O</Attribute><ExtObjID>1</ExtObjID><VariableId>60</VariableId>
	</RowData>
	<RowData><ProcessDefId>14</ProcessDefId><ActivityId>2</ActivityId><DefinitionType>I</DefinitionType><DefinitionId>102</DefinitionId><AccessFlag></AccessFlag><FieldName>PoDate</FieldName><Attribute>O</Attribute><ExtObjID>1</ExtObjID><VariableId>61</VariableId>
	</RowData>
	<RowData><ProcessDefId>14</ProcessDefId><ActivityId>2</ActivityId><DefinitionType>I</DefinitionType><DefinitionId>103</DefinitionId><AccessFlag></AccessFlag><FieldName>q_orient_service_po_item</FieldName><Attribute>O</Attribute><ExtObjID>1</ExtObjID><VariableId>113</VariableId>
	</RowData>
	<RowData><ProcessDefId>14</ProcessDefId><ActivityId>2</ActivityId><DefinitionType>I</DefinitionType><DefinitionId>104</DefinitionId><AccessFlag></AccessFlag><FieldName>postingSyncStatus</FieldName><Attribute>O</Attribute><ExtObjID>1</ExtObjID><VariableId>114</VariableId>
	</RowData>
	<RowData><ProcessDefId>14</ProcessDefId><ActivityId>2</ActivityId><DefinitionType>I</DefinitionType><DefinitionId>105</DefinitionId><AccessFlag></AccessFlag><FieldName>q_exception_details</FieldName><Attribute>O</Attribute><ExtObjID>1</ExtObjID><VariableId>115</VariableId>
	</RowData>
	<RowData><ProcessDefId>14</ProcessDefId><ActivityId>2</ActivityId><DefinitionType>I</DefinitionType><DefinitionId>106</DefinitionId><AccessFlag></AccessFlag><FieldName>q_service_entrySheetDetails</FieldName><Attribute>O</Attribute><ExtObjID>1</ExtObjID><VariableId>116</VariableId>
	</RowData>
	<RowData><ProcessDefId>14</ProcessDefId><ActivityId>2</ActivityId><DefinitionType>I</DefinitionType><DefinitionId>107</DefinitionId><AccessFlag></AccessFlag><FieldName>PONo_new</FieldName><Attribute>O</Attribute><ExtObjID>1</ExtObjID><VariableId>117</VariableId>
	</RowData>
	<RowData><ProcessDefId>14</ProcessDefId><ActivityId>2</ActivityId><DefinitionType>I</DefinitionType><DefinitionId>109</DefinitionId><AccessFlag></AccessFlag><FieldName>initiator_user</FieldName><Attribute>O</Attribute><ExtObjID>1</ExtObjID><VariableId>118</VariableId>
	</RowData>
	<RowData><ProcessDefId>14</ProcessDefId><ActivityId>2</ActivityId><DefinitionType>I</DefinitionType><DefinitionId>110</DefinitionId><AccessFlag></AccessFlag><FieldName>finance_user</FieldName><Attribute>O</Attribute><ExtObjID>1</ExtObjID><VariableId>119</VariableId>
	</RowData>
	<RowData><ProcessDefId>14</ProcessDefId><ActivityId>2</ActivityId><DefinitionType>I</DefinitionType><DefinitionId>111</DefinitionId><AccessFlag></AccessFlag><FieldName>plan_code</FieldName><Attribute>O</Attribute><ExtObjID>1</ExtObjID><VariableId>120</VariableId>
	</RowData>
	<RowData><ProcessDefId>14</ProcessDefId><ActivityId>2</ActivityId><DefinitionType>I</DefinitionType><DefinitionId>112</DefinitionId><AccessFlag></AccessFlag><FieldName>user_finance</FieldName><Attribute>O</Attribute><ExtObjID>1</ExtObjID><VariableId>121</VariableId>
	</RowData>
	<RowData><ProcessDefId>14</ProcessDefId><ActivityId>2</ActivityId><DefinitionType>I</DefinitionType><DefinitionId>113</DefinitionId><AccessFlag></AccessFlag><FieldName>SharePointRequest</FieldName><Attribute>O</Attribute><ExtObjID>1</ExtObjID><VariableId>123</VariableId>
	</RowData>
	<RowData><ProcessDefId>14</ProcessDefId><ActivityId>2</ActivityId><DefinitionType>I</DefinitionType><DefinitionId>114</DefinitionId><AccessFlag></AccessFlag><FieldName>plant_code</FieldName><Attribute>O</Attribute><ExtObjID>1</ExtObjID><VariableId>124</VariableId>
	</RowData>
	<RowData><ProcessDefId>14</ProcessDefId><ActivityId>2</ActivityId><DefinitionType>I</DefinitionType><DefinitionId>115</DefinitionId><AccessFlag></AccessFlag><FieldName>user_initiator</FieldName><Attribute>O</Attribute><ExtObjID>1</ExtObjID><VariableId>122</VariableId>
	</RowData>
	<RowData><ProcessDefId>14</ProcessDefId><ActivityId>2</ActivityId><DefinitionType>I</DefinitionType><DefinitionId>116</DefinitionId><AccessFlag></AccessFlag><FieldName>bus_place</FieldName><Attribute>O</Attribute><ExtObjID>1</ExtObjID><VariableId>125</VariableId>
	</RowData>
	<RowData><ProcessDefId>14</ProcessDefId><ActivityId>2</ActivityId><DefinitionType>I</DefinitionType><DefinitionId>117</DefinitionId><AccessFlag></AccessFlag><FieldName>fiscalyear</FieldName><Attribute>O</Attribute><ExtObjID>1</ExtObjID><VariableId>126</VariableId>
	</RowData>
	<RowData><ProcessDefId>14</ProcessDefId><ActivityId>2</ActivityId><DefinitionType>I</DefinitionType><DefinitionId>118</DefinitionId><AccessFlag></AccessFlag><FieldName>initiator_decision</FieldName><Attribute>O</Attribute><ExtObjID>1</ExtObjID><VariableId>127</VariableId>
	</RowData>
	<RowData><ProcessDefId>14</ProcessDefId><ActivityId>2</ActivityId><DefinitionType>I</DefinitionType><DefinitionId>119</DefinitionId><AccessFlag></AccessFlag><FieldName>PostingException_decision</FieldName><Attribute>O</Attribute><ExtObjID>1</ExtObjID><VariableId>129</VariableId>
	</RowData>
	<RowData><ProcessDefId>14</ProcessDefId><ActivityId>2</ActivityId><DefinitionType>I</DefinitionType><DefinitionId>120</DefinitionId><AccessFlag></AccessFlag><FieldName>ParkingException_decision</FieldName><Attribute>O</Attribute><ExtObjID>1</ExtObjID><VariableId>128</VariableId>
	</RowData>
	<RowData><ProcessDefId>14</ProcessDefId><ActivityId>2</ActivityId><DefinitionType>I</DefinitionType><DefinitionId>121</DefinitionId><FieldName>q_tds_calculation</FieldName><Attribute>O</Attribute><ExtObjID>1</ExtObjID><VariableId>130</VariableId>
	</RowData>
</PMWActivityAssociationTable>