<PMWActivityTable>
	<RowData><ProcessDefId>14</ProcessDefId><ActivityId>1</ActivityId><ActivityType>1</ActivityType><ActivityName>ServiceUpload</ActivityName><Description><font face="verdana">Default Description</font></Description><xLeft>52</xLeft><yTop>200</yTop><NeverExpireFlag>N</NeverExpireFlag><Expiry></Expiry><ExpiryActivity></ExpiryActivity><TargetActivity>29</TargetActivity><AllowReassignment>N</AllowReassignment><CollectNoOfInstances>0</CollectNoOfInstances><PrimaryActivity>Y</PrimaryActivity><ExpireOnPrimaryFlag>N</ExpireOnPrimaryFlag><TriggerID>0</TriggerID><HoldExecutable></HoldExecutable><HoldTillVariable></HoldTillVariable><ExtObjID>0</ExtObjID><MainClientInterface>1</MainClientInterface><ServerInterface>N</ServerInterface><WebClientInterface></WebClientInterface><ActivityIcon></ActivityIcon><ActivityTurnAroundTime>0</ActivityTurnAroundTime><AppExecutionFlag>M</AppExecutionFlag><AppExecutionValue>0</AppExecutionValue><ExpiryOperator>0</ExpiryOperator><TATCalFlag>N</TATCalFlag><ExpCalFlag></ExpCalFlag><DeleteOnCollect></DeleteOnCollect><Width>-1</Width><Height>-1</Height><BlockId>0</BlockId><associatedUrl>http://192.168.10.58:8080/axis2/services/orient_uat_14_1_service?wsdl</associatedUrl><allowSOAPRequest>N</allowSOAPRequest><AssociatedActivityId>0</AssociatedActivityId><EventId>0</EventId><ActivitySubType>1</ActivitySubType><Color>1234</Color><Cost>0.00</Cost><Duration>0D0H0M</Duration><SwimLaneId>1</SwimLaneId><DummyStrColumn1></DummyStrColumn1><CustomValidation><font face="verdana">Default Description</font></CustomValidation><MobileEnabled>N</MobileEnabled>
	</RowData>
	<RowData><ProcessDefId>14</ProcessDefId><ActivityId>2</ActivityId><ActivityType>10</ActivityType><ActivityName>SchedulerPakring</ActivityName><Description>Default Description</Description><xLeft>324</xLeft><yTop>644</yTop><NeverExpireFlag>N</NeverExpireFlag><Expiry></Expiry><ExpiryActivity></ExpiryActivity><TargetActivity>24</TargetActivity><AllowReassignment>N</AllowReassignment><CollectNoOfInstances>0</CollectNoOfInstances><ExpireOnPrimaryFlag>N</ExpireOnPrimaryFlag><TriggerID>0</TriggerID><HoldExecutable></HoldExecutable><HoldTillVariable></HoldTillVariable><ExtObjID>0</ExtObjID><MainClientInterface>1</MainClientInterface><ServerInterface>N</ServerInterface><WebClientInterface></WebClientInterface><ActivityIcon></ActivityIcon><ActivityTurnAroundTime>0</ActivityTurnAroundTime><AppExecutionFlag>M</AppExecutionFlag><AppExecutionValue>0</AppExecutionValue><ExpiryOperator>0</ExpiryOperator><TATCalFlag>N</TATCalFlag><ExpCalFlag></ExpCalFlag><DeleteOnCollect></DeleteOnCollect><Width>100</Width><Height>50</Height><BlockId>0</BlockId><associatedUrl></associatedUrl><allowSOAPRequest>N</allowSOAPRequest><AssociatedActivityId>0</AssociatedActivityId><EventId>0</EventId><ActivitySubType>3</ActivitySubType><Color>1234</Color><Cost>0.00</Cost><Duration>0D0H0M</Duration><SwimLaneId>3</SwimLaneId><DummyStrColumn1></DummyStrColumn1><CustomValidation>Default Description</CustomValidation><MobileEnabled>N</MobileEnabled>
	</RowData>
	<RowData><ProcessDefId>14</ProcessDefId><ActivityId>3</ActivityId><ActivityType>10</ActivityType><ActivityName>Finance</ActivityName><Description>Default Description</Description><xLeft>359</xLeft><yTop>810</yTop><NeverExpireFlag>N</NeverExpireFlag><Expiry></Expiry><ExpiryActivity></ExpiryActivity><TargetActivity>17</TargetActivity><AllowReassignment>N</AllowReassignment><CollectNoOfInstances>0</CollectNoOfInstances><ExpireOnPrimaryFlag>N</ExpireOnPrimaryFlag><TriggerID>0</TriggerID><HoldExecutable></HoldExecutable><HoldTillVariable></HoldTillVariable><ExtObjID>0</ExtObjID><MainClientInterface>1</MainClientInterface><ServerInterface>N</ServerInterface><WebClientInterface></WebClientInterface><ActivityIcon></ActivityIcon><ActivityTurnAroundTime>0</ActivityTurnAroundTime><AppExecutionFlag>M</AppExecutionFlag><AppExecutionValue>0</AppExecutionValue><ExpiryOperator>0</ExpiryOperator><TATCalFlag>N</TATCalFlag><ExpCalFlag></ExpCalFlag><DeleteOnCollect></DeleteOnCollect><Width>100</Width><Height>50</Height><BlockId>0</BlockId><associatedUrl></associatedUrl><allowSOAPRequest>N</allowSOAPRequest><AssociatedActivityId>0</AssociatedActivityId><EventId>0</EventId><ActivitySubType>3</ActivitySubType><Color>1234</Color><Cost>0.00</Cost><Duration>0D0H0M</Duration><SwimLaneId>4</SwimLaneId><DummyStrColumn1></DummyStrColumn1><CustomValidation>Default Description</CustomValidation><MobileEnabled>N</MobileEnabled>
	</RowData>
	<RowData><ProcessDefId>14</ProcessDefId><ActivityId>10</ActivityId><ActivityType>2</ActivityType><ActivityName>End</ActivityName><Description>Default Description</Description><xLeft>457</xLeft><yTop>1054</yTop><NeverExpireFlag>N</NeverExpireFlag><Expiry></Expiry><ExpiryActivity></ExpiryActivity><TargetActivity>0</TargetActivity><AllowReassignment>N</AllowReassignment><CollectNoOfInstances>0</CollectNoOfInstances><ExpireOnPrimaryFlag>N</ExpireOnPrimaryFlag><TriggerID>0</TriggerID><HoldExecutable></HoldExecutable><HoldTillVariable></HoldTillVariable><ExtObjID>0</ExtObjID><MainClientInterface>1</MainClientInterface><ServerInterface>N</ServerInterface><WebClientInterface></WebClientInterface><ActivityIcon></ActivityIcon><ActivityTurnAroundTime>0</ActivityTurnAroundTime><AppExecutionFlag>M</AppExecutionFlag><AppExecutionValue>0</AppExecutionValue><ExpiryOperator>0</ExpiryOperator><TATCalFlag>N</TATCalFlag><ExpCalFlag></ExpCalFlag><DeleteOnCollect></DeleteOnCollect><Width>100</Width><Height>50</Height><BlockId>0</BlockId><associatedUrl></associatedUrl><allowSOAPRequest>N</allowSOAPRequest><AssociatedActivityId>0</AssociatedActivityId><EventId>0</EventId><ActivitySubType>1</ActivitySubType><Color>1234</Color><Duration>0D0H0M</Duration><SwimLaneId>5</SwimLaneId><DummyStrColumn1></DummyStrColumn1><CustomValidation>Default Description</CustomValidation><MobileEnabled>N</MobileEnabled>
	</RowData>
	<RowData><ProcessDefId>14</ProcessDefId><ActivityId>16</ActivityId><ActivityType>10</ActivityType><ActivityName>Audit</ActivityName><Description>Default Description</Description><xLeft>180</xLeft><yTop>1051</yTop><NeverExpireFlag>N</NeverExpireFlag><Expiry></Expiry><ExpiryActivity></ExpiryActivity><TargetActivity>10</TargetActivity><AllowReassignment>N</AllowReassignment><CollectNoOfInstances>0</CollectNoOfInstances><ExpireOnPrimaryFlag>N</ExpireOnPrimaryFlag><TriggerID>0</TriggerID><HoldExecutable></HoldExecutable><HoldTillVariable></HoldTillVariable><ExtObjID>0</ExtObjID><MainClientInterface>1</MainClientInterface><ServerInterface>N</ServerInterface><WebClientInterface></WebClientInterface><ActivityIcon></ActivityIcon><ActivityTurnAroundTime>0</ActivityTurnAroundTime><AppExecutionFlag>M</AppExecutionFlag><AppExecutionValue>0</AppExecutionValue><ExpiryOperator>0</ExpiryOperator><TATCalFlag>N</TATCalFlag><ExpCalFlag></ExpCalFlag><DeleteOnCollect></DeleteOnCollect><Width>100</Width><Height>50</Height><BlockId>0</BlockId><associatedUrl></associatedUrl><allowSOAPRequest>N</allowSOAPRequest><AssociatedActivityId>0</AssociatedActivityId><EventId>0</EventId><ActivitySubType>3</ActivitySubType><Color>1234</Color><Cost>0.00</Cost><Duration>0D0H0M</Duration><SwimLaneId>5</SwimLaneId><CustomValidation>Default Description</CustomValidation><MobileEnabled>N</MobileEnabled>
	</RowData>
	<RowData><ProcessDefId>14</ProcessDefId><ActivityId>17</ActivityId><ActivityType>7</ActivityType><ActivityName>Finance Decision</ActivityName><Description>Default Description</Description><xLeft>183</xLeft><yTop>813</yTop><NeverExpireFlag>N</NeverExpireFlag><Expiry></Expiry><ExpiryActivity></ExpiryActivity><TargetActivity>30</TargetActivity><AllowReassignment>N</AllowReassignment><CollectNoOfInstances>0</CollectNoOfInstances><ExpireOnPrimaryFlag>N</ExpireOnPrimaryFlag><TriggerID>0</TriggerID><HoldExecutable></HoldExecutable><HoldTillVariable></HoldTillVariable><ExtObjID>0</ExtObjID><MainClientInterface>1</MainClientInterface><ServerInterface>N</ServerInterface><WebClientInterface></WebClientInterface><ActivityIcon></ActivityIcon><ActivityTurnAroundTime>0</ActivityTurnAroundTime><AppExecutionFlag>M</AppExecutionFlag><AppExecutionValue>0</AppExecutionValue><ExpiryOperator>0</ExpiryOperator><TATCalFlag>N</TATCalFlag><ExpCalFlag></ExpCalFlag><DeleteOnCollect></DeleteOnCollect><Width>100</Width><Height>50</Height><BlockId>0</BlockId><associatedUrl></associatedUrl><allowSOAPRequest>N</allowSOAPRequest><AssociatedActivityId>0</AssociatedActivityId><EventId>0</EventId><ActivitySubType>1</ActivitySubType><Color>1234</Color><Cost>0.00</Cost><Duration>0D0H0M</Duration><SwimLaneId>4</SwimLaneId><MobileEnabled>N</MobileEnabled>
	</RowData>
	<RowData><ProcessDefId>14</ProcessDefId><ActivityId>23</ActivityId><ActivityType>10</ActivityType><ActivityName>ParkingException</ActivityName><Description><font face="verdana">Default Description</font></Description><xLeft>594</xLeft><yTop>480</yTop><NeverExpireFlag>N</NeverExpireFlag><Expiry></Expiry><ExpiryActivity></ExpiryActivity><TargetActivity>31</TargetActivity><AllowReassignment>N</AllowReassignment><CollectNoOfInstances>0</CollectNoOfInstances><ExpireOnPrimaryFlag>N</ExpireOnPrimaryFlag><TriggerID>0</TriggerID><HoldExecutable></HoldExecutable><HoldTillVariable></HoldTillVariable><ExtObjID>0</ExtObjID><MainClientInterface>1</MainClientInterface><ServerInterface>N</ServerInterface><WebClientInterface></WebClientInterface><ActivityIcon></ActivityIcon><ActivityTurnAroundTime>0</ActivityTurnAroundTime><AppExecutionFlag>M</AppExecutionFlag><AppExecutionValue>0</AppExecutionValue><ExpiryOperator>0</ExpiryOperator><TATCalFlag>N</TATCalFlag><ExpCalFlag></ExpCalFlag><DeleteOnCollect></DeleteOnCollect><Width>100</Width><Height>50</Height><BlockId>0</BlockId><associatedUrl></associatedUrl><allowSOAPRequest>N</allowSOAPRequest><AssociatedActivityId>0</AssociatedActivityId><EventId>0</EventId><ActivitySubType>3</ActivitySubType><Color>1234</Color><Cost>0.00</Cost><Duration>0D0H0M</Duration><SwimLaneId>3</SwimLaneId><DummyStrColumn1></DummyStrColumn1><CustomValidation><font face="verdana">Default Description</font></CustomValidation><MobileEnabled>N</MobileEnabled>
	</RowData>
	<RowData><ProcessDefId>14</ProcessDefId><ActivityId>24</ActivityId><ActivityType>7</ActivityType><ActivityName>SchedulerPakring_Decision</ActivityName><Description></Description><xLeft>679</xLeft><yTop>654</yTop><NeverExpireFlag>N</NeverExpireFlag><Expiry></Expiry><ExpiryActivity></ExpiryActivity><TargetActivity>23</TargetActivity><AllowReassignment>N</AllowReassignment><CollectNoOfInstances>0</CollectNoOfInstances><ExpireOnPrimaryFlag>N</ExpireOnPrimaryFlag><TriggerID>0</TriggerID><HoldExecutable></HoldExecutable><HoldTillVariable></HoldTillVariable><ExtObjID>0</ExtObjID><MainClientInterface>1</MainClientInterface><ServerInterface>N</ServerInterface><WebClientInterface></WebClientInterface><ActivityIcon></ActivityIcon><ActivityTurnAroundTime>0</ActivityTurnAroundTime><AppExecutionFlag>M</AppExecutionFlag><AppExecutionValue>0</AppExecutionValue><ExpiryOperator>0</ExpiryOperator><TATCalFlag>N</TATCalFlag><ExpCalFlag></ExpCalFlag><DeleteOnCollect></DeleteOnCollect><Width>100</Width><Height>50</Height><BlockId>0</BlockId><associatedUrl></associatedUrl><allowSOAPRequest>N</allowSOAPRequest><AssociatedActivityId>0</AssociatedActivityId><EventId>0</EventId><ActivitySubType>1</ActivitySubType><Color>1234</Color><Cost>0.00</Cost><Duration>0D0H0M</Duration><SwimLaneId>3</SwimLaneId><DummyStrColumn1></DummyStrColumn1><CustomValidation></CustomValidation><MobileEnabled>N</MobileEnabled>
	</RowData>
	<RowData><ProcessDefId>14</ProcessDefId><ActivityId>25</ActivityId><ActivityType>10</ActivityType><ActivityName>SchedulerPosting</ActivityName><Description>Default Description</Description><xLeft>676</xLeft><yTop>803</yTop><NeverExpireFlag>N</NeverExpireFlag><Expiry></Expiry><ExpiryActivity></ExpiryActivity><TargetActivity>26</TargetActivity><AllowReassignment>N</AllowReassignment><CollectNoOfInstances>0</CollectNoOfInstances><ExpireOnPrimaryFlag>N</ExpireOnPrimaryFlag><TriggerID>0</TriggerID><HoldExecutable></HoldExecutable><HoldTillVariable></HoldTillVariable><ExtObjID>0</ExtObjID><MainClientInterface>1</MainClientInterface><ServerInterface>N</ServerInterface><WebClientInterface></WebClientInterface><ActivityIcon></ActivityIcon><ActivityTurnAroundTime>0</ActivityTurnAroundTime><AppExecutionFlag>M</AppExecutionFlag><AppExecutionValue>0</AppExecutionValue><ExpiryOperator>0</ExpiryOperator><TATCalFlag>N</TATCalFlag><ExpCalFlag></ExpCalFlag><DeleteOnCollect></DeleteOnCollect><Width>100</Width><Height>50</Height><BlockId>0</BlockId><associatedUrl></associatedUrl><allowSOAPRequest>N</allowSOAPRequest><AssociatedActivityId>0</AssociatedActivityId><EventId>0</EventId><ActivitySubType>3</ActivitySubType><Color>1234</Color><Cost>0.00</Cost><Duration>0D0H0M</Duration><SwimLaneId>4</SwimLaneId><DummyStrColumn1></DummyStrColumn1><CustomValidation>Default Description</CustomValidation><MobileEnabled>N</MobileEnabled>
	</RowData>
	<RowData><ProcessDefId>14</ProcessDefId><ActivityId>26</ActivityId><ActivityType>7</ActivityType><ActivityName>SchedulerPosting_Decision</ActivityName><Description></Description><xLeft>482</xLeft><yTop>813</yTop><NeverExpireFlag>N</NeverExpireFlag><Expiry></Expiry><ExpiryActivity></ExpiryActivity><TargetActivity>27</TargetActivity><AllowReassignment>N</AllowReassignment><CollectNoOfInstances>0</CollectNoOfInstances><ExpireOnPrimaryFlag>N</ExpireOnPrimaryFlag><TriggerID>0</TriggerID><HoldExecutable></HoldExecutable><HoldTillVariable></HoldTillVariable><ExtObjID>0</ExtObjID><MainClientInterface>1</MainClientInterface><ServerInterface>N</ServerInterface><WebClientInterface></WebClientInterface><ActivityIcon></ActivityIcon><ActivityTurnAroundTime>0</ActivityTurnAroundTime><AppExecutionFlag>M</AppExecutionFlag><AppExecutionValue>0</AppExecutionValue><ExpiryOperator>0</ExpiryOperator><TATCalFlag>N</TATCalFlag><ExpCalFlag></ExpCalFlag><DeleteOnCollect></DeleteOnCollect><Width>100</Width><Height>50</Height><BlockId>0</BlockId><associatedUrl></associatedUrl><allowSOAPRequest>N</allowSOAPRequest><AssociatedActivityId>0</AssociatedActivityId><EventId>0</EventId><ActivitySubType>1</ActivitySubType><Color>1234</Color><Cost>0.00</Cost><Duration>0D0H0M</Duration><SwimLaneId>4</SwimLaneId><DummyStrColumn1></DummyStrColumn1><CustomValidation></CustomValidation><MobileEnabled>N</MobileEnabled>
	</RowData>
	<RowData><ProcessDefId>14</ProcessDefId><ActivityId>27</ActivityId><ActivityType>10</ActivityType><ActivityName>PostingException</ActivityName><Description>Default Description</Description><xLeft>676</xLeft><yTop>922</yTop><NeverExpireFlag>N</NeverExpireFlag><Expiry></Expiry><ExpiryActivity></ExpiryActivity><TargetActivity>25</TargetActivity><AllowReassignment>N</AllowReassignment><CollectNoOfInstances>0</CollectNoOfInstances><ExpireOnPrimaryFlag>N</ExpireOnPrimaryFlag><TriggerID>0</TriggerID><HoldExecutable></HoldExecutable><HoldTillVariable></HoldTillVariable><ExtObjID>0</ExtObjID><MainClientInterface>1</MainClientInterface><ServerInterface>N</ServerInterface><WebClientInterface></WebClientInterface><ActivityIcon></ActivityIcon><ActivityTurnAroundTime>0</ActivityTurnAroundTime><AppExecutionFlag>M</AppExecutionFlag><AppExecutionValue>0</AppExecutionValue><ExpiryOperator>0</ExpiryOperator><TATCalFlag>N</TATCalFlag><ExpCalFlag></ExpCalFlag><DeleteOnCollect></DeleteOnCollect><Width>100</Width><Height>50</Height><BlockId>0</BlockId><associatedUrl></associatedUrl><allowSOAPRequest>N</allowSOAPRequest><AssociatedActivityId>0</AssociatedActivityId><EventId>0</EventId><ActivitySubType>3</ActivitySubType><Color>1234</Color><Cost>0.00</Cost><Duration>0D0H0M</Duration><SwimLaneId>4</SwimLaneId><DummyStrColumn1></DummyStrColumn1><CustomValidation>Default Description</CustomValidation><MobileEnabled>N</MobileEnabled>
	</RowData>
	<RowData><ProcessDefId>14</ProcessDefId><ActivityId>28</ActivityId><ActivityType>11</ActivityType><ActivityName>Query_28</ActivityName><Description></Description><xLeft>92</xLeft><yTop>558</yTop><NeverExpireFlag>N</NeverExpireFlag><Expiry></Expiry><ExpiryActivity></ExpiryActivity><TargetActivity>0</TargetActivity><AllowReassignment>N</AllowReassignment><CollectNoOfInstances>0</CollectNoOfInstances><ExpireOnPrimaryFlag>N</ExpireOnPrimaryFlag><TriggerID>0</TriggerID><HoldExecutable></HoldExecutable><HoldTillVariable></HoldTillVariable><ExtObjID>0</ExtObjID><MainClientInterface>1</MainClientInterface><ServerInterface>N</ServerInterface><WebClientInterface></WebClientInterface><ActivityIcon></ActivityIcon><ActivityTurnAroundTime>0</ActivityTurnAroundTime><AppExecutionFlag>M</AppExecutionFlag><AppExecutionValue>0</AppExecutionValue><ExpiryOperator>0</ExpiryOperator><TATCalFlag>N</TATCalFlag><ExpCalFlag></ExpCalFlag><DeleteOnCollect></DeleteOnCollect><Width>100</Width><Height>50</Height><BlockId>0</BlockId><associatedUrl></associatedUrl><allowSOAPRequest>N</allowSOAPRequest><AssociatedActivityId>0</AssociatedActivityId><EventId>0</EventId><ActivitySubType>1</ActivitySubType><Color>1234</Color><Cost>0.00</Cost><Duration>0D0H0M</Duration><SwimLaneId>3</SwimLaneId><DummyStrColumn1></DummyStrColumn1><CustomValidation></CustomValidation><MobileEnabled>N</MobileEnabled>
	</RowData>
	<RowData><ProcessDefId>14</ProcessDefId><ActivityId>29</ActivityId><ActivityType>7</ActivityType><ActivityName>Data Based Exclusive_29</ActivityName><Description>Default Description</Description><xLeft>245</xLeft><yTop>246</yTop><NeverExpireFlag>N</NeverExpireFlag><Expiry></Expiry><ExpiryActivity></ExpiryActivity><TargetActivity>30</TargetActivity><AllowReassignment>N</AllowReassignment><CollectNoOfInstances>0</CollectNoOfInstances><ExpireOnPrimaryFlag>N</ExpireOnPrimaryFlag><TriggerID>0</TriggerID><HoldExecutable></HoldExecutable><HoldTillVariable></HoldTillVariable><ExtObjID>0</ExtObjID><MainClientInterface>1</MainClientInterface><ServerInterface>N</ServerInterface><WebClientInterface></WebClientInterface><ActivityIcon></ActivityIcon><ActivityTurnAroundTime>0</ActivityTurnAroundTime><AppExecutionFlag>M</AppExecutionFlag><AppExecutionValue>0</AppExecutionValue><ExpiryOperator>0</ExpiryOperator><TATCalFlag>N</TATCalFlag><ExpCalFlag></ExpCalFlag><DeleteOnCollect></DeleteOnCollect><Width>100</Width><Height>50</Height><BlockId>0</BlockId><associatedUrl></associatedUrl><allowSOAPRequest>N</allowSOAPRequest><AssociatedActivityId>0</AssociatedActivityId><EventId>0</EventId><ActivitySubType>1</ActivitySubType><Color>1234</Color><Cost>0.00</Cost><Duration>0D0H0M</Duration><SwimLaneId>1</SwimLaneId><MobileEnabled>N</MobileEnabled>
	</RowData>
	<RowData><ProcessDefId>14</ProcessDefId><ActivityId>30</ActivityId><ActivityType>3</ActivityType><ActivityName>Discard</ActivityName><Description>Default Description</Description><xLeft>595</xLeft><yTop>249</yTop><NeverExpireFlag>N</NeverExpireFlag><Expiry></Expiry><ExpiryActivity></ExpiryActivity><TargetActivity>0</TargetActivity><AllowReassignment>N</AllowReassignment><CollectNoOfInstances>0</CollectNoOfInstances><ExpireOnPrimaryFlag>N</ExpireOnPrimaryFlag><TriggerID>0</TriggerID><HoldExecutable></HoldExecutable><HoldTillVariable></HoldTillVariable><ExtObjID>0</ExtObjID><MainClientInterface>1</MainClientInterface><ServerInterface>N</ServerInterface><WebClientInterface></WebClientInterface><ActivityIcon></ActivityIcon><ActivityTurnAroundTime>0</ActivityTurnAroundTime><AppExecutionFlag>M</AppExecutionFlag><AppExecutionValue>0</AppExecutionValue><ExpiryOperator>0</ExpiryOperator><TATCalFlag>N</TATCalFlag><ExpCalFlag></ExpCalFlag><DeleteOnCollect></DeleteOnCollect><Width>100</Width><Height>50</Height><BlockId>0</BlockId><associatedUrl></associatedUrl><allowSOAPRequest>N</allowSOAPRequest><AssociatedActivityId>0</AssociatedActivityId><EventId>0</EventId><ActivitySubType>1</ActivitySubType><Color>1234</Color><Duration>0D0H0M</Duration><SwimLaneId>1</SwimLaneId><DummyStrColumn1></DummyStrColumn1><CustomValidation>Default Description</CustomValidation><MobileEnabled>N</MobileEnabled>
	</RowData>
	<RowData><ProcessDefId>14</ProcessDefId><ActivityId>31</ActivityId><ActivityType>7</ActivityType><ActivityName>ParkingException_decision</ActivityName><Description>Default Description</Description><xLeft>454</xLeft><yTop>480</yTop><NeverExpireFlag>N</NeverExpireFlag><Expiry></Expiry><ExpiryActivity></ExpiryActivity><TargetActivity>30</TargetActivity><AllowReassignment>N</AllowReassignment><CollectNoOfInstances>0</CollectNoOfInstances><ExpireOnPrimaryFlag>N</ExpireOnPrimaryFlag><TriggerID>0</TriggerID><HoldExecutable></HoldExecutable><HoldTillVariable></HoldTillVariable><ExtObjID>0</ExtObjID><MainClientInterface>1</MainClientInterface><ServerInterface>N</ServerInterface><WebClientInterface></WebClientInterface><ActivityIcon></ActivityIcon><ActivityTurnAroundTime>0</ActivityTurnAroundTime><AppExecutionFlag>M</AppExecutionFlag><AppExecutionValue>0</AppExecutionValue><ExpiryOperator>0</ExpiryOperator><TATCalFlag>N</TATCalFlag><ExpCalFlag></ExpCalFlag><DeleteOnCollect></DeleteOnCollect><Width>100</Width><Height>50</Height><BlockId>0</BlockId><associatedUrl></associatedUrl><allowSOAPRequest>N</allowSOAPRequest><AssociatedActivityId>0</AssociatedActivityId><EventId>0</EventId><ActivitySubType>1</ActivitySubType><Color>1234</Color><Cost>0.00</Cost><Duration>0D0H0M</Duration><SwimLaneId>3</SwimLaneId><DummyStrColumn1></DummyStrColumn1><CustomValidation></CustomValidation><MobileEnabled>N</MobileEnabled>
	</RowData>
</PMWActivityTable>