<PMWEXTDBFIELDDEFINITIONTABLE_1>
	<RowData><ProcessDefId>14</ProcessDefId><FieldName>MFR_NO</FieldName><FieldType>STRING</FieldType><FieldLength>50</FieldLength><Attribute></Attribute><VarPrecision>0</VarPrecision><ExtObjId>2</ExtObjId>
	</RowData>
	<RowData><ProcessDefId>14</ProcessDefId><FieldName>MFR_NO_EXT</FieldName><FieldType>STRING</FieldType><FieldLength>50</FieldLength><Attribute></Attribute><VarPrecision>0</VarPrecision><ExtObjId>2</ExtObjId>
	</RowData>
	<RowData><ProcessDefId>14</ProcessDefId><FieldName>ML_AKT</FieldName><FieldType>STRING</FieldType><FieldLength>50</FieldLength><Attribute></Attribute><VarPrecision>0</VarPrecision><ExtObjId>2</ExtObjId>
	</RowData>
	<RowData><ProcessDefId>14</ProcessDefId><FieldName>NET_PRICE</FieldName><FieldType>STRING</FieldType><FieldLength>50</FieldLength><Attribute></Attribute><VarPrecision>0</VarPrecision><ExtObjId>2</ExtObjId>
	</RowData>
	<RowData><ProcessDefId>14</ProcessDefId><FieldName>NET_VALUE</FieldName><FieldType>STRING</FieldType><FieldLength>50</FieldLength><Attribute></Attribute><VarPrecision>0</VarPrecision><ExtObjId>2</ExtObjId>
	</RowData>
	<RowData><ProcessDefId>14</ProcessDefId><FieldName>NET_WEIGHT</FieldName><FieldType>STRING</FieldType><FieldLength>50</FieldLength><Attribute></Attribute><VarPrecision>0</VarPrecision><ExtObjId>2</ExtObjId>
	</RowData>
	<RowData><ProcessDefId>14</ProcessDefId><FieldName>NO_C_DISC</FieldName><FieldType>STRING</FieldType><FieldLength>50</FieldLength><Attribute></Attribute><VarPrecision>0</VarPrecision><ExtObjId>2</ExtObjId>
	</RowData>
	<RowData><ProcessDefId>14</ProcessDefId><FieldName>NOND_ITAX</FieldName><FieldType>STRING</FieldType><FieldLength>50</FieldLength><Attribute></Attribute><VarPrecision>0</VarPrecision><ExtObjId>2</ExtObjId>
	</RowData>
	<RowData><ProcessDefId>14</ProcessDefId><FieldName>NOT_CHGBL</FieldName><FieldType>STRING</FieldType><FieldLength>50</FieldLength><Attribute></Attribute><VarPrecision>0</VarPrecision><ExtObjId>2</ExtObjId>
	</RowData>
	<RowData><ProcessDefId>14</ProcessDefId><FieldName>NUM_REMIND</FieldName><FieldType>STRING</FieldType><FieldLength>50</FieldLength><Attribute></Attribute><VarPrecision>0</VarPrecision><ExtObjId>2</ExtObjId>
	</RowData>
	<RowData><ProcessDefId>14</ProcessDefId><FieldName>ORD_REAS</FieldName><FieldType>STRING</FieldType><FieldLength>50</FieldLength><Attribute></Attribute><VarPrecision>0</VarPrecision><ExtObjId>2</ExtObjId>
	</RowData>
	<RowData><ProcessDefId>14</ProcessDefId><FieldName>ORDERPR_UN</FieldName><FieldType>STRING</FieldType><FieldLength>50</FieldLength><Attribute></Attribute><VarPrecision>0</VarPrecision><ExtObjId>2</ExtObjId>
	</RowData>
	<RowData><ProcessDefId>14</ProcessDefId><FieldName>ORDERPR_UN_ISO</FieldName><FieldType>STRING</FieldType><FieldLength>50</FieldLength><Attribute></Attribute><VarPrecision>0</VarPrecision><ExtObjId>2</ExtObjId>
	</RowData>
	<RowData><ProcessDefId>14</ProcessDefId><FieldName>OUTL_TARGV</FieldName><FieldType>STRING</FieldType><FieldLength>50</FieldLength><Attribute></Attribute><VarPrecision>0</VarPrecision><ExtObjId>2</ExtObjId>
	</RowData>
	<RowData><ProcessDefId>14</ProcessDefId><FieldName>OVERDELTOL</FieldName><FieldType>STRING</FieldType><FieldLength>50</FieldLength><Attribute></Attribute><VarPrecision>0</VarPrecision><ExtObjId>2</ExtObjId>
	</RowData>
	<RowData><ProcessDefId>14</ProcessDefId><FieldName>PART_INV</FieldName><FieldType>STRING</FieldType><FieldLength>50</FieldLength><Attribute></Attribute><VarPrecision>0</VarPrecision><ExtObjId>2</ExtObjId>
	</RowData>
	<RowData><ProcessDefId>14</ProcessDefId><FieldName>PARTNER_PC</FieldName><FieldType>STRING</FieldType><FieldLength>50</FieldLength><Attribute></Attribute><VarPrecision>0</VarPrecision><ExtObjId>2</ExtObjId>
	</RowData>
	<RowData><ProcessDefId>14</ProcessDefId><FieldName>PCKG_NO</FieldName><FieldType>INTEGER</FieldType><FieldLength>2</FieldLength><Attribute></Attribute><VarPrecision>0</VarPrecision><ExtObjId>2</ExtObjId>
	</RowData>
	<RowData><ProcessDefId>14</ProcessDefId><FieldName>PCKG_NO1</FieldName><FieldType>STRING</FieldType><FieldLength>100</FieldLength><Attribute></Attribute><VarPrecision>0</VarPrecision><ExtObjId>2</ExtObjId>
	</RowData>
	<RowData><ProcessDefId>14</ProcessDefId><FieldName>pinstanceid</FieldName><FieldType>STRING</FieldType><FieldLength>50</FieldLength><Attribute></Attribute><VarPrecision>0</VarPrecision><ExtObjId>2</ExtObjId>
	</RowData>
	<RowData><ProcessDefId>14</ProcessDefId><FieldName>PLAN_DEL</FieldName><FieldType>STRING</FieldType><FieldLength>50</FieldLength><Attribute></Attribute><VarPrecision>0</VarPrecision><ExtObjId>2</ExtObjId>
	</RowData>
	<RowData><ProcessDefId>14</ProcessDefId><FieldName>PLANT</FieldName><FieldType>STRING</FieldType><FieldLength>50</FieldLength><Attribute></Attribute><VarPrecision>0</VarPrecision><ExtObjId>2</ExtObjId>
	</RowData>
	<RowData><ProcessDefId>14</ProcessDefId><FieldName>PO_ITEM</FieldName><FieldType>INTEGER</FieldType><FieldLength>2</FieldLength><Attribute></Attribute><VarPrecision>0</VarPrecision><ExtObjId>2</ExtObjId>
	</RowData>
	<RowData><ProcessDefId>14</ProcessDefId><FieldName>PO_NUMBER</FieldName><FieldType>STRING</FieldType><FieldLength>50</FieldLength><Attribute></Attribute><VarPrecision>0</VarPrecision><ExtObjId>2</ExtObjId>
	</RowData>
	<RowData><ProcessDefId>14</ProcessDefId><FieldName>PO_UNIT_ISO</FieldName><FieldType>STRING</FieldType><FieldLength>50</FieldLength><Attribute></Attribute><VarPrecision>0</VarPrecision><ExtObjId>2</ExtObjId>
	</RowData>
	<RowData><ProcessDefId>14</ProcessDefId><FieldName>POINTS</FieldName><FieldType>STRING</FieldType><FieldLength>50</FieldLength><Attribute></Attribute><VarPrecision>0</VarPrecision><ExtObjId>2</ExtObjId>
	</RowData>
	<RowData><ProcessDefId>14</ProcessDefId><FieldName>POINTS_UN</FieldName><FieldType>STRING</FieldType><FieldLength>50</FieldLength><Attribute></Attribute><VarPrecision>0</VarPrecision><ExtObjId>2</ExtObjId>
	</RowData>
	<RowData><ProcessDefId>14</ProcessDefId><FieldName>POINTS_UN_ISO</FieldName><FieldType>STRING</FieldType><FieldLength>50</FieldLength><Attribute></Attribute><VarPrecision>0</VarPrecision><ExtObjId>2</ExtObjId>
	</RowData>
	<RowData><ProcessDefId>14</ProcessDefId><FieldName>PRDTE_CTRL</FieldName><FieldType>STRING</FieldType><FieldLength>50</FieldLength><Attribute></Attribute><VarPrecision>0</VarPrecision><ExtObjId>2</ExtObjId>
	</RowData>
	<RowData><ProcessDefId>14</ProcessDefId><FieldName>PREQ_ITEM</FieldName><FieldType>INTEGER</FieldType><FieldLength>2</FieldLength><Attribute></Attribute><VarPrecision>0</VarPrecision><ExtObjId>2</ExtObjId>
	</RowData>
	<RowData><ProcessDefId>14</ProcessDefId><FieldName>PREQ_NO</FieldName><FieldType>STRING</FieldType><FieldLength>50</FieldLength><Attribute></Attribute><VarPrecision>0</VarPrecision><ExtObjId>2</ExtObjId>
	</RowData>
	<RowData><ProcessDefId>14</ProcessDefId><FieldName>PRICE_CTR</FieldName><FieldType>STRING</FieldType><FieldLength>50</FieldLength><Attribute></Attribute><VarPrecision>0</VarPrecision><ExtObjId>2</ExtObjId>
	</RowData>
	<RowData><ProcessDefId>14</ProcessDefId><FieldName>PRICE_DATE</FieldName><FieldType>DATE</FieldType><FieldLength>8</FieldLength><Attribute></Attribute><VarPrecision>0</VarPrecision><ExtObjId>2</ExtObjId>
	</RowData>
	<RowData><ProcessDefId>14</ProcessDefId><FieldName>PRICE_UNIT</FieldName><FieldType>STRING</FieldType><FieldLength>50</FieldLength><Attribute></Attribute><VarPrecision>0</VarPrecision><ExtObjId>2</ExtObjId>
	</RowData>
	<RowData><ProcessDefId>14</ProcessDefId><FieldName>PRINT_REL</FieldName><FieldType>STRING</FieldType><FieldLength>50</FieldLength><Attribute></Attribute><VarPrecision>0</VarPrecision><ExtObjId>2</ExtObjId>
	</RowData>
	<RowData><ProcessDefId>14</ProcessDefId><FieldName>PRIOR_VEND</FieldName><FieldType>STRING</FieldType><FieldLength>50</FieldLength><Attribute></Attribute><VarPrecision>0</VarPrecision><ExtObjId>2</ExtObjId>
	</RowData>
	<RowData><ProcessDefId>14</ProcessDefId><FieldName>PRNT_PRICE</FieldName><FieldType>STRING</FieldType><FieldLength>50</FieldLength><Attribute></Attribute><VarPrecision>0</VarPrecision><ExtObjId>2</ExtObjId>
	</RowData>
	<RowData><ProcessDefId>14</ProcessDefId><FieldName>PROFIT_CTR</FieldName><FieldType>STRING</FieldType><FieldLength>50</FieldLength><Attribute></Attribute><VarPrecision>0</VarPrecision><ExtObjId>2</ExtObjId>
	</RowData>
	<RowData><ProcessDefId>14</ProcessDefId><FieldName>PROMOTION</FieldName><FieldType>STRING</FieldType><FieldLength>50</FieldLength><Attribute></Attribute><VarPrecision>0</VarPrecision><ExtObjId>2</ExtObjId>
	</RowData>
	<RowData><ProcessDefId>14</ProcessDefId><FieldName>PTR_ASS_BA</FieldName><FieldType>STRING</FieldType><FieldLength>50</FieldLength><Attribute></Attribute><VarPrecision>0</VarPrecision><ExtObjId>2</ExtObjId>
	</RowData>
	<RowData><ProcessDefId>14</ProcessDefId><FieldName>PUR_MAT</FieldName><FieldType>STRING</FieldType><FieldLength>50</FieldLength><Attribute></Attribute><VarPrecision>0</VarPrecision><ExtObjId>2</ExtObjId>
	</RowData>
	<RowData><ProcessDefId>14</ProcessDefId><FieldName>PUR_MAT_EXTERNAL</FieldName><FieldType>STRING</FieldType><FieldLength>50</FieldLength><Attribute></Attribute><VarPrecision>0</VarPrecision><ExtObjId>2</ExtObjId>
	</RowData>
	<RowData><ProcessDefId>14</ProcessDefId><FieldName>PUR_MAT_GUID</FieldName><FieldType>STRING</FieldType><FieldLength>50</FieldLength><Attribute></Attribute><VarPrecision>0</VarPrecision><ExtObjId>2</ExtObjId>
	</RowData>
	<RowData><ProcessDefId>14</ProcessDefId><FieldName>PUR_MAT_VERSION</FieldName><FieldType>STRING</FieldType><FieldLength>50</FieldLength><Attribute></Attribute><VarPrecision>0</VarPrecision><ExtObjId>2</ExtObjId>
	</RowData>
	<RowData><ProcessDefId>14</ProcessDefId><FieldName>purchaseorder</FieldName><FieldType>STRING</FieldType><FieldLength>50</FieldLength><Attribute></Attribute><VarPrecision>0</VarPrecision><ExtObjId>2</ExtObjId>
	</RowData>
	<RowData><ProcessDefId>14</ProcessDefId><FieldName>QUAL_INSP</FieldName><FieldType>STRING</FieldType><FieldLength>50</FieldLength><Attribute></Attribute><VarPrecision>0</VarPrecision><ExtObjId>2</ExtObjId>
	</RowData>
	<RowData><ProcessDefId>14</ProcessDefId><FieldName>QUANTITY</FieldName><FieldType>STRING</FieldType><FieldLength>50</FieldLength><Attribute></Attribute><VarPrecision>0</VarPrecision><ExtObjId>2</ExtObjId>
	</RowData>
	<RowData><ProcessDefId>14</ProcessDefId><FieldName>QUOT_DEAD</FieldName><FieldType>DATE</FieldType><FieldLength>8</FieldLength><Attribute></Attribute><VarPrecision>0</VarPrecision><ExtObjId>2</ExtObjId>
	</RowData>
	<RowData><ProcessDefId>14</ProcessDefId><FieldName>QUOTAUSAGE</FieldName><FieldType>STRING</FieldType><FieldLength>50</FieldLength><Attribute></Attribute><VarPrecision>0</VarPrecision><ExtObjId>2</ExtObjId>
	</RowData>
	<RowData><ProcessDefId>14</ProcessDefId><FieldName>RECON_DATE</FieldName><FieldType>DATE</FieldType><FieldLength>8</FieldLength><Attribute></Attribute><VarPrecision>0</VarPrecision><ExtObjId>2</ExtObjId>
	</RowData>
	<RowData><ProcessDefId>14</ProcessDefId><FieldName>REJ_IND</FieldName><FieldType>STRING</FieldType><FieldLength>50</FieldLength><Attribute></Attribute><VarPrecision>0</VarPrecision><ExtObjId>2</ExtObjId>
	</RowData>
	<RowData><ProcessDefId>14</ProcessDefId><FieldName>RELORD_QTY</FieldName><FieldType>STRING</FieldType><FieldLength>50</FieldLength><Attribute></Attribute><VarPrecision>0</VarPrecision><ExtObjId>2</ExtObjId>
	</RowData>
	<RowData><ProcessDefId>14</ProcessDefId><FieldName>REMINDER1</FieldName><FieldType>STRING</FieldType><FieldLength>50</FieldLength><Attribute></Attribute><VarPrecision>0</VarPrecision><ExtObjId>2</ExtObjId>
	</RowData>
	<RowData><ProcessDefId>14</ProcessDefId><FieldName>REMINDER2</FieldName><FieldType>STRING</FieldType><FieldLength>50</FieldLength><Attribute></Attribute><VarPrecision>0</VarPrecision><ExtObjId>2</ExtObjId>
	</RowData>
	<RowData><ProcessDefId>14</ProcessDefId><FieldName>REMINDER3</FieldName><FieldType>STRING</FieldType><FieldLength>50</FieldLength><Attribute></Attribute><VarPrecision>0</VarPrecision><ExtObjId>2</ExtObjId>
	</RowData>
	<RowData><ProcessDefId>14</ProcessDefId><FieldName>REMSHLIFE</FieldName><FieldType>STRING</FieldType><FieldLength>50</FieldLength><Attribute></Attribute><VarPrecision>0</VarPrecision><ExtObjId>2</ExtObjId>
	</RowData>
	<RowData><ProcessDefId>14</ProcessDefId><FieldName>RET_ITEM</FieldName><FieldType>STRING</FieldType><FieldLength>50</FieldLength><Attribute></Attribute><VarPrecision>0</VarPrecision><ExtObjId>2</ExtObjId>
	</RowData>
	<RowData><ProcessDefId>14</ProcessDefId><FieldName>REV_LEV</FieldName><FieldType>STRING</FieldType><FieldLength>50</FieldLength><Attribute></Attribute><VarPrecision>0</VarPrecision><ExtObjId>2</ExtObjId>
	</RowData>
	<RowData><ProcessDefId>14</ProcessDefId><FieldName>RFQ</FieldName><FieldType>STRING</FieldType><FieldLength>50</FieldLength><Attribute></Attribute><VarPrecision>0</VarPrecision><ExtObjId>2</ExtObjId>
	</RowData>
	<RowData><ProcessDefId>14</ProcessDefId><FieldName>RFQ_ITEM</FieldName><FieldType>INTEGER</FieldType><FieldLength>2</FieldLength><Attribute></Attribute><VarPrecision>0</VarPrecision><ExtObjId>2</ExtObjId>
	</RowData>
	<RowData><ProcessDefId>14</ProcessDefId><FieldName>SC_VENDOR</FieldName><FieldType>STRING</FieldType><FieldLength>50</FieldLength><Attribute></Attribute><VarPrecision>0</VarPrecision><ExtObjId>2</ExtObjId>
	</RowData>
	<RowData><ProcessDefId>14</ProcessDefId><FieldName>SEASON_TY</FieldName><FieldType>STRING</FieldType><FieldLength>50</FieldLength><Attribute></Attribute><VarPrecision>0</VarPrecision><ExtObjId>2</ExtObjId>
	</RowData>
	<RowData><ProcessDefId>14</ProcessDefId><FieldName>SEASON_YR</FieldName><FieldType>STRING</FieldType><FieldLength>50</FieldLength><Attribute></Attribute><VarPrecision>0</VarPrecision><ExtObjId>2</ExtObjId>
	</RowData>
	<RowData><ProcessDefId>14</ProcessDefId><FieldName>SER_NO</FieldName><FieldType>INTEGER</FieldType><FieldLength>2</FieldLength><Attribute></Attribute><VarPrecision>0</VarPrecision><ExtObjId>2</ExtObjId>
	</RowData>
	<RowData><ProcessDefId>14</ProcessDefId><FieldName>SETRESERNO</FieldName><FieldType>INTEGER</FieldType><FieldLength>2</FieldLength><Attribute></Attribute><VarPrecision>0</VarPrecision><ExtObjId>2</ExtObjId>
	</RowData>
	<RowData><ProcessDefId>14</ProcessDefId><FieldName>SETT_GRP_2</FieldName><FieldType>STRING</FieldType><FieldLength>50</FieldLength><Attribute></Attribute><VarPrecision>0</VarPrecision><ExtObjId>2</ExtObjId>
	</RowData>
	<RowData><ProcessDefId>14</ProcessDefId><FieldName>SETT_GRP_3</FieldName><FieldType>STRING</FieldType><FieldLength>50</FieldLength><Attribute></Attribute><VarPrecision>0</VarPrecision><ExtObjId>2</ExtObjId>
	</RowData>
	<RowData><ProcessDefId>14</ProcessDefId><FieldName>SETT_GRP1</FieldName><FieldType>STRING</FieldType><FieldLength>50</FieldLength><Attribute></Attribute><VarPrecision>0</VarPrecision><ExtObjId>2</ExtObjId>
	</RowData>
	<RowData><ProcessDefId>14</ProcessDefId><FieldName>SETT_ITEM</FieldName><FieldType>STRING</FieldType><FieldLength>50</FieldLength><Attribute></Attribute><VarPrecision>0</VarPrecision><ExtObjId>2</ExtObjId>
	</RowData>
	<RowData><ProcessDefId>14</ProcessDefId><FieldName>SETTLITMNO</FieldName><FieldType>INTEGER</FieldType><FieldLength>2</FieldLength><Attribute></Attribute><VarPrecision>0</VarPrecision><ExtObjId>2</ExtObjId>
	</RowData>
	<RowData><ProcessDefId>14</ProcessDefId><FieldName>SHIPPING</FieldName><FieldType>STRING</FieldType><FieldLength>50</FieldLength><Attribute></Attribute><VarPrecision>0</VarPrecision><ExtObjId>2</ExtObjId>
	</RowData>
	<RowData><ProcessDefId>14</ProcessDefId><FieldName>SHORT_TEXT</FieldName><FieldType>STRING</FieldType><FieldLength>50</FieldLength><Attribute></Attribute><VarPrecision>0</VarPrecision><ExtObjId>2</ExtObjId>
	</RowData>
	<RowData><ProcessDefId>14</ProcessDefId><FieldName>SI_CAT</FieldName><FieldType>STRING</FieldType><FieldLength>50</FieldLength><Attribute></Attribute><VarPrecision>0</VarPrecision><ExtObjId>2</ExtObjId>
	</RowData>
	<RowData><ProcessDefId>14</ProcessDefId><FieldName>SPEC_STOCK</FieldName><FieldType>STRING</FieldType><FieldLength>50</FieldLength><Attribute></Attribute><VarPrecision>0</VarPrecision><ExtObjId>2</ExtObjId>
	</RowData>
	<RowData><ProcessDefId>14</ProcessDefId><FieldName>SPSTCK_PHY</FieldName><FieldType>STRING</FieldType><FieldLength>50</FieldLength><Attribute></Attribute><VarPrecision>0</VarPrecision><ExtObjId>2</ExtObjId>
	</RowData>
	<RowData><ProcessDefId>14</ProcessDefId><FieldName>STATISTIC</FieldName><FieldType>STRING</FieldType><FieldLength>50</FieldLength><Attribute></Attribute><VarPrecision>0</VarPrecision><ExtObjId>2</ExtObjId>
	</RowData>
	<RowData><ProcessDefId>14</ProcessDefId><FieldName>STATUS_1</FieldName><FieldType>STRING</FieldType><FieldLength>50</FieldLength><Attribute></Attribute><VarPrecision>0</VarPrecision><ExtObjId>2</ExtObjId>
	</RowData>
	<RowData><ProcessDefId>14</ProcessDefId><FieldName>STORE_LOC</FieldName><FieldType>STRING</FieldType><FieldLength>50</FieldLength><Attribute></Attribute><VarPrecision>0</VarPrecision><ExtObjId>2</ExtObjId>
	</RowData>
	<RowData><ProcessDefId>14</ProcessDefId><FieldName>SUB_ITEMS</FieldName><FieldType>STRING</FieldType><FieldLength>50</FieldLength><Attribute></Attribute><VarPrecision>0</VarPrecision><ExtObjId>2</ExtObjId>
	</RowData>
	<RowData><ProcessDefId>14</ProcessDefId><FieldName>SUB_RANGE</FieldName><FieldType>STRING</FieldType><FieldLength>50</FieldLength><Attribute></Attribute><VarPrecision>0</VarPrecision><ExtObjId>2</ExtObjId>
	</RowData>
	<RowData><ProcessDefId>14</ProcessDefId><FieldName>SUBITM_KEY</FieldName><FieldType>STRING</FieldType><FieldLength>50</FieldLength><Attribute></Attribute><VarPrecision>0</VarPrecision><ExtObjId>2</ExtObjId>
	</RowData>
	<RowData><ProcessDefId>14</ProcessDefId><FieldName>SUBTOTAL_1</FieldName><FieldType>STRING</FieldType><FieldLength>50</FieldLength><Attribute></Attribute><VarPrecision>0</VarPrecision><ExtObjId>2</ExtObjId>
	</RowData>
	<RowData><ProcessDefId>14</ProcessDefId><FieldName>SUBTOTAL_2</FieldName><FieldType>STRING</FieldType><FieldLength>50</FieldLength><Attribute></Attribute><VarPrecision>0</VarPrecision><ExtObjId>2</ExtObjId>
	</RowData>
	<RowData><ProcessDefId>14</ProcessDefId><FieldName>SUBTOTAL_3</FieldName><FieldType>STRING</FieldType><FieldLength>50</FieldLength><Attribute></Attribute><VarPrecision>0</VarPrecision><ExtObjId>2</ExtObjId>
	</RowData>
	<RowData><ProcessDefId>14</ProcessDefId><FieldName>SUBTOTAL_4</FieldName><FieldType>STRING</FieldType><FieldLength>50</FieldLength><Attribute></Attribute><VarPrecision>0</VarPrecision><ExtObjId>2</ExtObjId>
	</RowData>
	<RowData><ProcessDefId>14</ProcessDefId><FieldName>SUBTOTAL_5</FieldName><FieldType>STRING</FieldType><FieldLength>50</FieldLength><Attribute></Attribute><VarPrecision>0</VarPrecision><ExtObjId>2</ExtObjId>
	</RowData>
	<RowData><ProcessDefId>14</ProcessDefId><FieldName>SUBTOTAL_6</FieldName><FieldType>STRING</FieldType><FieldLength>50</FieldLength><Attribute></Attribute><VarPrecision>0</VarPrecision><ExtObjId>2</ExtObjId>
	</RowData>
	<RowData><ProcessDefId>14</ProcessDefId><FieldName>SUPPL_VEND</FieldName><FieldType>STRING</FieldType><FieldLength>50</FieldLength><Attribute></Attribute><VarPrecision>0</VarPrecision><ExtObjId>2</ExtObjId>
	</RowData>
	<RowData><ProcessDefId>14</ProcessDefId><FieldName>TARGET_QTY</FieldName><FieldType>STRING</FieldType><FieldLength>50</FieldLength><Attribute></Attribute><VarPrecision>0</VarPrecision><ExtObjId>2</ExtObjId>
	</RowData>
	<RowData><ProcessDefId>14</ProcessDefId><FieldName>TAX_CODE</FieldName><FieldType>STRING</FieldType><FieldLength>50</FieldLength><Attribute></Attribute><VarPrecision>0</VarPrecision><ExtObjId>2</ExtObjId>
	</RowData>
	<RowData><ProcessDefId>14</ProcessDefId><FieldName>TAX_JUR_CD</FieldName><FieldType>STRING</FieldType><FieldLength>50</FieldLength><Attribute></Attribute><VarPrecision>0</VarPrecision><ExtObjId>2</ExtObjId>
	</RowData>
	<RowData><ProcessDefId>14</ProcessDefId><FieldName>TRACKINGNO</FieldName><FieldType>STRING</FieldType><FieldLength>50</FieldLength><Attribute></Attribute><VarPrecision>0</VarPrecision><ExtObjId>2</ExtObjId>
	</RowData>
	<RowData><ProcessDefId>14</ProcessDefId><FieldName>TRADE_OFF</FieldName><FieldType>STRING</FieldType><FieldLength>50</FieldLength><Attribute></Attribute><VarPrecision>0</VarPrecision><ExtObjId>2</ExtObjId>
	</RowData>
	<RowData><ProcessDefId>14</ProcessDefId><FieldName>TRANS_TIME</FieldName><FieldType>STRING</FieldType><FieldLength>50</FieldLength><Attribute></Attribute><VarPrecision>0</VarPrecision><ExtObjId>2</ExtObjId>
	</RowData>
	<RowData><ProcessDefId>14</ProcessDefId><FieldName>UNDER_TOL</FieldName><FieldType>STRING</FieldType><FieldLength>50</FieldLength><Attribute></Attribute><VarPrecision>0</VarPrecision><ExtObjId>2</ExtObjId>
	</RowData>
	<RowData><ProcessDefId>14</ProcessDefId><FieldName>UNIT</FieldName><FieldType>STRING</FieldType><FieldLength>50</FieldLength><Attribute></Attribute><VarPrecision>0</VarPrecision><ExtObjId>2</ExtObjId>
	</RowData>
	<RowData><ProcessDefId>14</ProcessDefId><FieldName>UNLIMITED</FieldName><FieldType>STRING</FieldType><FieldLength>50</FieldLength><Attribute></Attribute><VarPrecision>0</VarPrecision><ExtObjId>2</ExtObjId>
	</RowData>
	<RowData><ProcessDefId>14</ProcessDefId><FieldName>UPDATE_GRP</FieldName><FieldType>STRING</FieldType><FieldLength>50</FieldLength><Attribute></Attribute><VarPrecision>0</VarPrecision><ExtObjId>2</ExtObjId>
	</RowData>
	<RowData><ProcessDefId>14</ProcessDefId><FieldName>VAL_CAT</FieldName><FieldType>STRING</FieldType><FieldLength>50</FieldLength><Attribute></Attribute><VarPrecision>0</VarPrecision><ExtObjId>2</ExtObjId>
	</RowData>
	<RowData><ProcessDefId>14</ProcessDefId><FieldName>VAL_TYPE</FieldName><FieldType>STRING</FieldType><FieldLength>50</FieldLength><Attribute></Attribute><VarPrecision>0</VarPrecision><ExtObjId>2</ExtObjId>
	</RowData>
	<RowData><ProcessDefId>14</ProcessDefId><FieldName>VEND_MAT</FieldName><FieldType>STRING</FieldType><FieldLength>50</FieldLength><Attribute></Attribute><VarPrecision>0</VarPrecision><ExtObjId>2</ExtObjId>
	</RowData>
	<RowData><ProcessDefId>14</ProcessDefId><FieldName>VOLUME</FieldName><FieldType>STRING</FieldType><FieldLength>50</FieldLength><Attribute></Attribute><VarPrecision>0</VarPrecision><ExtObjId>2</ExtObjId>
	</RowData>
	<RowData><ProcessDefId>14</ProcessDefId><FieldName>VOLUMEUNIT</FieldName><FieldType>STRING</FieldType><FieldLength>50</FieldLength><Attribute></Attribute><VarPrecision>0</VarPrecision><ExtObjId>2</ExtObjId>
	</RowData>
	<RowData><ProcessDefId>14</ProcessDefId><FieldName>VOLUMEUNIT_ISO</FieldName><FieldType>STRING</FieldType><FieldLength>50</FieldLength><Attribute></Attribute><VarPrecision>0</VarPrecision><ExtObjId>2</ExtObjId>
	</RowData>
	<RowData><ProcessDefId>14</ProcessDefId><FieldName>WEIGHTUNIT</FieldName><FieldType>STRING</FieldType><FieldLength>50</FieldLength><Attribute></Attribute><VarPrecision>0</VarPrecision><ExtObjId>2</ExtObjId>
	</RowData>
	<RowData><ProcessDefId>14</ProcessDefId><FieldName>WEIGHTUNIT_ISO</FieldName><FieldType>STRING</FieldType><FieldLength>50</FieldLength><Attribute></Attribute><VarPrecision>0</VarPrecision><ExtObjId>2</ExtObjId>
	</RowData>
	<RowData><ProcessDefId>14</ProcessDefId><FieldName>ACTIVITY</FieldName><FieldType>STRING</FieldType><FieldLength>50</FieldLength><Attribute></Attribute><VarPrecision>0</VarPrecision><ExtObjId>4</ExtObjId>
	</RowData>
	<RowData><ProcessDefId>14</ProcessDefId><FieldName>ASSET_NO</FieldName><FieldType>STRING</FieldType><FieldLength>50</FieldLength><Attribute></Attribute><VarPrecision>0</VarPrecision><ExtObjId>4</ExtObjId>
	</RowData>
	<RowData><ProcessDefId>14</ProcessDefId><FieldName>BUDGET_PERIOD</FieldName><FieldType>STRING</FieldType><FieldLength>50</FieldLength><Attribute></Attribute><VarPrecision>0</VarPrecision><ExtObjId>4</ExtObjId>
	</RowData>
	<RowData><ProcessDefId>14</ProcessDefId><FieldName>BUS_AREA</FieldName><FieldType>STRING</FieldType><FieldLength>50</FieldLength><Attribute></Attribute><VarPrecision>0</VarPrecision><ExtObjId>4</ExtObjId>
	</RowData>
	<RowData><ProcessDefId>14</ProcessDefId><FieldName>CHARTITY</FieldName><FieldType>STRING</FieldType><FieldLength>50</FieldLength><Attribute></Attribute><VarPrecision>0</VarPrecision><ExtObjId>4</ExtObjId>
	</RowData>
	<RowData><ProcessDefId>14</ProcessDefId><FieldName>CMMT_ITEM</FieldName><FieldType>STRING</FieldType><FieldLength>50</FieldLength><Attribute></Attribute><VarPrecision>0</VarPrecision><ExtObjId>4</ExtObjId>
	</RowData>
	<RowData><ProcessDefId>14</ProcessDefId><FieldName>CMMT_ITEM_LONG</FieldName><FieldType>STRING</FieldType><FieldLength>50</FieldLength><Attribute></Attribute><VarPrecision>0</VarPrecision><ExtObjId>4</ExtObjId>
	</RowData>
	<RowData><ProcessDefId>14</ProcessDefId><FieldName>CO_AREA</FieldName><FieldType>STRING</FieldType><FieldLength>50</FieldLength><Attribute></Attribute><VarPrecision>0</VarPrecision><ExtObjId>4</ExtObjId>
	</RowData>
	<RowData><ProcessDefId>14</ProcessDefId><FieldName>COST_CTR</FieldName><FieldType>STRING</FieldType><FieldLength>50</FieldLength><Attribute></Attribute><VarPrecision>0</VarPrecision><ExtObjId>4</ExtObjId>
	</RowData>
	<RowData><ProcessDefId>14</ProcessDefId><FieldName>COST_OBJ</FieldName><FieldType>STRING</FieldType><FieldLength>50</FieldLength><Attribute></Attribute><VarPrecision>0</VarPrecision><ExtObjId>4</ExtObjId>
	</RowData>
	<RowData><ProcessDefId>14</ProcessDefId><FieldName>COUNTER</FieldName><FieldType>INTEGER</FieldType><FieldLength>50</FieldLength><Attribute></Attribute><VarPrecision>0</VarPrecision><ExtObjId>4</ExtObjId>
	</RowData>
	<RowData><ProcessDefId>14</ProcessDefId><FieldName>DISTR_PERC</FieldName><FieldType>STRING</FieldType><FieldLength>50</FieldLength><Attribute></Attribute><VarPrecision>0</VarPrecision><ExtObjId>4</ExtObjId>
	</RowData>
	<RowData><ProcessDefId>14</ProcessDefId><FieldName>FUNC_AREA</FieldName><FieldType>STRING</FieldType><FieldLength>50</FieldLength><Attribute></Attribute><VarPrecision>0</VarPrecision><ExtObjId>4</ExtObjId>
	</RowData>
	<RowData><ProcessDefId>14</ProcessDefId><FieldName>FUNC_AREA_LONG</FieldName><FieldType>STRING</FieldType><FieldLength>50</FieldLength><Attribute></Attribute><VarPrecision>0</VarPrecision><ExtObjId>4</ExtObjId>
	</RowData>
	<RowData><ProcessDefId>14</ProcessDefId><FieldName>FUND</FieldName><FieldType>STRING</FieldType><FieldLength>50</FieldLength><Attribute></Attribute><VarPrecision>0</VarPrecision><ExtObjId>4</ExtObjId>
	</RowData>
	<RowData><ProcessDefId>14</ProcessDefId><FieldName>FUNDS_CTR</FieldName><FieldType>STRING</FieldType><FieldLength>50</FieldLength><Attribute></Attribute><VarPrecision>0</VarPrecision><ExtObjId>4</ExtObjId>
	</RowData>
	<RowData><ProcessDefId>14</ProcessDefId><FieldName>FUNDS_RES</FieldName><FieldType>STRING</FieldType><FieldLength>50</FieldLength><Attribute></Attribute><VarPrecision>0</VarPrecision><ExtObjId>4</ExtObjId>
	</RowData>
	<RowData><ProcessDefId>14</ProcessDefId><FieldName>G_L_ACCT</FieldName><FieldType>STRING</FieldType><FieldLength>50</FieldLength><Attribute></Attribute><VarPrecision>0</VarPrecision><ExtObjId>4</ExtObjId>
	</RowData>
	<RowData><ProcessDefId>14</ProcessDefId><FieldName>GR_RCPT</FieldName><FieldType>STRING</FieldType><FieldLength>50</FieldLength><Attribute></Attribute><VarPrecision>0</VarPrecision><ExtObjId>4</ExtObjId>
	</RowData>
	<RowData><ProcessDefId>14</ProcessDefId><FieldName>GRANT_NBR</FieldName><FieldType>STRING</FieldType><FieldLength>50</FieldLength><Attribute></Attribute><VarPrecision>0</VarPrecision><ExtObjId>4</ExtObjId>
	</RowData>
	<RowData><ProcessDefId>14</ProcessDefId><FieldName>insertionorderid</FieldName><FieldType>LONG</FieldType><FieldLength>4</FieldLength><Attribute>Primary</Attribute><VarPrecision>0</VarPrecision><ExtObjId>4</ExtObjId>
	</RowData>
	<RowData><ProcessDefId>14</ProcessDefId><FieldName>NETWORK</FieldName><FieldType>STRING</FieldType><FieldLength>50</FieldLength><Attribute></Attribute><VarPrecision>0</VarPrecision><ExtObjId>4</ExtObjId>
	</RowData>
	<RowData><ProcessDefId>14</ProcessDefId><FieldName>ORDER_NO</FieldName><FieldType>STRING</FieldType><FieldLength>50</FieldLength><Attribute></Attribute><VarPrecision>0</VarPrecision><ExtObjId>4</ExtObjId>
	</RowData>
	<RowData><ProcessDefId>14</ProcessDefId><FieldName>PART_ACCT</FieldName><FieldType>STRING</FieldType><FieldLength>50</FieldLength><Attribute></Attribute><VarPrecision>0</VarPrecision><ExtObjId>4</ExtObjId>
	</RowData>
	<RowData><ProcessDefId>14</ProcessDefId><FieldName>pinstanceid</FieldName><FieldType>STRING</FieldType><FieldLength>50</FieldLength><Attribute></Attribute><VarPrecision>0</VarPrecision><ExtObjId>4</ExtObjId>
	</RowData>
	<RowData><ProcessDefId>14</ProcessDefId><FieldName>PO_ITEM</FieldName><FieldType>INTEGER</FieldType><FieldLength>2</FieldLength><Attribute></Attribute><VarPrecision>0</VarPrecision><ExtObjId>4</ExtObjId>
	</RowData>
	<RowData><ProcessDefId>14</ProcessDefId><FieldName>PROF_SEGM</FieldName><FieldType>INTEGER</FieldType><FieldLength>50</FieldLength><Attribute></Attribute><VarPrecision>0</VarPrecision><ExtObjId>4</ExtObjId>
	</RowData>
	<RowData><ProcessDefId>14</ProcessDefId><FieldName>PROFIT_CTR</FieldName><FieldType>STRING</FieldType><FieldLength>50</FieldLength><Attribute></Attribute><VarPrecision>0</VarPrecision><ExtObjId>4</ExtObjId>
	</RowData>
	<RowData><ProcessDefId>14</ProcessDefId><FieldName>PROJ_EXT</FieldName><FieldType>STRING</FieldType><FieldLength>50</FieldLength><Attribute></Attribute><VarPrecision>0</VarPrecision><ExtObjId>4</ExtObjId>
	</RowData>
	<RowData><ProcessDefId>14</ProcessDefId><FieldName>QUANTITY</FieldName><FieldType>STRING</FieldType><FieldLength>50</FieldLength><Attribute></Attribute><VarPrecision>0</VarPrecision><ExtObjId>4</ExtObjId>
	</RowData>
	<RowData><ProcessDefId>14</ProcessDefId><FieldName>REC_IND</FieldName><FieldType>STRING</FieldType><FieldLength>50</FieldLength><Attribute></Attribute><VarPrecision>0</VarPrecision><ExtObjId>4</ExtObjId>
	</RowData>
	<RowData><ProcessDefId>14</ProcessDefId><FieldName>REF_DATE</FieldName><FieldType>DATE</FieldType><FieldLength>8</FieldLength><Attribute></Attribute><VarPrecision>0</VarPrecision><ExtObjId>4</ExtObjId>
	</RowData>
	<RowData><ProcessDefId>14</ProcessDefId><FieldName>RES_ITEM</FieldName><FieldType>INTEGER</FieldType><FieldLength>2</FieldLength><Attribute></Attribute><VarPrecision>0</VarPrecision><ExtObjId>4</ExtObjId>
	</RowData>
	<RowData><ProcessDefId>14</ProcessDefId><FieldName>RL_EST_KEY</FieldName><FieldType>STRING</FieldType><FieldLength>50</FieldLength><Attribute></Attribute><VarPrecision>0</VarPrecision><ExtObjId>4</ExtObjId>
	</RowData>
	<RowData><ProcessDefId>14</ProcessDefId><FieldName>ROUTING_NO</FieldName><FieldType>INTEGER</FieldType><FieldLength>50</FieldLength><Attribute></Attribute><VarPrecision>0</VarPrecision><ExtObjId>4</ExtObjId>
	</RowData>
	<RowData><ProcessDefId>14</ProcessDefId><FieldName>SCHED_LINE</FieldName><FieldType>INTEGER</FieldType><FieldLength>50</FieldLength><Attribute></Attribute><VarPrecision>0</VarPrecision><ExtObjId>4</ExtObjId>
	</RowData>
	<RowData><ProcessDefId>14</ProcessDefId><FieldName>SD_DOC</FieldName><FieldType>STRING</FieldType><FieldLength>50</FieldLength><Attribute></Attribute><VarPrecision>0</VarPrecision><ExtObjId>4</ExtObjId>
	</RowData>
	<RowData><ProcessDefId>14</ProcessDefId><FieldName>SDOC_ITEM</FieldName><FieldType>INTEGER</FieldType><FieldLength>2</FieldLength><Attribute></Attribute><VarPrecision>0</VarPrecision><ExtObjId>4</ExtObjId>
	</RowData>
	<RowData><ProcessDefId>14</ProcessDefId><FieldName>SERIAL_NO</FieldName><FieldType>INTEGER</FieldType><FieldLength>50</FieldLength><Attribute></Attribute><VarPrecision>0</VarPrecision><ExtObjId>4</ExtObjId>
	</RowData>
	<RowData><ProcessDefId>14</ProcessDefId><FieldName>SUB_NUMBER</FieldName><FieldType>STRING</FieldType><FieldLength>50</FieldLength><Attribute></Attribute><VarPrecision>0</VarPrecision><ExtObjId>4</ExtObjId>
	</RowData>
	<RowData><ProcessDefId>14</ProcessDefId><FieldName>TO_COSTCTR</FieldName><FieldType>STRING</FieldType><FieldLength>50</FieldLength><Attribute></Attribute><VarPrecision>0</VarPrecision><ExtObjId>4</ExtObjId>
	</RowData>
	<RowData><ProcessDefId>14</ProcessDefId><FieldName>TO_ORDER</FieldName><FieldType>STRING</FieldType><FieldLength>50</FieldLength><Attribute></Attribute><VarPrecision>0</VarPrecision><ExtObjId>4</ExtObjId>
	</RowData>
	<RowData><ProcessDefId>14</ProcessDefId><FieldName>TO_PROJECT</FieldName><FieldType>STRING</FieldType><FieldLength>50</FieldLength><Attribute></Attribute><VarPrecision>0</VarPrecision><ExtObjId>4</ExtObjId>
	</RowData>
	<RowData><ProcessDefId>14</ProcessDefId><FieldName>UNLOAD_PT</FieldName><FieldType>STRING</FieldType><FieldLength>50</FieldLength><Attribute></Attribute><VarPrecision>0</VarPrecision><ExtObjId>4</ExtObjId>
	</RowData>
</PMWEXTDBFIELDDEFINITIONTABLE_1>