<PMWEXTDBCONFTABLE>
	<RowData><ProcessDefId>14</ProcessDefId><DatabaseName>onLine</DatabaseName><DatabaseType>local</DatabaseType><UserId></UserId><PWD></PWD><TABLEName>ext_serviceprocess</TABLEName><ExtObjID>1</ExtObjID><HostName></HostName><Service></Service><Port>0</Port><SecurityFlag>Y</SecurityFlag>
	</RowData>
	<RowData><ProcessDefId>14</ProcessDefId><DatabaseName>onLine</DatabaseName><DatabaseType>local</DatabaseType><UserId></UserId><PWD></PWD><TABLEName>complex_orient_po_item</TABLEName><ExtObjID>2</ExtObjID><HostName></HostName><Service></Service><Port>0</Port><SecurityFlag>Y</SecurityFlag>
	</RowData>
	<RowData><ProcessDefId>14</ProcessDefId><DatabaseName>onLine</DatabaseName><DatabaseType>local</DatabaseType><UserId></UserId><PWD></PWD><TABLEName>complex_orient_acc_assignment</TABLEName><ExtObjID>4</ExtObjID><HostName></HostName><Service></Service><Port>0</Port><SecurityFlag>Y</SecurityFlag>
	</RowData>
	<RowData><ProcessDefId>14</ProcessDefId><DatabaseName>onLine</DatabaseName><DatabaseType>local</DatabaseType><UserId></UserId><PWD></PWD><TABLEName>complex_orient_entry_service</TABLEName><ExtObjID>5</ExtObjID><HostName></HostName><Service></Service><Port>0</Port><SecurityFlag>Y</SecurityFlag>
	</RowData>
	<RowData><ProcessDefId>14</ProcessDefId><DatabaseName>onLine</DatabaseName><DatabaseType>local</DatabaseType><UserId></UserId><PWD></PWD><TABLEName>complex_orient_pohistory</TABLEName><ExtObjID>6</ExtObjID><HostName></HostName><Service></Service><Port>0</Port><SecurityFlag>Y</SecurityFlag>
	</RowData>
	<RowData><ProcessDefId>14</ProcessDefId><DatabaseName>onLine</DatabaseName><DatabaseType>local</DatabaseType><UserId></UserId><PWD></PWD><TABLEName>complex_orient_poitem_history</TABLEName><ExtObjID>7</ExtObjID><HostName></HostName><Service></Service><Port>0</Port><SecurityFlag>Y</SecurityFlag>
	</RowData>
	<RowData><ProcessDefId>14</ProcessDefId><DatabaseName>onLine</DatabaseName><DatabaseType>local</DatabaseType><UserId></UserId><PWD></PWD><TABLEName>complex_orient_serviceapproval</TABLEName><ExtObjID>8</ExtObjID><HostName></HostName><Service></Service><Port>0</Port><SecurityFlag>Y</SecurityFlag>
	</RowData>
	<RowData><ProcessDefId>14</ProcessDefId><DatabaseName>onLine</DatabaseName><DatabaseType>local</DatabaseType><UserId></UserId><PWD></PWD><TABLEName>complex_orient_entrysheet_sel</TABLEName><ExtObjID>9</ExtObjID><HostName></HostName><Service></Service><Port>0</Port><SecurityFlag>Y</SecurityFlag>
	</RowData>
	<RowData><ProcessDefId>14</ProcessDefId><DatabaseName>onLine</DatabaseName><DatabaseType>local</DatabaseType><UserId></UserId><PWD></PWD><TABLEName>complex_orient_witholding</TABLEName><ExtObjID>10</ExtObjID><HostName></HostName><Service></Service><Port>0</Port><SecurityFlag>Y</SecurityFlag>
	</RowData>
	<RowData><ProcessDefId>14</ProcessDefId><DatabaseName>onLine</DatabaseName><DatabaseType>local</DatabaseType><UserId></UserId><PWD></PWD><TABLEName>complex_orient_service_po_item</TABLEName><ExtObjID>11</ExtObjID><HostName></HostName><Service></Service><Port>0</Port><SecurityFlag>Y</SecurityFlag>
	</RowData>
	<RowData><ProcessDefId>14</ProcessDefId><DatabaseName>onLine</DatabaseName><DatabaseType>local</DatabaseType><UserId></UserId><PWD></PWD><TABLEName>complex_exception_details</TABLEName><ExtObjID>12</ExtObjID><HostName></HostName><Service></Service><Port>0</Port><SecurityFlag>Y</SecurityFlag>
	</RowData>
	<RowData><ProcessDefId>14</ProcessDefId><DatabaseName>onLine</DatabaseName><DatabaseType>local</DatabaseType><UserId></UserId><PWD></PWD><TABLEName>complex_service_SheetDetails</TABLEName><ExtObjID>13</ExtObjID><HostName></HostName><Service></Service><Port>0</Port><SecurityFlag>Y</SecurityFlag>
	</RowData>
	<RowData><ProcessDefId>14</ProcessDefId><DatabaseName>onLine</DatabaseName><DatabaseType>local</DatabaseType><UserId></UserId><PWD></PWD><TABLEName>complex_tds_calculation</TABLEName><ExtObjID>14</ExtObjID><HostName></HostName><Service></Service><Port>0</Port><SecurityFlag>Y</SecurityFlag>
	</RowData>
</PMWEXTDBCONFTABLE>