<PMWEXTDBFIELDDEFINITIONTABLE_2>
	<RowData><ProcessDefId>14</ProcessDefId><FieldName>WBS_ELEM_E</FieldName><FieldType>STRING</FieldType><FieldLength>50</FieldLength><Attribute></Attribute><VarPrecision>0</VarPrecision><ExtObjId>4</ExtObjId>
	</RowData>
	<RowData><ProcessDefId>14</ProcessDefId><FieldName>ACTUAL_QTY</FieldName><FieldType>STRING</FieldType><FieldLength>50</FieldLength><Attribute></Attribute><VarPrecision>0</VarPrecision><ExtObjId>5</ExtObjId>
	</RowData>
	<RowData><ProcessDefId>14</ProcessDefId><FieldName>ACTUAL_VAL</FieldName><FieldType>STRING</FieldType><FieldLength>50</FieldLength><Attribute></Attribute><VarPrecision>0</VarPrecision><ExtObjId>5</ExtObjId>
	</RowData>
	<RowData><ProcessDefId>14</ProcessDefId><FieldName>ALTERNAT</FieldName><FieldType>STRING</FieldType><FieldLength>50</FieldLength><Attribute></Attribute><VarPrecision>0</VarPrecision><ExtObjId>5</ExtObjId>
	</RowData>
	<RowData><ProcessDefId>14</ProcessDefId><FieldName>BASE_UOM</FieldName><FieldType>STRING</FieldType><FieldLength>50</FieldLength><Attribute></Attribute><VarPrecision>0</VarPrecision><ExtObjId>5</ExtObjId>
	</RowData>
	<RowData><ProcessDefId>14</ProcessDefId><FieldName>BASIC_LINE</FieldName><FieldType>STRING</FieldType><FieldLength>50</FieldLength><Attribute></Attribute><VarPrecision>0</VarPrecision><ExtObjId>5</ExtObjId>
	</RowData>
	<RowData><ProcessDefId>14</ProcessDefId><FieldName>BASLINE_NO</FieldName><FieldType>INTEGER</FieldType><FieldLength>2</FieldLength><Attribute></Attribute><VarPrecision>0</VarPrecision><ExtObjId>5</ExtObjId>
	</RowData>
	<RowData><ProcessDefId>14</ProcessDefId><FieldName>BEGINTIME</FieldName><FieldType>STRING</FieldType><FieldLength>50</FieldLength><Attribute></Attribute><VarPrecision>0</VarPrecision><ExtObjId>5</ExtObjId>
	</RowData>
	<RowData><ProcessDefId>14</ProcessDefId><FieldName>BIDDER</FieldName><FieldType>STRING</FieldType><FieldLength>50</FieldLength><Attribute></Attribute><VarPrecision>0</VarPrecision><ExtObjId>5</ExtObjId>
	</RowData>
	<RowData><ProcessDefId>14</ProcessDefId><FieldName>BLANKET</FieldName><FieldType>STRING</FieldType><FieldLength>50</FieldLength><Attribute></Attribute><VarPrecision>0</VarPrecision><ExtObjId>5</ExtObjId>
	</RowData>
	<RowData><ProcessDefId>14</ProcessDefId><FieldName>CON_LINE</FieldName><FieldType>INTEGER</FieldType><FieldLength>2</FieldLength><Attribute></Attribute><VarPrecision>0</VarPrecision><ExtObjId>5</ExtObjId>
	</RowData>
	<RowData><ProcessDefId>14</ProcessDefId><FieldName>CON_PCKG</FieldName><FieldType>INTEGER</FieldType><FieldLength>2</FieldLength><Attribute></Attribute><VarPrecision>0</VarPrecision><ExtObjId>5</ExtObjId>
	</RowData>
	<RowData><ProcessDefId>14</ProcessDefId><FieldName>CON_QTY</FieldName><FieldType>STRING</FieldType><FieldLength>50</FieldLength><Attribute></Attribute><VarPrecision>0</VarPrecision><ExtObjId>5</ExtObjId>
	</RowData>
	<RowData><ProcessDefId>14</ProcessDefId><FieldName>CON_VALUE</FieldName><FieldType>STRING</FieldType><FieldLength>50</FieldLength><Attribute></Attribute><VarPrecision>0</VarPrecision><ExtObjId>5</ExtObjId>
	</RowData>
	<RowData><ProcessDefId>14</ProcessDefId><FieldName>DATE_1</FieldName><FieldType>DATE</FieldType><FieldLength>8</FieldLength><Attribute></Attribute><VarPrecision>0</VarPrecision><ExtObjId>5</ExtObjId>
	</RowData>
	<RowData><ProcessDefId>14</ProcessDefId><FieldName>DELETE_IND</FieldName><FieldType>STRING</FieldType><FieldLength>50</FieldLength><Attribute></Attribute><VarPrecision>0</VarPrecision><ExtObjId>5</ExtObjId>
	</RowData>
	<RowData><ProcessDefId>14</ProcessDefId><FieldName>DISTRIB</FieldName><FieldType>STRING</FieldType><FieldLength>50</FieldLength><Attribute></Attribute><VarPrecision>0</VarPrecision><ExtObjId>5</ExtObjId>
	</RowData>
	<RowData><ProcessDefId>14</ProcessDefId><FieldName>EDITION</FieldName><FieldType>INTEGER</FieldType><FieldLength>2</FieldLength><Attribute></Attribute><VarPrecision>0</VarPrecision><ExtObjId>5</ExtObjId>
	</RowData>
	<RowData><ProcessDefId>14</ProcessDefId><FieldName>ENDTIME</FieldName><FieldType>STRING</FieldType><FieldLength>50</FieldLength><Attribute></Attribute><VarPrecision>0</VarPrecision><ExtObjId>5</ExtObjId>
	</RowData>
	<RowData><ProcessDefId>14</ProcessDefId><FieldName>EVENTUAL</FieldName><FieldType>STRING</FieldType><FieldLength>50</FieldLength><Attribute></Attribute><VarPrecision>0</VarPrecision><ExtObjId>5</ExtObjId>
	</RowData>
	<RowData><ProcessDefId>14</ProcessDefId><FieldName>EXT_LINE</FieldName><FieldType>INTEGER</FieldType><FieldLength>2</FieldLength><Attribute></Attribute><VarPrecision>0</VarPrecision><ExtObjId>5</ExtObjId>
	</RowData>
	<RowData><ProcessDefId>14</ProcessDefId><FieldName>EXT_SERV</FieldName><FieldType>STRING</FieldType><FieldLength>50</FieldLength><Attribute></Attribute><VarPrecision>0</VarPrecision><ExtObjId>5</ExtObjId>
	</RowData>
	<RowData><ProcessDefId>14</ProcessDefId><FieldName>EXTERNAL_ITEM_ID</FieldName><FieldType>STRING</FieldType><FieldLength>50</FieldLength><Attribute></Attribute><VarPrecision>0</VarPrecision><ExtObjId>5</ExtObjId>
	</RowData>
	<RowData><ProcessDefId>14</ProcessDefId><FieldName>EXTPERS_NO</FieldName><FieldType>STRING</FieldType><FieldLength>50</FieldLength><Attribute></Attribute><VarPrecision>0</VarPrecision><ExtObjId>5</ExtObjId>
	</RowData>
	<RowData><ProcessDefId>14</ProcessDefId><FieldName>EXTREFKEY</FieldName><FieldType>STRING</FieldType><FieldLength>50</FieldLength><Attribute></Attribute><VarPrecision>0</VarPrecision><ExtObjId>5</ExtObjId>
	</RowData>
	<RowData><ProcessDefId>14</ProcessDefId><FieldName>FORM_VAL1</FieldName><FieldType>STRING</FieldType><FieldLength>50</FieldLength><Attribute></Attribute><VarPrecision>0</VarPrecision><ExtObjId>5</ExtObjId>
	</RowData>
	<RowData><ProcessDefId>14</ProcessDefId><FieldName>FORM_VAL2</FieldName><FieldType>STRING</FieldType><FieldLength>50</FieldLength><Attribute></Attribute><VarPrecision>0</VarPrecision><ExtObjId>5</ExtObjId>
	</RowData>
	<RowData><ProcessDefId>14</ProcessDefId><FieldName>FORM_VAL3</FieldName><FieldType>STRING</FieldType><FieldLength>50</FieldLength><Attribute></Attribute><VarPrecision>0</VarPrecision><ExtObjId>5</ExtObjId>
	</RowData>
	<RowData><ProcessDefId>14</ProcessDefId><FieldName>FORM_VAL4</FieldName><FieldType>STRING</FieldType><FieldLength>50</FieldLength><Attribute></Attribute><VarPrecision>0</VarPrecision><ExtObjId>5</ExtObjId>
	</RowData>
	<RowData><ProcessDefId>14</ProcessDefId><FieldName>FORM_VAL5</FieldName><FieldType>STRING</FieldType><FieldLength>50</FieldLength><Attribute></Attribute><VarPrecision>0</VarPrecision><ExtObjId>5</ExtObjId>
	</RowData>
	<RowData><ProcessDefId>14</ProcessDefId><FieldName>FORMULA</FieldName><FieldType>STRING</FieldType><FieldLength>50</FieldLength><Attribute></Attribute><VarPrecision>0</VarPrecision><ExtObjId>5</ExtObjId>
	</RowData>
	<RowData><ProcessDefId>14</ProcessDefId><FieldName>FROM_LINE</FieldName><FieldType>STRING</FieldType><FieldLength>50</FieldLength><Attribute></Attribute><VarPrecision>0</VarPrecision><ExtObjId>5</ExtObjId>
	</RowData>
	<RowData><ProcessDefId>14</ProcessDefId><FieldName>GR_PRICE</FieldName><FieldType>STRING</FieldType><FieldLength>50</FieldLength><Attribute></Attribute><VarPrecision>0</VarPrecision><ExtObjId>5</ExtObjId>
	</RowData>
	<RowData><ProcessDefId>14</ProcessDefId><FieldName>GROSS_VAL</FieldName><FieldType>STRING</FieldType><FieldLength>50</FieldLength><Attribute></Attribute><VarPrecision>0</VarPrecision><ExtObjId>5</ExtObjId>
	</RowData>
	<RowData><ProcessDefId>14</ProcessDefId><FieldName>HI_LINE_NO</FieldName><FieldType>INTEGER</FieldType><FieldLength>2</FieldLength><Attribute></Attribute><VarPrecision>0</VarPrecision><ExtObjId>5</ExtObjId>
	</RowData>
	<RowData><ProcessDefId>14</ProcessDefId><FieldName>INFORM</FieldName><FieldType>STRING</FieldType><FieldLength>50</FieldLength><Attribute></Attribute><VarPrecision>0</VarPrecision><ExtObjId>5</ExtObjId>
	</RowData>
	<RowData><ProcessDefId>14</ProcessDefId><FieldName>insertionorderid</FieldName><FieldType>LONG</FieldType><FieldLength>4</FieldLength><Attribute>Primary</Attribute><VarPrecision>0</VarPrecision><ExtObjId>5</ExtObjId>
	</RowData>
	<RowData><ProcessDefId>14</ProcessDefId><FieldName>LIMIT_LINE</FieldName><FieldType>INTEGER</FieldType><FieldLength>2</FieldLength><Attribute></Attribute><VarPrecision>0</VarPrecision><ExtObjId>5</ExtObjId>
	</RowData>
	<RowData><ProcessDefId>14</ProcessDefId><FieldName>LINE_NO</FieldName><FieldType>INTEGER</FieldType><FieldLength>2</FieldLength><Attribute></Attribute><VarPrecision>0</VarPrecision><ExtObjId>5</ExtObjId>
	</RowData>
	<RowData><ProcessDefId>14</ProcessDefId><FieldName>MATL_GROUP</FieldName><FieldType>STRING</FieldType><FieldLength>50</FieldLength><Attribute></Attribute><VarPrecision>0</VarPrecision><ExtObjId>5</ExtObjId>
	</RowData>
	<RowData><ProcessDefId>14</ProcessDefId><FieldName>NET_VALUE</FieldName><FieldType>STRING</FieldType><FieldLength>50</FieldLength><Attribute></Attribute><VarPrecision>0</VarPrecision><ExtObjId>5</ExtObjId>
	</RowData>
	<RowData><ProcessDefId>14</ProcessDefId><FieldName>NOND_ITAX</FieldName><FieldType>STRING</FieldType><FieldLength>50</FieldLength><Attribute></Attribute><VarPrecision>0</VarPrecision><ExtObjId>5</ExtObjId>
	</RowData>
	<RowData><ProcessDefId>14</ProcessDefId><FieldName>OPEN_QTY</FieldName><FieldType>STRING</FieldType><FieldLength>50</FieldLength><Attribute></Attribute><VarPrecision>0</VarPrecision><ExtObjId>5</ExtObjId>
	</RowData>
	<RowData><ProcessDefId>14</ProcessDefId><FieldName>OUTL_IND</FieldName><FieldType>STRING</FieldType><FieldLength>50</FieldLength><Attribute></Attribute><VarPrecision>0</VarPrecision><ExtObjId>5</ExtObjId>
	</RowData>
	<RowData><ProcessDefId>14</ProcessDefId><FieldName>OUTL_LEVEL</FieldName><FieldType>INTEGER</FieldType><FieldLength>2</FieldLength><Attribute></Attribute><VarPrecision>0</VarPrecision><ExtObjId>5</ExtObjId>
	</RowData>
	<RowData><ProcessDefId>14</ProcessDefId><FieldName>OUTL_LEVEL1</FieldName><FieldType>STRING</FieldType><FieldLength>50</FieldLength><Attribute></Attribute><VarPrecision>0</VarPrecision><ExtObjId>5</ExtObjId>
	</RowData>
	<RowData><ProcessDefId>14</ProcessDefId><FieldName>OUTL_NO</FieldName><FieldType>STRING</FieldType><FieldLength>50</FieldLength><Attribute></Attribute><VarPrecision>0</VarPrecision><ExtObjId>5</ExtObjId>
	</RowData>
	<RowData><ProcessDefId>14</ProcessDefId><FieldName>OVF_TOL</FieldName><FieldType>STRING</FieldType><FieldLength>50</FieldLength><Attribute></Attribute><VarPrecision>0</VarPrecision><ExtObjId>5</ExtObjId>
	</RowData>
	<RowData><ProcessDefId>14</ProcessDefId><FieldName>OVF_UNLIM</FieldName><FieldType>STRING</FieldType><FieldLength>50</FieldLength><Attribute></Attribute><VarPrecision>0</VarPrecision><ExtObjId>5</ExtObjId>
	</RowData>
	<RowData><ProcessDefId>14</ProcessDefId><FieldName>PCKG_NO</FieldName><FieldType>INTEGER</FieldType><FieldLength>2</FieldLength><Attribute></Attribute><VarPrecision>0</VarPrecision><ExtObjId>5</ExtObjId>
	</RowData>
	<RowData><ProcessDefId>14</ProcessDefId><FieldName>PER_EDATE</FieldName><FieldType>DATE</FieldType><FieldLength>8</FieldLength><Attribute></Attribute><VarPrecision>0</VarPrecision><ExtObjId>5</ExtObjId>
	</RowData>
	<RowData><ProcessDefId>14</ProcessDefId><FieldName>PER_SDATE</FieldName><FieldType>DATE</FieldType><FieldLength>8</FieldLength><Attribute></Attribute><VarPrecision>0</VarPrecision><ExtObjId>5</ExtObjId>
	</RowData>
	<RowData><ProcessDefId>14</ProcessDefId><FieldName>PERS_NO</FieldName><FieldType>INTEGER</FieldType><FieldLength>2</FieldLength><Attribute></Attribute><VarPrecision>0</VarPrecision><ExtObjId>5</ExtObjId>
	</RowData>
	<RowData><ProcessDefId>14</ProcessDefId><FieldName>pinstanceid</FieldName><FieldType>STRING</FieldType><FieldLength>50</FieldLength><Attribute></Attribute><VarPrecision>0</VarPrecision><ExtObjId>5</ExtObjId>
	</RowData>
	<RowData><ProcessDefId>14</ProcessDefId><FieldName>PLN_LINE</FieldName><FieldType>INTEGER</FieldType><FieldLength>2</FieldLength><Attribute></Attribute><VarPrecision>0</VarPrecision><ExtObjId>5</ExtObjId>
	</RowData>
	<RowData><ProcessDefId>14</ProcessDefId><FieldName>PLN_PCKG</FieldName><FieldType>INTEGER</FieldType><FieldLength>2</FieldLength><Attribute></Attribute><VarPrecision>0</VarPrecision><ExtObjId>5</ExtObjId>
	</RowData>
	<RowData><ProcessDefId>14</ProcessDefId><FieldName>PRICE_CHG</FieldName><FieldType>STRING</FieldType><FieldLength>50</FieldLength><Attribute></Attribute><VarPrecision>0</VarPrecision><ExtObjId>5</ExtObjId>
	</RowData>
	<RowData><ProcessDefId>14</ProcessDefId><FieldName>PRICE_UNIT</FieldName><FieldType>STRING</FieldType><FieldLength>50</FieldLength><Attribute></Attribute><VarPrecision>0</VarPrecision><ExtObjId>5</ExtObjId>
	</RowData>
	<RowData><ProcessDefId>14</ProcessDefId><FieldName>QUANTITY</FieldName><FieldType>STRING</FieldType><FieldLength>50</FieldLength><Attribute></Attribute><VarPrecision>0</VarPrecision><ExtObjId>5</ExtObjId>
	</RowData>
	<RowData><ProcessDefId>14</ProcessDefId><FieldName>SERV_TYPE</FieldName><FieldType>STRING</FieldType><FieldLength>50</FieldLength><Attribute></Attribute><VarPrecision>0</VarPrecision><ExtObjId>5</ExtObjId>
	</RowData>
	<RowData><ProcessDefId>14</ProcessDefId><FieldName>SERVICE</FieldName><FieldType>STRING</FieldType><FieldLength>50</FieldLength><Attribute></Attribute><VarPrecision>0</VarPrecision><ExtObjId>5</ExtObjId>
	</RowData>
	<RowData><ProcessDefId>14</ProcessDefId><FieldName>SERVICE_ITEM_KEY</FieldName><FieldType>INTEGER</FieldType><FieldLength>2</FieldLength><Attribute></Attribute><VarPrecision>0</VarPrecision><ExtObjId>5</ExtObjId>
	</RowData>
	<RowData><ProcessDefId>14</ProcessDefId><FieldName>SHORT_TEXT</FieldName><FieldType>STRING</FieldType><FieldLength>50</FieldLength><Attribute></Attribute><VarPrecision>0</VarPrecision><ExtObjId>5</ExtObjId>
	</RowData>
	<RowData><ProcessDefId>14</ProcessDefId><FieldName>SSC_ITEM</FieldName><FieldType>STRING</FieldType><FieldLength>50</FieldLength><Attribute></Attribute><VarPrecision>0</VarPrecision><ExtObjId>5</ExtObjId>
	</RowData>
	<RowData><ProcessDefId>14</ProcessDefId><FieldName>SSC_LIM</FieldName><FieldType>STRING</FieldType><FieldLength>50</FieldLength><Attribute></Attribute><VarPrecision>0</VarPrecision><ExtObjId>5</ExtObjId>
	</RowData>
	<RowData><ProcessDefId>14</ProcessDefId><FieldName>SUBPCKG_NO</FieldName><FieldType>INTEGER</FieldType><FieldLength>2</FieldLength><Attribute></Attribute><VarPrecision>0</VarPrecision><ExtObjId>5</ExtObjId>
	</RowData>
	<RowData><ProcessDefId>14</ProcessDefId><FieldName>SUPP_LINE</FieldName><FieldType>STRING</FieldType><FieldLength>50</FieldLength><Attribute></Attribute><VarPrecision>0</VarPrecision><ExtObjId>5</ExtObjId>
	</RowData>
	<RowData><ProcessDefId>14</ProcessDefId><FieldName>TARGET_VAL</FieldName><FieldType>STRING</FieldType><FieldLength>50</FieldLength><Attribute></Attribute><VarPrecision>0</VarPrecision><ExtObjId>5</ExtObjId>
	</RowData>
	<RowData><ProcessDefId>14</ProcessDefId><FieldName>TAX_CODE</FieldName><FieldType>STRING</FieldType><FieldLength>50</FieldLength><Attribute></Attribute><VarPrecision>0</VarPrecision><ExtObjId>5</ExtObjId>
	</RowData>
	<RowData><ProcessDefId>14</ProcessDefId><FieldName>TAXJURCODE</FieldName><FieldType>STRING</FieldType><FieldLength>50</FieldLength><Attribute></Attribute><VarPrecision>0</VarPrecision><ExtObjId>5</ExtObjId>
	</RowData>
	<RowData><ProcessDefId>14</ProcessDefId><FieldName>TMP_LINE</FieldName><FieldType>INTEGER</FieldType><FieldLength>2</FieldLength><Attribute></Attribute><VarPrecision>0</VarPrecision><ExtObjId>5</ExtObjId>
	</RowData>
	<RowData><ProcessDefId>14</ProcessDefId><FieldName>TMP_PCKG</FieldName><FieldType>INTEGER</FieldType><FieldLength>2</FieldLength><Attribute></Attribute><VarPrecision>0</VarPrecision><ExtObjId>5</ExtObjId>
	</RowData>
	<RowData><ProcessDefId>14</ProcessDefId><FieldName>TO_LINE</FieldName><FieldType>STRING</FieldType><FieldLength>50</FieldLength><Attribute></Attribute><VarPrecision>0</VarPrecision><ExtObjId>5</ExtObjId>
	</RowData>
	<RowData><ProcessDefId>14</ProcessDefId><FieldName>UNPL_QTY</FieldName><FieldType>STRING</FieldType><FieldLength>50</FieldLength><Attribute></Attribute><VarPrecision>0</VarPrecision><ExtObjId>5</ExtObjId>
	</RowData>
	<RowData><ProcessDefId>14</ProcessDefId><FieldName>UNPL_VAL</FieldName><FieldType>STRING</FieldType><FieldLength>50</FieldLength><Attribute></Attribute><VarPrecision>0</VarPrecision><ExtObjId>5</ExtObjId>
	</RowData>
	<RowData><ProcessDefId>14</ProcessDefId><FieldName>UOM_ISO</FieldName><FieldType>STRING</FieldType><FieldLength>50</FieldLength><Attribute></Attribute><VarPrecision>0</VarPrecision><ExtObjId>5</ExtObjId>
	</RowData>
	<RowData><ProcessDefId>14</ProcessDefId><FieldName>USERF1_NUM</FieldName><FieldType>INTEGER</FieldType><FieldLength>2</FieldLength><Attribute></Attribute><VarPrecision>0</VarPrecision><ExtObjId>5</ExtObjId>
	</RowData>
	<RowData><ProcessDefId>14</ProcessDefId><FieldName>USERF1_TXT</FieldName><FieldType>STRING</FieldType><FieldLength>50</FieldLength><Attribute></Attribute><VarPrecision>0</VarPrecision><ExtObjId>5</ExtObjId>
	</RowData>
	<RowData><ProcessDefId>14</ProcessDefId><FieldName>USERF2_NUM</FieldName><FieldType>STRING</FieldType><FieldLength>50</FieldLength><Attribute></Attribute><VarPrecision>0</VarPrecision><ExtObjId>5</ExtObjId>
	</RowData>
	<RowData><ProcessDefId>14</ProcessDefId><FieldName>USERF2_TXT</FieldName><FieldType>STRING</FieldType><FieldLength>50</FieldLength><Attribute></Attribute><VarPrecision>0</VarPrecision><ExtObjId>5</ExtObjId>
	</RowData>
	<RowData><ProcessDefId>14</ProcessDefId><FieldName>WAGETYPE</FieldName><FieldType>STRING</FieldType><FieldLength>50</FieldLength><Attribute></Attribute><VarPrecision>0</VarPrecision><ExtObjId>5</ExtObjId>
	</RowData>
	<RowData><ProcessDefId>14</ProcessDefId><FieldName>BATCH</FieldName><FieldType>STRING</FieldType><FieldLength>50</FieldLength><Attribute></Attribute><VarPrecision>0</VarPrecision><ExtObjId>6</ExtObjId>
	</RowData>
	<RowData><ProcessDefId>14</ProcessDefId><FieldName>BL_QTY</FieldName><FieldType>STRING</FieldType><FieldLength>50</FieldLength><Attribute></Attribute><VarPrecision>0</VarPrecision><ExtObjId>6</ExtObjId>
	</RowData>
	<RowData><ProcessDefId>14</ProcessDefId><FieldName>BLOCKED_QY</FieldName><FieldType>STRING</FieldType><FieldLength>50</FieldLength><Attribute></Attribute><VarPrecision>0</VarPrecision><ExtObjId>6</ExtObjId>
	</RowData>
	<RowData><ProcessDefId>14</ProcessDefId><FieldName>CL_VAL_LOC</FieldName><FieldType>STRING</FieldType><FieldLength>50</FieldLength><Attribute></Attribute><VarPrecision>0</VarPrecision><ExtObjId>6</ExtObjId>
	</RowData>
	<RowData><ProcessDefId>14</ProcessDefId><FieldName>CONDITION_1</FieldName><FieldType>STRING</FieldType><FieldLength>50</FieldLength><Attribute></Attribute><VarPrecision>0</VarPrecision><ExtObjId>6</ExtObjId>
	</RowData>
	<RowData><ProcessDefId>14</ProcessDefId><FieldName>CONF_SER</FieldName><FieldType>INTEGER</FieldType><FieldLength>2</FieldLength><Attribute></Attribute><VarPrecision>0</VarPrecision><ExtObjId>6</ExtObjId>
	</RowData>
	<RowData><ProcessDefId>14</ProcessDefId><FieldName>CURRENCY</FieldName><FieldType>STRING</FieldType><FieldLength>50</FieldLength><Attribute></Attribute><VarPrecision>0</VarPrecision><ExtObjId>6</ExtObjId>
	</RowData>
	<RowData><ProcessDefId>14</ProcessDefId><FieldName>CURRENCY_ISO</FieldName><FieldType>STRING</FieldType><FieldLength>50</FieldLength><Attribute></Attribute><VarPrecision>0</VarPrecision><ExtObjId>6</ExtObjId>
	</RowData>
	<RowData><ProcessDefId>14</ProcessDefId><FieldName>DB_CR_IND</FieldName><FieldType>STRING</FieldType><FieldLength>50</FieldLength><Attribute></Attribute><VarPrecision>0</VarPrecision><ExtObjId>6</ExtObjId>
	</RowData>
	<RowData><ProcessDefId>14</ProcessDefId><FieldName>DELIV_QTY</FieldName><FieldType>STRING</FieldType><FieldLength>50</FieldLength><Attribute></Attribute><VarPrecision>0</VarPrecision><ExtObjId>6</ExtObjId>
	</RowData>
	<RowData><ProcessDefId>14</ProcessDefId><FieldName>DELIV_UNIT</FieldName><FieldType>STRING</FieldType><FieldLength>50</FieldLength><Attribute></Attribute><VarPrecision>0</VarPrecision><ExtObjId>6</ExtObjId>
	</RowData>
	<RowData><ProcessDefId>14</ProcessDefId><FieldName>DELIV_UNIT_ISO</FieldName><FieldType>STRING</FieldType><FieldLength>50</FieldLength><Attribute></Attribute><VarPrecision>0</VarPrecision><ExtObjId>6</ExtObjId>
	</RowData>
	<RowData><ProcessDefId>14</ProcessDefId><FieldName>DOC_DATE</FieldName><FieldType>DATE</FieldType><FieldLength>8</FieldLength><Attribute></Attribute><VarPrecision>0</VarPrecision><ExtObjId>6</ExtObjId>
	</RowData>
	<RowData><ProcessDefId>14</ProcessDefId><FieldName>DOC_YEAR</FieldName><FieldType>INTEGER</FieldType><FieldLength>2</FieldLength><Attribute></Attribute><VarPrecision>0</VarPrecision><ExtObjId>6</ExtObjId>
	</RowData>
	<RowData><ProcessDefId>14</ProcessDefId><FieldName>ENTRY_DATE</FieldName><FieldType>DATE</FieldType><FieldLength>8</FieldLength><Attribute></Attribute><VarPrecision>0</VarPrecision><ExtObjId>6</ExtObjId>
	</RowData>
	<RowData><ProcessDefId>14</ProcessDefId><FieldName>ENTRY_TIME</FieldName><FieldType>STRING</FieldType><FieldLength>50</FieldLength><Attribute></Attribute><VarPrecision>0</VarPrecision><ExtObjId>6</ExtObjId>
	</RowData>
	<RowData><ProcessDefId>14</ProcessDefId><FieldName>HIST_TYPE</FieldName><FieldType>STRING</FieldType><FieldLength>50</FieldLength><Attribute></Attribute><VarPrecision>0</VarPrecision><ExtObjId>6</ExtObjId>
	</RowData>
	<RowData><ProcessDefId>14</ProcessDefId><FieldName>insertionorderid</FieldName><FieldType>LONG</FieldType><FieldLength>4</FieldLength><Attribute>Primary</Attribute><VarPrecision>0</VarPrecision><ExtObjId>6</ExtObjId>
	</RowData>
	<RowData><ProcessDefId>14</ProcessDefId><FieldName>IVVAL_FOR</FieldName><FieldType>STRING</FieldType><FieldLength>50</FieldLength><Attribute></Attribute><VarPrecision>0</VarPrecision><ExtObjId>6</ExtObjId>
	</RowData>
	<RowData><ProcessDefId>14</ProcessDefId><FieldName>IVVAL_LOC</FieldName><FieldType>STRING</FieldType><FieldLength>50</FieldLength><Attribute></Attribute><VarPrecision>0</VarPrecision><ExtObjId>6</ExtObjId>
	</RowData>
	<RowData><ProcessDefId>14</ProcessDefId><FieldName>LOC_CURR</FieldName><FieldType>STRING</FieldType><FieldLength>50</FieldLength><Attribute></Attribute><VarPrecision>0</VarPrecision><ExtObjId>6</ExtObjId>
	</RowData>
	<RowData><ProcessDefId>14</ProcessDefId><FieldName>LOC_CURR_ISO</FieldName><FieldType>STRING</FieldType><FieldLength>50</FieldLength><Attribute></Attribute><VarPrecision>0</VarPrecision><ExtObjId>6</ExtObjId>
	</RowData>
	<RowData><ProcessDefId>14</ProcessDefId><FieldName>MAT_DOC</FieldName><FieldType>STRING</FieldType><FieldLength>50</FieldLength><Attribute></Attribute><VarPrecision>0</VarPrecision><ExtObjId>6</ExtObjId>
	</RowData>
	<RowData><ProcessDefId>14</ProcessDefId><FieldName>MATDOC_ITM</FieldName><FieldType>INTEGER</FieldType><FieldLength>2</FieldLength><Attribute></Attribute><VarPrecision>0</VarPrecision><ExtObjId>6</ExtObjId>
	</RowData>
	<RowData><ProcessDefId>14</ProcessDefId><FieldName>MATERIAL</FieldName><FieldType>STRING</FieldType><FieldLength>50</FieldLength><Attribute></Attribute><VarPrecision>0</VarPrecision><ExtObjId>6</ExtObjId>
	</RowData>
	<RowData><ProcessDefId>14</ProcessDefId><FieldName>MATERIAL_EXTERNAL</FieldName><FieldType>STRING</FieldType><FieldLength>50</FieldLength><Attribute></Attribute><VarPrecision>0</VarPrecision><ExtObjId>6</ExtObjId>
	</RowData>
	<RowData><ProcessDefId>14</ProcessDefId><FieldName>MATERIAL_GUID</FieldName><FieldType>STRING</FieldType><FieldLength>50</FieldLength><Attribute></Attribute><VarPrecision>0</VarPrecision><ExtObjId>6</ExtObjId>
	</RowData>
	<RowData><ProcessDefId>14</ProcessDefId><FieldName>MATERIAL_VERSION</FieldName><FieldType>STRING</FieldType><FieldLength>50</FieldLength><Attribute></Attribute><VarPrecision>0</VarPrecision><ExtObjId>6</ExtObjId>
	</RowData>
	<RowData><ProcessDefId>14</ProcessDefId><FieldName>MOVE_REAS</FieldName><FieldType>INTEGER</FieldType><FieldLength>2</FieldLength><Attribute></Attribute><VarPrecision>0</VarPrecision><ExtObjId>6</ExtObjId>
	</RowData>
	<RowData><ProcessDefId>14</ProcessDefId><FieldName>MOVE_TYPE</FieldName><FieldType>STRING</FieldType><FieldLength>50</FieldLength><Attribute></Attribute><VarPrecision>0</VarPrecision><ExtObjId>6</ExtObjId>
	</RowData>
	<RowData><ProcessDefId>14</ProcessDefId><FieldName>NO_MORE_GR</FieldName><FieldType>STRING</FieldType><FieldLength>50</FieldLength><Attribute></Attribute><VarPrecision>0</VarPrecision><ExtObjId>6</ExtObjId>
	</RowData>
	<RowData><ProcessDefId>14</ProcessDefId><FieldName>pinstanceid</FieldName><FieldType>STRING</FieldType><FieldLength>50</FieldLength><Attribute></Attribute><VarPrecision>0</VarPrecision><ExtObjId>6</ExtObjId>
	</RowData>
	<RowData><ProcessDefId>14</ProcessDefId><FieldName>PLANT</FieldName><FieldType>STRING</FieldType><FieldLength>50</FieldLength><Attribute></Attribute><VarPrecision>0</VarPrecision><ExtObjId>6</ExtObjId>
	</RowData>
	<RowData><ProcessDefId>14</ProcessDefId><FieldName>PO_ITEM</FieldName><FieldType>INTEGER</FieldType><FieldLength>2</FieldLength><Attribute></Attribute><VarPrecision>0</VarPrecision><ExtObjId>6</ExtObjId>
	</RowData>
	<RowData><ProcessDefId>14</ProcessDefId><FieldName>PROCESS_ID</FieldName><FieldType>STRING</FieldType><FieldLength>50</FieldLength><Attribute></Attribute><VarPrecision>0</VarPrecision><ExtObjId>6</ExtObjId>
	</RowData>
	<RowData><ProcessDefId>14</ProcessDefId><FieldName>PSTNG_DATE</FieldName><FieldType>DATE</FieldType><FieldLength>8</FieldLength><Attribute></Attribute><VarPrecision>0</VarPrecision><ExtObjId>6</ExtObjId>
	</RowData>
	<RowData><ProcessDefId>14</ProcessDefId><FieldName>PUR_MAT</FieldName><FieldType>STRING</FieldType><FieldLength>50</FieldLength><Attribute></Attribute><VarPrecision>0</VarPrecision><ExtObjId>6</ExtObjId>
	</RowData>
	<RowData><ProcessDefId>14</ProcessDefId><FieldName>PUR_MAT_EXTERNAL</FieldName><FieldType>STRING</FieldType><FieldLength>50</FieldLength><Attribute></Attribute><VarPrecision>0</VarPrecision><ExtObjId>6</ExtObjId>
	</RowData>
	<RowData><ProcessDefId>14</ProcessDefId><FieldName>PUR_MAT_GUID</FieldName><FieldType>STRING</FieldType><FieldLength>50</FieldLength><Attribute></Attribute><VarPrecision>0</VarPrecision><ExtObjId>6</ExtObjId>
	</RowData>
	<RowData><ProcessDefId>14</ProcessDefId><FieldName>PUR_MAT_VERSION</FieldName><FieldType>STRING</FieldType><FieldLength>50</FieldLength><Attribute></Attribute><VarPrecision>0</VarPrecision><ExtObjId>6</ExtObjId>
	</RowData>
	<RowData><ProcessDefId>14</ProcessDefId><FieldName>QUANTITY</FieldName><FieldType>STRING</FieldType><FieldLength>50</FieldLength><Attribute></Attribute><VarPrecision>0</VarPrecision><ExtObjId>6</ExtObjId>
	</RowData>
	<RowData><ProcessDefId>14</ProcessDefId><FieldName>REF_DOC</FieldName><FieldType>STRING</FieldType><FieldLength>50</FieldLength><Attribute></Attribute><VarPrecision>0</VarPrecision><ExtObjId>6</ExtObjId>
	</RowData>
	<RowData><ProcessDefId>14</ProcessDefId><FieldName>REF_DOC_IT</FieldName><FieldType>INTEGER</FieldType><FieldLength>2</FieldLength><Attribute></Attribute><VarPrecision>0</VarPrecision><ExtObjId>6</ExtObjId>
	</RowData>
	<RowData><ProcessDefId>14</ProcessDefId><FieldName>REF_DOC_NO</FieldName><FieldType>STRING</FieldType><FieldLength>50</FieldLength><Attribute></Attribute><VarPrecision>0</VarPrecision><ExtObjId>6</ExtObjId>
	</RowData>
	<RowData><ProcessDefId>14</ProcessDefId><FieldName>REF_DOC_NO_LONG</FieldName><FieldType>STRING</FieldType><FieldLength>50</FieldLength><Attribute></Attribute><VarPrecision>0</VarPrecision><ExtObjId>6</ExtObjId>
	</RowData>
	<RowData><ProcessDefId>14</ProcessDefId><FieldName>REF_DOC_YR</FieldName><FieldType>INTEGER</FieldType><FieldLength>2</FieldLength><Attribute></Attribute><VarPrecision>0</VarPrecision><ExtObjId>6</ExtObjId>
	</RowData>
	<RowData><ProcessDefId>14</ProcessDefId><FieldName>SERIAL_NO</FieldName><FieldType>INTEGER</FieldType><FieldLength>2</FieldLength><Attribute></Attribute><VarPrecision>0</VarPrecision><ExtObjId>6</ExtObjId>
	</RowData>
	<RowData><ProcessDefId>14</ProcessDefId><FieldName>STK_SEGMENT</FieldName><FieldType>STRING</FieldType><FieldLength>50</FieldLength><Attribute></Attribute><VarPrecision>0</VarPrecision><ExtObjId>6</ExtObjId>
	</RowData>
	<RowData><ProcessDefId>14</ProcessDefId><FieldName>TAX_CODE</FieldName><FieldType>STRING</FieldType><FieldLength>50</FieldLength><Attribute></Attribute><VarPrecision>0</VarPrecision><ExtObjId>6</ExtObjId>
	</RowData>
	<RowData><ProcessDefId>14</ProcessDefId><FieldName>VAL_FORCUR</FieldName><FieldType>STRING</FieldType><FieldLength>50</FieldLength><Attribute></Attribute><VarPrecision>0</VarPrecision><ExtObjId>6</ExtObjId>
	</RowData>
	<RowData><ProcessDefId>14</ProcessDefId><FieldName>VAL_LOCCUR</FieldName><FieldType>STRING</FieldType><FieldLength>50</FieldLength><Attribute></Attribute><VarPrecision>0</VarPrecision><ExtObjId>6</ExtObjId>
	</RowData>
	<RowData><ProcessDefId>14</ProcessDefId><FieldName>VAL_TYPE</FieldName><FieldType>STRING</FieldType><FieldLength>50</FieldLength><Attribute></Attribute><VarPrecision>0</VarPrecision><ExtObjId>6</ExtObjId>
	</RowData>
	<RowData><ProcessDefId>14</ProcessDefId><FieldName>BATCH</FieldName><FieldType>STRING</FieldType><FieldLength>50</FieldLength><Attribute></Attribute><VarPrecision>0</VarPrecision><ExtObjId>7</ExtObjId>
	</RowData>
	<RowData><ProcessDefId>14</ProcessDefId><FieldName>BL_QTY</FieldName><FieldType>STRING</FieldType><FieldLength>50</FieldLength><Attribute></Attribute><VarPrecision>0</VarPrecision><ExtObjId>7</ExtObjId>
	</RowData>
	<RowData><ProcessDefId>14</ProcessDefId><FieldName>BLOCKED_QY</FieldName><FieldType>STRING</FieldType><FieldLength>50</FieldLength><Attribute></Attribute><VarPrecision>0</VarPrecision><ExtObjId>7</ExtObjId>
	</RowData>
	<RowData><ProcessDefId>14</ProcessDefId><FieldName>CL_VAL_LOC</FieldName><FieldType>STRING</FieldType><FieldLength>50</FieldLength><Attribute></Attribute><VarPrecision>0</VarPrecision><ExtObjId>7</ExtObjId>
	</RowData>
	<RowData><ProcessDefId>14</ProcessDefId><FieldName>CONDITION_1</FieldName><FieldType>STRING</FieldType><FieldLength>50</FieldLength><Attribute></Attribute><VarPrecision>0</VarPrecision><ExtObjId>7</ExtObjId>
	</RowData>
	<RowData><ProcessDefId>14</ProcessDefId><FieldName>CONF_SER</FieldName><FieldType>INTEGER</FieldType><FieldLength>2</FieldLength><Attribute></Attribute><VarPrecision>0</VarPrecision><ExtObjId>7</ExtObjId>
	</RowData>
	<RowData><ProcessDefId>14</ProcessDefId><FieldName>CURRENCY</FieldName><FieldType>STRING</FieldType><FieldLength>50</FieldLength><Attribute></Attribute><VarPrecision>0</VarPrecision><ExtObjId>7</ExtObjId>
	</RowData>
	<RowData><ProcessDefId>14</ProcessDefId><FieldName>CURRENCY_ISO</FieldName><FieldType>STRING</FieldType><FieldLength>50</FieldLength><Attribute></Attribute><VarPrecision>0</VarPrecision><ExtObjId>7</ExtObjId>
	</RowData>
	<RowData><ProcessDefId>14</ProcessDefId><FieldName>DB_CR_IND</FieldName><FieldType>STRING</FieldType><FieldLength>50</FieldLength><Attribute></Attribute><VarPrecision>0</VarPrecision><ExtObjId>7</ExtObjId>
	</RowData>
	<RowData><ProcessDefId>14</ProcessDefId><FieldName>DELIV_QTY</FieldName><FieldType>STRING</FieldType><FieldLength>50</FieldLength><Attribute></Attribute><VarPrecision>0</VarPrecision><ExtObjId>7</ExtObjId>
	</RowData>
	<RowData><ProcessDefId>14</ProcessDefId><FieldName>DELIV_UNIT</FieldName><FieldType>STRING</FieldType><FieldLength>50</FieldLength><Attribute></Attribute><VarPrecision>0</VarPrecision><ExtObjId>7</ExtObjId>
	</RowData>
	<RowData><ProcessDefId>14</ProcessDefId><FieldName>DELIV_UNIT_ISO</FieldName><FieldType>STRING</FieldType><FieldLength>50</FieldLength><Attribute></Attribute><VarPrecision>0</VarPrecision><ExtObjId>7</ExtObjId>
	</RowData>
	<RowData><ProcessDefId>14</ProcessDefId><FieldName>DOC_DATE</FieldName><FieldType>DATE</FieldType><FieldLength>8</FieldLength><Attribute></Attribute><VarPrecision>0</VarPrecision><ExtObjId>7</ExtObjId>
	</RowData>
	<RowData><ProcessDefId>14</ProcessDefId><FieldName>DOC_YEAR</FieldName><FieldType>INTEGER</FieldType><FieldLength>2</FieldLength><Attribute></Attribute><VarPrecision>0</VarPrecision><ExtObjId>7</ExtObjId>
	</RowData>
	<RowData><ProcessDefId>14</ProcessDefId><FieldName>ENTRY_DATE</FieldName><FieldType>DATE</FieldType><FieldLength>8</FieldLength><Attribute></Attribute><VarPrecision>0</VarPrecision><ExtObjId>7</ExtObjId>
	</RowData>
	<RowData><ProcessDefId>14</ProcessDefId><FieldName>ENTRY_TIME</FieldName><FieldType>STRING</FieldType><FieldLength>50</FieldLength><Attribute></Attribute><VarPrecision>0</VarPrecision><ExtObjId>7</ExtObjId>
	</RowData>
	<RowData><ProcessDefId>14</ProcessDefId><FieldName>HIST_TYPE</FieldName><FieldType>STRING</FieldType><FieldLength>50</FieldLength><Attribute></Attribute><VarPrecision>0</VarPrecision><ExtObjId>7</ExtObjId>
	</RowData>
</PMWEXTDBFIELDDEFINITIONTABLE_2>