<PMWEXTMETHODPARAMDEFTABLE>
	<RowData><ProcessDefId>14</ProcessDefId><ExtMethodParamIndex>1</ExtMethodParamIndex><ExtMethodIndex>1</ExtMethodIndex><ParameterName>Param1</ParameterName><ParameterType>10</ParameterType><ParameterOrder>1</ParameterOrder><DataStructureId>0</DataStructureId><ParameterScope></ParameterScope><Unbounded>N</Unbounded>
	</RowData>
	<RowData><ProcessDefId>14</ProcessDefId><ExtMethodParamIndex>2</ExtMethodParamIndex><ExtMethodIndex>1</ExtMethodIndex><ParameterName>Param2</ParameterName><ParameterType>10</ParameterType><ParameterOrder>2</ParameterOrder><DataStructureId>0</DataStructureId><ParameterScope></ParameterScope><Unbounded>N</Unbounded>
	</RowData>
	<RowData><ProcessDefId>14</ProcessDefId><ExtMethodParamIndex>1</ExtMethodParamIndex><ExtMethodIndex>2</ExtMethodIndex><ParameterName>Param1</ParameterName><ParameterType>10</ParameterType><ParameterOrder>1</ParameterOrder><DataStructureId>0</DataStructureId><ParameterScope></ParameterScope><Unbounded>N</Unbounded>
	</RowData>
	<RowData><ProcessDefId>14</ProcessDefId><ExtMethodParamIndex>1</ExtMethodParamIndex><ExtMethodIndex>3</ExtMethodIndex><ParameterName>Param1</ParameterName><ParameterType>10</ParameterType><ParameterOrder>1</ParameterOrder><DataStructureId>0</DataStructureId><ParameterScope></ParameterScope><Unbounded>N</Unbounded>
	</RowData>
	<RowData><ProcessDefId>14</ProcessDefId><ExtMethodParamIndex>1</ExtMethodParamIndex><ExtMethodIndex>4</ExtMethodIndex><ParameterName>Param1</ParameterName><ParameterType>8</ParameterType><ParameterOrder>1</ParameterOrder><DataStructureId>0</DataStructureId><ParameterScope></ParameterScope><Unbounded>N</Unbounded>
	</RowData>
	<RowData><ProcessDefId>14</ProcessDefId><ExtMethodParamIndex>1</ExtMethodParamIndex><ExtMethodIndex>5</ExtMethodIndex><ParameterName>Param1</ParameterName><ParameterType>6</ParameterType><ParameterOrder>1</ParameterOrder><DataStructureId>0</DataStructureId><ParameterScope></ParameterScope><Unbounded>N</Unbounded>
	</RowData>
	<RowData><ProcessDefId>14</ProcessDefId><ExtMethodParamIndex>1</ExtMethodParamIndex><ExtMethodIndex>6</ExtMethodIndex><ParameterName>Param1</ParameterName><ParameterType>4</ParameterType><ParameterOrder>1</ParameterOrder><DataStructureId>0</DataStructureId><ParameterScope></ParameterScope><Unbounded>N</Unbounded>
	</RowData>
	<RowData><ProcessDefId>14</ProcessDefId><ExtMethodParamIndex>1</ExtMethodParamIndex><ExtMethodIndex>7</ExtMethodIndex><ParameterName>Param1</ParameterName><ParameterType>3</ParameterType><ParameterOrder>1</ParameterOrder><DataStructureId>0</DataStructureId><ParameterScope></ParameterScope><Unbounded>N</Unbounded>
	</RowData>
	<RowData><ProcessDefId>14</ProcessDefId><ExtMethodParamIndex>1</ExtMethodParamIndex><ExtMethodIndex>8</ExtMethodIndex><ParameterName>Param1</ParameterName><ParameterType>12</ParameterType><ParameterOrder>1</ParameterOrder><DataStructureId>0</DataStructureId><ParameterScope></ParameterScope><Unbounded>N</Unbounded>
	</RowData>
	<RowData><ProcessDefId>14</ProcessDefId><ExtMethodParamIndex>1</ExtMethodParamIndex><ExtMethodIndex>9</ExtMethodIndex><ParameterName>Param1</ParameterName><ParameterType>10</ParameterType><ParameterOrder>1</ParameterOrder><DataStructureId>0</DataStructureId><ParameterScope></ParameterScope><Unbounded>N</Unbounded>
	</RowData>
	<RowData><ProcessDefId>14</ProcessDefId><ExtMethodParamIndex>1</ExtMethodParamIndex><ExtMethodIndex>10</ExtMethodIndex><ParameterName>Param1</ParameterName><ParameterType>3</ParameterType><ParameterOrder>1</ParameterOrder><DataStructureId>0</DataStructureId><ParameterScope></ParameterScope><Unbounded>N</Unbounded>
	</RowData>
	<RowData><ProcessDefId>14</ProcessDefId><ExtMethodParamIndex>1</ExtMethodParamIndex><ExtMethodIndex>11</ExtMethodIndex><ParameterName>Param1</ParameterName><ParameterType>10</ParameterType><ParameterOrder>1</ParameterOrder><DataStructureId>0</DataStructureId><ParameterScope></ParameterScope><Unbounded>N</Unbounded>
	</RowData>
	<RowData><ProcessDefId>14</ProcessDefId><ExtMethodParamIndex>2</ExtMethodParamIndex><ExtMethodIndex>11</ExtMethodIndex><ParameterName>Param2</ParameterName><ParameterType>10</ParameterType><ParameterOrder>2</ParameterOrder><DataStructureId>0</DataStructureId><ParameterScope></ParameterScope><Unbounded>N</Unbounded>
	</RowData>
	<RowData><ProcessDefId>14</ProcessDefId><ExtMethodParamIndex>1</ExtMethodParamIndex><ExtMethodIndex>12</ExtMethodIndex><ParameterName>Param1</ParameterName><ParameterType>10</ParameterType><ParameterOrder>1</ParameterOrder><DataStructureId>0</DataStructureId><ParameterScope></ParameterScope><Unbounded>N</Unbounded>
	</RowData>
	<RowData><ProcessDefId>14</ProcessDefId><ExtMethodParamIndex>1</ExtMethodParamIndex><ExtMethodIndex>13</ExtMethodIndex><ParameterName>Param1</ParameterName><ParameterType>10</ParameterType><ParameterOrder>1</ParameterOrder><DataStructureId>0</DataStructureId><ParameterScope></ParameterScope><Unbounded>N</Unbounded>
	</RowData>
	<RowData><ProcessDefId>14</ProcessDefId><ExtMethodParamIndex>2</ExtMethodParamIndex><ExtMethodIndex>13</ExtMethodIndex><ParameterName>Param2</ParameterName><ParameterType>3</ParameterType><ParameterOrder>2</ParameterOrder><DataStructureId>0</DataStructureId><ParameterScope></ParameterScope><Unbounded>N</Unbounded>
	</RowData>
	<RowData><ProcessDefId>14</ProcessDefId><ExtMethodParamIndex>3</ExtMethodParamIndex><ExtMethodIndex>13</ExtMethodIndex><ParameterName>Param3</ParameterName><ParameterType>3</ParameterType><ParameterOrder>3</ParameterOrder><DataStructureId>0</DataStructureId><ParameterScope></ParameterScope><Unbounded>N</Unbounded>
	</RowData>
	<RowData><ProcessDefId>14</ProcessDefId><ExtMethodParamIndex>1</ExtMethodParamIndex><ExtMethodIndex>14</ExtMethodIndex><ParameterName>Param1</ParameterName><ParameterType>10</ParameterType><ParameterOrder>1</ParameterOrder><DataStructureId>0</DataStructureId><ParameterScope></ParameterScope><Unbounded>N</Unbounded>
	</RowData>
	<RowData><ProcessDefId>14</ProcessDefId><ExtMethodParamIndex>2</ExtMethodParamIndex><ExtMethodIndex>14</ExtMethodIndex><ParameterName>Param2</ParameterName><ParameterType>10</ParameterType><ParameterOrder>2</ParameterOrder><DataStructureId>0</DataStructureId><ParameterScope></ParameterScope><Unbounded>N</Unbounded>
	</RowData>
	<RowData><ProcessDefId>14</ProcessDefId><ExtMethodParamIndex>1</ExtMethodParamIndex><ExtMethodIndex>15</ExtMethodIndex><ParameterName>Param1</ParameterName><ParameterType>10</ParameterType><ParameterOrder>1</ParameterOrder><DataStructureId>0</DataStructureId><ParameterScope></ParameterScope><Unbounded>N</Unbounded>
	</RowData>
	<RowData><ProcessDefId>14</ProcessDefId><ExtMethodParamIndex>2</ExtMethodParamIndex><ExtMethodIndex>15</ExtMethodIndex><ParameterName>Param2</ParameterName><ParameterType>10</ParameterType><ParameterOrder>2</ParameterOrder><DataStructureId>0</DataStructureId><ParameterScope></ParameterScope><Unbounded>N</Unbounded>
	</RowData>
	<RowData><ProcessDefId>14</ProcessDefId><ExtMethodParamIndex>1</ExtMethodParamIndex><ExtMethodIndex>16</ExtMethodIndex><ParameterName>Param1</ParameterName><ParameterType>10</ParameterType><ParameterOrder>1</ParameterOrder><DataStructureId>0</DataStructureId><ParameterScope></ParameterScope><Unbounded>N</Unbounded>
	</RowData>
	<RowData><ProcessDefId>14</ProcessDefId><ExtMethodParamIndex>2</ExtMethodParamIndex><ExtMethodIndex>16</ExtMethodIndex><ParameterName>Param2</ParameterName><ParameterType>10</ParameterType><ParameterOrder>2</ParameterOrder><DataStructureId>0</DataStructureId><ParameterScope></ParameterScope><Unbounded>N</Unbounded>
	</RowData>
	<RowData><ProcessDefId>14</ProcessDefId><ExtMethodParamIndex>3</ExtMethodParamIndex><ExtMethodIndex>16</ExtMethodIndex><ParameterName>Param3</ParameterName><ParameterType>10</ParameterType><ParameterOrder>3</ParameterOrder><DataStructureId>0</DataStructureId><ParameterScope></ParameterScope><Unbounded>N</Unbounded>
	</RowData>
	<RowData><ProcessDefId>14</ProcessDefId><ExtMethodParamIndex>1</ExtMethodParamIndex><ExtMethodIndex>17</ExtMethodIndex><ParameterName>Param1</ParameterName><ParameterType>10</ParameterType><ParameterOrder>1</ParameterOrder><DataStructureId>0</DataStructureId><ParameterScope></ParameterScope><Unbounded>N</Unbounded>
	</RowData>
	<RowData><ProcessDefId>14</ProcessDefId><ExtMethodParamIndex>2</ExtMethodParamIndex><ExtMethodIndex>17</ExtMethodIndex><ParameterName>Param2</ParameterName><ParameterType>10</ParameterType><ParameterOrder>2</ParameterOrder><DataStructureId>0</DataStructureId><ParameterScope></ParameterScope><Unbounded>N</Unbounded>
	</RowData>
	<RowData><ProcessDefId>14</ProcessDefId><ExtMethodParamIndex>1</ExtMethodParamIndex><ExtMethodIndex>18</ExtMethodIndex><ParameterName>Param1</ParameterName><ParameterType>10</ParameterType><ParameterOrder>1</ParameterOrder><DataStructureId>0</DataStructureId><ParameterScope></ParameterScope><Unbounded>N</Unbounded>
	</RowData>
	<RowData><ProcessDefId>14</ProcessDefId><ExtMethodParamIndex>1</ExtMethodParamIndex><ExtMethodIndex>19</ExtMethodIndex><ParameterName>Param1</ParameterName><ParameterType>6</ParameterType><ParameterOrder>1</ParameterOrder><DataStructureId>0</DataStructureId><ParameterScope></ParameterScope><Unbounded>N</Unbounded>
	</RowData>
	<RowData><ProcessDefId>14</ProcessDefId><ExtMethodParamIndex>1</ExtMethodParamIndex><ExtMethodIndex>20</ExtMethodIndex><ParameterName>Param1</ParameterName><ParameterType>4</ParameterType><ParameterOrder>1</ParameterOrder><DataStructureId>0</DataStructureId><ParameterScope></ParameterScope><Unbounded>N</Unbounded>
	</RowData>
	<RowData><ProcessDefId>14</ProcessDefId><ExtMethodParamIndex>1</ExtMethodParamIndex><ExtMethodIndex>21</ExtMethodIndex><ParameterName>Param1</ParameterName><ParameterType>3</ParameterType><ParameterOrder>1</ParameterOrder><DataStructureId>0</DataStructureId><ParameterScope></ParameterScope><Unbounded>N</Unbounded>
	</RowData>
	<RowData><ProcessDefId>14</ProcessDefId><ExtMethodParamIndex>1</ExtMethodParamIndex><ExtMethodIndex>22</ExtMethodIndex><ParameterName>Param1</ParameterName><ParameterType>12</ParameterType><ParameterOrder>1</ParameterOrder><DataStructureId>0</DataStructureId><ParameterScope></ParameterScope><Unbounded>N</Unbounded>
	</RowData>
	<RowData><ProcessDefId>14</ProcessDefId><ExtMethodParamIndex>1</ExtMethodParamIndex><ExtMethodIndex>23</ExtMethodIndex><ParameterName>Param1</ParameterName><ParameterType>6</ParameterType><ParameterOrder>1</ParameterOrder><DataStructureId>0</DataStructureId><ParameterScope></ParameterScope><Unbounded>N</Unbounded>
	</RowData>
	<RowData><ProcessDefId>14</ProcessDefId><ExtMethodParamIndex>1</ExtMethodParamIndex><ExtMethodIndex>24</ExtMethodIndex><ParameterName>Param1</ParameterName><ParameterType>6</ParameterType><ParameterOrder>1</ParameterOrder><DataStructureId>0</DataStructureId><ParameterScope></ParameterScope><Unbounded>N</Unbounded>
	</RowData>
	<RowData><ProcessDefId>14</ProcessDefId><ExtMethodParamIndex>1</ExtMethodParamIndex><ExtMethodIndex>25</ExtMethodIndex><ParameterName>Param1</ParameterName><ParameterType>6</ParameterType><ParameterOrder>1</ParameterOrder><DataStructureId>0</DataStructureId><ParameterScope></ParameterScope><Unbounded>N</Unbounded>
	</RowData>
	<RowData><ProcessDefId>14</ProcessDefId><ExtMethodParamIndex>1</ExtMethodParamIndex><ExtMethodIndex>29</ExtMethodIndex><ParameterName>Param1</ParameterName><ParameterType>8</ParameterType><ParameterOrder>1</ParameterOrder><DataStructureId>0</DataStructureId><ParameterScope></ParameterScope><Unbounded>N</Unbounded>
	</RowData>
	<RowData><ProcessDefId>14</ProcessDefId><ExtMethodParamIndex>1</ExtMethodParamIndex><ExtMethodIndex>30</ExtMethodIndex><ParameterName>Param1</ParameterName><ParameterType>8</ParameterType><ParameterOrder>1</ParameterOrder><DataStructureId>0</DataStructureId><ParameterScope></ParameterScope><Unbounded>N</Unbounded>
	</RowData>
	<RowData><ProcessDefId>14</ProcessDefId><ExtMethodParamIndex>1</ExtMethodParamIndex><ExtMethodIndex>31</ExtMethodIndex><ParameterName>Param1</ParameterName><ParameterType>6</ParameterType><ParameterOrder>1</ParameterOrder><DataStructureId>0</DataStructureId><ParameterScope></ParameterScope><Unbounded>N</Unbounded>
	</RowData>
	<RowData><ProcessDefId>14</ProcessDefId><ExtMethodParamIndex>1</ExtMethodParamIndex><ExtMethodIndex>32</ExtMethodIndex><ParameterName>Param1</ParameterName><ParameterType>3</ParameterType><ParameterOrder>1</ParameterOrder><DataStructureId>0</DataStructureId><ParameterScope></ParameterScope><Unbounded>Y</Unbounded>
	</RowData>
	<RowData><ProcessDefId>14</ProcessDefId><ExtMethodParamIndex>2</ExtMethodParamIndex><ExtMethodIndex>32</ExtMethodIndex><ParameterName>Param2</ParameterName><ParameterType>3</ParameterType><ParameterOrder>2</ParameterOrder><DataStructureId>0</DataStructureId><ParameterScope></ParameterScope><Unbounded>N</Unbounded>
	</RowData>
	<RowData><ProcessDefId>14</ProcessDefId><ExtMethodParamIndex>1</ExtMethodParamIndex><ExtMethodIndex>33</ExtMethodIndex><ParameterName>Param1</ParameterName><ParameterType>3</ParameterType><ParameterOrder>1</ParameterOrder><DataStructureId>0</DataStructureId><ParameterScope></ParameterScope><Unbounded>Y</Unbounded>
	</RowData>
	<RowData><ProcessDefId>14</ProcessDefId><ExtMethodParamIndex>2</ExtMethodParamIndex><ExtMethodIndex>33</ExtMethodIndex><ParameterName>Param2</ParameterName><ParameterType>3</ParameterType><ParameterOrder>2</ParameterOrder><DataStructureId>0</DataStructureId><ParameterScope></ParameterScope><Unbounded>N</Unbounded>
	</RowData>
	<RowData><ProcessDefId>14</ProcessDefId><ExtMethodParamIndex>3</ExtMethodParamIndex><ExtMethodIndex>33</ExtMethodIndex><ParameterName>Param3</ParameterName><ParameterType>3</ParameterType><ParameterOrder>3</ParameterOrder><DataStructureId>0</DataStructureId><ParameterScope></ParameterScope><Unbounded>N</Unbounded>
	</RowData>
</PMWEXTMETHODPARAMDEFTABLE>