<PMWProviderTable>
	<RowData><Type>1</Type><TypeId>677</TypeId><ProcessDefId>14</ProcessDefId><ProviderOrderId>1</ProviderOrderId><ProviderName></ProviderName>
	</RowData>
	<RowData><Type>3</Type><TypeId>1</TypeId><ProcessDefId>14</ProcessDefId><ProviderOrderId>1</ProviderOrderId><ProviderName></ProviderName>
	</RowData>
	<RowData><Type>3</Type><TypeId>2</TypeId><ProcessDefId>14</ProcessDefId><ProviderOrderId>1</ProviderOrderId><ProviderName></ProviderName>
	</RowData>
	<RowData><Type>3</Type><TypeId>3</TypeId><ProcessDefId>14</ProcessDefId><ProviderOrderId>1</ProviderOrderId><ProviderName></ProviderName>
	</RowData>
	<RowData><Type>3</Type><TypeId>16</TypeId><ProcessDefId>14</ProcessDefId><ProviderOrderId>1</ProviderOrderId><ProviderName></ProviderName>
	</RowData>
	<RowData><Type>3</Type><TypeId>17</TypeId><ProcessDefId>14</ProcessDefId><ProviderOrderId>1</ProviderOrderId><ProviderName></ProviderName>
	</RowData>
	<RowData><Type>3</Type><TypeId>23</TypeId><ProcessDefId>14</ProcessDefId><ProviderOrderId>1</ProviderOrderId><ProviderName></ProviderName>
	</RowData>
	<RowData><Type>3</Type><TypeId>24</TypeId><ProcessDefId>14</ProcessDefId><ProviderOrderId>1</ProviderOrderId><ProviderName></ProviderName>
	</RowData>
	<RowData><Type>3</Type><TypeId>25</TypeId><ProcessDefId>14</ProcessDefId><ProviderOrderId>1</ProviderOrderId><ProviderName></ProviderName>
	</RowData>
	<RowData><Type>3</Type><TypeId>26</TypeId><ProcessDefId>14</ProcessDefId><ProviderOrderId>1</ProviderOrderId><ProviderName></ProviderName>
	</RowData>
	<RowData><Type>3</Type><TypeId>27</TypeId><ProcessDefId>14</ProcessDefId><ProviderOrderId>1</ProviderOrderId><ProviderName></ProviderName>
	</RowData>
	<RowData><Type>3</Type><TypeId>28</TypeId><ProcessDefId>14</ProcessDefId><ProviderOrderId>1</ProviderOrderId><ProviderName></ProviderName>
	</RowData>
	<RowData><Type>3</Type><TypeId>29</TypeId><ProcessDefId>14</ProcessDefId><ProviderOrderId>1</ProviderOrderId><ProviderName></ProviderName>
	</RowData>
	<RowData><Type>3</Type><TypeId>31</TypeId><ProcessDefId>14</ProcessDefId><ProviderOrderId>1</ProviderOrderId><ProviderName></ProviderName>
	</RowData>
</PMWProviderTable>