<PMWQUEUEDEFTABLE>
	<RowData><ProcessDefId>14</ProcessDefId><QueueId>-105</QueueId>
		<QueueName>ServiceProcess_Exit</QueueName>
		<QueueType>N</QueueType>
		<Comments>Process Modeler generated Default Queue</Comments>
		<AllowReassignment>N</AllowReassignment>
		<FilterOption>1</FilterOption>
		<OrderBy>2</OrderBy>
		
		<RefreshInterval>0</RefreshInterval>
		<SortOrder>A</SortOrder>
		
	</RowData>
	<RowData><ProcessDefId>14</ProcessDefId><QueueId>-106</QueueId>
		<QueueName>ServiceProcess_Service Post</QueueName>
		<QueueType>N</QueueType>
		<Comments>Process Modeler generated Default Queue</Comments>
		<AllowReassignment>N</AllowReassignment>
		<FilterOption>1</FilterOption>
		<OrderBy>2</OrderBy>
		
		<RefreshInterval>0</RefreshInterval>
		<SortOrder>A</SortOrder>
		
	</RowData>
	<RowData><ProcessDefId>14</ProcessDefId><QueueId>-107</QueueId>
		<QueueName>ServiceProcess_Service Park</QueueName>
		<QueueType>N</QueueType>
		<Comments>Process Modeler generated Default Queue</Comments>
		<AllowReassignment>N</AllowReassignment>
		<FilterOption>1</FilterOption>
		<OrderBy>2</OrderBy>
		
		<RefreshInterval>0</RefreshInterval>
		<SortOrder>A</SortOrder>
		
	</RowData>
	<RowData><ProcessDefId>14</ProcessDefId><QueueId>-109</QueueId>
		<QueueName>ServiceProcess_ServiceUpload</QueueName>
		<QueueType>I</QueueType>
		<Comments>Process Modeler generated Default Queue for Start Activity</Comments>
		<AllowReassignment>N</AllowReassignment>
		
		<OrderBy>10</OrderBy>
		
		<RefreshInterval>0</RefreshInterval>
		<SortOrder>A</SortOrder>
		
	</RowData>
	<RowData><ProcessDefId>14</ProcessDefId><QueueId>-110</QueueId>
		<QueueName>ServiceProcess_Service Introduction</QueueName>
		<QueueType>N</QueueType>
		<Comments>Process Modeler generated Default Swimlane Queue</Comments>
		<AllowReassignment>N</AllowReassignment>
		<FilterOption>1</FilterOption>
		<OrderBy>2</OrderBy>
		
		<RefreshInterval>0</RefreshInterval>
		<SortOrder>A</SortOrder>
		
	</RowData>
	<RowData><ProcessDefId>14</ProcessDefId><QueueId>-112</QueueId>
		<QueueName>ServiceProcess_Post</QueueName>
		<QueueType>N</QueueType>
		<Comments>Process Modeler generated Default Queue</Comments>
		<AllowReassignment>N</AllowReassignment>
		<FilterOption>1</FilterOption>
		<OrderBy>2</OrderBy>
		
		<RefreshInterval>0</RefreshInterval>
		<SortOrder>A</SortOrder>
		
	</RowData>
	<RowData><ProcessDefId>14</ProcessDefId><QueueId>-113</QueueId>
		<QueueName>ServiceProcess_Park</QueueName>
		<QueueType>N</QueueType>
		<Comments>Process Modeler generated Default Queue</Comments>
		<AllowReassignment>N</AllowReassignment>
		<FilterOption>1</FilterOption>
		<OrderBy>2</OrderBy>
		
		<RefreshInterval>0</RefreshInterval>
		<SortOrder>A</SortOrder>
		
	</RowData>
	<RowData><ProcessDefId>14</ProcessDefId><QueueId>-130</QueueId>
		<QueueName>ServiceProcess_ParkingException</QueueName>
		<QueueType>N</QueueType>
		<Comments>Process Modeler generated Default Queue</Comments>
		<AllowReassignment>N</AllowReassignment>
		<FilterOption>1</FilterOption>
		<OrderBy>2</OrderBy>
		
		<RefreshInterval>0</RefreshInterval>
		<SortOrder>A</SortOrder>
		
	</RowData>
	<RowData><ProcessDefId>14</ProcessDefId><QueueId>-131</QueueId>
		<QueueName>ServiceProcess_PostingException</QueueName>
		<QueueType>N</QueueType>
		<Comments>Process Modeler generated Default Queue</Comments>
		<AllowReassignment>N</AllowReassignment>
		<FilterOption>1</FilterOption>
		<OrderBy>2</OrderBy>
		
		<RefreshInterval>0</RefreshInterval>
		<SortOrder>A</SortOrder>
		
	</RowData>
	<RowData><ProcessDefId>14</ProcessDefId><QueueId>-132</QueueId>
		<QueueName>ServiceProcess_SchedulerPosting</QueueName>
		<QueueType>N</QueueType>
		<Comments>Process Modeler generated Default Queue</Comments>
		<AllowReassignment>N</AllowReassignment>
		<FilterOption>1</FilterOption>
		<OrderBy>2</OrderBy>
		
		<RefreshInterval>0</RefreshInterval>
		<SortOrder>A</SortOrder>
		
	</RowData>
	<RowData><ProcessDefId>14</ProcessDefId><QueueId>-138</QueueId>
		<QueueName>ServiceProcess_Query_28</QueueName>
		<QueueType>Q</QueueType>
		<Comments>Process Modeler generated Default Queue For Query_28</Comments>
		<AllowReassignment>N</AllowReassignment>
		
		<OrderBy>10</OrderBy>
		
		<RefreshInterval>0</RefreshInterval>
		<SortOrder>A</SortOrder>
		
	</RowData>
</PMWQUEUEDEFTABLE>