<PMWQUEUESTREAMTABLE>
	<RowData><ProcessDefId>14</ProcessDefId>
		<ActivityID>1</ActivityID>
		<StreamId>1</StreamId><QueueId>-109</QueueId>
	</RowData>
	<RowData><ProcessDefId>14</ProcessDefId>
		<ActivityID>2</ActivityID>
		<StreamId>1</StreamId><QueueId>-113</QueueId>
	</RowData>
	<RowData><ProcessDefId>14</ProcessDefId>
		<ActivityID>3</ActivityID>
		<StreamId>1</StreamId><QueueId>-112</QueueId>
	</RowData>
	<RowData><ProcessDefId>14</ProcessDefId>
		<ActivityID>16</ActivityID>
		<StreamId>1</StreamId><QueueId>-105</QueueId>
	</RowData>
	<RowData><ProcessDefId>14</ProcessDefId>
		<ActivityID>23</ActivityID>
		<StreamId>1</StreamId><QueueId>-130</QueueId>
	</RowData>
	<RowData><ProcessDefId>14</ProcessDefId>
		<ActivityID>25</ActivityID>
		<StreamId>1</StreamId><QueueId>-132</QueueId>
	</RowData>
	<RowData><ProcessDefId>14</ProcessDefId>
		<ActivityID>27</ActivityID>
		<StreamId>1</StreamId><QueueId>-131</QueueId>
	</RowData>
	<RowData><ProcessDefId>14</ProcessDefId>
		<ActivityID>28</ActivityID>
		<StreamId>1</StreamId><QueueId>-138</QueueId>
	</RowData>
</PMWQUEUESTREAMTABLE>