<PMWRuleConditionTable>
	<RowData><ProcessDefId>14</ProcessDefId><ActivityId>29</ActivityId><RuleType>X</RuleType><RuleOrderId>1</RuleOrderId><RuleId>1</RuleId><ConditionOrderId>1</ConditionOrderId><Param1>initiator_decision</Param1><Type1>I</Type1><ExtObjID1>1</ExtObjID1><VariableId_1>127</VariableId_1><VarFieldId_1>0</VarFieldId_1><Param2>Approve</Param2><Type2>C</Type2><ExtObjID2>0</ExtObjID2><VariableId_2>0</VariableId_2><VarFieldId_2>0</VarFieldId_2><Operator>3</Operator><LogicalOp>3</LogicalOp>
	</RowData>
	<RowData><ProcessDefId>14</ProcessDefId><ActivityId>29</ActivityId><RuleType>X</RuleType><RuleOrderId>2</RuleOrderId><RuleId>2</RuleId><ConditionOrderId>1</ConditionOrderId><Param1>initiator_decision</Param1><Type1>I</Type1><ExtObjID1>1</ExtObjID1><VariableId_1>127</VariableId_1><VarFieldId_1>0</VarFieldId_1><Param2>Discard</Param2><Type2>C</Type2><ExtObjID2>0</ExtObjID2><VariableId_2>0</VariableId_2><VarFieldId_2>0</VarFieldId_2><Operator>3</Operator><LogicalOp>3</LogicalOp>
	</RowData>
	<RowData><ProcessDefId>14</ProcessDefId><ActivityId>29</ActivityId><RuleType>X</RuleType><RuleOrderId>3</RuleOrderId><RuleId>3</RuleId><ConditionOrderId>1</ConditionOrderId><Param1>Otherwise</Param1><Type1>S</Type1><ExtObjID1>0</ExtObjID1><VariableId_1>0</VariableId_1><VarFieldId_1>0</VarFieldId_1><Param2>Otherwise</Param2><Type2>S</Type2><ExtObjID2>0</ExtObjID2><VariableId_2>0</VariableId_2><VarFieldId_2>0</VarFieldId_2><Operator>4</Operator><LogicalOp>5</LogicalOp>
	</RowData>
	<RowData><ProcessDefId>14</ProcessDefId><ActivityId>17</ActivityId><RuleType>X</RuleType><RuleOrderId>1</RuleOrderId><RuleId>1</RuleId><ConditionOrderId>1</ConditionOrderId><Param1>finance_decision</Param1><Type1>I</Type1><ExtObjID1>1</ExtObjID1><VariableId_1>93</VariableId_1><VarFieldId_1>0</VarFieldId_1><Param2>Posted</Param2><Type2>C</Type2><ExtObjID2>0</ExtObjID2><VariableId_2>0</VariableId_2><VarFieldId_2>0</VarFieldId_2><Operator>3</Operator><LogicalOp>3</LogicalOp>
	</RowData>
	<RowData><ProcessDefId>14</ProcessDefId><ActivityId>17</ActivityId><RuleType>X</RuleType><RuleOrderId>2</RuleOrderId><RuleId>2</RuleId><ConditionOrderId>1</ConditionOrderId><Param1>finance_decision</Param1><Type1>I</Type1><ExtObjID1>1</ExtObjID1><VariableId_1>93</VariableId_1><VarFieldId_1>0</VarFieldId_1><Param2>Discard</Param2><Type2>C</Type2><ExtObjID2>0</ExtObjID2><VariableId_2>0</VariableId_2><VarFieldId_2>0</VarFieldId_2><Operator>3</Operator><LogicalOp>3</LogicalOp>
	</RowData>
	<RowData><ProcessDefId>14</ProcessDefId><ActivityId>17</ActivityId><RuleType>X</RuleType><RuleOrderId>3</RuleOrderId><RuleId>3</RuleId><ConditionOrderId>1</ConditionOrderId><Param1>Otherwise</Param1><Type1>S</Type1><ExtObjID1>0</ExtObjID1><VariableId_1>0</VariableId_1><VarFieldId_1>0</VarFieldId_1><Param2>Otherwise</Param2><Type2>S</Type2><ExtObjID2>0</ExtObjID2><VariableId_2>0</VariableId_2><VarFieldId_2>0</VarFieldId_2><Operator>5</Operator><LogicalOp>5</LogicalOp>
	</RowData>
	<RowData><ProcessDefId>14</ProcessDefId><ActivityId>23</ActivityId><RuleType>S</RuleType><RuleOrderId>1</RuleOrderId><RuleId>1</RuleId><ConditionOrderId>1</ConditionOrderId><Param1>ALWAYS</Param1><Type1>S</Type1><ExtObjID1>0</ExtObjID1><VariableId_1>0</VariableId_1><VarFieldId_1>0</VarFieldId_1><Param2>ALWAYS</Param2><Type2>S</Type2><ExtObjID2>0</ExtObjID2><VariableId_2>0</VariableId_2><VarFieldId_2>0</VarFieldId_2><Operator>4</Operator><LogicalOp>4</LogicalOp>
	</RowData>
	<RowData><ProcessDefId>14</ProcessDefId><ActivityId>28</ActivityId><RuleType>S</RuleType><RuleOrderId>1</RuleOrderId><RuleId>1</RuleId><ConditionOrderId>1</ConditionOrderId><Param1>ALWAYS</Param1><Type1>S</Type1><ExtObjID1>0</ExtObjID1><VariableId_1>0</VariableId_1><VarFieldId_1>0</VarFieldId_1><Param2>ALWAYS</Param2><Type2>S</Type2><ExtObjID2>0</ExtObjID2><VariableId_2>0</VariableId_2><VarFieldId_2>0</VarFieldId_2><Operator>4</Operator><LogicalOp>4</LogicalOp>
	</RowData>
	<RowData><ProcessDefId>14</ProcessDefId><ActivityId>27</ActivityId><RuleType>S</RuleType><RuleOrderId>1</RuleOrderId><RuleId>1</RuleId><ConditionOrderId>1</ConditionOrderId><Param1>ALWAYS</Param1><Type1>S</Type1><ExtObjID1>0</ExtObjID1><VariableId_1>0</VariableId_1><VarFieldId_1>0</VarFieldId_1><Param2>ALWAYS</Param2><Type2>S</Type2><ExtObjID2>0</ExtObjID2><VariableId_2>0</VariableId_2><VarFieldId_2>0</VarFieldId_2><Operator>4</Operator><LogicalOp>4</LogicalOp>
	</RowData>
	<RowData><ProcessDefId>14</ProcessDefId><ActivityId>24</ActivityId><RuleType>X</RuleType><RuleOrderId>1</RuleOrderId><RuleId>1</RuleId><ConditionOrderId>1</ConditionOrderId><Param1>parkingSyncStatus</Param1><Type1>I</Type1><ExtObjID1>1</ExtObjID1><VariableId_1>101</VariableId_1><VarFieldId_1>0</VarFieldId_1><Param2>Success</Param2><Type2>C</Type2><ExtObjID2>0</ExtObjID2><VariableId_2>0</VariableId_2><VarFieldId_2>0</VarFieldId_2><Operator>3</Operator><LogicalOp>3</LogicalOp>
	</RowData>
	<RowData><ProcessDefId>14</ProcessDefId><ActivityId>24</ActivityId><RuleType>X</RuleType><RuleOrderId>2</RuleOrderId><RuleId>2</RuleId><ConditionOrderId>1</ConditionOrderId><Param1>parkingSyncStatus</Param1><Type1>I</Type1><ExtObjID1>1</ExtObjID1><VariableId_1>101</VariableId_1><VarFieldId_1>0</VarFieldId_1><Param2>Failure</Param2><Type2>C</Type2><ExtObjID2>0</ExtObjID2><VariableId_2>0</VariableId_2><VarFieldId_2>0</VarFieldId_2><Operator>3</Operator><LogicalOp>3</LogicalOp>
	</RowData>
	<RowData><ProcessDefId>14</ProcessDefId><ActivityId>24</ActivityId><RuleType>X</RuleType><RuleOrderId>3</RuleOrderId><RuleId>3</RuleId><ConditionOrderId>1</ConditionOrderId><Param1>Otherwise</Param1><Type1>S</Type1><ExtObjID1>0</ExtObjID1><VariableId_1>0</VariableId_1><VarFieldId_1>0</VarFieldId_1><Param2>Otherwise</Param2><Type2>S</Type2><ExtObjID2>0</ExtObjID2><VariableId_2>0</VariableId_2><VarFieldId_2>0</VarFieldId_2><Operator>5</Operator><LogicalOp>5</LogicalOp>
	</RowData>
	<RowData><ProcessDefId>14</ProcessDefId><ActivityId>16</ActivityId><RuleType>S</RuleType><RuleOrderId>1</RuleOrderId><RuleId>1</RuleId><ConditionOrderId>1</ConditionOrderId><Param1>ALWAYS</Param1><Type1>S</Type1><ExtObjID1>0</ExtObjID1><VariableId_1>0</VariableId_1><VarFieldId_1>0</VarFieldId_1><Param2>ALWAYS</Param2><Type2>S</Type2><ExtObjID2>0</ExtObjID2><VariableId_2>0</VariableId_2><VarFieldId_2>0</VarFieldId_2><Operator>4</Operator><LogicalOp>4</LogicalOp>
	</RowData>
	<RowData><ProcessDefId>14</ProcessDefId><ActivityId>2</ActivityId><RuleType>S</RuleType><RuleOrderId>1</RuleOrderId><RuleId>1</RuleId><ConditionOrderId>1</ConditionOrderId><Param1>ALWAYS</Param1><Type1>S</Type1><ExtObjID1>0</ExtObjID1><VariableId_1>0</VariableId_1><VarFieldId_1>0</VarFieldId_1><Param2>ALWAYS</Param2><Type2>S</Type2><ExtObjID2>0</ExtObjID2><VariableId_2>0</VariableId_2><VarFieldId_2>0</VarFieldId_2><Operator>4</Operator><LogicalOp>4</LogicalOp>
	</RowData>
	<RowData><ProcessDefId>14</ProcessDefId><ActivityId>26</ActivityId><RuleType>X</RuleType><RuleOrderId>2</RuleOrderId><RuleId>2</RuleId><ConditionOrderId>1</ConditionOrderId><Param1>postingSyncStatus</Param1><Type1>I</Type1><ExtObjID1>1</ExtObjID1><VariableId_1>114</VariableId_1><VarFieldId_1>0</VarFieldId_1><Param2>Failure</Param2><Type2>C</Type2><ExtObjID2>0</ExtObjID2><VariableId_2>0</VariableId_2><VarFieldId_2>0</VarFieldId_2><Operator>3</Operator><LogicalOp>3</LogicalOp>
	</RowData>
	<RowData><ProcessDefId>14</ProcessDefId><ActivityId>26</ActivityId><RuleType>X</RuleType><RuleOrderId>3</RuleOrderId><RuleId>3</RuleId><ConditionOrderId>1</ConditionOrderId><Param1>Otherwise</Param1><Type1>S</Type1><ExtObjID1>0</ExtObjID1><VariableId_1>0</VariableId_1><VarFieldId_1>0</VarFieldId_1><Param2>Otherwise</Param2><Type2>S</Type2><ExtObjID2>0</ExtObjID2><VariableId_2>0</VariableId_2><VarFieldId_2>0</VarFieldId_2><Operator>5</Operator><LogicalOp>5</LogicalOp>
	</RowData>
	<RowData><ProcessDefId>14</ProcessDefId><ActivityId>26</ActivityId><RuleType>X</RuleType><RuleOrderId>1</RuleOrderId><RuleId>1</RuleId><ConditionOrderId>1</ConditionOrderId><Param1>postingSyncStatus</Param1><Type1>I</Type1><ExtObjID1>1</ExtObjID1><VariableId_1>114</VariableId_1><VarFieldId_1>0</VarFieldId_1><Param2>Success</Param2><Type2>C</Type2><ExtObjID2>0</ExtObjID2><VariableId_2>0</VariableId_2><VarFieldId_2>0</VarFieldId_2><Operator>3</Operator><LogicalOp>3</LogicalOp>
	</RowData>
	<RowData><ProcessDefId>14</ProcessDefId><ActivityId>25</ActivityId><RuleType>S</RuleType><RuleOrderId>1</RuleOrderId><RuleId>1</RuleId><ConditionOrderId>1</ConditionOrderId><Param1>ALWAYS</Param1><Type1>S</Type1><ExtObjID1>0</ExtObjID1><VariableId_1>0</VariableId_1><VarFieldId_1>0</VarFieldId_1><Param2>ALWAYS</Param2><Type2>S</Type2><ExtObjID2>0</ExtObjID2><VariableId_2>0</VariableId_2><VarFieldId_2>0</VarFieldId_2><Operator>4</Operator><LogicalOp>4</LogicalOp>
	</RowData>
	<RowData><ProcessDefId>14</ProcessDefId><ActivityId>1</ActivityId><RuleType>S</RuleType><RuleOrderId>1</RuleOrderId><RuleId>1</RuleId><ConditionOrderId>1</ConditionOrderId><Param1>ALWAYS</Param1><Type1>S</Type1><ExtObjID1>0</ExtObjID1><VariableId_1>0</VariableId_1><VarFieldId_1>0</VarFieldId_1><Param2>ALWAYS</Param2><Type2>S</Type2><ExtObjID2>0</ExtObjID2><VariableId_2>0</VariableId_2><VarFieldId_2>0</VarFieldId_2><Operator>4</Operator><LogicalOp>4</LogicalOp>
	</RowData>
	<RowData><ProcessDefId>14</ProcessDefId><ActivityId>3</ActivityId><RuleType>S</RuleType><RuleOrderId>1</RuleOrderId><RuleId>1</RuleId><ConditionOrderId>1</ConditionOrderId><Param1>ALWAYS</Param1><Type1>S</Type1><ExtObjID1>0</ExtObjID1><VariableId_1>0</VariableId_1><VarFieldId_1>0</VarFieldId_1><Param2>ALWAYS</Param2><Type2>S</Type2><ExtObjID2>0</ExtObjID2><VariableId_2>0</VariableId_2><VarFieldId_2>0</VarFieldId_2><Operator>4</Operator><LogicalOp>4</LogicalOp>
	</RowData>
	<RowData><ProcessDefId>14</ProcessDefId><ActivityId>31</ActivityId><RuleType>X</RuleType><RuleOrderId>1</RuleOrderId><RuleId>1</RuleId><ConditionOrderId>1</ConditionOrderId><Param1>ParkingException_decision</Param1><Type1>I</Type1><ExtObjID1>1</ExtObjID1><VariableId_1>128</VariableId_1><VarFieldId_1>0</VarFieldId_1><Param2>Send for posting</Param2><Type2>C</Type2><ExtObjID2>0</ExtObjID2><VariableId_2>0</VariableId_2><VarFieldId_2>0</VarFieldId_2><Operator>3</Operator><LogicalOp>3</LogicalOp>
	</RowData>
	<RowData><ProcessDefId>14</ProcessDefId><ActivityId>31</ActivityId><RuleType>X</RuleType><RuleOrderId>2</RuleOrderId><RuleId>2</RuleId><ConditionOrderId>1</ConditionOrderId><Param1>ParkingException_decision</Param1><Type1>I</Type1><ExtObjID1>1</ExtObjID1><VariableId_1>128</VariableId_1><VarFieldId_1>0</VarFieldId_1><Param2>Send for parking</Param2><Type2>C</Type2><ExtObjID2>0</ExtObjID2><VariableId_2>0</VariableId_2><VarFieldId_2>0</VarFieldId_2><Operator>3</Operator><LogicalOp>3</LogicalOp>
	</RowData>
	<RowData><ProcessDefId>14</ProcessDefId><ActivityId>31</ActivityId><RuleType>X</RuleType><RuleOrderId>3</RuleOrderId><RuleId>3</RuleId><ConditionOrderId>1</ConditionOrderId><Param1>ParkingException_decision</Param1><Type1>I</Type1><ExtObjID1>1</ExtObjID1><VariableId_1>128</VariableId_1><VarFieldId_1>0</VarFieldId_1><Param2>Discard</Param2><Type2>C</Type2><ExtObjID2>0</ExtObjID2><VariableId_2>0</VariableId_2><VarFieldId_2>0</VarFieldId_2><Operator>3</Operator><LogicalOp>3</LogicalOp>
	</RowData>
	<RowData><ProcessDefId>14</ProcessDefId><ActivityId>31</ActivityId><RuleType>X</RuleType><RuleOrderId>4</RuleOrderId><RuleId>4</RuleId><ConditionOrderId>1</ConditionOrderId><Param1>Otherwise</Param1><Type1>S</Type1><ExtObjID1>0</ExtObjID1><VariableId_1>0</VariableId_1><VarFieldId_1>0</VarFieldId_1><Param2>Otherwise</Param2><Type2>S</Type2><ExtObjID2>0</ExtObjID2><VariableId_2>0</VariableId_2><VarFieldId_2>0</VarFieldId_2><Operator>5</Operator><LogicalOp>5</LogicalOp>
	</RowData>
</PMWRuleConditionTable>