<PMWSTREAMDEFTABLE>
	<RowData><ProcessDefId>14</ProcessDefId><StreamId>1</StreamId><ActivityId>1</ActivityId><StreamName>Default</StreamName><SortType>A</SortType><SortOn>PriorityLevel</SortOn><StreamCondition>ALWAYS</StreamCondition>
	</RowData>
	<RowData><ProcessDefId>14</ProcessDefId><StreamId>1</StreamId><ActivityId>2</ActivityId><StreamName>Default</StreamName><SortType>A</SortType><SortOn>PriorityLevel</SortOn><StreamCondition>ALWAYS</StreamCondition>
	</RowData>
	<RowData><ProcessDefId>14</ProcessDefId><StreamId>1</StreamId><ActivityId>3</ActivityId><StreamName>Default</StreamName><SortType>A</SortType><SortOn>PriorityLevel</SortOn><StreamCondition>ALWAYS</StreamCondition>
	</RowData>
	<RowData><ProcessDefId>14</ProcessDefId><StreamId>1</StreamId><ActivityId>16</ActivityId><StreamName>Default</StreamName><SortType>A</SortType><SortOn>PriorityLevel</SortOn><StreamCondition>ALWAYS</StreamCondition>
	</RowData>
	<RowData><ProcessDefId>14</ProcessDefId><StreamId>1</StreamId><ActivityId>23</ActivityId><StreamName>Default</StreamName><SortType>A</SortType><SortOn>PriorityLevel</SortOn><StreamCondition>ALWAYS</StreamCondition>
	</RowData>
	<RowData><ProcessDefId>14</ProcessDefId><StreamId>1</StreamId><ActivityId>25</ActivityId><StreamName>Default</StreamName><SortType>A</SortType><SortOn>PriorityLevel</SortOn><StreamCondition>ALWAYS</StreamCondition>
	</RowData>
	<RowData><ProcessDefId>14</ProcessDefId><StreamId>1</StreamId><ActivityId>27</ActivityId><StreamName>Default</StreamName><SortType>A</SortType><SortOn>PriorityLevel</SortOn><StreamCondition>ALWAYS</StreamCondition>
	</RowData>
	<RowData><ProcessDefId>14</ProcessDefId><StreamId>1</StreamId><ActivityId>28</ActivityId><StreamName>Default</StreamName><SortType>A</SortType><SortOn>PriorityLevel</SortOn><StreamCondition>ALWAYS</StreamCondition>
	</RowData>
</PMWSTREAMDEFTABLE>