<PMWSearchVariableTable>
	<RowData><ProcessDefID>14</ProcessDefID><ActivityID>28</ActivityID><FieldName>InvoiceAmount</FieldName><Scope>R</Scope><OrderID>6</OrderID><VariableId>83</VariableId>
	</RowData>
	<RowData><ProcessDefID>14</ProcessDefID><ActivityID>28</ActivityID><FieldName>InvoiceDate</FieldName><Scope>R</Scope><OrderID>7</OrderID><VariableId>60</VariableId>
	</RowData>
	<RowData><ProcessDefID>14</ProcessDefID><ActivityID>28</ActivityID><FieldName>InvoiceNo</FieldName><Scope>R</Scope><OrderID>5</OrderID><VariableId>59</VariableId>
	</RowData>
	<RowData><ProcessDefID>14</ProcessDefID><ActivityID>28</ActivityID><FieldName>InvoiceNumber</FieldName><Scope>C</Scope><OrderID>1</OrderID><VariableId>106</VariableId>
	</RowData>
	<RowData><ProcessDefID>14</ProcessDefID><ActivityID>28</ActivityID><FieldName>plant</FieldName><Scope>C</Scope><OrderID>3</OrderID><VariableId>100</VariableId>
	</RowData>
	<RowData><ProcessDefID>14</ProcessDefID><ActivityID>28</ActivityID><FieldName>plant</FieldName><Scope>R</Scope><OrderID>1</OrderID><VariableId>100</VariableId>
	</RowData>
	<RowData><ProcessDefID>14</ProcessDefID><ActivityID>28</ActivityID><FieldName>PurchaseOrderNo</FieldName><Scope>C</Scope><OrderID>2</OrderID><VariableId>63</VariableId>
	</RowData>
	<RowData><ProcessDefID>14</ProcessDefID><ActivityID>28</ActivityID><FieldName>PurchaseOrderNo</FieldName><Scope>R</Scope><OrderID>4</OrderID><VariableId>63</VariableId>
	</RowData>
	<RowData><ProcessDefID>14</ProcessDefID><ActivityID>28</ActivityID><FieldName>SharePointRequest</FieldName><Scope>R</Scope><OrderID>8</OrderID><VariableId>123</VariableId>
	</RowData>
	<RowData><ProcessDefID>14</ProcessDefID><ActivityID>28</ActivityID><FieldName>vendor_code</FieldName><Scope>C</Scope><OrderID>4</OrderID><VariableId>75</VariableId>
	</RowData>
	<RowData><ProcessDefID>14</ProcessDefID><ActivityID>28</ActivityID><FieldName>vendor_code</FieldName><Scope>R</Scope><OrderID>3</OrderID><VariableId>75</VariableId>
	</RowData>
	<RowData><ProcessDefID>14</ProcessDefID><ActivityID>28</ActivityID><FieldName>vendor_name</FieldName><Scope>C</Scope><OrderID>5</OrderID><VariableId>76</VariableId>
	</RowData>
	<RowData><ProcessDefID>14</ProcessDefID><ActivityID>28</ActivityID><FieldName>vendor_name</FieldName><Scope>R</Scope><OrderID>2</OrderID><VariableId>76</VariableId>
	</RowData>
</PMWSearchVariableTable>