<PMWSwimLaneTable>
	<RowData><ProcessDefId>14</ProcessDefId><SwimLaneId>-99</SwimLaneId><SwimLaneWidth>766</SwimLaneWidth><SwimLaneHeight>150</SwimLaneHeight><ITop>0</ITop><ILeft>0</ILeft><BackColor>1234</BackColor><SwimLaneType>H</SwimLaneType><SwimLaneText>TaskLane</SwimLaneText><SwimLaneTextColor>-16777216</SwimLaneTextColor><PoolId>-1</PoolId><IndexInPool>-1</IndexInPool>
	</RowData>
	<RowData><ProcessDefId>14</ProcessDefId><SwimLaneId>1</SwimLaneId><SwimLaneWidth>766</SwimLaneWidth><SwimLaneHeight>280</SwimLaneHeight><ITop>40</ITop><ILeft>0</ILeft><BackColor>1234</BackColor><SwimLaneType>H</SwimLaneType><SwimLaneText>Service Introduction</SwimLaneText><SwimLaneTextColor>-16777216</SwimLaneTextColor><PoolId>-1</PoolId><IndexInPool>-1</IndexInPool>
	</RowData>
	<RowData><ProcessDefId>14</ProcessDefId><SwimLaneId>3</SwimLaneId><SwimLaneWidth>766</SwimLaneWidth><SwimLaneHeight>292</SwimLaneHeight><ITop>320</ITop><ILeft>0</ILeft><BackColor>1234</BackColor><SwimLaneType>H</SwimLaneType><SwimLaneText>Service Park</SwimLaneText><SwimLaneTextColor>-16777216</SwimLaneTextColor><PoolId>-1</PoolId><IndexInPool>-1</IndexInPool>
	</RowData>
	<RowData><ProcessDefId>14</ProcessDefId><SwimLaneId>4</SwimLaneId><SwimLaneWidth>766</SwimLaneWidth><SwimLaneHeight>260</SwimLaneHeight><ITop>612</ITop><ILeft>0</ILeft><BackColor>1234</BackColor><SwimLaneType>H</SwimLaneType><SwimLaneText>Service Post</SwimLaneText><SwimLaneTextColor>-16777216</SwimLaneTextColor><PoolId>-1</PoolId><IndexInPool>-1</IndexInPool>
	</RowData>
	<RowData><ProcessDefId>14</ProcessDefId><SwimLaneId>5</SwimLaneId><SwimLaneWidth>766</SwimLaneWidth><SwimLaneHeight>141</SwimLaneHeight><ITop>872</ITop><ILeft>0</ILeft><BackColor>1234</BackColor><SwimLaneType>H</SwimLaneType><SwimLaneText>Exit</SwimLaneText><SwimLaneTextColor>-16777216</SwimLaneTextColor><PoolId>-1</PoolId><IndexInPool>-1</IndexInPool>
	</RowData>
</PMWSwimLaneTable>