<PMWSAPConnectTable>
	<RowData><ProcessDefId>14</ProcessDefId><SAPHostName>OEECCQV.orient.com</SAPHostName><SAPInstance>00</SAPInstance><SAPClient>800</SAPClient><SAPUserName>rahulkumar1</SAPUserName><SAPPassword>e-C;jZ-C;q-D;E:W-D;7J-D;n:yAef-D;jM:y-C;q-D;04</SAPPassword><SAPHttpProtocol>HTTP</SAPHttpProtocol><SAPITSFlag>E</SAPITSFlag><SAPLanguage>EN</SAPLanguage><SAPHttpPort>8001</SAPHttpPort><ConfigurationID>1</ConfigurationID><RFCHostName>OEECCQV</RFCHostName><ConfigurationName>sapConf</ConfigurationName><SecurityFlag>Y</SecurityFlag>
	</RowData>
</PMWSAPConnectTable>