<PMWSAPGUIFieldMappingTable>
	<RowData><ProcessDefId>14</ProcessDefId><DefinitionId>1</DefinitionId><SAPFieldName>RF05V-BELNR</SAPFieldName><MappedFieldName>Inv_Park</MappedFieldName><MappedFieldType>I</MappedFieldType><VariableId>62</VariableId><VarFieldId>0</VarFieldId>
	</RowData>
	<RowData><ProcessDefId>14</ProcessDefId><DefinitionId>1</DefinitionId><SAPFieldName>RF05V-BUKRS</SAPFieldName><MappedFieldName>1000</MappedFieldName><MappedFieldType>C</MappedFieldType><VariableId>0</VariableId><VarFieldId>0</VarFieldId>
	</RowData>
</PMWSAPGUIFieldMappingTable>