<PMWTypeDescTable>
	<RowData><ProcessDefId>14</ProcessDefId><TypeId>1</TypeId><TypeName>complex_orient_po_item</TypeName><ExtensionTypeId>-1</ExtensionTypeId>
	</RowData>
	<RowData><ProcessDefId>14</ProcessDefId><TypeId>2</TypeId><TypeName>complex_orient_acc_assignment</TypeName><ExtensionTypeId>-1</ExtensionTypeId>
	</RowData>
	<RowData><ProcessDefId>14</ProcessDefId><TypeId>3</TypeId><TypeName>complex_orient_entry_service</TypeName><ExtensionTypeId>-1</ExtensionTypeId>
	</RowData>
	<RowData><ProcessDefId>14</ProcessDefId><TypeId>4</TypeId><TypeName>complex_pohistory</TypeName><ExtensionTypeId>-1</ExtensionTypeId>
	</RowData>
	<RowData><ProcessDefId>14</ProcessDefId><TypeId>5</TypeId><TypeName>complex_orient_poitem_history</TypeName><ExtensionTypeId>-1</ExtensionTypeId>
	</RowData>
	<RowData><ProcessDefId>14</ProcessDefId><TypeId>6</TypeId><TypeName>complex_orient_serviceapproval</TypeName><ExtensionTypeId>-1</ExtensionTypeId>
	</RowData>
	<RowData><ProcessDefId>14</ProcessDefId><TypeId>7</TypeId><TypeName>complex_orient_entrysheet_sel</TypeName><ExtensionTypeId>-1</ExtensionTypeId>
	</RowData>
	<RowData><ProcessDefId>14</ProcessDefId><TypeId>8</TypeId><TypeName>complex_orient_witholding</TypeName><ExtensionTypeId>-1</ExtensionTypeId>
	</RowData>
	<RowData><ProcessDefId>14</ProcessDefId><TypeId>9</TypeId><TypeName>complex_orient_service_po_item</TypeName><ExtensionTypeId>-1</ExtensionTypeId>
	</RowData>
	<RowData><ProcessDefId>14</ProcessDefId><TypeId>10</TypeId><TypeName>complex_exception_details</TypeName><ExtensionTypeId>-1</ExtensionTypeId>
	</RowData>
	<RowData><ProcessDefId>14</ProcessDefId><TypeId>11</TypeId><TypeName>complex_service_SheetDetails</TypeName><ExtensionTypeId>-1</ExtensionTypeId>
	</RowData>
	<RowData><ProcessDefId>14</ProcessDefId><TypeId>12</TypeId><TypeName>complex_tds_calculation</TypeName><ExtensionTypeId>-1</ExtensionTypeId>
	</RowData>
</PMWTypeDescTable>