<PMWTypeDefTable_4>
	<RowData><ProcessDefId>14</ProcessDefId><ParentTypeId>9</ParentTypeId><TypeFieldId>183</TypeFieldId><FieldName>UNLIMITED</FieldName><WFType>10</WFType><TypeId>0</TypeId><Unbounded>N</Unbounded><ExtensionTypeId>0</ExtensionTypeId>
	</RowData>
	<RowData><ProcessDefId>14</ProcessDefId><ParentTypeId>9</ParentTypeId><TypeFieldId>184</TypeFieldId><FieldName>UPDATE_GRP</FieldName><WFType>10</WFType><TypeId>0</TypeId><Unbounded>N</Unbounded><ExtensionTypeId>0</ExtensionTypeId>
	</RowData>
	<RowData><ProcessDefId>14</ProcessDefId><ParentTypeId>9</ParentTypeId><TypeFieldId>185</TypeFieldId><FieldName>VAL_CAT</FieldName><WFType>10</WFType><TypeId>0</TypeId><Unbounded>N</Unbounded><ExtensionTypeId>0</ExtensionTypeId>
	</RowData>
	<RowData><ProcessDefId>14</ProcessDefId><ParentTypeId>9</ParentTypeId><TypeFieldId>186</TypeFieldId><FieldName>VAL_TYPE</FieldName><WFType>10</WFType><TypeId>0</TypeId><Unbounded>N</Unbounded><ExtensionTypeId>0</ExtensionTypeId>
	</RowData>
	<RowData><ProcessDefId>14</ProcessDefId><ParentTypeId>9</ParentTypeId><TypeFieldId>187</TypeFieldId><FieldName>VEND_MAT</FieldName><WFType>10</WFType><TypeId>0</TypeId><Unbounded>N</Unbounded><ExtensionTypeId>0</ExtensionTypeId>
	</RowData>
	<RowData><ProcessDefId>14</ProcessDefId><ParentTypeId>9</ParentTypeId><TypeFieldId>188</TypeFieldId><FieldName>VOLUME</FieldName><WFType>10</WFType><TypeId>0</TypeId><Unbounded>N</Unbounded><ExtensionTypeId>0</ExtensionTypeId>
	</RowData>
	<RowData><ProcessDefId>14</ProcessDefId><ParentTypeId>9</ParentTypeId><TypeFieldId>189</TypeFieldId><FieldName>VOLUMEUNIT</FieldName><WFType>10</WFType><TypeId>0</TypeId><Unbounded>N</Unbounded><ExtensionTypeId>0</ExtensionTypeId>
	</RowData>
	<RowData><ProcessDefId>14</ProcessDefId><ParentTypeId>9</ParentTypeId><TypeFieldId>190</TypeFieldId><FieldName>VOLUMEUNIT_ISO</FieldName><WFType>10</WFType><TypeId>0</TypeId><Unbounded>N</Unbounded><ExtensionTypeId>0</ExtensionTypeId>
	</RowData>
	<RowData><ProcessDefId>14</ProcessDefId><ParentTypeId>9</ParentTypeId><TypeFieldId>191</TypeFieldId><FieldName>WEIGHTUNIT</FieldName><WFType>10</WFType><TypeId>0</TypeId><Unbounded>N</Unbounded><ExtensionTypeId>0</ExtensionTypeId>
	</RowData>
	<RowData><ProcessDefId>14</ProcessDefId><ParentTypeId>9</ParentTypeId><TypeFieldId>192</TypeFieldId><FieldName>WEIGHTUNIT_ISO</FieldName><WFType>10</WFType><TypeId>0</TypeId><Unbounded>N</Unbounded><ExtensionTypeId>0</ExtensionTypeId>
	</RowData>
	<RowData><ProcessDefId>14</ProcessDefId><ParentTypeId>10</ParentTypeId><TypeFieldId>1</TypeFieldId><FieldName>errormessage</FieldName><WFType>10</WFType><TypeId>0</TypeId><Unbounded>N</Unbounded><ExtensionTypeId>0</ExtensionTypeId>
	</RowData>
	<RowData><ProcessDefId>14</ProcessDefId><ParentTypeId>10</ParentTypeId><TypeFieldId>2</TypeFieldId><FieldName>errordate</FieldName><WFType>10</WFType><TypeId>0</TypeId><Unbounded>N</Unbounded><ExtensionTypeId>0</ExtensionTypeId>
	</RowData>
	<RowData><ProcessDefId>14</ProcessDefId><ParentTypeId>10</ParentTypeId><TypeFieldId>3</TypeFieldId><FieldName>resolutionstatus</FieldName><WFType>10</WFType><TypeId>0</TypeId><Unbounded>N</Unbounded><ExtensionTypeId>0</ExtensionTypeId>
	</RowData>
	<RowData><ProcessDefId>14</ProcessDefId><ParentTypeId>10</ParentTypeId><TypeFieldId>4</TypeFieldId><FieldName>resolutionremarks</FieldName><WFType>10</WFType><TypeId>0</TypeId><Unbounded>N</Unbounded><ExtensionTypeId>0</ExtensionTypeId>
	</RowData>
	<RowData><ProcessDefId>14</ProcessDefId><ParentTypeId>10</ParentTypeId><TypeFieldId>5</TypeFieldId><FieldName>resolvedby</FieldName><WFType>10</WFType><TypeId>0</TypeId><Unbounded>N</Unbounded><ExtensionTypeId>0</ExtensionTypeId>
	</RowData>
	<RowData><ProcessDefId>14</ProcessDefId><ParentTypeId>10</ParentTypeId><TypeFieldId>6</TypeFieldId><FieldName>resolveddate</FieldName><WFType>10</WFType><TypeId>0</TypeId><Unbounded>N</Unbounded><ExtensionTypeId>0</ExtensionTypeId>
	</RowData>
	<RowData><ProcessDefId>14</ProcessDefId><ParentTypeId>11</ParentTypeId><TypeFieldId>1</TypeFieldId><FieldName>po_item</FieldName><WFType>10</WFType><TypeId>0</TypeId><Unbounded>N</Unbounded><ExtensionTypeId>0</ExtensionTypeId>
	</RowData>
	<RowData><ProcessDefId>14</ProcessDefId><ParentTypeId>11</ParentTypeId><TypeFieldId>2</TypeFieldId><FieldName>MAT_DOC</FieldName><WFType>10</WFType><TypeId>0</TypeId><Unbounded>N</Unbounded><ExtensionTypeId>0</ExtensionTypeId>
	</RowData>
	<RowData><ProcessDefId>14</ProcessDefId><ParentTypeId>11</ParentTypeId><TypeFieldId>3</TypeFieldId><FieldName>PSTNG_DATE</FieldName><WFType>10</WFType><TypeId>0</TypeId><Unbounded>N</Unbounded><ExtensionTypeId>0</ExtensionTypeId>
	</RowData>
	<RowData><ProcessDefId>14</ProcessDefId><ParentTypeId>11</ParentTypeId><TypeFieldId>4</TypeFieldId><FieldName>QUANTITY</FieldName><WFType>10</WFType><TypeId>0</TypeId><Unbounded>N</Unbounded><ExtensionTypeId>0</ExtensionTypeId>
	</RowData>
	<RowData><ProcessDefId>14</ProcessDefId><ParentTypeId>11</ParentTypeId><TypeFieldId>5</TypeFieldId><FieldName>VAL_LOCCUR</FieldName><WFType>10</WFType><TypeId>0</TypeId><Unbounded>N</Unbounded><ExtensionTypeId>0</ExtensionTypeId>
	</RowData>
	<RowData><ProcessDefId>14</ProcessDefId><ParentTypeId>11</ParentTypeId><TypeFieldId>6</TypeFieldId><FieldName>CURRENCY</FieldName><WFType>10</WFType><TypeId>0</TypeId><Unbounded>N</Unbounded><ExtensionTypeId>0</ExtensionTypeId>
	</RowData>
	<RowData><ProcessDefId>14</ProcessDefId><ParentTypeId>11</ParentTypeId><TypeFieldId>7</TypeFieldId><FieldName>VAl_LOCCUR_TDSBASE</FieldName><WFType>10</WFType><TypeId>0</TypeId><Unbounded>N</Unbounded><ExtensionTypeId>0</ExtensionTypeId>
	</RowData>
	<RowData><ProcessDefId>14</ProcessDefId><ParentTypeId>11</ParentTypeId><TypeFieldId>8</TypeFieldId><FieldName>EXT_LINE</FieldName><WFType>10</WFType><TypeId>0</TypeId><Unbounded>N</Unbounded><ExtensionTypeId>0</ExtensionTypeId>
	</RowData>
	<RowData><ProcessDefId>14</ProcessDefId><ParentTypeId>11</ParentTypeId><TypeFieldId>9</TypeFieldId><FieldName>BASE_UOM</FieldName><WFType>10</WFType><TypeId>0</TypeId><Unbounded>N</Unbounded><ExtensionTypeId>0</ExtensionTypeId>
	</RowData>
	<RowData><ProcessDefId>14</ProcessDefId><ParentTypeId>11</ParentTypeId><TypeFieldId>10</TypeFieldId><FieldName>UOM_ISO</FieldName><WFType>10</WFType><TypeId>0</TypeId><Unbounded>N</Unbounded><ExtensionTypeId>0</ExtensionTypeId>
	</RowData>
	<RowData><ProcessDefId>14</ProcessDefId><ParentTypeId>12</ParentTypeId><TypeFieldId>1</TypeFieldId><FieldName>applied</FieldName><WFType>10</WFType><TypeId>0</TypeId><Unbounded>N</Unbounded><ExtensionTypeId>0</ExtensionTypeId>
	</RowData>
	<RowData><ProcessDefId>14</ProcessDefId><ParentTypeId>12</ParentTypeId><TypeFieldId>2</TypeFieldId><FieldName>country</FieldName><WFType>10</WFType><TypeId>0</TypeId><Unbounded>N</Unbounded><ExtensionTypeId>0</ExtensionTypeId>
	</RowData>
	<RowData><ProcessDefId>14</ProcessDefId><ParentTypeId>12</ParentTypeId><TypeFieldId>3</TypeFieldId><FieldName>description</FieldName><WFType>10</WFType><TypeId>0</TypeId><Unbounded>N</Unbounded><ExtensionTypeId>0</ExtensionTypeId>
	</RowData>
	<RowData><ProcessDefId>14</ProcessDefId><ParentTypeId>12</ParentTypeId><TypeFieldId>4</TypeFieldId><FieldName>tax</FieldName><WFType>10</WFType><TypeId>0</TypeId><Unbounded>N</Unbounded><ExtensionTypeId>0</ExtensionTypeId>
	</RowData>
	<RowData><ProcessDefId>14</ProcessDefId><ParentTypeId>12</ParentTypeId><TypeFieldId>5</TypeFieldId><FieldName>tax_code</FieldName><WFType>10</WFType><TypeId>0</TypeId><Unbounded>N</Unbounded><ExtensionTypeId>0</ExtensionTypeId>
	</RowData>
	<RowData><ProcessDefId>14</ProcessDefId><ParentTypeId>12</ParentTypeId><TypeFieldId>6</TypeFieldId><FieldName>tax_type</FieldName><WFType>10</WFType><TypeId>0</TypeId><Unbounded>N</Unbounded><ExtensionTypeId>0</ExtensionTypeId>
	</RowData>
	<RowData><ProcessDefId>14</ProcessDefId><ParentTypeId>12</ParentTypeId><TypeFieldId>7</TypeFieldId><FieldName>po_item</FieldName><WFType>10</WFType><TypeId>0</TypeId><Unbounded>N</Unbounded><ExtensionTypeId>0</ExtensionTypeId>
	</RowData>
	<RowData><ProcessDefId>14</ProcessDefId><ParentTypeId>12</ParentTypeId><TypeFieldId>8</TypeFieldId><FieldName>tds_amount</FieldName><WFType>10</WFType><TypeId>0</TypeId><Unbounded>N</Unbounded><ExtensionTypeId>0</ExtensionTypeId>
	</RowData>
	<RowData><ProcessDefId>14</ProcessDefId><ParentTypeId>12</ParentTypeId><TypeFieldId>9</TypeFieldId><FieldName>amount</FieldName><WFType>10</WFType><TypeId>0</TypeId><Unbounded>N</Unbounded><ExtensionTypeId>0</ExtensionTypeId>
	</RowData>
</PMWTypeDefTable_4>