<PMWUDTVarMappingTable_2>
	<RowData><ProcessDefId>14</ProcessDefId><VariableId>80</VariableId><VarFieldId>70</VarFieldId><TypeId>3</TypeId><TypeFieldId>69</TypeFieldId><ParentVarFieldId>1</ParentVarFieldId><MappedObjectName>USERF1_TXT</MappedObjectName><ExtObjId>5</ExtObjId><MappedObjectType>C</MappedObjectType><FieldLength>50</FieldLength><VarPrecision>0</VarPrecision><RelationId>0</RelationId><IsEncrypted>N</IsEncrypted><IsMasked>N</IsMasked><MaskingPattern>X</MaskingPattern>
	</RowData>
	<RowData><ProcessDefId>14</ProcessDefId><VariableId>80</VariableId><VarFieldId>71</VarFieldId><TypeId>3</TypeId><TypeFieldId>70</TypeFieldId><ParentVarFieldId>1</ParentVarFieldId><MappedObjectName>USERF2_TXT</MappedObjectName><ExtObjId>5</ExtObjId><MappedObjectType>C</MappedObjectType><FieldLength>50</FieldLength><VarPrecision>0</VarPrecision><RelationId>0</RelationId><IsEncrypted>N</IsEncrypted><IsMasked>N</IsMasked><MaskingPattern>X</MaskingPattern>
	</RowData>
	<RowData><ProcessDefId>14</ProcessDefId><VariableId>80</VariableId><VarFieldId>72</VarFieldId><TypeId>3</TypeId><TypeFieldId>71</TypeFieldId><ParentVarFieldId>1</ParentVarFieldId><MappedObjectName>GR_PRICE</MappedObjectName><ExtObjId>5</ExtObjId><MappedObjectType>C</MappedObjectType><FieldLength>50</FieldLength><VarPrecision>0</VarPrecision><RelationId>0</RelationId><IsEncrypted>N</IsEncrypted><IsMasked>N</IsMasked><MaskingPattern>X</MaskingPattern>
	</RowData>
	<RowData><ProcessDefId>14</ProcessDefId><VariableId>80</VariableId><VarFieldId>73</VarFieldId><TypeId>3</TypeId><TypeFieldId>72</TypeFieldId><ParentVarFieldId>1</ParentVarFieldId><MappedObjectName>HI_LINE_NO</MappedObjectName><ExtObjId>5</ExtObjId><MappedObjectType>C</MappedObjectType><FieldLength>2</FieldLength><VarPrecision>0</VarPrecision><RelationId>0</RelationId><IsEncrypted>N</IsEncrypted><IsMasked>N</IsMasked><MaskingPattern>X</MaskingPattern>
	</RowData>
	<RowData><ProcessDefId>14</ProcessDefId><VariableId>80</VariableId><VarFieldId>74</VarFieldId><TypeId>3</TypeId><TypeFieldId>73</TypeFieldId><ParentVarFieldId>1</ParentVarFieldId><MappedObjectName>EXTREFKEY</MappedObjectName><ExtObjId>5</ExtObjId><MappedObjectType>C</MappedObjectType><FieldLength>50</FieldLength><VarPrecision>0</VarPrecision><RelationId>0</RelationId><IsEncrypted>N</IsEncrypted><IsMasked>N</IsMasked><MaskingPattern>X</MaskingPattern>
	</RowData>
	<RowData><ProcessDefId>14</ProcessDefId><VariableId>80</VariableId><VarFieldId>75</VarFieldId><TypeId>3</TypeId><TypeFieldId>74</TypeFieldId><ParentVarFieldId>1</ParentVarFieldId><MappedObjectName>PER_SDATE</MappedObjectName><ExtObjId>5</ExtObjId><MappedObjectType>C</MappedObjectType><FieldLength>8</FieldLength><VarPrecision>0</VarPrecision><RelationId>0</RelationId><IsEncrypted>N</IsEncrypted><IsMasked>N</IsMasked><MaskingPattern>X</MaskingPattern>
	</RowData>
	<RowData><ProcessDefId>14</ProcessDefId><VariableId>80</VariableId><VarFieldId>76</VarFieldId><TypeId>3</TypeId><TypeFieldId>75</TypeFieldId><ParentVarFieldId>1</ParentVarFieldId><MappedObjectName>PER_EDATE</MappedObjectName><ExtObjId>5</ExtObjId><MappedObjectType>C</MappedObjectType><FieldLength>8</FieldLength><VarPrecision>0</VarPrecision><RelationId>0</RelationId><IsEncrypted>N</IsEncrypted><IsMasked>N</IsMasked><MaskingPattern>X</MaskingPattern>
	</RowData>
	<RowData><ProcessDefId>14</ProcessDefId><VariableId>80</VariableId><VarFieldId>77</VarFieldId><TypeId>3</TypeId><TypeFieldId>76</TypeFieldId><ParentVarFieldId>1</ParentVarFieldId><MappedObjectName>EXTERNAL_ITEM_ID</MappedObjectName><ExtObjId>5</ExtObjId><MappedObjectType>C</MappedObjectType><FieldLength>50</FieldLength><VarPrecision>0</VarPrecision><RelationId>0</RelationId><IsEncrypted>N</IsEncrypted><IsMasked>N</IsMasked><MaskingPattern>X</MaskingPattern>
	</RowData>
	<RowData><ProcessDefId>14</ProcessDefId><VariableId>80</VariableId><VarFieldId>78</VarFieldId><TypeId>3</TypeId><TypeFieldId>77</TypeFieldId><ParentVarFieldId>1</ParentVarFieldId><MappedObjectName>SERVICE_ITEM_KEY</MappedObjectName><ExtObjId>5</ExtObjId><MappedObjectType>C</MappedObjectType><FieldLength>2</FieldLength><VarPrecision>0</VarPrecision><RelationId>0</RelationId><IsEncrypted>N</IsEncrypted><IsMasked>N</IsMasked><MaskingPattern>X</MaskingPattern>
	</RowData>
	<RowData><ProcessDefId>14</ProcessDefId><VariableId>81</VariableId><VarFieldId>1</VarFieldId><TypeId>4</TypeId><TypeFieldId>0</TypeFieldId><ParentVarFieldId>0</ParentVarFieldId><MappedObjectName>complex_orient_pohistory</MappedObjectName><ExtObjId>6</ExtObjId><MappedObjectType>T</MappedObjectType><FieldLength>0</FieldLength><VarPrecision>0</VarPrecision><RelationId>5</RelationId><IsEncrypted>N</IsEncrypted><IsMasked>N</IsMasked><MaskingPattern>X</MaskingPattern>
	</RowData>
	<RowData><ProcessDefId>14</ProcessDefId><VariableId>81</VariableId><VarFieldId>2</VarFieldId><TypeId>4</TypeId><TypeFieldId>1</TypeFieldId><ParentVarFieldId>1</ParentVarFieldId><MappedObjectName>PO_ITEM</MappedObjectName><ExtObjId>6</ExtObjId><MappedObjectType>C</MappedObjectType><FieldLength>2</FieldLength><VarPrecision>0</VarPrecision><RelationId>0</RelationId><IsEncrypted>N</IsEncrypted><IsMasked>N</IsMasked><MaskingPattern>X</MaskingPattern>
	</RowData>
	<RowData><ProcessDefId>14</ProcessDefId><VariableId>81</VariableId><VarFieldId>3</VarFieldId><TypeId>4</TypeId><TypeFieldId>2</TypeFieldId><ParentVarFieldId>1</ParentVarFieldId><MappedObjectName>SERIAL_NO</MappedObjectName><ExtObjId>6</ExtObjId><MappedObjectType>C</MappedObjectType><FieldLength>2</FieldLength><VarPrecision>0</VarPrecision><RelationId>0</RelationId><IsEncrypted>N</IsEncrypted><IsMasked>N</IsMasked><MaskingPattern>X</MaskingPattern>
	</RowData>
	<RowData><ProcessDefId>14</ProcessDefId><VariableId>81</VariableId><VarFieldId>4</VarFieldId><TypeId>4</TypeId><TypeFieldId>3</TypeFieldId><ParentVarFieldId>1</ParentVarFieldId><MappedObjectName>PROCESS_ID</MappedObjectName><ExtObjId>6</ExtObjId><MappedObjectType>C</MappedObjectType><FieldLength>50</FieldLength><VarPrecision>0</VarPrecision><RelationId>0</RelationId><IsEncrypted>N</IsEncrypted><IsMasked>N</IsMasked><MaskingPattern>X</MaskingPattern>
	</RowData>
	<RowData><ProcessDefId>14</ProcessDefId><VariableId>81</VariableId><VarFieldId>5</VarFieldId><TypeId>4</TypeId><TypeFieldId>4</TypeFieldId><ParentVarFieldId>1</ParentVarFieldId><MappedObjectName>DOC_YEAR</MappedObjectName><ExtObjId>6</ExtObjId><MappedObjectType>C</MappedObjectType><FieldLength>2</FieldLength><VarPrecision>0</VarPrecision><RelationId>0</RelationId><IsEncrypted>N</IsEncrypted><IsMasked>N</IsMasked><MaskingPattern>X</MaskingPattern>
	</RowData>
	<RowData><ProcessDefId>14</ProcessDefId><VariableId>81</VariableId><VarFieldId>6</VarFieldId><TypeId>4</TypeId><TypeFieldId>5</TypeFieldId><ParentVarFieldId>1</ParentVarFieldId><MappedObjectName>MAT_DOC</MappedObjectName><ExtObjId>6</ExtObjId><MappedObjectType>C</MappedObjectType><FieldLength>50</FieldLength><VarPrecision>0</VarPrecision><RelationId>0</RelationId><IsEncrypted>N</IsEncrypted><IsMasked>N</IsMasked><MaskingPattern>X</MaskingPattern>
	</RowData>
	<RowData><ProcessDefId>14</ProcessDefId><VariableId>81</VariableId><VarFieldId>7</VarFieldId><TypeId>4</TypeId><TypeFieldId>6</TypeFieldId><ParentVarFieldId>1</ParentVarFieldId><MappedObjectName>MATDOC_ITM</MappedObjectName><ExtObjId>6</ExtObjId><MappedObjectType>C</MappedObjectType><FieldLength>2</FieldLength><VarPrecision>0</VarPrecision><RelationId>0</RelationId><IsEncrypted>N</IsEncrypted><IsMasked>N</IsMasked><MaskingPattern>X</MaskingPattern>
	</RowData>
	<RowData><ProcessDefId>14</ProcessDefId><VariableId>81</VariableId><VarFieldId>8</VarFieldId><TypeId>4</TypeId><TypeFieldId>7</TypeFieldId><ParentVarFieldId>1</ParentVarFieldId><MappedObjectName>HIST_TYPE</MappedObjectName><ExtObjId>6</ExtObjId><MappedObjectType>C</MappedObjectType><FieldLength>50</FieldLength><VarPrecision>0</VarPrecision><RelationId>0</RelationId><IsEncrypted>N</IsEncrypted><IsMasked>N</IsMasked><MaskingPattern>X</MaskingPattern>
	</RowData>
	<RowData><ProcessDefId>14</ProcessDefId><VariableId>81</VariableId><VarFieldId>9</VarFieldId><TypeId>4</TypeId><TypeFieldId>8</TypeFieldId><ParentVarFieldId>1</ParentVarFieldId><MappedObjectName>MOVE_TYPE</MappedObjectName><ExtObjId>6</ExtObjId><MappedObjectType>C</MappedObjectType><FieldLength>50</FieldLength><VarPrecision>0</VarPrecision><RelationId>0</RelationId><IsEncrypted>N</IsEncrypted><IsMasked>N</IsMasked><MaskingPattern>X</MaskingPattern>
	</RowData>
	<RowData><ProcessDefId>14</ProcessDefId><VariableId>81</VariableId><VarFieldId>10</VarFieldId><TypeId>4</TypeId><TypeFieldId>9</TypeFieldId><ParentVarFieldId>1</ParentVarFieldId><MappedObjectName>PSTNG_DATE</MappedObjectName><ExtObjId>6</ExtObjId><MappedObjectType>C</MappedObjectType><FieldLength>8</FieldLength><VarPrecision>0</VarPrecision><RelationId>0</RelationId><IsEncrypted>N</IsEncrypted><IsMasked>N</IsMasked><MaskingPattern>X</MaskingPattern>
	</RowData>
	<RowData><ProcessDefId>14</ProcessDefId><VariableId>81</VariableId><VarFieldId>11</VarFieldId><TypeId>4</TypeId><TypeFieldId>10</TypeFieldId><ParentVarFieldId>1</ParentVarFieldId><MappedObjectName>QUANTITY</MappedObjectName><ExtObjId>6</ExtObjId><MappedObjectType>C</MappedObjectType><FieldLength>50</FieldLength><VarPrecision>0</VarPrecision><RelationId>0</RelationId><IsEncrypted>N</IsEncrypted><IsMasked>N</IsMasked><MaskingPattern>X</MaskingPattern>
	</RowData>
	<RowData><ProcessDefId>14</ProcessDefId><VariableId>81</VariableId><VarFieldId>12</VarFieldId><TypeId>4</TypeId><TypeFieldId>11</TypeFieldId><ParentVarFieldId>1</ParentVarFieldId><MappedObjectName>VAL_LOCCUR</MappedObjectName><ExtObjId>6</ExtObjId><MappedObjectType>C</MappedObjectType><FieldLength>50</FieldLength><VarPrecision>0</VarPrecision><RelationId>0</RelationId><IsEncrypted>N</IsEncrypted><IsMasked>N</IsMasked><MaskingPattern>X</MaskingPattern>
	</RowData>
	<RowData><ProcessDefId>14</ProcessDefId><VariableId>81</VariableId><VarFieldId>13</VarFieldId><TypeId>4</TypeId><TypeFieldId>12</TypeFieldId><ParentVarFieldId>1</ParentVarFieldId><MappedObjectName>VAL_FORCUR</MappedObjectName><ExtObjId>6</ExtObjId><MappedObjectType>C</MappedObjectType><FieldLength>50</FieldLength><VarPrecision>0</VarPrecision><RelationId>0</RelationId><IsEncrypted>N</IsEncrypted><IsMasked>N</IsMasked><MaskingPattern>X</MaskingPattern>
	</RowData>
	<RowData><ProcessDefId>14</ProcessDefId><VariableId>81</VariableId><VarFieldId>14</VarFieldId><TypeId>4</TypeId><TypeFieldId>13</TypeFieldId><ParentVarFieldId>1</ParentVarFieldId><MappedObjectName>CURRENCY</MappedObjectName><ExtObjId>6</ExtObjId><MappedObjectType>C</MappedObjectType><FieldLength>50</FieldLength><VarPrecision>0</VarPrecision><RelationId>0</RelationId><IsEncrypted>N</IsEncrypted><IsMasked>N</IsMasked><MaskingPattern>X</MaskingPattern>
	</RowData>
	<RowData><ProcessDefId>14</ProcessDefId><VariableId>81</VariableId><VarFieldId>15</VarFieldId><TypeId>4</TypeId><TypeFieldId>14</TypeFieldId><ParentVarFieldId>1</ParentVarFieldId><MappedObjectName>CL_VAL_LOC</MappedObjectName><ExtObjId>6</ExtObjId><MappedObjectType>C</MappedObjectType><FieldLength>50</FieldLength><VarPrecision>0</VarPrecision><RelationId>0</RelationId><IsEncrypted>N</IsEncrypted><IsMasked>N</IsMasked><MaskingPattern>X</MaskingPattern>
	</RowData>
	<RowData><ProcessDefId>14</ProcessDefId><VariableId>81</VariableId><VarFieldId>16</VarFieldId><TypeId>4</TypeId><TypeFieldId>15</TypeFieldId><ParentVarFieldId>1</ParentVarFieldId><MappedObjectName>BLOCKED_QY</MappedObjectName><ExtObjId>6</ExtObjId><MappedObjectType>C</MappedObjectType><FieldLength>50</FieldLength><VarPrecision>0</VarPrecision><RelationId>0</RelationId><IsEncrypted>N</IsEncrypted><IsMasked>N</IsMasked><MaskingPattern>X</MaskingPattern>
	</RowData>
	<RowData><ProcessDefId>14</ProcessDefId><VariableId>81</VariableId><VarFieldId>17</VarFieldId><TypeId>4</TypeId><TypeFieldId>16</TypeFieldId><ParentVarFieldId>1</ParentVarFieldId><MappedObjectName>BL_QTY</MappedObjectName><ExtObjId>6</ExtObjId><MappedObjectType>C</MappedObjectType><FieldLength>50</FieldLength><VarPrecision>0</VarPrecision><RelationId>0</RelationId><IsEncrypted>N</IsEncrypted><IsMasked>N</IsMasked><MaskingPattern>X</MaskingPattern>
	</RowData>
	<RowData><ProcessDefId>14</ProcessDefId><VariableId>81</VariableId><VarFieldId>18</VarFieldId><TypeId>4</TypeId><TypeFieldId>17</TypeFieldId><ParentVarFieldId>1</ParentVarFieldId><MappedObjectName>DB_CR_IND</MappedObjectName><ExtObjId>6</ExtObjId><MappedObjectType>C</MappedObjectType><FieldLength>50</FieldLength><VarPrecision>0</VarPrecision><RelationId>0</RelationId><IsEncrypted>N</IsEncrypted><IsMasked>N</IsMasked><MaskingPattern>X</MaskingPattern>
	</RowData>
	<RowData><ProcessDefId>14</ProcessDefId><VariableId>81</VariableId><VarFieldId>19</VarFieldId><TypeId>4</TypeId><TypeFieldId>18</TypeFieldId><ParentVarFieldId>1</ParentVarFieldId><MappedObjectName>VAL_TYPE</MappedObjectName><ExtObjId>6</ExtObjId><MappedObjectType>C</MappedObjectType><FieldLength>50</FieldLength><VarPrecision>0</VarPrecision><RelationId>0</RelationId><IsEncrypted>N</IsEncrypted><IsMasked>N</IsMasked><MaskingPattern>X</MaskingPattern>
	</RowData>
	<RowData><ProcessDefId>14</ProcessDefId><VariableId>81</VariableId><VarFieldId>20</VarFieldId><TypeId>4</TypeId><TypeFieldId>19</TypeFieldId><ParentVarFieldId>1</ParentVarFieldId><MappedObjectName>NO_MORE_GR</MappedObjectName><ExtObjId>6</ExtObjId><MappedObjectType>C</MappedObjectType><FieldLength>50</FieldLength><VarPrecision>0</VarPrecision><RelationId>0</RelationId><IsEncrypted>N</IsEncrypted><IsMasked>N</IsMasked><MaskingPattern>X</MaskingPattern>
	</RowData>
	<RowData><ProcessDefId>14</ProcessDefId><VariableId>81</VariableId><VarFieldId>21</VarFieldId><TypeId>4</TypeId><TypeFieldId>20</TypeFieldId><ParentVarFieldId>1</ParentVarFieldId><MappedObjectName>REF_DOC_NO</MappedObjectName><ExtObjId>6</ExtObjId><MappedObjectType>C</MappedObjectType><FieldLength>50</FieldLength><VarPrecision>0</VarPrecision><RelationId>0</RelationId><IsEncrypted>N</IsEncrypted><IsMasked>N</IsMasked><MaskingPattern>X</MaskingPattern>
	</RowData>
	<RowData><ProcessDefId>14</ProcessDefId><VariableId>81</VariableId><VarFieldId>22</VarFieldId><TypeId>4</TypeId><TypeFieldId>21</TypeFieldId><ParentVarFieldId>1</ParentVarFieldId><MappedObjectName>REF_DOC_YR</MappedObjectName><ExtObjId>6</ExtObjId><MappedObjectType>C</MappedObjectType><FieldLength>2</FieldLength><VarPrecision>0</VarPrecision><RelationId>0</RelationId><IsEncrypted>N</IsEncrypted><IsMasked>N</IsMasked><MaskingPattern>X</MaskingPattern>
	</RowData>
	<RowData><ProcessDefId>14</ProcessDefId><VariableId>81</VariableId><VarFieldId>23</VarFieldId><TypeId>4</TypeId><TypeFieldId>22</TypeFieldId><ParentVarFieldId>1</ParentVarFieldId><MappedObjectName>REF_DOC</MappedObjectName><ExtObjId>6</ExtObjId><MappedObjectType>C</MappedObjectType><FieldLength>50</FieldLength><VarPrecision>0</VarPrecision><RelationId>0</RelationId><IsEncrypted>N</IsEncrypted><IsMasked>N</IsMasked><MaskingPattern>X</MaskingPattern>
	</RowData>
	<RowData><ProcessDefId>14</ProcessDefId><VariableId>81</VariableId><VarFieldId>24</VarFieldId><TypeId>4</TypeId><TypeFieldId>23</TypeFieldId><ParentVarFieldId>1</ParentVarFieldId><MappedObjectName>REF_DOC_IT</MappedObjectName><ExtObjId>6</ExtObjId><MappedObjectType>C</MappedObjectType><FieldLength>2</FieldLength><VarPrecision>0</VarPrecision><RelationId>0</RelationId><IsEncrypted>N</IsEncrypted><IsMasked>N</IsMasked><MaskingPattern>X</MaskingPattern>
	</RowData>
	<RowData><ProcessDefId>14</ProcessDefId><VariableId>81</VariableId><VarFieldId>25</VarFieldId><TypeId>4</TypeId><TypeFieldId>24</TypeFieldId><ParentVarFieldId>1</ParentVarFieldId><MappedObjectName>MOVE_REAS</MappedObjectName><ExtObjId>6</ExtObjId><MappedObjectType>C</MappedObjectType><FieldLength>2</FieldLength><VarPrecision>0</VarPrecision><RelationId>0</RelationId><IsEncrypted>N</IsEncrypted><IsMasked>N</IsMasked><MaskingPattern>X</MaskingPattern>
	</RowData>
	<RowData><ProcessDefId>14</ProcessDefId><VariableId>81</VariableId><VarFieldId>26</VarFieldId><TypeId>4</TypeId><TypeFieldId>25</TypeFieldId><ParentVarFieldId>1</ParentVarFieldId><MappedObjectName>ENTRY_DATE</MappedObjectName><ExtObjId>6</ExtObjId><MappedObjectType>C</MappedObjectType><FieldLength>8</FieldLength><VarPrecision>0</VarPrecision><RelationId>0</RelationId><IsEncrypted>N</IsEncrypted><IsMasked>N</IsMasked><MaskingPattern>X</MaskingPattern>
	</RowData>
	<RowData><ProcessDefId>14</ProcessDefId><VariableId>81</VariableId><VarFieldId>27</VarFieldId><TypeId>4</TypeId><TypeFieldId>26</TypeFieldId><ParentVarFieldId>1</ParentVarFieldId><MappedObjectName>ENTRY_TIME</MappedObjectName><ExtObjId>6</ExtObjId><MappedObjectType>C</MappedObjectType><FieldLength>50</FieldLength><VarPrecision>0</VarPrecision><RelationId>0</RelationId><IsEncrypted>N</IsEncrypted><IsMasked>N</IsMasked><MaskingPattern>X</MaskingPattern>
	</RowData>
	<RowData><ProcessDefId>14</ProcessDefId><VariableId>81</VariableId><VarFieldId>28</VarFieldId><TypeId>4</TypeId><TypeFieldId>27</TypeFieldId><ParentVarFieldId>1</ParentVarFieldId><MappedObjectName>IVVAL_LOC</MappedObjectName><ExtObjId>6</ExtObjId><MappedObjectType>C</MappedObjectType><FieldLength>50</FieldLength><VarPrecision>0</VarPrecision><RelationId>0</RelationId><IsEncrypted>N</IsEncrypted><IsMasked>N</IsMasked><MaskingPattern>X</MaskingPattern>
	</RowData>
	<RowData><ProcessDefId>14</ProcessDefId><VariableId>81</VariableId><VarFieldId>29</VarFieldId><TypeId>4</TypeId><TypeFieldId>28</TypeFieldId><ParentVarFieldId>1</ParentVarFieldId><MappedObjectName>IVVAL_FOR</MappedObjectName><ExtObjId>6</ExtObjId><MappedObjectType>C</MappedObjectType><FieldLength>50</FieldLength><VarPrecision>0</VarPrecision><RelationId>0</RelationId><IsEncrypted>N</IsEncrypted><IsMasked>N</IsMasked><MaskingPattern>X</MaskingPattern>
	</RowData>
	<RowData><ProcessDefId>14</ProcessDefId><VariableId>81</VariableId><VarFieldId>30</VarFieldId><TypeId>4</TypeId><TypeFieldId>29</TypeFieldId><ParentVarFieldId>1</ParentVarFieldId><MappedObjectName>MATERIAL</MappedObjectName><ExtObjId>6</ExtObjId><MappedObjectType>C</MappedObjectType><FieldLength>50</FieldLength><VarPrecision>0</VarPrecision><RelationId>0</RelationId><IsEncrypted>N</IsEncrypted><IsMasked>N</IsMasked><MaskingPattern>X</MaskingPattern>
	</RowData>
	<RowData><ProcessDefId>14</ProcessDefId><VariableId>81</VariableId><VarFieldId>31</VarFieldId><TypeId>4</TypeId><TypeFieldId>30</TypeFieldId><ParentVarFieldId>1</ParentVarFieldId><MappedObjectName>PLANT</MappedObjectName><ExtObjId>6</ExtObjId><MappedObjectType>C</MappedObjectType><FieldLength>50</FieldLength><VarPrecision>0</VarPrecision><RelationId>0</RelationId><IsEncrypted>N</IsEncrypted><IsMasked>N</IsMasked><MaskingPattern>X</MaskingPattern>
	</RowData>
	<RowData><ProcessDefId>14</ProcessDefId><VariableId>81</VariableId><VarFieldId>32</VarFieldId><TypeId>4</TypeId><TypeFieldId>31</TypeFieldId><ParentVarFieldId>1</ParentVarFieldId><MappedObjectName>CONF_SER</MappedObjectName><ExtObjId>6</ExtObjId><MappedObjectType>C</MappedObjectType><FieldLength>2</FieldLength><VarPrecision>0</VarPrecision><RelationId>0</RelationId><IsEncrypted>N</IsEncrypted><IsMasked>N</IsMasked><MaskingPattern>X</MaskingPattern>
	</RowData>
	<RowData><ProcessDefId>14</ProcessDefId><VariableId>81</VariableId><VarFieldId>33</VarFieldId><TypeId>4</TypeId><TypeFieldId>32</TypeFieldId><ParentVarFieldId>1</ParentVarFieldId><MappedObjectName>CONDITION_1</MappedObjectName><ExtObjId>6</ExtObjId><MappedObjectType>C</MappedObjectType><FieldLength>50</FieldLength><VarPrecision>0</VarPrecision><RelationId>0</RelationId><IsEncrypted>N</IsEncrypted><IsMasked>N</IsMasked><MaskingPattern>X</MaskingPattern>
	</RowData>
	<RowData><ProcessDefId>14</ProcessDefId><VariableId>81</VariableId><VarFieldId>34</VarFieldId><TypeId>4</TypeId><TypeFieldId>33</TypeFieldId><ParentVarFieldId>1</ParentVarFieldId><MappedObjectName>TAX_CODE</MappedObjectName><ExtObjId>6</ExtObjId><MappedObjectType>C</MappedObjectType><FieldLength>50</FieldLength><VarPrecision>0</VarPrecision><RelationId>0</RelationId><IsEncrypted>N</IsEncrypted><IsMasked>N</IsMasked><MaskingPattern>X</MaskingPattern>
	</RowData>
	<RowData><ProcessDefId>14</ProcessDefId><VariableId>81</VariableId><VarFieldId>35</VarFieldId><TypeId>4</TypeId><TypeFieldId>34</TypeFieldId><ParentVarFieldId>1</ParentVarFieldId><MappedObjectName>DELIV_QTY</MappedObjectName><ExtObjId>6</ExtObjId><MappedObjectType>C</MappedObjectType><FieldLength>50</FieldLength><VarPrecision>0</VarPrecision><RelationId>0</RelationId><IsEncrypted>N</IsEncrypted><IsMasked>N</IsMasked><MaskingPattern>X</MaskingPattern>
	</RowData>
	<RowData><ProcessDefId>14</ProcessDefId><VariableId>81</VariableId><VarFieldId>36</VarFieldId><TypeId>4</TypeId><TypeFieldId>35</TypeFieldId><ParentVarFieldId>1</ParentVarFieldId><MappedObjectName>DELIV_UNIT</MappedObjectName><ExtObjId>6</ExtObjId><MappedObjectType>C</MappedObjectType><FieldLength>50</FieldLength><VarPrecision>0</VarPrecision><RelationId>0</RelationId><IsEncrypted>N</IsEncrypted><IsMasked>N</IsMasked><MaskingPattern>X</MaskingPattern>
	</RowData>
	<RowData><ProcessDefId>14</ProcessDefId><VariableId>81</VariableId><VarFieldId>37</VarFieldId><TypeId>4</TypeId><TypeFieldId>36</TypeFieldId><ParentVarFieldId>1</ParentVarFieldId><MappedObjectName>PUR_MAT</MappedObjectName><ExtObjId>6</ExtObjId><MappedObjectType>C</MappedObjectType><FieldLength>50</FieldLength><VarPrecision>0</VarPrecision><RelationId>0</RelationId><IsEncrypted>N</IsEncrypted><IsMasked>N</IsMasked><MaskingPattern>X</MaskingPattern>
	</RowData>
	<RowData><ProcessDefId>14</ProcessDefId><VariableId>81</VariableId><VarFieldId>38</VarFieldId><TypeId>4</TypeId><TypeFieldId>37</TypeFieldId><ParentVarFieldId>1</ParentVarFieldId><MappedObjectName>LOC_CURR</MappedObjectName><ExtObjId>6</ExtObjId><MappedObjectType>C</MappedObjectType><FieldLength>50</FieldLength><VarPrecision>0</VarPrecision><RelationId>0</RelationId><IsEncrypted>N</IsEncrypted><IsMasked>N</IsMasked><MaskingPattern>X</MaskingPattern>
	</RowData>
	<RowData><ProcessDefId>14</ProcessDefId><VariableId>81</VariableId><VarFieldId>39</VarFieldId><TypeId>4</TypeId><TypeFieldId>38</TypeFieldId><ParentVarFieldId>1</ParentVarFieldId><MappedObjectName>BATCH</MappedObjectName><ExtObjId>6</ExtObjId><MappedObjectType>C</MappedObjectType><FieldLength>50</FieldLength><VarPrecision>0</VarPrecision><RelationId>0</RelationId><IsEncrypted>N</IsEncrypted><IsMasked>N</IsMasked><MaskingPattern>X</MaskingPattern>
	</RowData>
	<RowData><ProcessDefId>14</ProcessDefId><VariableId>81</VariableId><VarFieldId>40</VarFieldId><TypeId>4</TypeId><TypeFieldId>39</TypeFieldId><ParentVarFieldId>1</ParentVarFieldId><MappedObjectName>DOC_DATE</MappedObjectName><ExtObjId>6</ExtObjId><MappedObjectType>C</MappedObjectType><FieldLength>8</FieldLength><VarPrecision>0</VarPrecision><RelationId>0</RelationId><IsEncrypted>N</IsEncrypted><IsMasked>N</IsMasked><MaskingPattern>X</MaskingPattern>
	</RowData>
	<RowData><ProcessDefId>14</ProcessDefId><VariableId>81</VariableId><VarFieldId>41</VarFieldId><TypeId>4</TypeId><TypeFieldId>40</TypeFieldId><ParentVarFieldId>1</ParentVarFieldId><MappedObjectName>CURRENCY_ISO</MappedObjectName><ExtObjId>6</ExtObjId><MappedObjectType>C</MappedObjectType><FieldLength>50</FieldLength><VarPrecision>0</VarPrecision><RelationId>0</RelationId><IsEncrypted>N</IsEncrypted><IsMasked>N</IsMasked><MaskingPattern>X</MaskingPattern>
	</RowData>
	<RowData><ProcessDefId>14</ProcessDefId><VariableId>81</VariableId><VarFieldId>42</VarFieldId><TypeId>4</TypeId><TypeFieldId>41</TypeFieldId><ParentVarFieldId>1</ParentVarFieldId><MappedObjectName>LOC_CURR_ISO</MappedObjectName><ExtObjId>6</ExtObjId><MappedObjectType>C</MappedObjectType><FieldLength>50</FieldLength><VarPrecision>0</VarPrecision><RelationId>0</RelationId><IsEncrypted>N</IsEncrypted><IsMasked>N</IsMasked><MaskingPattern>X</MaskingPattern>
	</RowData>
	<RowData><ProcessDefId>14</ProcessDefId><VariableId>81</VariableId><VarFieldId>43</VarFieldId><TypeId>4</TypeId><TypeFieldId>42</TypeFieldId><ParentVarFieldId>1</ParentVarFieldId><MappedObjectName>DELIV_UNIT_ISO</MappedObjectName><ExtObjId>6</ExtObjId><MappedObjectType>C</MappedObjectType><FieldLength>50</FieldLength><VarPrecision>0</VarPrecision><RelationId>0</RelationId><IsEncrypted>N</IsEncrypted><IsMasked>N</IsMasked><MaskingPattern>X</MaskingPattern>
	</RowData>
	<RowData><ProcessDefId>14</ProcessDefId><VariableId>81</VariableId><VarFieldId>44</VarFieldId><TypeId>4</TypeId><TypeFieldId>43</TypeFieldId><ParentVarFieldId>1</ParentVarFieldId><MappedObjectName>MATERIAL_EXTERNAL</MappedObjectName><ExtObjId>6</ExtObjId><MappedObjectType>C</MappedObjectType><FieldLength>50</FieldLength><VarPrecision>0</VarPrecision><RelationId>0</RelationId><IsEncrypted>N</IsEncrypted><IsMasked>N</IsMasked><MaskingPattern>X</MaskingPattern>
	</RowData>
	<RowData><ProcessDefId>14</ProcessDefId><VariableId>81</VariableId><VarFieldId>45</VarFieldId><TypeId>4</TypeId><TypeFieldId>44</TypeFieldId><ParentVarFieldId>1</ParentVarFieldId><MappedObjectName>MATERIAL_GUID</MappedObjectName><ExtObjId>6</ExtObjId><MappedObjectType>C</MappedObjectType><FieldLength>50</FieldLength><VarPrecision>0</VarPrecision><RelationId>0</RelationId><IsEncrypted>N</IsEncrypted><IsMasked>N</IsMasked><MaskingPattern>X</MaskingPattern>
	</RowData>
	<RowData><ProcessDefId>14</ProcessDefId><VariableId>81</VariableId><VarFieldId>46</VarFieldId><TypeId>4</TypeId><TypeFieldId>45</TypeFieldId><ParentVarFieldId>1</ParentVarFieldId><MappedObjectName>MATERIAL_VERSION</MappedObjectName><ExtObjId>6</ExtObjId><MappedObjectType>C</MappedObjectType><FieldLength>50</FieldLength><VarPrecision>0</VarPrecision><RelationId>0</RelationId><IsEncrypted>N</IsEncrypted><IsMasked>N</IsMasked><MaskingPattern>X</MaskingPattern>
	</RowData>
	<RowData><ProcessDefId>14</ProcessDefId><VariableId>81</VariableId><VarFieldId>47</VarFieldId><TypeId>4</TypeId><TypeFieldId>46</TypeFieldId><ParentVarFieldId>1</ParentVarFieldId><MappedObjectName>PUR_MAT_EXTERNAL</MappedObjectName><ExtObjId>6</ExtObjId><MappedObjectType>C</MappedObjectType><FieldLength>50</FieldLength><VarPrecision>0</VarPrecision><RelationId>0</RelationId><IsEncrypted>N</IsEncrypted><IsMasked>N</IsMasked><MaskingPattern>X</MaskingPattern>
	</RowData>
	<RowData><ProcessDefId>14</ProcessDefId><VariableId>81</VariableId><VarFieldId>48</VarFieldId><TypeId>4</TypeId><TypeFieldId>47</TypeFieldId><ParentVarFieldId>1</ParentVarFieldId><MappedObjectName>PUR_MAT_GUID</MappedObjectName><ExtObjId>6</ExtObjId><MappedObjectType>C</MappedObjectType><FieldLength>50</FieldLength><VarPrecision>0</VarPrecision><RelationId>0</RelationId><IsEncrypted>N</IsEncrypted><IsMasked>N</IsMasked><MaskingPattern>X</MaskingPattern>
	</RowData>
	<RowData><ProcessDefId>14</ProcessDefId><VariableId>81</VariableId><VarFieldId>49</VarFieldId><TypeId>4</TypeId><TypeFieldId>48</TypeFieldId><ParentVarFieldId>1</ParentVarFieldId><MappedObjectName>PUR_MAT_VERSION</MappedObjectName><ExtObjId>6</ExtObjId><MappedObjectType>C</MappedObjectType><FieldLength>50</FieldLength><VarPrecision>0</VarPrecision><RelationId>0</RelationId><IsEncrypted>N</IsEncrypted><IsMasked>N</IsMasked><MaskingPattern>X</MaskingPattern>
	</RowData>
	<RowData><ProcessDefId>14</ProcessDefId><VariableId>81</VariableId><VarFieldId>50</VarFieldId><TypeId>4</TypeId><TypeFieldId>49</TypeFieldId><ParentVarFieldId>1</ParentVarFieldId><MappedObjectName>REF_DOC_NO_LONG</MappedObjectName><ExtObjId>6</ExtObjId><MappedObjectType>C</MappedObjectType><FieldLength>50</FieldLength><VarPrecision>0</VarPrecision><RelationId>0</RelationId><IsEncrypted>N</IsEncrypted><IsMasked>N</IsMasked><MaskingPattern>X</MaskingPattern>
	</RowData>
	<RowData><ProcessDefId>14</ProcessDefId><VariableId>81</VariableId><VarFieldId>51</VarFieldId><TypeId>4</TypeId><TypeFieldId>50</TypeFieldId><ParentVarFieldId>1</ParentVarFieldId><MappedObjectName>STK_SEGMENT</MappedObjectName><ExtObjId>6</ExtObjId><MappedObjectType>C</MappedObjectType><FieldLength>50</FieldLength><VarPrecision>0</VarPrecision><RelationId>0</RelationId><IsEncrypted>N</IsEncrypted><IsMasked>N</IsMasked><MaskingPattern>X</MaskingPattern>
	</RowData>
	<RowData><ProcessDefId>14</ProcessDefId><VariableId>82</VariableId><VarFieldId>1</VarFieldId><TypeId>5</TypeId><TypeFieldId>0</TypeFieldId><ParentVarFieldId>0</ParentVarFieldId><MappedObjectName>complex_orient_poitem_history</MappedObjectName><ExtObjId>7</ExtObjId><MappedObjectType>T</MappedObjectType><FieldLength>0</FieldLength><VarPrecision>0</VarPrecision><RelationId>6</RelationId><IsEncrypted>N</IsEncrypted><IsMasked>N</IsMasked><MaskingPattern>X</MaskingPattern>
	</RowData>
	<RowData><ProcessDefId>14</ProcessDefId><VariableId>82</VariableId><VarFieldId>2</VarFieldId><TypeId>5</TypeId><TypeFieldId>1</TypeFieldId><ParentVarFieldId>1</ParentVarFieldId><MappedObjectName>PO_ITEM</MappedObjectName><ExtObjId>7</ExtObjId><MappedObjectType>C</MappedObjectType><FieldLength>2</FieldLength><VarPrecision>0</VarPrecision><RelationId>0</RelationId><IsEncrypted>N</IsEncrypted><IsMasked>N</IsMasked><MaskingPattern>X</MaskingPattern>
	</RowData>
	<RowData><ProcessDefId>14</ProcessDefId><VariableId>82</VariableId><VarFieldId>3</VarFieldId><TypeId>5</TypeId><TypeFieldId>2</TypeFieldId><ParentVarFieldId>1</ParentVarFieldId><MappedObjectName>SERIAL_NO</MappedObjectName><ExtObjId>7</ExtObjId><MappedObjectType>C</MappedObjectType><FieldLength>2</FieldLength><VarPrecision>0</VarPrecision><RelationId>0</RelationId><IsEncrypted>N</IsEncrypted><IsMasked>N</IsMasked><MaskingPattern>X</MaskingPattern>
	</RowData>
	<RowData><ProcessDefId>14</ProcessDefId><VariableId>82</VariableId><VarFieldId>4</VarFieldId><TypeId>5</TypeId><TypeFieldId>3</TypeFieldId><ParentVarFieldId>1</ParentVarFieldId><MappedObjectName>PROCESS_ID</MappedObjectName><ExtObjId>7</ExtObjId><MappedObjectType>C</MappedObjectType><FieldLength>50</FieldLength><VarPrecision>0</VarPrecision><RelationId>0</RelationId><IsEncrypted>N</IsEncrypted><IsMasked>N</IsMasked><MaskingPattern>X</MaskingPattern>
	</RowData>
	<RowData><ProcessDefId>14</ProcessDefId><VariableId>82</VariableId><VarFieldId>5</VarFieldId><TypeId>5</TypeId><TypeFieldId>4</TypeFieldId><ParentVarFieldId>1</ParentVarFieldId><MappedObjectName>DOC_YEAR</MappedObjectName><ExtObjId>7</ExtObjId><MappedObjectType>C</MappedObjectType><FieldLength>2</FieldLength><VarPrecision>0</VarPrecision><RelationId>0</RelationId><IsEncrypted>N</IsEncrypted><IsMasked>N</IsMasked><MaskingPattern>X</MaskingPattern>
	</RowData>
	<RowData><ProcessDefId>14</ProcessDefId><VariableId>82</VariableId><VarFieldId>6</VarFieldId><TypeId>5</TypeId><TypeFieldId>5</TypeFieldId><ParentVarFieldId>1</ParentVarFieldId><MappedObjectName>MAT_DOC</MappedObjectName><ExtObjId>7</ExtObjId><MappedObjectType>C</MappedObjectType><FieldLength>50</FieldLength><VarPrecision>0</VarPrecision><RelationId>0</RelationId><IsEncrypted>N</IsEncrypted><IsMasked>N</IsMasked><MaskingPattern>X</MaskingPattern>
	</RowData>
	<RowData><ProcessDefId>14</ProcessDefId><VariableId>82</VariableId><VarFieldId>7</VarFieldId><TypeId>5</TypeId><TypeFieldId>6</TypeFieldId><ParentVarFieldId>1</ParentVarFieldId><MappedObjectName>MATDOC_ITM</MappedObjectName><ExtObjId>7</ExtObjId><MappedObjectType>C</MappedObjectType><FieldLength>2</FieldLength><VarPrecision>0</VarPrecision><RelationId>0</RelationId><IsEncrypted>N</IsEncrypted><IsMasked>N</IsMasked><MaskingPattern>X</MaskingPattern>
	</RowData>
	<RowData><ProcessDefId>14</ProcessDefId><VariableId>82</VariableId><VarFieldId>8</VarFieldId><TypeId>5</TypeId><TypeFieldId>7</TypeFieldId><ParentVarFieldId>1</ParentVarFieldId><MappedObjectName>HIST_TYPE</MappedObjectName><ExtObjId>7</ExtObjId><MappedObjectType>C</MappedObjectType><FieldLength>50</FieldLength><VarPrecision>0</VarPrecision><RelationId>0</RelationId><IsEncrypted>N</IsEncrypted><IsMasked>N</IsMasked><MaskingPattern>X</MaskingPattern>
	</RowData>
	<RowData><ProcessDefId>14</ProcessDefId><VariableId>82</VariableId><VarFieldId>9</VarFieldId><TypeId>5</TypeId><TypeFieldId>8</TypeFieldId><ParentVarFieldId>1</ParentVarFieldId><MappedObjectName>MOVE_TYPE</MappedObjectName><ExtObjId>7</ExtObjId><MappedObjectType>C</MappedObjectType><FieldLength>50</FieldLength><VarPrecision>0</VarPrecision><RelationId>0</RelationId><IsEncrypted>N</IsEncrypted><IsMasked>N</IsMasked><MaskingPattern>X</MaskingPattern>
	</RowData>
	<RowData><ProcessDefId>14</ProcessDefId><VariableId>82</VariableId><VarFieldId>10</VarFieldId><TypeId>5</TypeId><TypeFieldId>9</TypeFieldId><ParentVarFieldId>1</ParentVarFieldId><MappedObjectName>PSTNG_DATE</MappedObjectName><ExtObjId>7</ExtObjId><MappedObjectType>C</MappedObjectType><FieldLength>8</FieldLength><VarPrecision>0</VarPrecision><RelationId>0</RelationId><IsEncrypted>N</IsEncrypted><IsMasked>N</IsMasked><MaskingPattern>X</MaskingPattern>
	</RowData>
	<RowData><ProcessDefId>14</ProcessDefId><VariableId>82</VariableId><VarFieldId>11</VarFieldId><TypeId>5</TypeId><TypeFieldId>10</TypeFieldId><ParentVarFieldId>1</ParentVarFieldId><MappedObjectName>QUANTITY</MappedObjectName><ExtObjId>7</ExtObjId><MappedObjectType>C</MappedObjectType><FieldLength>50</FieldLength><VarPrecision>0</VarPrecision><RelationId>0</RelationId><IsEncrypted>N</IsEncrypted><IsMasked>N</IsMasked><MaskingPattern>X</MaskingPattern>
	</RowData>
	<RowData><ProcessDefId>14</ProcessDefId><VariableId>82</VariableId><VarFieldId>12</VarFieldId><TypeId>5</TypeId><TypeFieldId>11</TypeFieldId><ParentVarFieldId>1</ParentVarFieldId><MappedObjectName>VAL_LOCCUR</MappedObjectName><ExtObjId>7</ExtObjId><MappedObjectType>C</MappedObjectType><FieldLength>50</FieldLength><VarPrecision>0</VarPrecision><RelationId>0</RelationId><IsEncrypted>N</IsEncrypted><IsMasked>N</IsMasked><MaskingPattern>X</MaskingPattern>
	</RowData>
	<RowData><ProcessDefId>14</ProcessDefId><VariableId>82</VariableId><VarFieldId>13</VarFieldId><TypeId>5</TypeId><TypeFieldId>12</TypeFieldId><ParentVarFieldId>1</ParentVarFieldId><MappedObjectName>VAL_FORCUR</MappedObjectName><ExtObjId>7</ExtObjId><MappedObjectType>C</MappedObjectType><FieldLength>50</FieldLength><VarPrecision>0</VarPrecision><RelationId>0</RelationId><IsEncrypted>N</IsEncrypted><IsMasked>N</IsMasked><MaskingPattern>X</MaskingPattern>
	</RowData>
	<RowData><ProcessDefId>14</ProcessDefId><VariableId>82</VariableId><VarFieldId>14</VarFieldId><TypeId>5</TypeId><TypeFieldId>13</TypeFieldId><ParentVarFieldId>1</ParentVarFieldId><MappedObjectName>CURRENCY</MappedObjectName><ExtObjId>7</ExtObjId><MappedObjectType>C</MappedObjectType><FieldLength>50</FieldLength><VarPrecision>0</VarPrecision><RelationId>0</RelationId><IsEncrypted>N</IsEncrypted><IsMasked>N</IsMasked><MaskingPattern>X</MaskingPattern>
	</RowData>
	<RowData><ProcessDefId>14</ProcessDefId><VariableId>82</VariableId><VarFieldId>15</VarFieldId><TypeId>5</TypeId><TypeFieldId>14</TypeFieldId><ParentVarFieldId>1</ParentVarFieldId><MappedObjectName>CL_VAL_LOC</MappedObjectName><ExtObjId>7</ExtObjId><MappedObjectType>C</MappedObjectType><FieldLength>50</FieldLength><VarPrecision>0</VarPrecision><RelationId>0</RelationId><IsEncrypted>N</IsEncrypted><IsMasked>N</IsMasked><MaskingPattern>X</MaskingPattern>
	</RowData>
	<RowData><ProcessDefId>14</ProcessDefId><VariableId>82</VariableId><VarFieldId>16</VarFieldId><TypeId>5</TypeId><TypeFieldId>15</TypeFieldId><ParentVarFieldId>1</ParentVarFieldId><MappedObjectName>BLOCKED_QY</MappedObjectName><ExtObjId>7</ExtObjId><MappedObjectType>C</MappedObjectType><FieldLength>50</FieldLength><VarPrecision>0</VarPrecision><RelationId>0</RelationId><IsEncrypted>N</IsEncrypted><IsMasked>N</IsMasked><MaskingPattern>X</MaskingPattern>
	</RowData>
	<RowData><ProcessDefId>14</ProcessDefId><VariableId>82</VariableId><VarFieldId>17</VarFieldId><TypeId>5</TypeId><TypeFieldId>16</TypeFieldId><ParentVarFieldId>1</ParentVarFieldId><MappedObjectName>BL_QTY</MappedObjectName><ExtObjId>7</ExtObjId><MappedObjectType>C</MappedObjectType><FieldLength>50</FieldLength><VarPrecision>0</VarPrecision><RelationId>0</RelationId><IsEncrypted>N</IsEncrypted><IsMasked>N</IsMasked><MaskingPattern>X</MaskingPattern>
	</RowData>
	<RowData><ProcessDefId>14</ProcessDefId><VariableId>82</VariableId><VarFieldId>18</VarFieldId><TypeId>5</TypeId><TypeFieldId>17</TypeFieldId><ParentVarFieldId>1</ParentVarFieldId><MappedObjectName>DB_CR_IND</MappedObjectName><ExtObjId>7</ExtObjId><MappedObjectType>C</MappedObjectType><FieldLength>50</FieldLength><VarPrecision>0</VarPrecision><RelationId>0</RelationId><IsEncrypted>N</IsEncrypted><IsMasked>N</IsMasked><MaskingPattern>X</MaskingPattern>
	</RowData>
	<RowData><ProcessDefId>14</ProcessDefId><VariableId>82</VariableId><VarFieldId>19</VarFieldId><TypeId>5</TypeId><TypeFieldId>18</TypeFieldId><ParentVarFieldId>1</ParentVarFieldId><MappedObjectName>VAL_TYPE</MappedObjectName><ExtObjId>7</ExtObjId><MappedObjectType>C</MappedObjectType><FieldLength>50</FieldLength><VarPrecision>0</VarPrecision><RelationId>0</RelationId><IsEncrypted>N</IsEncrypted><IsMasked>N</IsMasked><MaskingPattern>X</MaskingPattern>
	</RowData>
	<RowData><ProcessDefId>14</ProcessDefId><VariableId>82</VariableId><VarFieldId>20</VarFieldId><TypeId>5</TypeId><TypeFieldId>19</TypeFieldId><ParentVarFieldId>1</ParentVarFieldId><MappedObjectName>NO_MORE_GR</MappedObjectName><ExtObjId>7</ExtObjId><MappedObjectType>C</MappedObjectType><FieldLength>50</FieldLength><VarPrecision>0</VarPrecision><RelationId>0</RelationId><IsEncrypted>N</IsEncrypted><IsMasked>N</IsMasked><MaskingPattern>X</MaskingPattern>
	</RowData>
	<RowData><ProcessDefId>14</ProcessDefId><VariableId>82</VariableId><VarFieldId>21</VarFieldId><TypeId>5</TypeId><TypeFieldId>20</TypeFieldId><ParentVarFieldId>1</ParentVarFieldId><MappedObjectName>REF_DOC_NO</MappedObjectName><ExtObjId>7</ExtObjId><MappedObjectType>C</MappedObjectType><FieldLength>50</FieldLength><VarPrecision>0</VarPrecision><RelationId>0</RelationId><IsEncrypted>N</IsEncrypted><IsMasked>N</IsMasked><MaskingPattern>X</MaskingPattern>
	</RowData>
	<RowData><ProcessDefId>14</ProcessDefId><VariableId>82</VariableId><VarFieldId>22</VarFieldId><TypeId>5</TypeId><TypeFieldId>21</TypeFieldId><ParentVarFieldId>1</ParentVarFieldId><MappedObjectName>REF_DOC_YR</MappedObjectName><ExtObjId>7</ExtObjId><MappedObjectType>C</MappedObjectType><FieldLength>2</FieldLength><VarPrecision>0</VarPrecision><RelationId>0</RelationId><IsEncrypted>N</IsEncrypted><IsMasked>N</IsMasked><MaskingPattern>X</MaskingPattern>
	</RowData>
	<RowData><ProcessDefId>14</ProcessDefId><VariableId>82</VariableId><VarFieldId>23</VarFieldId><TypeId>5</TypeId><TypeFieldId>22</TypeFieldId><ParentVarFieldId>1</ParentVarFieldId><MappedObjectName>REF_DOC</MappedObjectName><ExtObjId>7</ExtObjId><MappedObjectType>C</MappedObjectType><FieldLength>50</FieldLength><VarPrecision>0</VarPrecision><RelationId>0</RelationId><IsEncrypted>N</IsEncrypted><IsMasked>N</IsMasked><MaskingPattern>X</MaskingPattern>
	</RowData>
	<RowData><ProcessDefId>14</ProcessDefId><VariableId>82</VariableId><VarFieldId>24</VarFieldId><TypeId>5</TypeId><TypeFieldId>23</TypeFieldId><ParentVarFieldId>1</ParentVarFieldId><MappedObjectName>REF_DOC_IT</MappedObjectName><ExtObjId>7</ExtObjId><MappedObjectType>C</MappedObjectType><FieldLength>2</FieldLength><VarPrecision>0</VarPrecision><RelationId>0</RelationId><IsEncrypted>N</IsEncrypted><IsMasked>N</IsMasked><MaskingPattern>X</MaskingPattern>
	</RowData>
	<RowData><ProcessDefId>14</ProcessDefId><VariableId>82</VariableId><VarFieldId>25</VarFieldId><TypeId>5</TypeId><TypeFieldId>24</TypeFieldId><ParentVarFieldId>1</ParentVarFieldId><MappedObjectName>MOVE_REAS</MappedObjectName><ExtObjId>7</ExtObjId><MappedObjectType>C</MappedObjectType><FieldLength>2</FieldLength><VarPrecision>0</VarPrecision><RelationId>0</RelationId><IsEncrypted>N</IsEncrypted><IsMasked>N</IsMasked><MaskingPattern>X</MaskingPattern>
	</RowData>
	<RowData><ProcessDefId>14</ProcessDefId><VariableId>82</VariableId><VarFieldId>26</VarFieldId><TypeId>5</TypeId><TypeFieldId>25</TypeFieldId><ParentVarFieldId>1</ParentVarFieldId><MappedObjectName>ENTRY_DATE</MappedObjectName><ExtObjId>7</ExtObjId><MappedObjectType>C</MappedObjectType><FieldLength>8</FieldLength><VarPrecision>0</VarPrecision><RelationId>0</RelationId><IsEncrypted>N</IsEncrypted><IsMasked>N</IsMasked><MaskingPattern>X</MaskingPattern>
	</RowData>
	<RowData><ProcessDefId>14</ProcessDefId><VariableId>82</VariableId><VarFieldId>27</VarFieldId><TypeId>5</TypeId><TypeFieldId>26</TypeFieldId><ParentVarFieldId>1</ParentVarFieldId><MappedObjectName>ENTRY_TIME</MappedObjectName><ExtObjId>7</ExtObjId><MappedObjectType>C</MappedObjectType><FieldLength>50</FieldLength><VarPrecision>0</VarPrecision><RelationId>0</RelationId><IsEncrypted>N</IsEncrypted><IsMasked>N</IsMasked><MaskingPattern>X</MaskingPattern>
	</RowData>
	<RowData><ProcessDefId>14</ProcessDefId><VariableId>82</VariableId><VarFieldId>28</VarFieldId><TypeId>5</TypeId><TypeFieldId>27</TypeFieldId><ParentVarFieldId>1</ParentVarFieldId><MappedObjectName>IVVAL_LOC</MappedObjectName><ExtObjId>7</ExtObjId><MappedObjectType>C</MappedObjectType><FieldLength>50</FieldLength><VarPrecision>0</VarPrecision><RelationId>0</RelationId><IsEncrypted>N</IsEncrypted><IsMasked>N</IsMasked><MaskingPattern>X</MaskingPattern>
	</RowData>
	<RowData><ProcessDefId>14</ProcessDefId><VariableId>82</VariableId><VarFieldId>29</VarFieldId><TypeId>5</TypeId><TypeFieldId>28</TypeFieldId><ParentVarFieldId>1</ParentVarFieldId><MappedObjectName>IVVAL_FOR</MappedObjectName><ExtObjId>7</ExtObjId><MappedObjectType>C</MappedObjectType><FieldLength>50</FieldLength><VarPrecision>0</VarPrecision><RelationId>0</RelationId><IsEncrypted>N</IsEncrypted><IsMasked>N</IsMasked><MaskingPattern>X</MaskingPattern>
	</RowData>
	<RowData><ProcessDefId>14</ProcessDefId><VariableId>82</VariableId><VarFieldId>30</VarFieldId><TypeId>5</TypeId><TypeFieldId>29</TypeFieldId><ParentVarFieldId>1</ParentVarFieldId><MappedObjectName>MATERIAL</MappedObjectName><ExtObjId>7</ExtObjId><MappedObjectType>C</MappedObjectType><FieldLength>50</FieldLength><VarPrecision>0</VarPrecision><RelationId>0</RelationId><IsEncrypted>N</IsEncrypted><IsMasked>N</IsMasked><MaskingPattern>X</MaskingPattern>
	</RowData>
	<RowData><ProcessDefId>14</ProcessDefId><VariableId>82</VariableId><VarFieldId>31</VarFieldId><TypeId>5</TypeId><TypeFieldId>30</TypeFieldId><ParentVarFieldId>1</ParentVarFieldId><MappedObjectName>PLANT</MappedObjectName><ExtObjId>7</ExtObjId><MappedObjectType>C</MappedObjectType><FieldLength>50</FieldLength><VarPrecision>0</VarPrecision><RelationId>0</RelationId><IsEncrypted>N</IsEncrypted><IsMasked>N</IsMasked><MaskingPattern>X</MaskingPattern>
	</RowData>
	<RowData><ProcessDefId>14</ProcessDefId><VariableId>82</VariableId><VarFieldId>32</VarFieldId><TypeId>5</TypeId><TypeFieldId>31</TypeFieldId><ParentVarFieldId>1</ParentVarFieldId><MappedObjectName>CONF_SER</MappedObjectName><ExtObjId>7</ExtObjId><MappedObjectType>C</MappedObjectType><FieldLength>2</FieldLength><VarPrecision>0</VarPrecision><RelationId>0</RelationId><IsEncrypted>N</IsEncrypted><IsMasked>N</IsMasked><MaskingPattern>X</MaskingPattern>
	</RowData>
	<RowData><ProcessDefId>14</ProcessDefId><VariableId>82</VariableId><VarFieldId>33</VarFieldId><TypeId>5</TypeId><TypeFieldId>32</TypeFieldId><ParentVarFieldId>1</ParentVarFieldId><MappedObjectName>CONDITION_1</MappedObjectName><ExtObjId>7</ExtObjId><MappedObjectType>C</MappedObjectType><FieldLength>50</FieldLength><VarPrecision>0</VarPrecision><RelationId>0</RelationId><IsEncrypted>N</IsEncrypted><IsMasked>N</IsMasked><MaskingPattern>X</MaskingPattern>
	</RowData>
	<RowData><ProcessDefId>14</ProcessDefId><VariableId>82</VariableId><VarFieldId>34</VarFieldId><TypeId>5</TypeId><TypeFieldId>33</TypeFieldId><ParentVarFieldId>1</ParentVarFieldId><MappedObjectName>TAX_CODE</MappedObjectName><ExtObjId>7</ExtObjId><MappedObjectType>C</MappedObjectType><FieldLength>50</FieldLength><VarPrecision>0</VarPrecision><RelationId>0</RelationId><IsEncrypted>N</IsEncrypted><IsMasked>N</IsMasked><MaskingPattern>X</MaskingPattern>
	</RowData>
	<RowData><ProcessDefId>14</ProcessDefId><VariableId>82</VariableId><VarFieldId>35</VarFieldId><TypeId>5</TypeId><TypeFieldId>34</TypeFieldId><ParentVarFieldId>1</ParentVarFieldId><MappedObjectName>DELIV_QTY</MappedObjectName><ExtObjId>7</ExtObjId><MappedObjectType>C</MappedObjectType><FieldLength>50</FieldLength><VarPrecision>0</VarPrecision><RelationId>0</RelationId><IsEncrypted>N</IsEncrypted><IsMasked>N</IsMasked><MaskingPattern>X</MaskingPattern>
	</RowData>
	<RowData><ProcessDefId>14</ProcessDefId><VariableId>82</VariableId><VarFieldId>36</VarFieldId><TypeId>5</TypeId><TypeFieldId>35</TypeFieldId><ParentVarFieldId>1</ParentVarFieldId><MappedObjectName>DELIV_UNIT</MappedObjectName><ExtObjId>7</ExtObjId><MappedObjectType>C</MappedObjectType><FieldLength>50</FieldLength><VarPrecision>0</VarPrecision><RelationId>0</RelationId><IsEncrypted>N</IsEncrypted><IsMasked>N</IsMasked><MaskingPattern>X</MaskingPattern>
	</RowData>
	<RowData><ProcessDefId>14</ProcessDefId><VariableId>82</VariableId><VarFieldId>37</VarFieldId><TypeId>5</TypeId><TypeFieldId>36</TypeFieldId><ParentVarFieldId>1</ParentVarFieldId><MappedObjectName>PUR_MAT</MappedObjectName><ExtObjId>7</ExtObjId><MappedObjectType>C</MappedObjectType><FieldLength>50</FieldLength><VarPrecision>0</VarPrecision><RelationId>0</RelationId><IsEncrypted>N</IsEncrypted><IsMasked>N</IsMasked><MaskingPattern>X</MaskingPattern>
	</RowData>
	<RowData><ProcessDefId>14</ProcessDefId><VariableId>82</VariableId><VarFieldId>38</VarFieldId><TypeId>5</TypeId><TypeFieldId>37</TypeFieldId><ParentVarFieldId>1</ParentVarFieldId><MappedObjectName>LOC_CURR</MappedObjectName><ExtObjId>7</ExtObjId><MappedObjectType>C</MappedObjectType><FieldLength>50</FieldLength><VarPrecision>0</VarPrecision><RelationId>0</RelationId><IsEncrypted>N</IsEncrypted><IsMasked>N</IsMasked><MaskingPattern>X</MaskingPattern>
	</RowData>
	<RowData><ProcessDefId>14</ProcessDefId><VariableId>82</VariableId><VarFieldId>39</VarFieldId><TypeId>5</TypeId><TypeFieldId>38</TypeFieldId><ParentVarFieldId>1</ParentVarFieldId><MappedObjectName>BATCH</MappedObjectName><ExtObjId>7</ExtObjId><MappedObjectType>C</MappedObjectType><FieldLength>50</FieldLength><VarPrecision>0</VarPrecision><RelationId>0</RelationId><IsEncrypted>N</IsEncrypted><IsMasked>N</IsMasked><MaskingPattern>X</MaskingPattern>
	</RowData>
	<RowData><ProcessDefId>14</ProcessDefId><VariableId>82</VariableId><VarFieldId>40</VarFieldId><TypeId>5</TypeId><TypeFieldId>39</TypeFieldId><ParentVarFieldId>1</ParentVarFieldId><MappedObjectName>DOC_DATE</MappedObjectName><ExtObjId>7</ExtObjId><MappedObjectType>C</MappedObjectType><FieldLength>8</FieldLength><VarPrecision>0</VarPrecision><RelationId>0</RelationId><IsEncrypted>N</IsEncrypted><IsMasked>N</IsMasked><MaskingPattern>X</MaskingPattern>
	</RowData>
	<RowData><ProcessDefId>14</ProcessDefId><VariableId>82</VariableId><VarFieldId>41</VarFieldId><TypeId>5</TypeId><TypeFieldId>40</TypeFieldId><ParentVarFieldId>1</ParentVarFieldId><MappedObjectName>CURRENCY_ISO</MappedObjectName><ExtObjId>7</ExtObjId><MappedObjectType>C</MappedObjectType><FieldLength>50</FieldLength><VarPrecision>0</VarPrecision><RelationId>0</RelationId><IsEncrypted>N</IsEncrypted><IsMasked>N</IsMasked><MaskingPattern>X</MaskingPattern>
	</RowData>
	<RowData><ProcessDefId>14</ProcessDefId><VariableId>82</VariableId><VarFieldId>42</VarFieldId><TypeId>5</TypeId><TypeFieldId>41</TypeFieldId><ParentVarFieldId>1</ParentVarFieldId><MappedObjectName>LOC_CURR_ISO</MappedObjectName><ExtObjId>7</ExtObjId><MappedObjectType>C</MappedObjectType><FieldLength>50</FieldLength><VarPrecision>0</VarPrecision><RelationId>0</RelationId><IsEncrypted>N</IsEncrypted><IsMasked>N</IsMasked><MaskingPattern>X</MaskingPattern>
	</RowData>
	<RowData><ProcessDefId>14</ProcessDefId><VariableId>82</VariableId><VarFieldId>43</VarFieldId><TypeId>5</TypeId><TypeFieldId>42</TypeFieldId><ParentVarFieldId>1</ParentVarFieldId><MappedObjectName>DELIV_UNIT_ISO</MappedObjectName><ExtObjId>7</ExtObjId><MappedObjectType>C</MappedObjectType><FieldLength>50</FieldLength><VarPrecision>0</VarPrecision><RelationId>0</RelationId><IsEncrypted>N</IsEncrypted><IsMasked>N</IsMasked><MaskingPattern>X</MaskingPattern>
	</RowData>
	<RowData><ProcessDefId>14</ProcessDefId><VariableId>82</VariableId><VarFieldId>44</VarFieldId><TypeId>5</TypeId><TypeFieldId>43</TypeFieldId><ParentVarFieldId>1</ParentVarFieldId><MappedObjectName>MATERIAL_EXTERNAL</MappedObjectName><ExtObjId>7</ExtObjId><MappedObjectType>C</MappedObjectType><FieldLength>50</FieldLength><VarPrecision>0</VarPrecision><RelationId>0</RelationId><IsEncrypted>N</IsEncrypted><IsMasked>N</IsMasked><MaskingPattern>X</MaskingPattern>
	</RowData>
	<RowData><ProcessDefId>14</ProcessDefId><VariableId>82</VariableId><VarFieldId>45</VarFieldId><TypeId>5</TypeId><TypeFieldId>44</TypeFieldId><ParentVarFieldId>1</ParentVarFieldId><MappedObjectName>MATERIAL_GUID</MappedObjectName><ExtObjId>7</ExtObjId><MappedObjectType>C</MappedObjectType><FieldLength>50</FieldLength><VarPrecision>0</VarPrecision><RelationId>0</RelationId><IsEncrypted>N</IsEncrypted><IsMasked>N</IsMasked><MaskingPattern>X</MaskingPattern>
	</RowData>
	<RowData><ProcessDefId>14</ProcessDefId><VariableId>82</VariableId><VarFieldId>46</VarFieldId><TypeId>5</TypeId><TypeFieldId>45</TypeFieldId><ParentVarFieldId>1</ParentVarFieldId><MappedObjectName>MATERIAL_VERSION</MappedObjectName><ExtObjId>7</ExtObjId><MappedObjectType>C</MappedObjectType><FieldLength>50</FieldLength><VarPrecision>0</VarPrecision><RelationId>0</RelationId><IsEncrypted>N</IsEncrypted><IsMasked>N</IsMasked><MaskingPattern>X</MaskingPattern>
	</RowData>
	<RowData><ProcessDefId>14</ProcessDefId><VariableId>82</VariableId><VarFieldId>47</VarFieldId><TypeId>5</TypeId><TypeFieldId>46</TypeFieldId><ParentVarFieldId>1</ParentVarFieldId><MappedObjectName>PUR_MAT_EXTERNAL</MappedObjectName><ExtObjId>7</ExtObjId><MappedObjectType>C</MappedObjectType><FieldLength>50</FieldLength><VarPrecision>0</VarPrecision><RelationId>0</RelationId><IsEncrypted>N</IsEncrypted><IsMasked>N</IsMasked><MaskingPattern>X</MaskingPattern>
	</RowData>
	<RowData><ProcessDefId>14</ProcessDefId><VariableId>82</VariableId><VarFieldId>48</VarFieldId><TypeId>5</TypeId><TypeFieldId>47</TypeFieldId><ParentVarFieldId>1</ParentVarFieldId><MappedObjectName>PUR_MAT_GUID</MappedObjectName><ExtObjId>7</ExtObjId><MappedObjectType>C</MappedObjectType><FieldLength>50</FieldLength><VarPrecision>0</VarPrecision><RelationId>0</RelationId><IsEncrypted>N</IsEncrypted><IsMasked>N</IsMasked><MaskingPattern>X</MaskingPattern>
	</RowData>
	<RowData><ProcessDefId>14</ProcessDefId><VariableId>82</VariableId><VarFieldId>49</VarFieldId><TypeId>5</TypeId><TypeFieldId>48</TypeFieldId><ParentVarFieldId>1</ParentVarFieldId><MappedObjectName>PUR_MAT_VERSION</MappedObjectName><ExtObjId>7</ExtObjId><MappedObjectType>C</MappedObjectType><FieldLength>50</FieldLength><VarPrecision>0</VarPrecision><RelationId>0</RelationId><IsEncrypted>N</IsEncrypted><IsMasked>N</IsMasked><MaskingPattern>X</MaskingPattern>
	</RowData>
	<RowData><ProcessDefId>14</ProcessDefId><VariableId>82</VariableId><VarFieldId>50</VarFieldId><TypeId>5</TypeId><TypeFieldId>49</TypeFieldId><ParentVarFieldId>1</ParentVarFieldId><MappedObjectName>REF_DOC_NO_LONG</MappedObjectName><ExtObjId>7</ExtObjId><MappedObjectType>C</MappedObjectType><FieldLength>50</FieldLength><VarPrecision>0</VarPrecision><RelationId>0</RelationId><IsEncrypted>N</IsEncrypted><IsMasked>N</IsMasked><MaskingPattern>X</MaskingPattern>
	</RowData>
	<RowData><ProcessDefId>14</ProcessDefId><VariableId>82</VariableId><VarFieldId>51</VarFieldId><TypeId>5</TypeId><TypeFieldId>50</TypeFieldId><ParentVarFieldId>1</ParentVarFieldId><MappedObjectName>STK_SEGMENT</MappedObjectName><ExtObjId>7</ExtObjId><MappedObjectType>C</MappedObjectType><FieldLength>50</FieldLength><VarPrecision>0</VarPrecision><RelationId>0</RelationId><IsEncrypted>N</IsEncrypted><IsMasked>N</IsMasked><MaskingPattern>X</MaskingPattern>
	</RowData>
	<RowData><ProcessDefId>14</ProcessDefId><VariableId>84</VariableId><VarFieldId>1</VarFieldId><TypeId>6</TypeId><TypeFieldId>0</TypeFieldId><ParentVarFieldId>0</ParentVarFieldId><MappedObjectName>complex_orient_serviceapproval</MappedObjectName><ExtObjId>8</ExtObjId><MappedObjectType>T</MappedObjectType><FieldLength>0</FieldLength><VarPrecision>0</VarPrecision><RelationId>7</RelationId><IsEncrypted>N</IsEncrypted><IsMasked>N</IsMasked><MaskingPattern>X</MaskingPattern>
	</RowData>
	<RowData><ProcessDefId>14</ProcessDefId><VariableId>84</VariableId><VarFieldId>2</VarFieldId><TypeId>6</TypeId><TypeFieldId>1</TypeFieldId><ParentVarFieldId>1</ParentVarFieldId><MappedObjectName>actedby</MappedObjectName><ExtObjId>8</ExtObjId><MappedObjectType>C</MappedObjectType><FieldLength>150</FieldLength><VarPrecision>0</VarPrecision><RelationId>0</RelationId><IsEncrypted>N</IsEncrypted><IsMasked>N</IsMasked><MaskingPattern>X</MaskingPattern>
	</RowData>
	<RowData><ProcessDefId>14</ProcessDefId><VariableId>84</VariableId><VarFieldId>3</VarFieldId><TypeId>6</TypeId><TypeFieldId>2</TypeFieldId><ParentVarFieldId>1</ParentVarFieldId><MappedObjectName>actedon</MappedObjectName><ExtObjId>8</ExtObjId><MappedObjectType>C</MappedObjectType><FieldLength>23</FieldLength><VarPrecision>0</VarPrecision><RelationId>0</RelationId><IsEncrypted>N</IsEncrypted><IsMasked>N</IsMasked><MaskingPattern>X</MaskingPattern>
	</RowData>
	<RowData><ProcessDefId>14</ProcessDefId><VariableId>84</VariableId><VarFieldId>4</VarFieldId><TypeId>6</TypeId><TypeFieldId>3</TypeFieldId><ParentVarFieldId>1</ParentVarFieldId><MappedObjectName>service_status</MappedObjectName><ExtObjId>8</ExtObjId><MappedObjectType>C</MappedObjectType><FieldLength>50</FieldLength><VarPrecision>0</VarPrecision><RelationId>0</RelationId><IsEncrypted>N</IsEncrypted><IsMasked>N</IsMasked><MaskingPattern>X</MaskingPattern>
	</RowData>
	<RowData><ProcessDefId>14</ProcessDefId><VariableId>84</VariableId><VarFieldId>5</VarFieldId><TypeId>6</TypeId><TypeFieldId>4</TypeFieldId><ParentVarFieldId>1</ParentVarFieldId><MappedObjectName>remarks</MappedObjectName><ExtObjId>8</ExtObjId><MappedObjectType>C</MappedObjectType><FieldLength>250</FieldLength><VarPrecision>0</VarPrecision><RelationId>0</RelationId><IsEncrypted>N</IsEncrypted><IsMasked>N</IsMasked><MaskingPattern>X</MaskingPattern>
	</RowData>
	<RowData><ProcessDefId>14</ProcessDefId><VariableId>84</VariableId><VarFieldId>6</VarFieldId><TypeId>6</TypeId><TypeFieldId>5</TypeFieldId><ParentVarFieldId>1</ParentVarFieldId><MappedObjectName>level</MappedObjectName><ExtObjId>8</ExtObjId><MappedObjectType>C</MappedObjectType><FieldLength>50</FieldLength><VarPrecision>0</VarPrecision><RelationId>0</RelationId><IsEncrypted>N</IsEncrypted><IsMasked>N</IsMasked><MaskingPattern>X</MaskingPattern>
	</RowData>
	<RowData><ProcessDefId>14</ProcessDefId><VariableId>91</VariableId><VarFieldId>1</VarFieldId><TypeId>7</TypeId><TypeFieldId>0</TypeFieldId><ParentVarFieldId>0</ParentVarFieldId><MappedObjectName>complex_orient_entrysheet_sel</MappedObjectName><ExtObjId>9</ExtObjId><MappedObjectType>T</MappedObjectType><FieldLength>0</FieldLength><VarPrecision>0</VarPrecision><RelationId>8</RelationId><IsEncrypted>N</IsEncrypted><IsMasked>N</IsMasked><MaskingPattern>X</MaskingPattern>
	</RowData>
	<RowData><ProcessDefId>14</ProcessDefId><VariableId>91</VariableId><VarFieldId>2</VarFieldId><TypeId>7</TypeId><TypeFieldId>1</TypeFieldId><ParentVarFieldId>1</ParentVarFieldId><MappedObjectName>entrysheet_no</MappedObjectName><ExtObjId>9</ExtObjId><MappedObjectType>C</MappedObjectType><FieldLength>50</FieldLength><VarPrecision>0</VarPrecision><RelationId>0</RelationId><IsEncrypted>N</IsEncrypted><IsMasked>N</IsMasked><MaskingPattern>X</MaskingPattern>
	</RowData>
	<RowData><ProcessDefId>14</ProcessDefId><VariableId>112</VariableId><VarFieldId>1</VarFieldId><TypeId>8</TypeId><TypeFieldId>0</TypeFieldId><ParentVarFieldId>0</ParentVarFieldId><MappedObjectName>complex_orient_witholding</MappedObjectName><ExtObjId>10</ExtObjId><MappedObjectType>T</MappedObjectType><FieldLength>0</FieldLength><VarPrecision>0</VarPrecision><RelationId>18</RelationId><IsEncrypted>N</IsEncrypted><IsMasked>N</IsMasked><MaskingPattern>X</MaskingPattern>
	</RowData>
	<RowData><ProcessDefId>14</ProcessDefId><VariableId>112</VariableId><VarFieldId>2</VarFieldId><TypeId>8</TypeId><TypeFieldId>1</TypeFieldId><ParentVarFieldId>1</ParentVarFieldId><MappedObjectName>country</MappedObjectName><ExtObjId>10</ExtObjId><MappedObjectType>C</MappedObjectType><FieldLength>50</FieldLength><VarPrecision>0</VarPrecision><RelationId>0</RelationId><IsEncrypted>N</IsEncrypted><IsMasked>N</IsMasked><MaskingPattern>X</MaskingPattern>
	</RowData>
	<RowData><ProcessDefId>14</ProcessDefId><VariableId>112</VariableId><VarFieldId>3</VarFieldId><TypeId>8</TypeId><TypeFieldId>2</TypeFieldId><ParentVarFieldId>1</ParentVarFieldId><MappedObjectName>tax_type</MappedObjectName><ExtObjId>10</ExtObjId><MappedObjectType>C</MappedObjectType><FieldLength>50</FieldLength><VarPrecision>0</VarPrecision><RelationId>0</RelationId><IsEncrypted>N</IsEncrypted><IsMasked>N</IsMasked><MaskingPattern>X</MaskingPattern>
	</RowData>
	<RowData><ProcessDefId>14</ProcessDefId><VariableId>112</VariableId><VarFieldId>4</VarFieldId><TypeId>8</TypeId><TypeFieldId>3</TypeFieldId><ParentVarFieldId>1</ParentVarFieldId><MappedObjectName>tax_code</MappedObjectName><ExtObjId>10</ExtObjId><MappedObjectType>C</MappedObjectType><FieldLength>50</FieldLength><VarPrecision>0</VarPrecision><RelationId>0</RelationId><IsEncrypted>N</IsEncrypted><IsMasked>N</IsMasked><MaskingPattern>X</MaskingPattern>
	</RowData>
	<RowData><ProcessDefId>14</ProcessDefId><VariableId>112</VariableId><VarFieldId>5</VarFieldId><TypeId>8</TypeId><TypeFieldId>4</TypeFieldId><ParentVarFieldId>1</ParentVarFieldId><MappedObjectName>tax</MappedObjectName><ExtObjId>10</ExtObjId><MappedObjectType>C</MappedObjectType><FieldLength>50</FieldLength><VarPrecision>0</VarPrecision><RelationId>0</RelationId><IsEncrypted>N</IsEncrypted><IsMasked>N</IsMasked><MaskingPattern>X</MaskingPattern>
	</RowData>
	<RowData><ProcessDefId>14</ProcessDefId><VariableId>112</VariableId><VarFieldId>6</VarFieldId><TypeId>8</TypeId><TypeFieldId>5</TypeFieldId><ParentVarFieldId>1</ParentVarFieldId><MappedObjectName>description</MappedObjectName><ExtObjId>10</ExtObjId><MappedObjectType>C</MappedObjectType><FieldLength>255</FieldLength><VarPrecision>0</VarPrecision><RelationId>0</RelationId><IsEncrypted>N</IsEncrypted><IsMasked>N</IsMasked><MaskingPattern>X</MaskingPattern>
	</RowData>
	<RowData><ProcessDefId>14</ProcessDefId><VariableId>112</VariableId><VarFieldId>7</VarFieldId><TypeId>8</TypeId><TypeFieldId>6</TypeFieldId><ParentVarFieldId>1</ParentVarFieldId><MappedObjectName>applied</MappedObjectName><ExtObjId>10</ExtObjId><MappedObjectType>C</MappedObjectType><FieldLength>50</FieldLength><VarPrecision>0</VarPrecision><RelationId>0</RelationId><IsEncrypted>N</IsEncrypted><IsMasked>N</IsMasked><MaskingPattern>X</MaskingPattern>
	</RowData>
	<RowData><ProcessDefId>14</ProcessDefId><VariableId>112</VariableId><VarFieldId>8</VarFieldId><TypeId>8</TypeId><TypeFieldId>7</TypeFieldId><ParentVarFieldId>1</ParentVarFieldId><MappedObjectName>amount</MappedObjectName><ExtObjId>10</ExtObjId><MappedObjectType>C</MappedObjectType><FieldLength>255</FieldLength><VarPrecision>0</VarPrecision><RelationId>0</RelationId><IsEncrypted>N</IsEncrypted><IsMasked>N</IsMasked><MaskingPattern>X</MaskingPattern>
	</RowData>
	<RowData><ProcessDefId>14</ProcessDefId><VariableId>113</VariableId><VarFieldId>1</VarFieldId><TypeId>9</TypeId><TypeFieldId>0</TypeFieldId><ParentVarFieldId>0</ParentVarFieldId><MappedObjectName>complex_orient_service_po_item</MappedObjectName><ExtObjId>11</ExtObjId><MappedObjectType>T</MappedObjectType><FieldLength>0</FieldLength><VarPrecision>0</VarPrecision><RelationId>12</RelationId><IsEncrypted>N</IsEncrypted><IsMasked>N</IsMasked><MaskingPattern>X</MaskingPattern>
	</RowData>
	<RowData><ProcessDefId>14</ProcessDefId><VariableId>113</VariableId><VarFieldId>2</VarFieldId><TypeId>9</TypeId><TypeFieldId>1</TypeFieldId><ParentVarFieldId>1</ParentVarFieldId><MappedObjectName>ACCTASSCAT</MappedObjectName><ExtObjId>11</ExtObjId><MappedObjectType>C</MappedObjectType><FieldLength>50</FieldLength><VarPrecision>0</VarPrecision><RelationId>0</RelationId><IsEncrypted>N</IsEncrypted><IsMasked>N</IsMasked><MaskingPattern>X</MaskingPattern>
	</RowData>
	<RowData><ProcessDefId>14</ProcessDefId><VariableId>113</VariableId><VarFieldId>3</VarFieldId><TypeId>9</TypeId><TypeFieldId>2</TypeFieldId><ParentVarFieldId>1</ParentVarFieldId><MappedObjectName>ACKN_REQD</MappedObjectName><ExtObjId>11</ExtObjId><MappedObjectType>C</MappedObjectType><FieldLength>50</FieldLength><VarPrecision>0</VarPrecision><RelationId>0</RelationId><IsEncrypted>N</IsEncrypted><IsMasked>N</IsMasked><MaskingPattern>X</MaskingPattern>
	</RowData>
	<RowData><ProcessDefId>14</ProcessDefId><VariableId>113</VariableId><VarFieldId>4</VarFieldId><TypeId>9</TypeId><TypeFieldId>3</TypeFieldId><ParentVarFieldId>1</ParentVarFieldId><MappedObjectName>ACKNOWL_NO</MappedObjectName><ExtObjId>11</ExtObjId><MappedObjectType>C</MappedObjectType><FieldLength>50</FieldLength><VarPrecision>0</VarPrecision><RelationId>0</RelationId><IsEncrypted>N</IsEncrypted><IsMasked>N</IsMasked><MaskingPattern>X</MaskingPattern>
	</RowData>
	<RowData><ProcessDefId>14</ProcessDefId><VariableId>113</VariableId><VarFieldId>5</VarFieldId><TypeId>9</TypeId><TypeFieldId>4</TypeFieldId><ParentVarFieldId>1</ParentVarFieldId><MappedObjectName>ADDRESS</MappedObjectName><ExtObjId>11</ExtObjId><MappedObjectType>C</MappedObjectType><FieldLength>50</FieldLength><VarPrecision>0</VarPrecision><RelationId>0</RelationId><IsEncrypted>N</IsEncrypted><IsMasked>N</IsMasked><MaskingPattern>X</MaskingPattern>
	</RowData>
	<RowData><ProcessDefId>14</ProcessDefId><VariableId>113</VariableId><VarFieldId>6</VarFieldId><TypeId>9</TypeId><TypeFieldId>5</TypeFieldId><ParentVarFieldId>1</ParentVarFieldId><MappedObjectName>ADDRESS2</MappedObjectName><ExtObjId>11</ExtObjId><MappedObjectType>C</MappedObjectType><FieldLength>50</FieldLength><VarPrecision>0</VarPrecision><RelationId>0</RelationId><IsEncrypted>N</IsEncrypted><IsMasked>N</IsMasked><MaskingPattern>X</MaskingPattern>
	</RowData>
	<RowData><ProcessDefId>14</ProcessDefId><VariableId>113</VariableId><VarFieldId>7</VarFieldId><TypeId>9</TypeId><TypeFieldId>6</TypeFieldId><ParentVarFieldId>1</ParentVarFieldId><MappedObjectName>ADVANCE</MappedObjectName><ExtObjId>11</ExtObjId><MappedObjectType>C</MappedObjectType><FieldLength>50</FieldLength><VarPrecision>0</VarPrecision><RelationId>0</RelationId><IsEncrypted>N</IsEncrypted><IsMasked>N</IsMasked><MaskingPattern>X</MaskingPattern>
	</RowData>
	<RowData><ProcessDefId>14</ProcessDefId><VariableId>113</VariableId><VarFieldId>8</VarFieldId><TypeId>9</TypeId><TypeFieldId>7</TypeFieldId><ParentVarFieldId>1</ParentVarFieldId><MappedObjectName>AGMT_ITEM</MappedObjectName><ExtObjId>11</ExtObjId><MappedObjectType>C</MappedObjectType><FieldLength>2</FieldLength><VarPrecision>0</VarPrecision><RelationId>0</RelationId><IsEncrypted>N</IsEncrypted><IsMasked>N</IsMasked><MaskingPattern>X</MaskingPattern>
	</RowData>
	<RowData><ProcessDefId>14</ProcessDefId><VariableId>113</VariableId><VarFieldId>9</VarFieldId><TypeId>9</TypeId><TypeFieldId>8</TypeFieldId><ParentVarFieldId>1</ParentVarFieldId><MappedObjectName>AGRCUMQTY</MappedObjectName><ExtObjId>11</ExtObjId><MappedObjectType>C</MappedObjectType><FieldLength>50</FieldLength><VarPrecision>0</VarPrecision><RelationId>0</RelationId><IsEncrypted>N</IsEncrypted><IsMasked>N</IsMasked><MaskingPattern>X</MaskingPattern>
	</RowData>
	<RowData><ProcessDefId>14</ProcessDefId><VariableId>113</VariableId><VarFieldId>10</VarFieldId><TypeId>9</TypeId><TypeFieldId>9</TypeFieldId><ParentVarFieldId>1</ParentVarFieldId><MappedObjectName>AGREEMENT</MappedObjectName><ExtObjId>11</ExtObjId><MappedObjectType>C</MappedObjectType><FieldLength>50</FieldLength><VarPrecision>0</VarPrecision><RelationId>0</RelationId><IsEncrypted>N</IsEncrypted><IsMasked>N</IsMasked><MaskingPattern>X</MaskingPattern>
	</RowData>
	<RowData><ProcessDefId>14</ProcessDefId><VariableId>113</VariableId><VarFieldId>11</VarFieldId><TypeId>9</TypeId><TypeFieldId>10</TypeFieldId><ParentVarFieldId>1</ParentVarFieldId><MappedObjectName>ALLOC_TBL</MappedObjectName><ExtObjId>11</ExtObjId><MappedObjectType>C</MappedObjectType><FieldLength>50</FieldLength><VarPrecision>0</VarPrecision><RelationId>0</RelationId><IsEncrypted>N</IsEncrypted><IsMasked>N</IsMasked><MaskingPattern>X</MaskingPattern>
	</RowData>
	<RowData><ProcessDefId>14</ProcessDefId><VariableId>113</VariableId><VarFieldId>12</VarFieldId><TypeId>9</TypeId><TypeFieldId>11</TypeFieldId><ParentVarFieldId>1</ParentVarFieldId><MappedObjectName>AT_ITEM</MappedObjectName><ExtObjId>11</ExtObjId><MappedObjectType>C</MappedObjectType><FieldLength>2</FieldLength><VarPrecision>0</VarPrecision><RelationId>0</RelationId><IsEncrypted>N</IsEncrypted><IsMasked>N</IsMasked><MaskingPattern>X</MaskingPattern>
	</RowData>
	<RowData><ProcessDefId>14</ProcessDefId><VariableId>113</VariableId><VarFieldId>13</VarFieldId><TypeId>9</TypeId><TypeFieldId>12</TypeFieldId><ParentVarFieldId>1</ParentVarFieldId><MappedObjectName>AT_RELEV</MappedObjectName><ExtObjId>11</ExtObjId><MappedObjectType>C</MappedObjectType><FieldLength>50</FieldLength><VarPrecision>0</VarPrecision><RelationId>0</RelationId><IsEncrypted>N</IsEncrypted><IsMasked>N</IsMasked><MaskingPattern>X</MaskingPattern>
	</RowData>
	<RowData><ProcessDefId>14</ProcessDefId><VariableId>113</VariableId><VarFieldId>14</VarFieldId><TypeId>9</TypeId><TypeFieldId>13</TypeFieldId><ParentVarFieldId>1</ParentVarFieldId><MappedObjectName>BA_PARTNER</MappedObjectName><ExtObjId>11</ExtObjId><MappedObjectType>C</MappedObjectType><FieldLength>50</FieldLength><VarPrecision>0</VarPrecision><RelationId>0</RelationId><IsEncrypted>N</IsEncrypted><IsMasked>N</IsMasked><MaskingPattern>X</MaskingPattern>
	</RowData>
	<RowData><ProcessDefId>14</ProcessDefId><VariableId>113</VariableId><VarFieldId>15</VarFieldId><TypeId>9</TypeId><TypeFieldId>14</TypeFieldId><ParentVarFieldId>1</ParentVarFieldId><MappedObjectName>BASE_UNIT</MappedObjectName><ExtObjId>11</ExtObjId><MappedObjectType>C</MappedObjectType><FieldLength>50</FieldLength><VarPrecision>0</VarPrecision><RelationId>0</RelationId><IsEncrypted>N</IsEncrypted><IsMasked>N</IsMasked><MaskingPattern>X</MaskingPattern>
	</RowData>
	<RowData><ProcessDefId>14</ProcessDefId><VariableId>113</VariableId><VarFieldId>16</VarFieldId><TypeId>9</TypeId><TypeFieldId>15</TypeFieldId><ParentVarFieldId>1</ParentVarFieldId><MappedObjectName>BASE_UOM_ISO</MappedObjectName><ExtObjId>11</ExtObjId><MappedObjectType>C</MappedObjectType><FieldLength>50</FieldLength><VarPrecision>0</VarPrecision><RelationId>0</RelationId><IsEncrypted>N</IsEncrypted><IsMasked>N</IsMasked><MaskingPattern>X</MaskingPattern>
	</RowData>
	<RowData><ProcessDefId>14</ProcessDefId><VariableId>113</VariableId><VarFieldId>17</VarFieldId><TypeId>9</TypeId><TypeFieldId>16</TypeFieldId><ParentVarFieldId>1</ParentVarFieldId><MappedObjectName>BOM_EXPL</MappedObjectName><ExtObjId>11</ExtObjId><MappedObjectType>C</MappedObjectType><FieldLength>50</FieldLength><VarPrecision>0</VarPrecision><RelationId>0</RelationId><IsEncrypted>N</IsEncrypted><IsMasked>N</IsMasked><MaskingPattern>X</MaskingPattern>
	</RowData>
	<RowData><ProcessDefId>14</ProcessDefId><VariableId>113</VariableId><VarFieldId>18</VarFieldId><TypeId>9</TypeId><TypeFieldId>17</TypeFieldId><ParentVarFieldId>1</ParentVarFieldId><MappedObjectName>BUDGET_PERIOD</MappedObjectName><ExtObjId>11</ExtObjId><MappedObjectType>C</MappedObjectType><FieldLength>50</FieldLength><VarPrecision>0</VarPrecision><RelationId>0</RelationId><IsEncrypted>N</IsEncrypted><IsMasked>N</IsMasked><MaskingPattern>X</MaskingPattern>
	</RowData>
	<RowData><ProcessDefId>14</ProcessDefId><VariableId>113</VariableId><VarFieldId>19</VarFieldId><TypeId>9</TypeId><TypeFieldId>18</TypeFieldId><ParentVarFieldId>1</ParentVarFieldId><MappedObjectName>CERT_TYPE</MappedObjectName><ExtObjId>11</ExtObjId><MappedObjectType>C</MappedObjectType><FieldLength>50</FieldLength><VarPrecision>0</VarPrecision><RelationId>0</RelationId><IsEncrypted>N</IsEncrypted><IsMasked>N</IsMasked><MaskingPattern>X</MaskingPattern>
	</RowData>
	<RowData><ProcessDefId>14</ProcessDefId><VariableId>113</VariableId><VarFieldId>20</VarFieldId><TypeId>9</TypeId><TypeFieldId>19</TypeFieldId><ParentVarFieldId>1</ParentVarFieldId><MappedObjectName>CHANGED_ON</MappedObjectName><ExtObjId>11</ExtObjId><MappedObjectType>C</MappedObjectType><FieldLength>8</FieldLength><VarPrecision>0</VarPrecision><RelationId>0</RelationId><IsEncrypted>N</IsEncrypted><IsMasked>N</IsMasked><MaskingPattern>X</MaskingPattern>
	</RowData>
	<RowData><ProcessDefId>14</ProcessDefId><VariableId>113</VariableId><VarFieldId>21</VarFieldId><TypeId>9</TypeId><TypeFieldId>20</TypeFieldId><ParentVarFieldId>1</ParentVarFieldId><MappedObjectName>CMMT_ITEM</MappedObjectName><ExtObjId>11</ExtObjId><MappedObjectType>C</MappedObjectType><FieldLength>50</FieldLength><VarPrecision>0</VarPrecision><RelationId>0</RelationId><IsEncrypted>N</IsEncrypted><IsMasked>N</IsMasked><MaskingPattern>X</MaskingPattern>
	</RowData>
	<RowData><ProcessDefId>14</ProcessDefId><VariableId>113</VariableId><VarFieldId>22</VarFieldId><TypeId>9</TypeId><TypeFieldId>21</TypeFieldId><ParentVarFieldId>1</ParentVarFieldId><MappedObjectName>CMMT_ITEM_LONG</MappedObjectName><ExtObjId>11</ExtObjId><MappedObjectType>C</MappedObjectType><FieldLength>50</FieldLength><VarPrecision>0</VarPrecision><RelationId>0</RelationId><IsEncrypted>N</IsEncrypted><IsMasked>N</IsMasked><MaskingPattern>X</MaskingPattern>
	</RowData>
	<RowData><ProcessDefId>14</ProcessDefId><VariableId>113</VariableId><VarFieldId>23</VarFieldId><TypeId>9</TypeId><TypeFieldId>22</TypeFieldId><ParentVarFieldId>1</ParentVarFieldId><MappedObjectName>CO_CODE</MappedObjectName><ExtObjId>11</ExtObjId><MappedObjectType>C</MappedObjectType><FieldLength>50</FieldLength><VarPrecision>0</VarPrecision><RelationId>0</RelationId><IsEncrypted>N</IsEncrypted><IsMasked>N</IsMasked><MaskingPattern>X</MaskingPattern>
	</RowData>
</PMWUDTVarMappingTable_2>