<PMWUDTVarMappingTable_4>
	<RowData><ProcessDefId>14</ProcessDefId><VariableId>113</VariableId><VarFieldId>174</VarFieldId><TypeId>9</TypeId><TypeFieldId>192</TypeFieldId><ParentVarFieldId>1</ParentVarFieldId><MappedObjectName>WEIGHTUNIT_ISO</MappedObjectName><ExtObjId>11</ExtObjId><MappedObjectType>C</MappedObjectType><FieldLength>50</FieldLength><VarPrecision>0</VarPrecision><RelationId>0</RelationId><IsEncrypted>N</IsEncrypted><IsMasked>N</IsMasked><MaskingPattern>X</MaskingPattern>
	</RowData>
	<RowData><ProcessDefId>14</ProcessDefId><VariableId>113</VariableId><VarFieldId>175</VarFieldId><TypeId>9</TypeId><TypeFieldId>117</TypeFieldId><ParentVarFieldId>1</ParentVarFieldId><MappedObjectName>PRICE_CTR</MappedObjectName><ExtObjId>11</ExtObjId><MappedObjectType>C</MappedObjectType><FieldLength>50</FieldLength><VarPrecision>0</VarPrecision><RelationId>0</RelationId><IsEncrypted>N</IsEncrypted><IsMasked>N</IsMasked><MaskingPattern>X</MaskingPattern>
	</RowData>
	<RowData><ProcessDefId>14</ProcessDefId><VariableId>113</VariableId><VarFieldId>176</VarFieldId><TypeId>9</TypeId><TypeFieldId>118</TypeFieldId><ParentVarFieldId>1</ParentVarFieldId><MappedObjectName>PRICE_DATE</MappedObjectName><ExtObjId>11</ExtObjId><MappedObjectType>C</MappedObjectType><FieldLength>8</FieldLength><VarPrecision>0</VarPrecision><RelationId>0</RelationId><IsEncrypted>N</IsEncrypted><IsMasked>N</IsMasked><MaskingPattern>X</MaskingPattern>
	</RowData>
	<RowData><ProcessDefId>14</ProcessDefId><VariableId>113</VariableId><VarFieldId>177</VarFieldId><TypeId>9</TypeId><TypeFieldId>119</TypeFieldId><ParentVarFieldId>1</ParentVarFieldId><MappedObjectName>PRICE_UNIT</MappedObjectName><ExtObjId>11</ExtObjId><MappedObjectType>C</MappedObjectType><FieldLength>50</FieldLength><VarPrecision>0</VarPrecision><RelationId>0</RelationId><IsEncrypted>N</IsEncrypted><IsMasked>N</IsMasked><MaskingPattern>X</MaskingPattern>
	</RowData>
	<RowData><ProcessDefId>14</ProcessDefId><VariableId>113</VariableId><VarFieldId>178</VarFieldId><TypeId>9</TypeId><TypeFieldId>120</TypeFieldId><ParentVarFieldId>1</ParentVarFieldId><MappedObjectName>PRINT_REL</MappedObjectName><ExtObjId>11</ExtObjId><MappedObjectType>C</MappedObjectType><FieldLength>50</FieldLength><VarPrecision>0</VarPrecision><RelationId>0</RelationId><IsEncrypted>N</IsEncrypted><IsMasked>N</IsMasked><MaskingPattern>X</MaskingPattern>
	</RowData>
	<RowData><ProcessDefId>14</ProcessDefId><VariableId>113</VariableId><VarFieldId>179</VarFieldId><TypeId>9</TypeId><TypeFieldId>121</TypeFieldId><ParentVarFieldId>1</ParentVarFieldId><MappedObjectName>PRIOR_VEND</MappedObjectName><ExtObjId>11</ExtObjId><MappedObjectType>C</MappedObjectType><FieldLength>50</FieldLength><VarPrecision>0</VarPrecision><RelationId>0</RelationId><IsEncrypted>N</IsEncrypted><IsMasked>N</IsMasked><MaskingPattern>X</MaskingPattern>
	</RowData>
	<RowData><ProcessDefId>14</ProcessDefId><VariableId>113</VariableId><VarFieldId>180</VarFieldId><TypeId>9</TypeId><TypeFieldId>122</TypeFieldId><ParentVarFieldId>1</ParentVarFieldId><MappedObjectName>PRNT_PRICE</MappedObjectName><ExtObjId>11</ExtObjId><MappedObjectType>C</MappedObjectType><FieldLength>50</FieldLength><VarPrecision>0</VarPrecision><RelationId>0</RelationId><IsEncrypted>N</IsEncrypted><IsMasked>N</IsMasked><MaskingPattern>X</MaskingPattern>
	</RowData>
	<RowData><ProcessDefId>14</ProcessDefId><VariableId>113</VariableId><VarFieldId>181</VarFieldId><TypeId>9</TypeId><TypeFieldId>123</TypeFieldId><ParentVarFieldId>1</ParentVarFieldId><MappedObjectName>PROFIT_CTR</MappedObjectName><ExtObjId>11</ExtObjId><MappedObjectType>C</MappedObjectType><FieldLength>50</FieldLength><VarPrecision>0</VarPrecision><RelationId>0</RelationId><IsEncrypted>N</IsEncrypted><IsMasked>N</IsMasked><MaskingPattern>X</MaskingPattern>
	</RowData>
	<RowData><ProcessDefId>14</ProcessDefId><VariableId>113</VariableId><VarFieldId>182</VarFieldId><TypeId>9</TypeId><TypeFieldId>124</TypeFieldId><ParentVarFieldId>1</ParentVarFieldId><MappedObjectName>PROMOTION</MappedObjectName><ExtObjId>11</ExtObjId><MappedObjectType>C</MappedObjectType><FieldLength>50</FieldLength><VarPrecision>0</VarPrecision><RelationId>0</RelationId><IsEncrypted>N</IsEncrypted><IsMasked>N</IsMasked><MaskingPattern>X</MaskingPattern>
	</RowData>
	<RowData><ProcessDefId>14</ProcessDefId><VariableId>113</VariableId><VarFieldId>183</VarFieldId><TypeId>9</TypeId><TypeFieldId>125</TypeFieldId><ParentVarFieldId>1</ParentVarFieldId><MappedObjectName>PTR_ASS_BA</MappedObjectName><ExtObjId>11</ExtObjId><MappedObjectType>C</MappedObjectType><FieldLength>50</FieldLength><VarPrecision>0</VarPrecision><RelationId>0</RelationId><IsEncrypted>N</IsEncrypted><IsMasked>N</IsMasked><MaskingPattern>X</MaskingPattern>
	</RowData>
	<RowData><ProcessDefId>14</ProcessDefId><VariableId>113</VariableId><VarFieldId>184</VarFieldId><TypeId>9</TypeId><TypeFieldId>126</TypeFieldId><ParentVarFieldId>1</ParentVarFieldId><MappedObjectName>PUR_MAT</MappedObjectName><ExtObjId>11</ExtObjId><MappedObjectType>C</MappedObjectType><FieldLength>50</FieldLength><VarPrecision>0</VarPrecision><RelationId>0</RelationId><IsEncrypted>N</IsEncrypted><IsMasked>N</IsMasked><MaskingPattern>X</MaskingPattern>
	</RowData>
	<RowData><ProcessDefId>14</ProcessDefId><VariableId>113</VariableId><VarFieldId>185</VarFieldId><TypeId>9</TypeId><TypeFieldId>127</TypeFieldId><ParentVarFieldId>1</ParentVarFieldId><MappedObjectName>PUR_MAT_EXTERNAL</MappedObjectName><ExtObjId>11</ExtObjId><MappedObjectType>C</MappedObjectType><FieldLength>50</FieldLength><VarPrecision>0</VarPrecision><RelationId>0</RelationId><IsEncrypted>N</IsEncrypted><IsMasked>N</IsMasked><MaskingPattern>X</MaskingPattern>
	</RowData>
	<RowData><ProcessDefId>14</ProcessDefId><VariableId>113</VariableId><VarFieldId>186</VarFieldId><TypeId>9</TypeId><TypeFieldId>128</TypeFieldId><ParentVarFieldId>1</ParentVarFieldId><MappedObjectName>PUR_MAT_GUID</MappedObjectName><ExtObjId>11</ExtObjId><MappedObjectType>C</MappedObjectType><FieldLength>50</FieldLength><VarPrecision>0</VarPrecision><RelationId>0</RelationId><IsEncrypted>N</IsEncrypted><IsMasked>N</IsMasked><MaskingPattern>X</MaskingPattern>
	</RowData>
	<RowData><ProcessDefId>14</ProcessDefId><VariableId>113</VariableId><VarFieldId>187</VarFieldId><TypeId>9</TypeId><TypeFieldId>129</TypeFieldId><ParentVarFieldId>1</ParentVarFieldId><MappedObjectName>PUR_MAT_VERSION</MappedObjectName><ExtObjId>11</ExtObjId><MappedObjectType>C</MappedObjectType><FieldLength>50</FieldLength><VarPrecision>0</VarPrecision><RelationId>0</RelationId><IsEncrypted>N</IsEncrypted><IsMasked>N</IsMasked><MaskingPattern>X</MaskingPattern>
	</RowData>
	<RowData><ProcessDefId>14</ProcessDefId><VariableId>113</VariableId><VarFieldId>188</VarFieldId><TypeId>9</TypeId><TypeFieldId>130</TypeFieldId><ParentVarFieldId>1</ParentVarFieldId><MappedObjectName>purchaseorder</MappedObjectName><ExtObjId>11</ExtObjId><MappedObjectType>C</MappedObjectType><FieldLength>50</FieldLength><VarPrecision>0</VarPrecision><RelationId>0</RelationId><IsEncrypted>N</IsEncrypted><IsMasked>N</IsMasked><MaskingPattern>X</MaskingPattern>
	</RowData>
	<RowData><ProcessDefId>14</ProcessDefId><VariableId>113</VariableId><VarFieldId>189</VarFieldId><TypeId>9</TypeId><TypeFieldId>131</TypeFieldId><ParentVarFieldId>1</ParentVarFieldId><MappedObjectName>QUAL_INSP</MappedObjectName><ExtObjId>11</ExtObjId><MappedObjectType>C</MappedObjectType><FieldLength>50</FieldLength><VarPrecision>0</VarPrecision><RelationId>0</RelationId><IsEncrypted>N</IsEncrypted><IsMasked>N</IsMasked><MaskingPattern>X</MaskingPattern>
	</RowData>
	<RowData><ProcessDefId>14</ProcessDefId><VariableId>113</VariableId><VarFieldId>190</VarFieldId><TypeId>9</TypeId><TypeFieldId>132</TypeFieldId><ParentVarFieldId>1</ParentVarFieldId><MappedObjectName>QUANTITY</MappedObjectName><ExtObjId>11</ExtObjId><MappedObjectType>C</MappedObjectType><FieldLength>50</FieldLength><VarPrecision>0</VarPrecision><RelationId>0</RelationId><IsEncrypted>N</IsEncrypted><IsMasked>N</IsMasked><MaskingPattern>X</MaskingPattern>
	</RowData>
	<RowData><ProcessDefId>14</ProcessDefId><VariableId>113</VariableId><VarFieldId>191</VarFieldId><TypeId>9</TypeId><TypeFieldId>133</TypeFieldId><ParentVarFieldId>1</ParentVarFieldId><MappedObjectName>QUOT_DEAD</MappedObjectName><ExtObjId>11</ExtObjId><MappedObjectType>C</MappedObjectType><FieldLength>8</FieldLength><VarPrecision>0</VarPrecision><RelationId>0</RelationId><IsEncrypted>N</IsEncrypted><IsMasked>N</IsMasked><MaskingPattern>X</MaskingPattern>
	</RowData>
	<RowData><ProcessDefId>14</ProcessDefId><VariableId>113</VariableId><VarFieldId>192</VarFieldId><TypeId>9</TypeId><TypeFieldId>134</TypeFieldId><ParentVarFieldId>1</ParentVarFieldId><MappedObjectName>QUOTAUSAGE</MappedObjectName><ExtObjId>11</ExtObjId><MappedObjectType>C</MappedObjectType><FieldLength>50</FieldLength><VarPrecision>0</VarPrecision><RelationId>0</RelationId><IsEncrypted>N</IsEncrypted><IsMasked>N</IsMasked><MaskingPattern>X</MaskingPattern>
	</RowData>
	<RowData><ProcessDefId>14</ProcessDefId><VariableId>115</VariableId><VarFieldId>1</VarFieldId><TypeId>10</TypeId><TypeFieldId>0</TypeFieldId><ParentVarFieldId>0</ParentVarFieldId><MappedObjectName>complex_exception_details</MappedObjectName><ExtObjId>12</ExtObjId><MappedObjectType>T</MappedObjectType><FieldLength>0</FieldLength><VarPrecision>0</VarPrecision><RelationId>13</RelationId><IsEncrypted>N</IsEncrypted><IsMasked>N</IsMasked><MaskingPattern>X</MaskingPattern>
	</RowData>
	<RowData><ProcessDefId>14</ProcessDefId><VariableId>115</VariableId><VarFieldId>2</VarFieldId><TypeId>10</TypeId><TypeFieldId>1</TypeFieldId><ParentVarFieldId>1</ParentVarFieldId><MappedObjectName>errormessage</MappedObjectName><ExtObjId>12</ExtObjId><MappedObjectType>C</MappedObjectType><FieldLength>255</FieldLength><VarPrecision>0</VarPrecision><RelationId>0</RelationId><IsEncrypted>N</IsEncrypted><IsMasked>N</IsMasked><MaskingPattern>X</MaskingPattern>
	</RowData>
	<RowData><ProcessDefId>14</ProcessDefId><VariableId>115</VariableId><VarFieldId>3</VarFieldId><TypeId>10</TypeId><TypeFieldId>2</TypeFieldId><ParentVarFieldId>1</ParentVarFieldId><MappedObjectName>errordate</MappedObjectName><ExtObjId>12</ExtObjId><MappedObjectType>C</MappedObjectType><FieldLength>50</FieldLength><VarPrecision>0</VarPrecision><RelationId>0</RelationId><IsEncrypted>N</IsEncrypted><IsMasked>N</IsMasked><MaskingPattern>X</MaskingPattern>
	</RowData>
	<RowData><ProcessDefId>14</ProcessDefId><VariableId>115</VariableId><VarFieldId>4</VarFieldId><TypeId>10</TypeId><TypeFieldId>3</TypeFieldId><ParentVarFieldId>1</ParentVarFieldId><MappedObjectName>resolutionstatus</MappedObjectName><ExtObjId>12</ExtObjId><MappedObjectType>C</MappedObjectType><FieldLength>50</FieldLength><VarPrecision>0</VarPrecision><RelationId>0</RelationId><IsEncrypted>N</IsEncrypted><IsMasked>N</IsMasked><MaskingPattern>X</MaskingPattern>
	</RowData>
	<RowData><ProcessDefId>14</ProcessDefId><VariableId>115</VariableId><VarFieldId>5</VarFieldId><TypeId>10</TypeId><TypeFieldId>4</TypeFieldId><ParentVarFieldId>1</ParentVarFieldId><MappedObjectName>resolutionremarks</MappedObjectName><ExtObjId>12</ExtObjId><MappedObjectType>C</MappedObjectType><FieldLength>255</FieldLength><VarPrecision>0</VarPrecision><RelationId>0</RelationId><IsEncrypted>N</IsEncrypted><IsMasked>N</IsMasked><MaskingPattern>X</MaskingPattern>
	</RowData>
	<RowData><ProcessDefId>14</ProcessDefId><VariableId>115</VariableId><VarFieldId>6</VarFieldId><TypeId>10</TypeId><TypeFieldId>5</TypeFieldId><ParentVarFieldId>1</ParentVarFieldId><MappedObjectName>resolvedby</MappedObjectName><ExtObjId>12</ExtObjId><MappedObjectType>C</MappedObjectType><FieldLength>50</FieldLength><VarPrecision>0</VarPrecision><RelationId>0</RelationId><IsEncrypted>N</IsEncrypted><IsMasked>N</IsMasked><MaskingPattern>X</MaskingPattern>
	</RowData>
	<RowData><ProcessDefId>14</ProcessDefId><VariableId>115</VariableId><VarFieldId>7</VarFieldId><TypeId>10</TypeId><TypeFieldId>6</TypeFieldId><ParentVarFieldId>1</ParentVarFieldId><MappedObjectName>resolveddate</MappedObjectName><ExtObjId>12</ExtObjId><MappedObjectType>C</MappedObjectType><FieldLength>50</FieldLength><VarPrecision>0</VarPrecision><RelationId>0</RelationId><IsEncrypted>N</IsEncrypted><IsMasked>N</IsMasked><MaskingPattern>X</MaskingPattern>
	</RowData>
	<RowData><ProcessDefId>14</ProcessDefId><VariableId>116</VariableId><VarFieldId>1</VarFieldId><TypeId>11</TypeId><TypeFieldId>0</TypeFieldId><ParentVarFieldId>0</ParentVarFieldId><MappedObjectName>complex_service_SheetDetails</MappedObjectName><ExtObjId>13</ExtObjId><MappedObjectType>T</MappedObjectType><FieldLength>0</FieldLength><VarPrecision>0</VarPrecision><RelationId>19</RelationId><IsEncrypted>N</IsEncrypted><IsMasked>N</IsMasked><MaskingPattern>X</MaskingPattern>
	</RowData>
	<RowData><ProcessDefId>14</ProcessDefId><VariableId>116</VariableId><VarFieldId>2</VarFieldId><TypeId>11</TypeId><TypeFieldId>1</TypeFieldId><ParentVarFieldId>1</ParentVarFieldId><MappedObjectName>po_item</MappedObjectName><ExtObjId>13</ExtObjId><MappedObjectType>C</MappedObjectType><FieldLength>50</FieldLength><VarPrecision>0</VarPrecision><RelationId>0</RelationId><IsEncrypted>N</IsEncrypted><IsMasked>N</IsMasked><MaskingPattern>X</MaskingPattern>
	</RowData>
	<RowData><ProcessDefId>14</ProcessDefId><VariableId>116</VariableId><VarFieldId>3</VarFieldId><TypeId>11</TypeId><TypeFieldId>2</TypeFieldId><ParentVarFieldId>1</ParentVarFieldId><MappedObjectName>MAT_DOC</MappedObjectName><ExtObjId>13</ExtObjId><MappedObjectType>C</MappedObjectType><FieldLength>50</FieldLength><VarPrecision>0</VarPrecision><RelationId>0</RelationId><IsEncrypted>N</IsEncrypted><IsMasked>N</IsMasked><MaskingPattern>X</MaskingPattern>
	</RowData>
	<RowData><ProcessDefId>14</ProcessDefId><VariableId>116</VariableId><VarFieldId>4</VarFieldId><TypeId>11</TypeId><TypeFieldId>3</TypeFieldId><ParentVarFieldId>1</ParentVarFieldId><MappedObjectName>PSTNG_DATE</MappedObjectName><ExtObjId>13</ExtObjId><MappedObjectType>C</MappedObjectType><FieldLength>50</FieldLength><VarPrecision>0</VarPrecision><RelationId>0</RelationId><IsEncrypted>N</IsEncrypted><IsMasked>N</IsMasked><MaskingPattern>X</MaskingPattern>
	</RowData>
	<RowData><ProcessDefId>14</ProcessDefId><VariableId>116</VariableId><VarFieldId>5</VarFieldId><TypeId>11</TypeId><TypeFieldId>4</TypeFieldId><ParentVarFieldId>1</ParentVarFieldId><MappedObjectName>QUANTITY</MappedObjectName><ExtObjId>13</ExtObjId><MappedObjectType>C</MappedObjectType><FieldLength>50</FieldLength><VarPrecision>0</VarPrecision><RelationId>0</RelationId><IsEncrypted>N</IsEncrypted><IsMasked>N</IsMasked><MaskingPattern>X</MaskingPattern>
	</RowData>
	<RowData><ProcessDefId>14</ProcessDefId><VariableId>116</VariableId><VarFieldId>6</VarFieldId><TypeId>11</TypeId><TypeFieldId>5</TypeFieldId><ParentVarFieldId>1</ParentVarFieldId><MappedObjectName>VAL_LOCCUR</MappedObjectName><ExtObjId>13</ExtObjId><MappedObjectType>C</MappedObjectType><FieldLength>50</FieldLength><VarPrecision>0</VarPrecision><RelationId>0</RelationId><IsEncrypted>N</IsEncrypted><IsMasked>N</IsMasked><MaskingPattern>X</MaskingPattern>
	</RowData>
	<RowData><ProcessDefId>14</ProcessDefId><VariableId>116</VariableId><VarFieldId>7</VarFieldId><TypeId>11</TypeId><TypeFieldId>6</TypeFieldId><ParentVarFieldId>1</ParentVarFieldId><MappedObjectName>CURRENCY</MappedObjectName><ExtObjId>13</ExtObjId><MappedObjectType>C</MappedObjectType><FieldLength>50</FieldLength><VarPrecision>0</VarPrecision><RelationId>0</RelationId><IsEncrypted>N</IsEncrypted><IsMasked>N</IsMasked><MaskingPattern>X</MaskingPattern>
	</RowData>
	<RowData><ProcessDefId>14</ProcessDefId><VariableId>116</VariableId><VarFieldId>8</VarFieldId><TypeId>11</TypeId><TypeFieldId>7</TypeFieldId><ParentVarFieldId>1</ParentVarFieldId><MappedObjectName>VAl_LOCCUR_TDSBASE</MappedObjectName><ExtObjId>13</ExtObjId><MappedObjectType>C</MappedObjectType><FieldLength>50</FieldLength><VarPrecision>0</VarPrecision><RelationId>0</RelationId><IsEncrypted>N</IsEncrypted><IsMasked>N</IsMasked><MaskingPattern>X</MaskingPattern>
	</RowData>
	<RowData><ProcessDefId>14</ProcessDefId><VariableId>116</VariableId><VarFieldId>9</VarFieldId><TypeId>11</TypeId><TypeFieldId>8</TypeFieldId><ParentVarFieldId>1</ParentVarFieldId><MappedObjectName>EXT_LINE</MappedObjectName><ExtObjId>13</ExtObjId><MappedObjectType>C</MappedObjectType><FieldLength>255</FieldLength><VarPrecision>0</VarPrecision><RelationId>0</RelationId><IsEncrypted>N</IsEncrypted><IsMasked>N</IsMasked><MaskingPattern>X</MaskingPattern>
	</RowData>
	<RowData><ProcessDefId>14</ProcessDefId><VariableId>116</VariableId><VarFieldId>10</VarFieldId><TypeId>11</TypeId><TypeFieldId>9</TypeFieldId><ParentVarFieldId>1</ParentVarFieldId><MappedObjectName>BASE_UOM</MappedObjectName><ExtObjId>13</ExtObjId><MappedObjectType>C</MappedObjectType><FieldLength>50</FieldLength><VarPrecision>0</VarPrecision><RelationId>0</RelationId><IsEncrypted>N</IsEncrypted><IsMasked>N</IsMasked><MaskingPattern>X</MaskingPattern>
	</RowData>
	<RowData><ProcessDefId>14</ProcessDefId><VariableId>116</VariableId><VarFieldId>11</VarFieldId><TypeId>11</TypeId><TypeFieldId>10</TypeFieldId><ParentVarFieldId>1</ParentVarFieldId><MappedObjectName>UOM_ISO</MappedObjectName><ExtObjId>13</ExtObjId><MappedObjectType>C</MappedObjectType><FieldLength>50</FieldLength><VarPrecision>0</VarPrecision><RelationId>0</RelationId><IsEncrypted>N</IsEncrypted><IsMasked>N</IsMasked><MaskingPattern>X</MaskingPattern>
	</RowData>
	<RowData><ProcessDefId>14</ProcessDefId><VariableId>130</VariableId><VarFieldId>1</VarFieldId><TypeId>12</TypeId><TypeFieldId>0</TypeFieldId><ParentVarFieldId>0</ParentVarFieldId><MappedObjectName>complex_tds_calculation</MappedObjectName><ExtObjId>14</ExtObjId><MappedObjectType>T</MappedObjectType><FieldLength>0</FieldLength><VarPrecision>0</VarPrecision><RelationId>17</RelationId><IsEncrypted>N</IsEncrypted><IsMasked>N</IsMasked><MaskingPattern>X</MaskingPattern>
	</RowData>
	<RowData><ProcessDefId>14</ProcessDefId><VariableId>130</VariableId><VarFieldId>2</VarFieldId><TypeId>12</TypeId><TypeFieldId>1</TypeFieldId><ParentVarFieldId>1</ParentVarFieldId><MappedObjectName>applied</MappedObjectName><ExtObjId>14</ExtObjId><MappedObjectType>C</MappedObjectType><FieldLength>50</FieldLength><VarPrecision>0</VarPrecision><RelationId>0</RelationId><IsEncrypted>N</IsEncrypted><IsMasked>N</IsMasked><MaskingPattern>X</MaskingPattern>
	</RowData>
	<RowData><ProcessDefId>14</ProcessDefId><VariableId>130</VariableId><VarFieldId>3</VarFieldId><TypeId>12</TypeId><TypeFieldId>2</TypeFieldId><ParentVarFieldId>1</ParentVarFieldId><MappedObjectName>country</MappedObjectName><ExtObjId>14</ExtObjId><MappedObjectType>C</MappedObjectType><FieldLength>50</FieldLength><VarPrecision>0</VarPrecision><RelationId>0</RelationId><IsEncrypted>N</IsEncrypted><IsMasked>N</IsMasked><MaskingPattern>X</MaskingPattern>
	</RowData>
	<RowData><ProcessDefId>14</ProcessDefId><VariableId>130</VariableId><VarFieldId>4</VarFieldId><TypeId>12</TypeId><TypeFieldId>3</TypeFieldId><ParentVarFieldId>1</ParentVarFieldId><MappedObjectName>description</MappedObjectName><ExtObjId>14</ExtObjId><MappedObjectType>C</MappedObjectType><FieldLength>255</FieldLength><VarPrecision>0</VarPrecision><RelationId>0</RelationId><IsEncrypted>N</IsEncrypted><IsMasked>N</IsMasked><MaskingPattern>X</MaskingPattern>
	</RowData>
	<RowData><ProcessDefId>14</ProcessDefId><VariableId>130</VariableId><VarFieldId>5</VarFieldId><TypeId>12</TypeId><TypeFieldId>4</TypeFieldId><ParentVarFieldId>1</ParentVarFieldId><MappedObjectName>tax</MappedObjectName><ExtObjId>14</ExtObjId><MappedObjectType>C</MappedObjectType><FieldLength>50</FieldLength><VarPrecision>0</VarPrecision><RelationId>0</RelationId><IsEncrypted>N</IsEncrypted><IsMasked>N</IsMasked><MaskingPattern>X</MaskingPattern>
	</RowData>
	<RowData><ProcessDefId>14</ProcessDefId><VariableId>130</VariableId><VarFieldId>6</VarFieldId><TypeId>12</TypeId><TypeFieldId>5</TypeFieldId><ParentVarFieldId>1</ParentVarFieldId><MappedObjectName>tax_code</MappedObjectName><ExtObjId>14</ExtObjId><MappedObjectType>C</MappedObjectType><FieldLength>50</FieldLength><VarPrecision>0</VarPrecision><RelationId>0</RelationId><IsEncrypted>N</IsEncrypted><IsMasked>N</IsMasked><MaskingPattern>X</MaskingPattern>
	</RowData>
	<RowData><ProcessDefId>14</ProcessDefId><VariableId>130</VariableId><VarFieldId>7</VarFieldId><TypeId>12</TypeId><TypeFieldId>6</TypeFieldId><ParentVarFieldId>1</ParentVarFieldId><MappedObjectName>tax_type</MappedObjectName><ExtObjId>14</ExtObjId><MappedObjectType>C</MappedObjectType><FieldLength>50</FieldLength><VarPrecision>0</VarPrecision><RelationId>0</RelationId><IsEncrypted>N</IsEncrypted><IsMasked>N</IsMasked><MaskingPattern>X</MaskingPattern>
	</RowData>
	<RowData><ProcessDefId>14</ProcessDefId><VariableId>130</VariableId><VarFieldId>8</VarFieldId><TypeId>12</TypeId><TypeFieldId>7</TypeFieldId><ParentVarFieldId>1</ParentVarFieldId><MappedObjectName>po_item</MappedObjectName><ExtObjId>14</ExtObjId><MappedObjectType>C</MappedObjectType><FieldLength>50</FieldLength><VarPrecision>0</VarPrecision><RelationId>0</RelationId><IsEncrypted>N</IsEncrypted><IsMasked>N</IsMasked><MaskingPattern>X</MaskingPattern>
	</RowData>
	<RowData><ProcessDefId>14</ProcessDefId><VariableId>130</VariableId><VarFieldId>9</VarFieldId><TypeId>12</TypeId><TypeFieldId>8</TypeFieldId><ParentVarFieldId>1</ParentVarFieldId><MappedObjectName>tds_amount</MappedObjectName><ExtObjId>14</ExtObjId><MappedObjectType>C</MappedObjectType><FieldLength>255</FieldLength><VarPrecision>0</VarPrecision><RelationId>0</RelationId><IsEncrypted>N</IsEncrypted><IsMasked>N</IsMasked><MaskingPattern>X</MaskingPattern>
	</RowData>
	<RowData><ProcessDefId>14</ProcessDefId><VariableId>130</VariableId><VarFieldId>10</VarFieldId><TypeId>12</TypeId><TypeFieldId>9</TypeFieldId><ParentVarFieldId>1</ParentVarFieldId><MappedObjectName>amount</MappedObjectName><ExtObjId>14</ExtObjId><MappedObjectType>C</MappedObjectType><FieldLength>255</FieldLength><VarPrecision>0</VarPrecision><RelationId>0</RelationId><IsEncrypted>N</IsEncrypted><IsMasked>N</IsMasked><MaskingPattern>X</MaskingPattern>
	</RowData>
</PMWUDTVarMappingTable_4>