<PMWVARMAPPINGTABLE>
	<RowData><ProcessDefId>14</ProcessDefId><VariableId>1</VariableId><SystemDefinedName>VAR_INT1</SystemDefinedName><VariableType>3</VariableType><VariableScope>U</VariableScope><ExtObjId>0</ExtObjId><VarPrecision>0</VarPrecision><Unbounded>N</Unbounded><IsEncrypted>N</IsEncrypted><IsMasked>N</IsMasked><MaskingPattern>X</MaskingPattern>
	</RowData>
	<RowData><ProcessDefId>14</ProcessDefId><VariableId>2</VariableId><SystemDefinedName>VAR_INT2</SystemDefinedName><VariableType>3</VariableType><VariableScope>U</VariableScope><ExtObjId>0</ExtObjId><VarPrecision>0</VarPrecision><Unbounded>N</Unbounded><IsEncrypted>N</IsEncrypted><IsMasked>N</IsMasked><MaskingPattern>X</MaskingPattern>
	</RowData>
	<RowData><ProcessDefId>14</ProcessDefId><VariableId>3</VariableId><SystemDefinedName>VAR_INT3</SystemDefinedName><VariableType>3</VariableType><VariableScope>U</VariableScope><ExtObjId>0</ExtObjId><VarPrecision>0</VarPrecision><Unbounded>N</Unbounded><IsEncrypted>N</IsEncrypted><IsMasked>N</IsMasked><MaskingPattern>X</MaskingPattern>
	</RowData>
	<RowData><ProcessDefId>14</ProcessDefId><VariableId>4</VariableId><SystemDefinedName>VAR_INT4</SystemDefinedName><VariableType>3</VariableType><VariableScope>U</VariableScope><ExtObjId>0</ExtObjId><VarPrecision>0</VarPrecision><Unbounded>N</Unbounded><IsEncrypted>N</IsEncrypted><IsMasked>N</IsMasked><MaskingPattern>X</MaskingPattern>
	</RowData>
	<RowData><ProcessDefId>14</ProcessDefId><VariableId>5</VariableId><SystemDefinedName>VAR_INT5</SystemDefinedName><VariableType>3</VariableType><VariableScope>U</VariableScope><ExtObjId>0</ExtObjId><VarPrecision>0</VarPrecision><Unbounded>N</Unbounded><IsEncrypted>N</IsEncrypted><IsMasked>N</IsMasked><MaskingPattern>X</MaskingPattern>
	</RowData>
	<RowData><ProcessDefId>14</ProcessDefId><VariableId>6</VariableId><SystemDefinedName>VAR_INT6</SystemDefinedName><VariableType>3</VariableType><VariableScope>U</VariableScope><ExtObjId>0</ExtObjId><VarPrecision>0</VarPrecision><Unbounded>N</Unbounded><IsEncrypted>N</IsEncrypted><IsMasked>N</IsMasked><MaskingPattern>X</MaskingPattern>
	</RowData>
	<RowData><ProcessDefId>14</ProcessDefId><VariableId>7</VariableId><SystemDefinedName>VAR_INT7</SystemDefinedName><VariableType>3</VariableType><VariableScope>U</VariableScope><ExtObjId>0</ExtObjId><VarPrecision>0</VarPrecision><Unbounded>N</Unbounded><IsEncrypted>N</IsEncrypted><IsMasked>N</IsMasked><MaskingPattern>X</MaskingPattern>
	</RowData>
	<RowData><ProcessDefId>14</ProcessDefId><VariableId>8</VariableId><SystemDefinedName>VAR_INT8</SystemDefinedName><VariableType>3</VariableType><VariableScope>U</VariableScope><ExtObjId>0</ExtObjId><VarPrecision>0</VarPrecision><Unbounded>N</Unbounded><IsEncrypted>N</IsEncrypted><IsMasked>N</IsMasked><MaskingPattern>X</MaskingPattern>
	</RowData>
	<RowData><ProcessDefId>14</ProcessDefId><VariableId>9</VariableId><SystemDefinedName>VAR_FLOAT1</SystemDefinedName><VariableType>6</VariableType><VariableScope>U</VariableScope><ExtObjId>0</ExtObjId><VarPrecision>0</VarPrecision><Unbounded>N</Unbounded><IsEncrypted>N</IsEncrypted><IsMasked>N</IsMasked><MaskingPattern>X</MaskingPattern>
	</RowData>
	<RowData><ProcessDefId>14</ProcessDefId><VariableId>10</VariableId><SystemDefinedName>VAR_FLOAT2</SystemDefinedName><VariableType>6</VariableType><VariableScope>U</VariableScope><ExtObjId>0</ExtObjId><VarPrecision>0</VarPrecision><Unbounded>N</Unbounded><IsEncrypted>N</IsEncrypted><IsMasked>N</IsMasked><MaskingPattern>X</MaskingPattern>
	</RowData>
	<RowData><ProcessDefId>14</ProcessDefId><VariableId>11</VariableId><SystemDefinedName>VAR_DATE1</SystemDefinedName><VariableType>8</VariableType><VariableScope>U</VariableScope><ExtObjId>0</ExtObjId><VarPrecision>0</VarPrecision><Unbounded>N</Unbounded><IsEncrypted>N</IsEncrypted><IsMasked>N</IsMasked><MaskingPattern>X</MaskingPattern>
	</RowData>
	<RowData><ProcessDefId>14</ProcessDefId><VariableId>12</VariableId><SystemDefinedName>VAR_DATE2</SystemDefinedName><VariableType>8</VariableType><VariableScope>U</VariableScope><ExtObjId>0</ExtObjId><VarPrecision>0</VarPrecision><Unbounded>N</Unbounded><IsEncrypted>N</IsEncrypted><IsMasked>N</IsMasked><MaskingPattern>X</MaskingPattern>
	</RowData>
	<RowData><ProcessDefId>14</ProcessDefId><VariableId>13</VariableId><SystemDefinedName>VAR_DATE3</SystemDefinedName><VariableType>8</VariableType><VariableScope>U</VariableScope><ExtObjId>0</ExtObjId><VarPrecision>0</VarPrecision><Unbounded>N</Unbounded><IsEncrypted>N</IsEncrypted><IsMasked>N</IsMasked><MaskingPattern>X</MaskingPattern>
	</RowData>
	<RowData><ProcessDefId>14</ProcessDefId><VariableId>14</VariableId><SystemDefinedName>VAR_DATE4</SystemDefinedName><VariableType>8</VariableType><VariableScope>U</VariableScope><ExtObjId>0</ExtObjId><VarPrecision>0</VarPrecision><Unbounded>N</Unbounded><IsEncrypted>N</IsEncrypted><IsMasked>N</IsMasked><MaskingPattern>X</MaskingPattern>
	</RowData>
	<RowData><ProcessDefId>14</ProcessDefId><VariableId>15</VariableId><SystemDefinedName>VAR_LONG1</SystemDefinedName><VariableType>4</VariableType><VariableScope>U</VariableScope><ExtObjId>0</ExtObjId><VarPrecision>0</VarPrecision><Unbounded>N</Unbounded><IsEncrypted>N</IsEncrypted><IsMasked>N</IsMasked><MaskingPattern>X</MaskingPattern>
	</RowData>
	<RowData><ProcessDefId>14</ProcessDefId><VariableId>16</VariableId><SystemDefinedName>VAR_LONG2</SystemDefinedName><VariableType>4</VariableType><VariableScope>U</VariableScope><ExtObjId>0</ExtObjId><VarPrecision>0</VarPrecision><Unbounded>N</Unbounded><IsEncrypted>N</IsEncrypted><IsMasked>N</IsMasked><MaskingPattern>X</MaskingPattern>
	</RowData>
	<RowData><ProcessDefId>14</ProcessDefId><VariableId>17</VariableId><SystemDefinedName>VAR_LONG3</SystemDefinedName><VariableType>4</VariableType><VariableScope>U</VariableScope><ExtObjId>0</ExtObjId><VarPrecision>0</VarPrecision><Unbounded>N</Unbounded><IsEncrypted>N</IsEncrypted><IsMasked>N</IsMasked><MaskingPattern>X</MaskingPattern>
	</RowData>
	<RowData><ProcessDefId>14</ProcessDefId><VariableId>18</VariableId><SystemDefinedName>VAR_LONG4</SystemDefinedName><VariableType>4</VariableType><VariableScope>U</VariableScope><ExtObjId>0</ExtObjId><VarPrecision>0</VarPrecision><Unbounded>N</Unbounded><IsEncrypted>N</IsEncrypted><IsMasked>N</IsMasked><MaskingPattern>X</MaskingPattern>
	</RowData>
	<RowData><ProcessDefId>14</ProcessDefId><VariableId>19</VariableId><SystemDefinedName>VAR_STR1</SystemDefinedName><VariableType>10</VariableType><VariableScope>U</VariableScope><ExtObjId>0</ExtObjId><VariableLength>255</VariableLength><VarPrecision>0</VarPrecision><Unbounded>N</Unbounded><IsEncrypted>N</IsEncrypted><IsMasked>N</IsMasked><MaskingPattern>X</MaskingPattern>
	</RowData>
	<RowData><ProcessDefId>14</ProcessDefId><VariableId>20</VariableId><SystemDefinedName>VAR_STR2</SystemDefinedName><VariableType>10</VariableType><VariableScope>U</VariableScope><ExtObjId>0</ExtObjId><VariableLength>255</VariableLength><VarPrecision>0</VarPrecision><Unbounded>N</Unbounded><IsEncrypted>N</IsEncrypted><IsMasked>N</IsMasked><MaskingPattern>X</MaskingPattern>
	</RowData>
	<RowData><ProcessDefId>14</ProcessDefId><VariableId>21</VariableId><SystemDefinedName>VAR_STR3</SystemDefinedName><VariableType>10</VariableType><VariableScope>U</VariableScope><ExtObjId>0</ExtObjId><VariableLength>255</VariableLength><VarPrecision>0</VarPrecision><Unbounded>N</Unbounded><IsEncrypted>N</IsEncrypted><IsMasked>N</IsMasked><MaskingPattern>X</MaskingPattern>
	</RowData>
	<RowData><ProcessDefId>14</ProcessDefId><VariableId>22</VariableId><SystemDefinedName>VAR_STR4</SystemDefinedName><VariableType>10</VariableType><VariableScope>U</VariableScope><ExtObjId>0</ExtObjId><VariableLength>255</VariableLength><VarPrecision>0</VarPrecision><Unbounded>N</Unbounded><IsEncrypted>N</IsEncrypted><IsMasked>N</IsMasked><MaskingPattern>X</MaskingPattern>
	</RowData>
	<RowData><ProcessDefId>14</ProcessDefId><VariableId>23</VariableId><SystemDefinedName>VAR_STR5</SystemDefinedName><VariableType>10</VariableType><VariableScope>U</VariableScope><ExtObjId>0</ExtObjId><VariableLength>255</VariableLength><VarPrecision>0</VarPrecision><Unbounded>N</Unbounded><IsEncrypted>N</IsEncrypted><IsMasked>N</IsMasked><MaskingPattern>X</MaskingPattern>
	</RowData>
	<RowData><ProcessDefId>14</ProcessDefId><VariableId>24</VariableId><SystemDefinedName>VAR_STR6</SystemDefinedName><VariableType>10</VariableType><VariableScope>U</VariableScope><ExtObjId>0</ExtObjId><VariableLength>255</VariableLength><VarPrecision>0</VarPrecision><Unbounded>N</Unbounded><IsEncrypted>N</IsEncrypted><IsMasked>N</IsMasked><MaskingPattern>X</MaskingPattern>
	</RowData>
	<RowData><ProcessDefId>14</ProcessDefId><VariableId>25</VariableId><SystemDefinedName>VAR_STR7</SystemDefinedName><VariableType>10</VariableType><VariableScope>U</VariableScope><ExtObjId>0</ExtObjId><VariableLength>255</VariableLength><VarPrecision>0</VarPrecision><Unbounded>N</Unbounded><IsEncrypted>N</IsEncrypted><IsMasked>N</IsMasked><MaskingPattern>X</MaskingPattern>
	</RowData>
	<RowData><ProcessDefId>14</ProcessDefId><VariableId>26</VariableId><SystemDefinedName>VAR_STR8</SystemDefinedName><VariableType>10</VariableType><VariableScope>U</VariableScope><ExtObjId>0</ExtObjId><VariableLength>255</VariableLength><VarPrecision>0</VarPrecision><Unbounded>N</Unbounded><IsEncrypted>N</IsEncrypted><IsMasked>N</IsMasked><MaskingPattern>X</MaskingPattern>
	</RowData>
	<RowData><ProcessDefId>14</ProcessDefId><VariableId>27</VariableId><SystemDefinedName>getDate()</SystemDefinedName><UserDefinedName>CurrentDateTime</UserDefinedName><VariableType>8</VariableType><VariableScope>S</VariableScope><ExtObjId>0</ExtObjId><VarPrecision>0</VarPrecision><Unbounded>N</Unbounded><IsEncrypted>N</IsEncrypted><IsMasked>N</IsMasked><MaskingPattern>X</MaskingPattern>
	</RowData>
	<RowData><ProcessDefId>14</ProcessDefId><VariableId>28</VariableId><SystemDefinedName>CreatedDateTime</SystemDefinedName><UserDefinedName>CreatedDateTime</UserDefinedName><VariableType>8</VariableType><VariableScope>S</VariableScope><ExtObjId>0</ExtObjId><VarPrecision>0</VarPrecision><Unbounded>N</Unbounded><IsEncrypted>N</IsEncrypted><IsMasked>N</IsMasked><MaskingPattern>X</MaskingPattern>
	</RowData>
	<RowData><ProcessDefId>14</ProcessDefId><VariableId>29</VariableId><SystemDefinedName>EntryDateTime</SystemDefinedName><UserDefinedName>EntryDateTime</UserDefinedName><VariableType>8</VariableType><VariableScope>S</VariableScope><ExtObjId>0</ExtObjId><VarPrecision>0</VarPrecision><Unbounded>N</Unbounded><IsEncrypted>N</IsEncrypted><IsMasked>N</IsMasked><MaskingPattern>X</MaskingPattern>
	</RowData>
	<RowData><ProcessDefId>14</ProcessDefId><VariableId>30</VariableId><SystemDefinedName>ValidTill</SystemDefinedName><UserDefinedName>ValidTillDateTime</UserDefinedName><VariableType>8</VariableType><VariableScope>S</VariableScope><ExtObjId>0</ExtObjId><VarPrecision>0</VarPrecision><Unbounded>N</Unbounded><IsEncrypted>N</IsEncrypted><IsMasked>N</IsMasked><MaskingPattern>X</MaskingPattern>
	</RowData>
	<RowData><ProcessDefId>14</ProcessDefId><VariableId>31</VariableId><SystemDefinedName>ProcessInstanceName</SystemDefinedName><UserDefinedName>WorkItemName</UserDefinedName><VariableType>10</VariableType><VariableScope>S</VariableScope><ExtObjId>0</ExtObjId><VarPrecision>0</VarPrecision><Unbounded>N</Unbounded><IsEncrypted>N</IsEncrypted><IsMasked>N</IsMasked><MaskingPattern>X</MaskingPattern>
	</RowData>
	<RowData><ProcessDefId>14</ProcessDefId><VariableId>32</VariableId><SystemDefinedName>CreatedByName</SystemDefinedName><UserDefinedName>CreatedByName</UserDefinedName><VariableType>10</VariableType><VariableScope>S</VariableScope><ExtObjId>0</ExtObjId><VarPrecision>0</VarPrecision><Unbounded>N</Unbounded><IsEncrypted>N</IsEncrypted><IsMasked>N</IsMasked><MaskingPattern>X</MaskingPattern>
	</RowData>
	<RowData><ProcessDefId>14</ProcessDefId><VariableId>33</VariableId><SystemDefinedName>PreviousStage</SystemDefinedName><UserDefinedName>PreviousStage</UserDefinedName><VariableType>10</VariableType><VariableScope>S</VariableScope><ExtObjId>0</ExtObjId><VarPrecision>0</VarPrecision><Unbounded>N</Unbounded><IsEncrypted>N</IsEncrypted><IsMasked>N</IsMasked><MaskingPattern>X</MaskingPattern>
	</RowData>
	<RowData><ProcessDefId>14</ProcessDefId><VariableId>34</VariableId><SystemDefinedName>SaveStage</SystemDefinedName><UserDefinedName>SaveStage</UserDefinedName><VariableType>10</VariableType><VariableScope>S</VariableScope><ExtObjId>0</ExtObjId><VarPrecision>0</VarPrecision><Unbounded>N</Unbounded><IsEncrypted>N</IsEncrypted><IsMasked>N</IsMasked><MaskingPattern>X</MaskingPattern>
	</RowData>
	<RowData><ProcessDefId>14</ProcessDefId><VariableId>35</VariableId><SystemDefinedName>IntroductionDateTime</SystemDefinedName><UserDefinedName>IntroductionDateTime</UserDefinedName><VariableType>8</VariableType><VariableScope>S</VariableScope><ExtObjId>0</ExtObjId><VarPrecision>0</VarPrecision><Unbounded>N</Unbounded><IsEncrypted>N</IsEncrypted><IsMasked>N</IsMasked><MaskingPattern>X</MaskingPattern>
	</RowData>
	<RowData><ProcessDefId>14</ProcessDefId><VariableId>36</VariableId><SystemDefinedName>IntroducedBy</SystemDefinedName><UserDefinedName>IntroducedBy</UserDefinedName><VariableType>10</VariableType><VariableScope>S</VariableScope><ExtObjId>0</ExtObjId><VarPrecision>0</VarPrecision><Unbounded>N</Unbounded><IsEncrypted>N</IsEncrypted><IsMasked>N</IsMasked><MaskingPattern>X</MaskingPattern>
	</RowData>
	<RowData><ProcessDefId>14</ProcessDefId><VariableId>37</VariableId><SystemDefinedName>InstrumentStatus</SystemDefinedName><UserDefinedName>InstrumentStatus</UserDefinedName><VariableType>10</VariableType><VariableScope>S</VariableScope><ExtObjId>0</ExtObjId><VarPrecision>0</VarPrecision><Unbounded>N</Unbounded><IsEncrypted>N</IsEncrypted><IsMasked>N</IsMasked><MaskingPattern>X</MaskingPattern>
	</RowData>
	<RowData><ProcessDefId>14</ProcessDefId><VariableId>38</VariableId><SystemDefinedName>PriorityLevel</SystemDefinedName><UserDefinedName>PriorityLevel</UserDefinedName><VariableType>3</VariableType><VariableScope>M</VariableScope><ExtObjId>0</ExtObjId><DefaultValue>1</DefaultValue><VarPrecision>0</VarPrecision><Unbounded>N</Unbounded><IsEncrypted>N</IsEncrypted><IsMasked>N</IsMasked><MaskingPattern>X</MaskingPattern>
	</RowData>
	<RowData><ProcessDefId>14</ProcessDefId><VariableId>39</VariableId><SystemDefinedName>HoldStatus</SystemDefinedName><UserDefinedName>HoldStatus</UserDefinedName><VariableType>3</VariableType><VariableScope>M</VariableScope><ExtObjId>0</ExtObjId><VarPrecision>0</VarPrecision><Unbounded>N</Unbounded><IsEncrypted>N</IsEncrypted><IsMasked>N</IsMasked><MaskingPattern>X</MaskingPattern>
	</RowData>
	<RowData><ProcessDefId>14</ProcessDefId><VariableId>40</VariableId><SystemDefinedName>ProcessInstanceState</SystemDefinedName><UserDefinedName>ProcessInstanceState</UserDefinedName><VariableType>3</VariableType><VariableScope>M</VariableScope><ExtObjId>0</ExtObjId><VarPrecision>0</VarPrecision><Unbounded>N</Unbounded><IsEncrypted>N</IsEncrypted><IsMasked>N</IsMasked><MaskingPattern>X</MaskingPattern>
	</RowData>
	<RowData><ProcessDefId>14</ProcessDefId><VariableId>41</VariableId><SystemDefinedName>WorkItemState</SystemDefinedName><UserDefinedName>WorkItemState</UserDefinedName><VariableType>3</VariableType><VariableScope>M</VariableScope><ExtObjId>0</ExtObjId><VarPrecision>0</VarPrecision><Unbounded>N</Unbounded><IsEncrypted>N</IsEncrypted><IsMasked>N</IsMasked><MaskingPattern>X</MaskingPattern>
	</RowData>
	<RowData><ProcessDefId>14</ProcessDefId><VariableId>42</VariableId><SystemDefinedName>Status</SystemDefinedName><UserDefinedName>Status</UserDefinedName><VariableType>10</VariableType><VariableScope>M</VariableScope><ExtObjId>0</ExtObjId><VarPrecision>0</VarPrecision><Unbounded>N</Unbounded><IsEncrypted>N</IsEncrypted><IsMasked>N</IsMasked><MaskingPattern>X</MaskingPattern>
	</RowData>
	<RowData><ProcessDefId>14</ProcessDefId><VariableId>43</VariableId><SystemDefinedName>ActivityId</SystemDefinedName><UserDefinedName>ActivityId</UserDefinedName><VariableType>3</VariableType><VariableScope>M</VariableScope><ExtObjId>0</ExtObjId><VarPrecision>0</VarPrecision><Unbounded>N</Unbounded><IsEncrypted>N</IsEncrypted><IsMasked>N</IsMasked><MaskingPattern>X</MaskingPattern>
	</RowData>
	<RowData><ProcessDefId>14</ProcessDefId><VariableId>44</VariableId><SystemDefinedName>QueueType</SystemDefinedName><UserDefinedName>QueueType</UserDefinedName><VariableType>10</VariableType><VariableScope>M</VariableScope><ExtObjId>0</ExtObjId><VarPrecision>0</VarPrecision><Unbounded>N</Unbounded><IsEncrypted>N</IsEncrypted><IsMasked>N</IsMasked><MaskingPattern>X</MaskingPattern>
	</RowData>
	<RowData><ProcessDefId>14</ProcessDefId><VariableId>45</VariableId><SystemDefinedName>QueueName</SystemDefinedName><UserDefinedName>QueueName</UserDefinedName><VariableType>10</VariableType><VariableScope>M</VariableScope><ExtObjId>0</ExtObjId><VarPrecision>0</VarPrecision><Unbounded>N</Unbounded><IsEncrypted>N</IsEncrypted><IsMasked>N</IsMasked><MaskingPattern>X</MaskingPattern>
	</RowData>
	<RowData><ProcessDefId>14</ProcessDefId><VariableId>46</VariableId><SystemDefinedName>LockedByName</SystemDefinedName><UserDefinedName>LockedByName</UserDefinedName><VariableType>10</VariableType><VariableScope>M</VariableScope><ExtObjId>0</ExtObjId><VarPrecision>0</VarPrecision><Unbounded>N</Unbounded><IsEncrypted>N</IsEncrypted><IsMasked>N</IsMasked><MaskingPattern>X</MaskingPattern>
	</RowData>
	<RowData><ProcessDefId>14</ProcessDefId><VariableId>47</VariableId><SystemDefinedName>LockedTime</SystemDefinedName><UserDefinedName>LockedTime</UserDefinedName><VariableType>8</VariableType><VariableScope>M</VariableScope><ExtObjId>0</ExtObjId><VarPrecision>0</VarPrecision><Unbounded>N</Unbounded><IsEncrypted>N</IsEncrypted><IsMasked>N</IsMasked><MaskingPattern>X</MaskingPattern>
	</RowData>
	<RowData><ProcessDefId>14</ProcessDefId><VariableId>48</VariableId><SystemDefinedName>LockStatus</SystemDefinedName><UserDefinedName>LockStatus</UserDefinedName><VariableType>10</VariableType><VariableScope>M</VariableScope><ExtObjId>0</ExtObjId><VarPrecision>0</VarPrecision><Unbounded>N</Unbounded><IsEncrypted>N</IsEncrypted><IsMasked>N</IsMasked><MaskingPattern>X</MaskingPattern>
	</RowData>
	<RowData><ProcessDefId>14</ProcessDefId><VariableId>49</VariableId><SystemDefinedName>ActivityName</SystemDefinedName><UserDefinedName>ActivityName</UserDefinedName><VariableType>10</VariableType><VariableScope>M</VariableScope><ExtObjId>0</ExtObjId><VarPrecision>0</VarPrecision><Unbounded>N</Unbounded><IsEncrypted>N</IsEncrypted><IsMasked>N</IsMasked><MaskingPattern>X</MaskingPattern>
	</RowData>
	<RowData><ProcessDefId>14</ProcessDefId><VariableId>50</VariableId><SystemDefinedName>CheckListCompleteFlag</SystemDefinedName><UserDefinedName>CheckListCompleteFlag</UserDefinedName><VariableType>10</VariableType><VariableScope>M</VariableScope><ExtObjId>0</ExtObjId><VarPrecision>0</VarPrecision><Unbounded>N</Unbounded><IsEncrypted>N</IsEncrypted><IsMasked>N</IsMasked><MaskingPattern>X</MaskingPattern>
	</RowData>
	<RowData><ProcessDefId>14</ProcessDefId><VariableId>51</VariableId><SystemDefinedName>AssignmentType</SystemDefinedName><UserDefinedName>AssignmentType</UserDefinedName><VariableType>10</VariableType><VariableScope>S</VariableScope><ExtObjId>0</ExtObjId><VarPrecision>0</VarPrecision><Unbounded>N</Unbounded><IsEncrypted>N</IsEncrypted><IsMasked>N</IsMasked><MaskingPattern>X</MaskingPattern>
	</RowData>
	<RowData><ProcessDefId>14</ProcessDefId><VariableId>52</VariableId><SystemDefinedName>ProcessedBy</SystemDefinedName><UserDefinedName>ProcessedBy</UserDefinedName><VariableType>10</VariableType><VariableScope>S</VariableScope><ExtObjId>0</ExtObjId><VarPrecision>0</VarPrecision><Unbounded>N</Unbounded><IsEncrypted>N</IsEncrypted><IsMasked>N</IsMasked><MaskingPattern>X</MaskingPattern>
	</RowData>
	<RowData><ProcessDefId>14</ProcessDefId><VariableId>53</VariableId><SystemDefinedName>VAR_REC_1</SystemDefinedName><UserDefinedName>itemindex</UserDefinedName><VariableType>10</VariableType><VariableScope>M</VariableScope><ExtObjId>0</ExtObjId><VariableLength>255</VariableLength><VarPrecision>0</VarPrecision><Unbounded>N</Unbounded><IsEncrypted>N</IsEncrypted><IsMasked>N</IsMasked><MaskingPattern>X</MaskingPattern>
	</RowData>
	<RowData><ProcessDefId>14</ProcessDefId><VariableId>54</VariableId><SystemDefinedName>VAR_REC_2</SystemDefinedName><UserDefinedName>itemtype</UserDefinedName><VariableType>10</VariableType><VariableScope>M</VariableScope><ExtObjId>0</ExtObjId><VariableLength>255</VariableLength><VarPrecision>0</VarPrecision><Unbounded>N</Unbounded><IsEncrypted>N</IsEncrypted><IsMasked>N</IsMasked><MaskingPattern>X</MaskingPattern>
	</RowData>
	<RowData><ProcessDefId>14</ProcessDefId><VariableId>55</VariableId><SystemDefinedName>VAR_REC_3</SystemDefinedName><UserDefinedName>VAR_REC_3</UserDefinedName><VariableType>10</VariableType><VariableScope>M</VariableScope><ExtObjId>0</ExtObjId><VariableLength>255</VariableLength><VarPrecision>0</VarPrecision><Unbounded>N</Unbounded><IsEncrypted>N</IsEncrypted><IsMasked>N</IsMasked><MaskingPattern>X</MaskingPattern>
	</RowData>
	<RowData><ProcessDefId>14</ProcessDefId><VariableId>56</VariableId><SystemDefinedName>VAR_REC_4</SystemDefinedName><UserDefinedName>EventName</UserDefinedName><VariableType>10</VariableType><VariableScope>M</VariableScope><ExtObjId>0</ExtObjId><VariableLength>255</VariableLength><VarPrecision>0</VarPrecision><Unbounded>N</Unbounded><IsEncrypted>N</IsEncrypted><IsMasked>N</IsMasked><MaskingPattern>X</MaskingPattern>
	</RowData>
	<RowData><ProcessDefId>14</ProcessDefId><VariableId>57</VariableId><SystemDefinedName>VAR_REC_5</SystemDefinedName><UserDefinedName>RoutingCount</UserDefinedName><VariableType>10</VariableType><VariableScope>M</VariableScope><ExtObjId>0</ExtObjId><VariableLength>255</VariableLength><VarPrecision>0</VarPrecision><Unbounded>N</Unbounded><IsEncrypted>N</IsEncrypted><IsMasked>N</IsMasked><MaskingPattern>X</MaskingPattern>
	</RowData>
	<RowData><ProcessDefId>14</ProcessDefId><VariableId>58</VariableId><SystemDefinedName>Inv_Post</SystemDefinedName><UserDefinedName>Inv_Post</UserDefinedName><VariableType>10</VariableType><VariableScope>I</VariableScope><ExtObjId>1</ExtObjId><VariableLength>50</VariableLength><VarPrecision>0</VarPrecision><Unbounded>N</Unbounded><IsEncrypted>N</IsEncrypted><IsMasked>N</IsMasked><MaskingPattern>X</MaskingPattern>
	</RowData>
	<RowData><ProcessDefId>14</ProcessDefId><VariableId>59</VariableId><SystemDefinedName>InvoiceNo</SystemDefinedName><UserDefinedName>InvoiceNo</UserDefinedName><VariableType>10</VariableType><VariableScope>I</VariableScope><ExtObjId>1</ExtObjId><VariableLength>100</VariableLength><VarPrecision>0</VarPrecision><Unbounded>N</Unbounded><IsEncrypted>N</IsEncrypted><IsMasked>N</IsMasked><MaskingPattern>X</MaskingPattern>
	</RowData>
	<RowData><ProcessDefId>14</ProcessDefId><VariableId>60</VariableId><SystemDefinedName>InvoiceDate</SystemDefinedName><UserDefinedName>InvoiceDate</UserDefinedName><VariableType>8</VariableType><VariableScope>I</VariableScope><ExtObjId>1</ExtObjId><VariableLength>8</VariableLength><VarPrecision>0</VarPrecision><Unbounded>N</Unbounded><IsEncrypted>N</IsEncrypted><IsMasked>N</IsMasked><MaskingPattern>X</MaskingPattern>
	</RowData>
	<RowData><ProcessDefId>14</ProcessDefId><VariableId>61</VariableId><SystemDefinedName>PoDate</SystemDefinedName><UserDefinedName>PoDate</UserDefinedName><VariableType>8</VariableType><VariableScope>I</VariableScope><ExtObjId>1</ExtObjId><VariableLength>8</VariableLength><VarPrecision>0</VarPrecision><Unbounded>N</Unbounded><IsEncrypted>N</IsEncrypted><IsMasked>N</IsMasked><MaskingPattern>X</MaskingPattern>
	</RowData>
	<RowData><ProcessDefId>14</ProcessDefId><VariableId>62</VariableId><SystemDefinedName>Inv_Park</SystemDefinedName><UserDefinedName>Inv_Park</UserDefinedName><VariableType>10</VariableType><VariableScope>I</VariableScope><ExtObjId>1</ExtObjId><VariableLength>50</VariableLength><VarPrecision>0</VarPrecision><Unbounded>N</Unbounded><IsEncrypted>N</IsEncrypted><IsMasked>N</IsMasked><MaskingPattern>X</MaskingPattern>
	</RowData>
	<RowData><ProcessDefId>14</ProcessDefId><VariableId>63</VariableId><SystemDefinedName>PurchaseOrderNo</SystemDefinedName><UserDefinedName>PurchaseOrderNo</UserDefinedName><VariableType>10</VariableType><VariableScope>I</VariableScope><ExtObjId>1</ExtObjId><VariableLength>50</VariableLength><VarPrecision>0</VarPrecision><Unbounded>N</Unbounded><IsEncrypted>N</IsEncrypted><IsMasked>N</IsMasked><MaskingPattern>X</MaskingPattern>
	</RowData>
	<RowData><ProcessDefId>14</ProcessDefId><VariableId>64</VariableId><SystemDefinedName>EntrySheetNo</SystemDefinedName><UserDefinedName>EntrySheetNo</UserDefinedName><VariableType>10</VariableType><VariableScope>I</VariableScope><ExtObjId>1</ExtObjId><VariableLength>50</VariableLength><VarPrecision>0</VarPrecision><Unbounded>N</Unbounded><IsEncrypted>N</IsEncrypted><IsMasked>N</IsMasked><MaskingPattern>X</MaskingPattern>
	</RowData>
	<RowData><ProcessDefId>14</ProcessDefId><VariableId>65</VariableId><SystemDefinedName>processid</SystemDefinedName><UserDefinedName>processid</UserDefinedName><VariableType>10</VariableType><VariableScope>I</VariableScope><ExtObjId>1</ExtObjId><VariableLength>50</VariableLength><VarPrecision>0</VarPrecision><Unbounded>N</Unbounded><IsEncrypted>N</IsEncrypted><IsMasked>N</IsMasked><MaskingPattern>X</MaskingPattern>
	</RowData>
	<RowData><ProcessDefId>14</ProcessDefId><VariableId>66</VariableId><SystemDefinedName>service_status</SystemDefinedName><UserDefinedName>service_status</UserDefinedName><VariableType>10</VariableType><VariableScope>I</VariableScope><ExtObjId>1</ExtObjId><VariableLength>50</VariableLength><VarPrecision>0</VarPrecision><Unbounded>N</Unbounded><IsEncrypted>N</IsEncrypted><IsMasked>N</IsMasked><MaskingPattern>X</MaskingPattern>
	</RowData>
	<RowData><ProcessDefId>14</ProcessDefId><VariableId>67</VariableId><SystemDefinedName>route_to</SystemDefinedName><UserDefinedName>route_to</UserDefinedName><VariableType>10</VariableType><VariableScope>I</VariableScope><ExtObjId>1</ExtObjId><VariableLength>50</VariableLength><VarPrecision>0</VarPrecision><Unbounded>N</Unbounded><IsEncrypted>N</IsEncrypted><IsMasked>N</IsMasked><MaskingPattern>X</MaskingPattern>
	</RowData>
	<RowData><ProcessDefId>14</ProcessDefId><VariableId>68</VariableId><SystemDefinedName>assignedTo</SystemDefinedName><UserDefinedName>assignedTo</UserDefinedName><VariableType>10</VariableType><VariableScope>I</VariableScope><ExtObjId>1</ExtObjId><VariableLength>150</VariableLength><VarPrecision>0</VarPrecision><Unbounded>N</Unbounded><IsEncrypted>N</IsEncrypted><IsMasked>N</IsMasked><MaskingPattern>X</MaskingPattern>
	</RowData>
	<RowData><ProcessDefId>14</ProcessDefId><VariableId>69</VariableId><SystemDefinedName>posting_date</SystemDefinedName><UserDefinedName>posting_date</UserDefinedName><VariableType>8</VariableType><VariableScope>I</VariableScope><ExtObjId>1</ExtObjId><VariableLength>8</VariableLength><VarPrecision>0</VarPrecision><Unbounded>N</Unbounded><IsEncrypted>N</IsEncrypted><IsMasked>N</IsMasked><MaskingPattern>X</MaskingPattern>
	</RowData>
	<RowData><ProcessDefId>14</ProcessDefId><VariableId>70</VariableId><SystemDefinedName>comp_code</SystemDefinedName><UserDefinedName>comp_code</UserDefinedName><VariableType>10</VariableType><VariableScope>I</VariableScope><ExtObjId>1</ExtObjId><VariableLength>50</VariableLength><VarPrecision>0</VarPrecision><Unbounded>N</Unbounded><IsEncrypted>N</IsEncrypted><IsMasked>N</IsMasked><MaskingPattern>X</MaskingPattern>
	</RowData>
	<RowData><ProcessDefId>14</ProcessDefId><VariableId>71</VariableId><SystemDefinedName>po_date</SystemDefinedName><UserDefinedName>po_date</UserDefinedName><VariableType>10</VariableType><VariableScope>I</VariableScope><ExtObjId>1</ExtObjId><VariableLength>50</VariableLength><VarPrecision>0</VarPrecision><Unbounded>N</Unbounded><IsEncrypted>N</IsEncrypted><IsMasked>N</IsMasked><MaskingPattern>X</MaskingPattern>
	</RowData>
	<RowData><ProcessDefId>14</ProcessDefId><VariableId>72</VariableId><SystemDefinedName>po_type</SystemDefinedName><UserDefinedName>po_type</UserDefinedName><VariableType>10</VariableType><VariableScope>I</VariableScope><ExtObjId>1</ExtObjId><VariableLength>50</VariableLength><VarPrecision>0</VarPrecision><Unbounded>N</Unbounded><IsEncrypted>N</IsEncrypted><IsMasked>N</IsMasked><MaskingPattern>X</MaskingPattern>
	</RowData>
	<RowData><ProcessDefId>14</ProcessDefId><VariableId>73</VariableId><SystemDefinedName>pur_group</SystemDefinedName><UserDefinedName>pur_group</UserDefinedName><VariableType>10</VariableType><VariableScope>I</VariableScope><ExtObjId>1</ExtObjId><VariableLength>50</VariableLength><VarPrecision>0</VarPrecision><Unbounded>N</Unbounded><IsEncrypted>N</IsEncrypted><IsMasked>N</IsMasked><MaskingPattern>X</MaskingPattern>
	</RowData>
	<RowData><ProcessDefId>14</ProcessDefId><VariableId>74</VariableId><SystemDefinedName>pur_org</SystemDefinedName><UserDefinedName>pur_org</UserDefinedName><VariableType>10</VariableType><VariableScope>I</VariableScope><ExtObjId>1</ExtObjId><VariableLength>50</VariableLength><VarPrecision>0</VarPrecision><Unbounded>N</Unbounded><IsEncrypted>N</IsEncrypted><IsMasked>N</IsMasked><MaskingPattern>X</MaskingPattern>
	</RowData>
	<RowData><ProcessDefId>14</ProcessDefId><VariableId>75</VariableId><SystemDefinedName>vendor_code</SystemDefinedName><UserDefinedName>vendor_code</UserDefinedName><VariableType>10</VariableType><VariableScope>I</VariableScope><ExtObjId>1</ExtObjId><VariableLength>50</VariableLength><VarPrecision>0</VarPrecision><Unbounded>N</Unbounded><IsEncrypted>N</IsEncrypted><IsMasked>N</IsMasked><MaskingPattern>X</MaskingPattern>
	</RowData>
	<RowData><ProcessDefId>14</ProcessDefId><VariableId>76</VariableId><SystemDefinedName>vendor_name</SystemDefinedName><UserDefinedName>vendor_name</UserDefinedName><VariableType>10</VariableType><VariableScope>I</VariableScope><ExtObjId>1</ExtObjId><VariableLength>150</VariableLength><VarPrecision>0</VarPrecision><Unbounded>N</Unbounded><IsEncrypted>N</IsEncrypted><IsMasked>N</IsMasked><MaskingPattern>X</MaskingPattern>
	</RowData>
	<RowData><ProcessDefId>14</ProcessDefId><VariableId>77</VariableId><SystemDefinedName>complex_orient_po_item</SystemDefinedName><UserDefinedName>q_orient_po_item</UserDefinedName><VariableType>11</VariableType><VariableScope>I</VariableScope><ExtObjId>2</ExtObjId><VariableLength>1</VariableLength><VarPrecision>0</VarPrecision><Unbounded>Y</Unbounded><IsEncrypted>N</IsEncrypted><IsMasked>N</IsMasked><MaskingPattern>X</MaskingPattern>
	</RowData>
	<RowData><ProcessDefId>14</ProcessDefId><VariableId>79</VariableId><SystemDefinedName>complex_orient_acc_assignment</SystemDefinedName><UserDefinedName>q_orient_acc_assignment</UserDefinedName><VariableType>11</VariableType><VariableScope>I</VariableScope><ExtObjId>4</ExtObjId><VarPrecision>0</VarPrecision><Unbounded>Y</Unbounded><IsEncrypted>N</IsEncrypted><IsMasked>N</IsMasked><MaskingPattern>X</MaskingPattern>
	</RowData>
	<RowData><ProcessDefId>14</ProcessDefId><VariableId>80</VariableId><SystemDefinedName>complex_orient_entry_service</SystemDefinedName><UserDefinedName>q_orient_entry_service</UserDefinedName><VariableType>11</VariableType><VariableScope>I</VariableScope><ExtObjId>5</ExtObjId><VarPrecision>0</VarPrecision><Unbounded>Y</Unbounded><IsEncrypted>N</IsEncrypted><IsMasked>N</IsMasked><MaskingPattern>X</MaskingPattern>
	</RowData>
	<RowData><ProcessDefId>14</ProcessDefId><VariableId>81</VariableId><SystemDefinedName>complex_pohistory</SystemDefinedName><UserDefinedName>q_orient_pohistory</UserDefinedName><VariableType>11</VariableType><VariableScope>I</VariableScope><ExtObjId>6</ExtObjId><VariableLength>2</VariableLength><VarPrecision>0</VarPrecision><Unbounded>Y</Unbounded><IsEncrypted>N</IsEncrypted><IsMasked>N</IsMasked><MaskingPattern>X</MaskingPattern>
	</RowData>
	<RowData><ProcessDefId>14</ProcessDefId><VariableId>82</VariableId><SystemDefinedName>complex_orient_poitem_history</SystemDefinedName><UserDefinedName>q_orient_poitem_history</UserDefinedName><VariableType>11</VariableType><VariableScope>I</VariableScope><ExtObjId>7</ExtObjId><VariableLength>2</VariableLength><VarPrecision>0</VarPrecision><Unbounded>Y</Unbounded><IsEncrypted>N</IsEncrypted><IsMasked>N</IsMasked><MaskingPattern>X</MaskingPattern>
	</RowData>
	<RowData><ProcessDefId>14</ProcessDefId><VariableId>83</VariableId><SystemDefinedName>InvoiceAmount</SystemDefinedName><UserDefinedName>InvoiceAmount</UserDefinedName><VariableType>10</VariableType><VariableScope>I</VariableScope><ExtObjId>1</ExtObjId><VariableLength>50</VariableLength><VarPrecision>0</VarPrecision><Unbounded>N</Unbounded><IsEncrypted>N</IsEncrypted><IsMasked>N</IsMasked><MaskingPattern>X</MaskingPattern>
	</RowData>
	<RowData><ProcessDefId>14</ProcessDefId><VariableId>84</VariableId><SystemDefinedName>complex_orient_serviceapproval</SystemDefinedName><UserDefinedName>q_serviceapproval</UserDefinedName><VariableType>11</VariableType><VariableScope>I</VariableScope><ExtObjId>8</ExtObjId><VariableLength>7</VariableLength><VarPrecision>0</VarPrecision><Unbounded>Y</Unbounded><IsEncrypted>N</IsEncrypted><IsMasked>N</IsMasked><MaskingPattern>X</MaskingPattern>
	</RowData>
	<RowData><ProcessDefId>14</ProcessDefId><VariableId>85</VariableId><SystemDefinedName>currency</SystemDefinedName><UserDefinedName>currency</UserDefinedName><VariableType>10</VariableType><VariableScope>I</VariableScope><ExtObjId>1</ExtObjId><VariableLength>50</VariableLength><VarPrecision>0</VarPrecision><Unbounded>N</Unbounded><IsEncrypted>N</IsEncrypted><IsMasked>N</IsMasked><MaskingPattern>X</MaskingPattern>
	</RowData>
	<RowData><ProcessDefId>14</ProcessDefId><VariableId>86</VariableId><SystemDefinedName>taxcode_service</SystemDefinedName><UserDefinedName>taxcode_service</UserDefinedName><VariableType>10</VariableType><VariableScope>I</VariableScope><ExtObjId>1</ExtObjId><VariableLength>50</VariableLength><VarPrecision>0</VarPrecision><Unbounded>N</Unbounded><IsEncrypted>N</IsEncrypted><IsMasked>N</IsMasked><MaskingPattern>X</MaskingPattern>
	</RowData>
	<RowData><ProcessDefId>14</ProcessDefId><VariableId>87</VariableId><SystemDefinedName>GSTN</SystemDefinedName><UserDefinedName>GSTN</UserDefinedName><VariableType>10</VariableType><VariableScope>I</VariableScope><ExtObjId>1</ExtObjId><VariableLength>50</VariableLength><VarPrecision>0</VarPrecision><Unbounded>N</Unbounded><IsEncrypted>N</IsEncrypted><IsMasked>N</IsMasked><MaskingPattern>X</MaskingPattern>
	</RowData>
	<RowData><ProcessDefId>14</ProcessDefId><VariableId>88</VariableId><SystemDefinedName>gstn_inv</SystemDefinedName><UserDefinedName>gstn_inv</UserDefinedName><VariableType>10</VariableType><VariableScope>I</VariableScope><ExtObjId>1</ExtObjId><VariableLength>50</VariableLength><VarPrecision>0</VarPrecision><Unbounded>N</Unbounded><IsEncrypted>N</IsEncrypted><IsMasked>N</IsMasked><MaskingPattern>X</MaskingPattern>
	</RowData>
	<RowData><ProcessDefId>14</ProcessDefId><VariableId>89</VariableId><SystemDefinedName>pan_inv</SystemDefinedName><UserDefinedName>pan_inv</UserDefinedName><VariableType>10</VariableType><VariableScope>I</VariableScope><ExtObjId>1</ExtObjId><VariableLength>50</VariableLength><VarPrecision>0</VarPrecision><Unbounded>N</Unbounded><IsEncrypted>N</IsEncrypted><IsMasked>N</IsMasked><MaskingPattern>X</MaskingPattern>
	</RowData>
	<RowData><ProcessDefId>14</ProcessDefId><VariableId>90</VariableId><SystemDefinedName>PAN</SystemDefinedName><UserDefinedName>PAN</UserDefinedName><VariableType>10</VariableType><VariableScope>I</VariableScope><ExtObjId>1</ExtObjId><VariableLength>50</VariableLength><VarPrecision>0</VarPrecision><Unbounded>N</Unbounded><IsEncrypted>N</IsEncrypted><IsMasked>N</IsMasked><MaskingPattern>X</MaskingPattern>
	</RowData>
	<RowData><ProcessDefId>14</ProcessDefId><VariableId>91</VariableId><SystemDefinedName>complex_orient_entrysheet_sel</SystemDefinedName><UserDefinedName>q_orient_entrysheet_sel</UserDefinedName><VariableType>11</VariableType><VariableScope>I</VariableScope><ExtObjId>9</ExtObjId><VariableLength>2</VariableLength><VarPrecision>0</VarPrecision><Unbounded>Y</Unbounded><IsEncrypted>N</IsEncrypted><IsMasked>N</IsMasked><MaskingPattern>X</MaskingPattern>
	</RowData>
	<RowData><ProcessDefId>14</ProcessDefId><VariableId>92</VariableId><SystemDefinedName>dmspath</SystemDefinedName><UserDefinedName>dmspath</UserDefinedName><VariableType>10</VariableType><VariableScope>I</VariableScope><ExtObjId>1</ExtObjId><VariableLength>250</VariableLength><VarPrecision>0</VarPrecision><Unbounded>N</Unbounded><IsEncrypted>N</IsEncrypted><IsMasked>N</IsMasked><MaskingPattern>X</MaskingPattern>
	</RowData>
	<RowData><ProcessDefId>14</ProcessDefId><VariableId>93</VariableId><SystemDefinedName>finance_decision</SystemDefinedName><UserDefinedName>finance_decision</UserDefinedName><VariableType>10</VariableType><VariableScope>I</VariableScope><ExtObjId>1</ExtObjId><VariableLength>50</VariableLength><VarPrecision>0</VarPrecision><Unbounded>N</Unbounded><IsEncrypted>N</IsEncrypted><IsMasked>N</IsMasked><MaskingPattern>X</MaskingPattern>
	</RowData>
	<RowData><ProcessDefId>14</ProcessDefId><VariableId>94</VariableId><SystemDefinedName>accounts_decision</SystemDefinedName><UserDefinedName>accounts_decision</UserDefinedName><VariableType>10</VariableType><VariableScope>I</VariableScope><ExtObjId>1</ExtObjId><VariableLength>50</VariableLength><VarPrecision>0</VarPrecision><Unbounded>N</Unbounded><IsEncrypted>N</IsEncrypted><IsMasked>N</IsMasked><MaskingPattern>X</MaskingPattern>
	</RowData>
	<RowData><ProcessDefId>14</ProcessDefId><VariableId>95</VariableId><SystemDefinedName>amount_po</SystemDefinedName><UserDefinedName>amount_po</UserDefinedName><VariableType>10</VariableType><VariableScope>I</VariableScope><ExtObjId>1</ExtObjId><VariableLength>50</VariableLength><VarPrecision>0</VarPrecision><Unbounded>N</Unbounded><IsEncrypted>N</IsEncrypted><IsMasked>N</IsMasked><MaskingPattern>X</MaskingPattern>
	</RowData>
	<RowData><ProcessDefId>14</ProcessDefId><VariableId>96</VariableId><SystemDefinedName>orient_gstn</SystemDefinedName><UserDefinedName>orient_gstn</UserDefinedName><VariableType>10</VariableType><VariableScope>I</VariableScope><ExtObjId>1</ExtObjId><VariableLength>100</VariableLength><VarPrecision>0</VarPrecision><Unbounded>N</Unbounded><IsEncrypted>N</IsEncrypted><IsMasked>N</IsMasked><MaskingPattern>X</MaskingPattern>
	</RowData>
	<RowData><ProcessDefId>14</ProcessDefId><VariableId>97</VariableId><SystemDefinedName>orient_PAN</SystemDefinedName><UserDefinedName>orient_PAN</UserDefinedName><VariableType>10</VariableType><VariableScope>I</VariableScope><ExtObjId>1</ExtObjId><VariableLength>50</VariableLength><VarPrecision>0</VarPrecision><Unbounded>N</Unbounded><IsEncrypted>N</IsEncrypted><IsMasked>N</IsMasked><MaskingPattern>X</MaskingPattern>
	</RowData>
	<RowData><ProcessDefId>14</ProcessDefId><VariableId>98</VariableId><SystemDefinedName>gstn_sap</SystemDefinedName><UserDefinedName>gstn_sap</UserDefinedName><VariableType>10</VariableType><VariableScope>I</VariableScope><ExtObjId>1</ExtObjId><VariableLength>100</VariableLength><VarPrecision>0</VarPrecision><Unbounded>N</Unbounded><IsEncrypted>N</IsEncrypted><IsMasked>N</IsMasked><MaskingPattern>X</MaskingPattern>
	</RowData>
	<RowData><ProcessDefId>14</ProcessDefId><VariableId>99</VariableId><SystemDefinedName>pan_sap</SystemDefinedName><UserDefinedName>pan_sap</UserDefinedName><VariableType>10</VariableType><VariableScope>I</VariableScope><ExtObjId>1</ExtObjId><VariableLength>50</VariableLength><VarPrecision>0</VarPrecision><Unbounded>N</Unbounded><IsEncrypted>N</IsEncrypted><IsMasked>N</IsMasked><MaskingPattern>X</MaskingPattern>
	</RowData>
	<RowData><ProcessDefId>14</ProcessDefId><VariableId>100</VariableId><SystemDefinedName>plant</SystemDefinedName><UserDefinedName>plant</UserDefinedName><VariableType>10</VariableType><VariableScope>I</VariableScope><ExtObjId>1</ExtObjId><VariableLength>50</VariableLength><VarPrecision>0</VarPrecision><Unbounded>N</Unbounded><IsEncrypted>N</IsEncrypted><IsMasked>N</IsMasked><MaskingPattern>X</MaskingPattern>
	</RowData>
	<RowData><ProcessDefId>14</ProcessDefId><VariableId>101</VariableId><SystemDefinedName>parkingSyncStatus</SystemDefinedName><UserDefinedName>parkingSyncStatus</UserDefinedName><VariableType>10</VariableType><VariableScope>I</VariableScope><ExtObjId>1</ExtObjId><VariableLength>50</VariableLength><VarPrecision>0</VarPrecision><Unbounded>N</Unbounded><IsEncrypted>N</IsEncrypted><IsMasked>N</IsMasked><MaskingPattern>X</MaskingPattern>
	</RowData>
	<RowData><ProcessDefId>14</ProcessDefId><VariableId>102</VariableId><SystemDefinedName>Record_ID</SystemDefinedName><UserDefinedName>Record_ID</UserDefinedName><VariableType>10</VariableType><VariableScope>I</VariableScope><ExtObjId>1</ExtObjId><VariableLength>50</VariableLength><VarPrecision>0</VarPrecision><Unbounded>N</Unbounded><IsEncrypted>N</IsEncrypted><IsMasked>N</IsMasked><MaskingPattern>X</MaskingPattern>
	</RowData>
	<RowData><ProcessDefId>14</ProcessDefId><VariableId>103</VariableId><SystemDefinedName>SharePointRequestId</SystemDefinedName><UserDefinedName>SharePointRequestId</UserDefinedName><VariableType>10</VariableType><VariableScope>I</VariableScope><ExtObjId>1</ExtObjId><VariableLength>255</VariableLength><VarPrecision>0</VarPrecision><Unbounded>N</Unbounded><IsEncrypted>N</IsEncrypted><IsMasked>N</IsMasked><MaskingPattern>X</MaskingPattern>
	</RowData>
	<RowData><ProcessDefId>14</ProcessDefId><VariableId>104</VariableId><SystemDefinedName>PoNumber</SystemDefinedName><UserDefinedName>PoNumber</UserDefinedName><VariableType>10</VariableType><VariableScope>I</VariableScope><ExtObjId>1</ExtObjId><VariableLength>255</VariableLength><VarPrecision>0</VarPrecision><Unbounded>N</Unbounded><IsEncrypted>N</IsEncrypted><IsMasked>N</IsMasked><MaskingPattern>X</MaskingPattern>
	</RowData>
	<RowData><ProcessDefId>14</ProcessDefId><VariableId>105</VariableId><SystemDefinedName>ServiceEntryNo</SystemDefinedName><UserDefinedName>ServiceEntryNo</UserDefinedName><VariableType>10</VariableType><VariableScope>I</VariableScope><ExtObjId>1</ExtObjId><VariableLength>255</VariableLength><VarPrecision>0</VarPrecision><Unbounded>N</Unbounded><IsEncrypted>N</IsEncrypted><IsMasked>N</IsMasked><MaskingPattern>X</MaskingPattern>
	</RowData>
	<RowData><ProcessDefId>14</ProcessDefId><VariableId>106</VariableId><SystemDefinedName>InvoiceNumber</SystemDefinedName><UserDefinedName>InvoiceNumber</UserDefinedName><VariableType>10</VariableType><VariableScope>I</VariableScope><ExtObjId>1</ExtObjId><VariableLength>255</VariableLength><VarPrecision>0</VarPrecision><Unbounded>N</Unbounded><IsEncrypted>N</IsEncrypted><IsMasked>N</IsMasked><MaskingPattern>X</MaskingPattern>
	</RowData>
	<RowData><ProcessDefId>14</ProcessDefId><VariableId>107</VariableId><SystemDefinedName>InvDate_sharepoint</SystemDefinedName><UserDefinedName>InvDate_sharepoint</UserDefinedName><VariableType>10</VariableType><VariableScope>I</VariableScope><ExtObjId>1</ExtObjId><VariableLength>50</VariableLength><VarPrecision>0</VarPrecision><Unbounded>N</Unbounded><IsEncrypted>N</IsEncrypted><IsMasked>N</IsMasked><MaskingPattern>X</MaskingPattern>
	</RowData>
	<RowData><ProcessDefId>14</ProcessDefId><VariableId>108</VariableId><SystemDefinedName>InvAmount_sharepointt</SystemDefinedName><UserDefinedName>InvAmount_sharepointt</UserDefinedName><VariableType>10</VariableType><VariableScope>I</VariableScope><ExtObjId>1</ExtObjId><VariableLength>255</VariableLength><VarPrecision>0</VarPrecision><Unbounded>N</Unbounded><IsEncrypted>N</IsEncrypted><IsMasked>N</IsMasked><MaskingPattern>X</MaskingPattern>
	</RowData>
	<RowData><ProcessDefId>14</ProcessDefId><VariableId>109</VariableId><SystemDefinedName>VendorCode</SystemDefinedName><UserDefinedName>VendorCode</UserDefinedName><VariableType>10</VariableType><VariableScope>I</VariableScope><ExtObjId>1</ExtObjId><VariableLength>255</VariableLength><VarPrecision>0</VarPrecision><Unbounded>N</Unbounded><IsEncrypted>N</IsEncrypted><IsMasked>N</IsMasked><MaskingPattern>X</MaskingPattern>
	</RowData>
	<RowData><ProcessDefId>14</ProcessDefId><VariableId>110</VariableId><SystemDefinedName>DocumentName</SystemDefinedName><UserDefinedName>DocumentName</UserDefinedName><VariableType>10</VariableType><VariableScope>I</VariableScope><ExtObjId>1</ExtObjId><VariableLength>255</VariableLength><VarPrecision>0</VarPrecision><Unbounded>N</Unbounded><IsEncrypted>N</IsEncrypted><IsMasked>N</IsMasked><MaskingPattern>X</MaskingPattern>
	</RowData>
	<RowData><ProcessDefId>14</ProcessDefId><VariableId>111</VariableId><SystemDefinedName>DocumentPath</SystemDefinedName><UserDefinedName>DocumentPath</UserDefinedName><VariableType>10</VariableType><VariableScope>I</VariableScope><ExtObjId>1</ExtObjId><VariableLength>255</VariableLength><VarPrecision>0</VarPrecision><Unbounded>N</Unbounded><IsEncrypted>N</IsEncrypted><IsMasked>N</IsMasked><MaskingPattern>X</MaskingPattern>
	</RowData>
	<RowData><ProcessDefId>14</ProcessDefId><VariableId>112</VariableId><SystemDefinedName>complex_orient_witholding</SystemDefinedName><UserDefinedName>q_orient_witholding</UserDefinedName><VariableType>11</VariableType><VariableScope>I</VariableScope><ExtObjId>10</ExtObjId><VariableLength>192</VariableLength><VarPrecision>0</VarPrecision><Unbounded>Y</Unbounded><IsEncrypted>N</IsEncrypted><IsMasked>N</IsMasked><MaskingPattern>X</MaskingPattern>
	</RowData>
	<RowData><ProcessDefId>14</ProcessDefId><VariableId>113</VariableId><SystemDefinedName>complex_orient_service_po_item</SystemDefinedName><UserDefinedName>q_orient_service_po_item</UserDefinedName><VariableType>11</VariableType><VariableScope>I</VariableScope><ExtObjId>11</ExtObjId><VariableLength>50</VariableLength><VarPrecision>0</VarPrecision><Unbounded>Y</Unbounded><IsEncrypted>N</IsEncrypted><IsMasked>N</IsMasked><MaskingPattern>X</MaskingPattern>
	</RowData>
	<RowData><ProcessDefId>14</ProcessDefId><VariableId>114</VariableId><SystemDefinedName>postingSyncStatus</SystemDefinedName><UserDefinedName>postingSyncStatus</UserDefinedName><VariableType>10</VariableType><VariableScope>I</VariableScope><ExtObjId>1</ExtObjId><VariableLength>50</VariableLength><VarPrecision>0</VarPrecision><Unbounded>N</Unbounded><IsEncrypted>N</IsEncrypted><IsMasked>N</IsMasked><MaskingPattern>X</MaskingPattern>
	</RowData>
	<RowData><ProcessDefId>14</ProcessDefId><VariableId>115</VariableId><SystemDefinedName>complex_exception_details</SystemDefinedName><UserDefinedName>q_exception_details</UserDefinedName><VariableType>11</VariableType><VariableScope>I</VariableScope><ExtObjId>12</ExtObjId><VarPrecision>0</VarPrecision><Unbounded>Y</Unbounded><IsEncrypted>N</IsEncrypted><IsMasked>N</IsMasked><MaskingPattern>X</MaskingPattern>
	</RowData>
	<RowData><ProcessDefId>14</ProcessDefId><VariableId>116</VariableId><SystemDefinedName>complex_service_SheetDetails</SystemDefinedName><UserDefinedName>q_service_entrySheetDetails</UserDefinedName><VariableType>11</VariableType><VariableScope>I</VariableScope><ExtObjId>13</ExtObjId><VariableLength>7</VariableLength><VarPrecision>0</VarPrecision><Unbounded>Y</Unbounded><IsEncrypted>N</IsEncrypted><IsMasked>N</IsMasked><MaskingPattern>X</MaskingPattern>
	</RowData>
	<RowData><ProcessDefId>14</ProcessDefId><VariableId>117</VariableId><SystemDefinedName>PONo_new</SystemDefinedName><UserDefinedName>PONo_new</UserDefinedName><VariableType>10</VariableType><VariableScope>I</VariableScope><ExtObjId>1</ExtObjId><VariableLength>50</VariableLength><VarPrecision>0</VarPrecision><Unbounded>N</Unbounded><IsEncrypted>N</IsEncrypted><IsMasked>N</IsMasked><MaskingPattern>X</MaskingPattern>
	</RowData>
	<RowData><ProcessDefId>14</ProcessDefId><VariableId>118</VariableId><SystemDefinedName>initiator_user</SystemDefinedName><UserDefinedName>initiator_user</UserDefinedName><VariableType>10</VariableType><VariableScope>I</VariableScope><ExtObjId>1</ExtObjId><VariableLength>100</VariableLength><VarPrecision>0</VarPrecision><Unbounded>N</Unbounded><IsEncrypted>N</IsEncrypted><IsMasked>N</IsMasked><MaskingPattern>X</MaskingPattern>
	</RowData>
	<RowData><ProcessDefId>14</ProcessDefId><VariableId>119</VariableId><SystemDefinedName>finance_user</SystemDefinedName><UserDefinedName>finance_user</UserDefinedName><VariableType>10</VariableType><VariableScope>I</VariableScope><ExtObjId>1</ExtObjId><VariableLength>100</VariableLength><VarPrecision>0</VarPrecision><Unbounded>N</Unbounded><IsEncrypted>N</IsEncrypted><IsMasked>N</IsMasked><MaskingPattern>X</MaskingPattern>
	</RowData>
	<RowData><ProcessDefId>14</ProcessDefId><VariableId>120</VariableId><SystemDefinedName>plan_code</SystemDefinedName><UserDefinedName>plan_code</UserDefinedName><VariableType>10</VariableType><VariableScope>I</VariableScope><ExtObjId>1</ExtObjId><VariableLength>50</VariableLength><VarPrecision>0</VarPrecision><Unbounded>N</Unbounded><IsEncrypted>N</IsEncrypted><IsMasked>N</IsMasked><MaskingPattern>X</MaskingPattern>
	</RowData>
	<RowData><ProcessDefId>14</ProcessDefId><VariableId>121</VariableId><SystemDefinedName>user_finance</SystemDefinedName><UserDefinedName>user_finance</UserDefinedName><VariableType>10</VariableType><VariableScope>I</VariableScope><ExtObjId>1</ExtObjId><VariableLength>255</VariableLength><VarPrecision>0</VarPrecision><Unbounded>N</Unbounded><IsEncrypted>N</IsEncrypted><IsMasked>N</IsMasked><MaskingPattern>X</MaskingPattern>
	</RowData>
	<RowData><ProcessDefId>14</ProcessDefId><VariableId>122</VariableId><SystemDefinedName>user_initiator</SystemDefinedName><UserDefinedName>user_initiator</UserDefinedName><VariableType>10</VariableType><VariableScope>I</VariableScope><ExtObjId>1</ExtObjId><VariableLength>255</VariableLength><VarPrecision>0</VarPrecision><Unbounded>N</Unbounded><IsEncrypted>N</IsEncrypted><IsMasked>N</IsMasked><MaskingPattern>X</MaskingPattern>
	</RowData>
	<RowData><ProcessDefId>14</ProcessDefId><VariableId>123</VariableId><SystemDefinedName>SharePointRequest</SystemDefinedName><UserDefinedName>SharePointRequest</UserDefinedName><VariableType>10</VariableType><VariableScope>I</VariableScope><ExtObjId>1</ExtObjId><VariableLength>50</VariableLength><VarPrecision>0</VarPrecision><Unbounded>N</Unbounded><IsEncrypted>N</IsEncrypted><IsMasked>N</IsMasked><MaskingPattern>X</MaskingPattern>
	</RowData>
	<RowData><ProcessDefId>14</ProcessDefId><VariableId>124</VariableId><SystemDefinedName>plant_code</SystemDefinedName><UserDefinedName>plant_code</UserDefinedName><VariableType>10</VariableType><VariableScope>I</VariableScope><ExtObjId>1</ExtObjId><VariableLength>50</VariableLength><VarPrecision>0</VarPrecision><Unbounded>N</Unbounded><IsEncrypted>N</IsEncrypted><IsMasked>N</IsMasked><MaskingPattern>X</MaskingPattern>
	</RowData>
	<RowData><ProcessDefId>14</ProcessDefId><VariableId>125</VariableId><SystemDefinedName>bus_place</SystemDefinedName><UserDefinedName>bus_place</UserDefinedName><VariableType>10</VariableType><VariableScope>I</VariableScope><ExtObjId>1</ExtObjId><VariableLength>255</VariableLength><VarPrecision>0</VarPrecision><Unbounded>N</Unbounded><IsEncrypted>N</IsEncrypted><IsMasked>N</IsMasked><MaskingPattern>X</MaskingPattern>
	</RowData>
	<RowData><ProcessDefId>14</ProcessDefId><VariableId>126</VariableId><SystemDefinedName>fiscalyear</SystemDefinedName><UserDefinedName>fiscalyear</UserDefinedName><VariableType>10</VariableType><VariableScope>I</VariableScope><ExtObjId>1</ExtObjId><VariableLength>50</VariableLength><VarPrecision>0</VarPrecision><Unbounded>N</Unbounded><IsEncrypted>N</IsEncrypted><IsMasked>N</IsMasked><MaskingPattern>X</MaskingPattern>
	</RowData>
	<RowData><ProcessDefId>14</ProcessDefId><VariableId>127</VariableId><SystemDefinedName>initiator_decision</SystemDefinedName><UserDefinedName>initiator_decision</UserDefinedName><VariableType>10</VariableType><VariableScope>I</VariableScope><ExtObjId>1</ExtObjId><VariableLength>50</VariableLength><VarPrecision>0</VarPrecision><Unbounded>N</Unbounded><IsEncrypted>N</IsEncrypted><IsMasked>N</IsMasked><MaskingPattern>X</MaskingPattern>
	</RowData>
	<RowData><ProcessDefId>14</ProcessDefId><VariableId>128</VariableId><SystemDefinedName>ParkingException_decision</SystemDefinedName><UserDefinedName>ParkingException_decision</UserDefinedName><VariableType>10</VariableType><VariableScope>I</VariableScope><ExtObjId>1</ExtObjId><VariableLength>50</VariableLength><VarPrecision>0</VarPrecision><Unbounded>N</Unbounded><IsEncrypted>N</IsEncrypted><IsMasked>N</IsMasked><MaskingPattern>X</MaskingPattern>
	</RowData>
	<RowData><ProcessDefId>14</ProcessDefId><VariableId>129</VariableId><SystemDefinedName>PostingException_decision</SystemDefinedName><UserDefinedName>PostingException_decision</UserDefinedName><VariableType>10</VariableType><VariableScope>I</VariableScope><ExtObjId>1</ExtObjId><VariableLength>50</VariableLength><VarPrecision>0</VarPrecision><Unbounded>N</Unbounded><IsEncrypted>N</IsEncrypted><IsMasked>N</IsMasked><MaskingPattern>X</MaskingPattern>
	</RowData>
	<RowData><ProcessDefId>14</ProcessDefId><VariableId>130</VariableId><SystemDefinedName>complex_tds_calculation</SystemDefinedName><UserDefinedName>q_tds_calculation</UserDefinedName><VariableType>11</VariableType><VariableScope>I</VariableScope><ExtObjId>14</ExtObjId><VariableLength>5</VariableLength><VarPrecision>0</VarPrecision><Unbounded>Y</Unbounded><IsEncrypted>N</IsEncrypted><IsMasked>N</IsMasked><MaskingPattern>X</MaskingPattern>
	</RowData>
	<RowData><ProcessDefId>14</ProcessDefId><VariableId>131</VariableId><SystemDefinedName>created_by</SystemDefinedName><UserDefinedName>created_by</UserDefinedName><VariableType>10</VariableType><VariableScope>I</VariableScope><ExtObjId>1</ExtObjId><VariableLength>250</VariableLength><VarPrecision>0</VarPrecision><Unbounded>N</Unbounded><IsEncrypted>N</IsEncrypted><IsMasked>N</IsMasked><MaskingPattern>X</MaskingPattern>
	</RowData>
	<RowData><ProcessDefId>14</ProcessDefId><VariableId>10001</VariableId><SystemDefinedName>CalendarName</SystemDefinedName><UserDefinedName>CalendarName</UserDefinedName><VariableType>10</VariableType><VariableScope>M</VariableScope><ExtObjId>0</ExtObjId><VarPrecision>0</VarPrecision><Unbounded>N</Unbounded><IsEncrypted>N</IsEncrypted><IsMasked>N</IsMasked><MaskingPattern>X</MaskingPattern>
	</RowData>
	<RowData><ProcessDefId>14</ProcessDefId><VariableId>10002</VariableId><SystemDefinedName>ExpectedWorkitemDelay</SystemDefinedName><UserDefinedName>TurnAroundDateTime</UserDefinedName><VariableType>8</VariableType><VariableScope>S</VariableScope><ExtObjId>0</ExtObjId><VarPrecision>0</VarPrecision><Unbounded>N</Unbounded><IsEncrypted>N</IsEncrypted><IsMasked>N</IsMasked><MaskingPattern>X</MaskingPattern>
	</RowData>
	<RowData><ProcessDefId>14</ProcessDefId><VariableId>10003</VariableId><SystemDefinedName>IntroducedAt</SystemDefinedName><UserDefinedName>IntroducedAt</UserDefinedName><VariableType>10</VariableType><VariableScope>S</VariableScope><ExtObjId>0</ExtObjId><VarPrecision>0</VarPrecision><Unbounded>N</Unbounded><IsEncrypted>N</IsEncrypted><IsMasked>N</IsMasked><MaskingPattern>X</MaskingPattern>
	</RowData>
	<RowData><ProcessDefId>14</ProcessDefId><VariableId>10004</VariableId><SystemDefinedName>WorkItemId</SystemDefinedName><UserDefinedName>WorkItemId</UserDefinedName><VariableType>3</VariableType><VariableScope>S</VariableScope><ExtObjId>0</ExtObjId><VarPrecision>0</VarPrecision><Unbounded>N</Unbounded><IsEncrypted>N</IsEncrypted><IsMasked>N</IsMasked><MaskingPattern>X</MaskingPattern>
	</RowData>
	<RowData><ProcessDefId>14</ProcessDefId><VariableId>10006</VariableId><SystemDefinedName>VAR_DATE5</SystemDefinedName><VariableType>8</VariableType><VariableScope>U</VariableScope><ExtObjId>0</ExtObjId><VarPrecision>0</VarPrecision><Unbounded>N</Unbounded><IsEncrypted>N</IsEncrypted><IsMasked>N</IsMasked><MaskingPattern>X</MaskingPattern>
	</RowData>
	<RowData><ProcessDefId>14</ProcessDefId><VariableId>10007</VariableId><SystemDefinedName>VAR_DATE6</SystemDefinedName><VariableType>8</VariableType><VariableScope>U</VariableScope><ExtObjId>0</ExtObjId><VarPrecision>0</VarPrecision><Unbounded>N</Unbounded><IsEncrypted>N</IsEncrypted><IsMasked>N</IsMasked><MaskingPattern>X</MaskingPattern>
	</RowData>
	<RowData><ProcessDefId>14</ProcessDefId><VariableId>10008</VariableId><SystemDefinedName>VAR_LONG5</SystemDefinedName><VariableType>4</VariableType><VariableScope>U</VariableScope><ExtObjId>0</ExtObjId><VarPrecision>0</VarPrecision><Unbounded>N</Unbounded><IsEncrypted>N</IsEncrypted><IsMasked>N</IsMasked><MaskingPattern>X</MaskingPattern>
	</RowData>
	<RowData><ProcessDefId>14</ProcessDefId><VariableId>10009</VariableId><SystemDefinedName>VAR_LONG6</SystemDefinedName><VariableType>4</VariableType><VariableScope>U</VariableScope><ExtObjId>0</ExtObjId><VarPrecision>0</VarPrecision><Unbounded>N</Unbounded><IsEncrypted>N</IsEncrypted><IsMasked>N</IsMasked><MaskingPattern>X</MaskingPattern>
	</RowData>
	<RowData><ProcessDefId>14</ProcessDefId><VariableId>10010</VariableId><SystemDefinedName>VAR_STR9</SystemDefinedName><VariableType>10</VariableType><VariableScope>U</VariableScope><ExtObjId>0</ExtObjId><VariableLength>255</VariableLength><VarPrecision>0</VarPrecision><Unbounded>N</Unbounded><IsEncrypted>N</IsEncrypted><IsMasked>N</IsMasked><MaskingPattern>X</MaskingPattern>
	</RowData>
	<RowData><ProcessDefId>14</ProcessDefId><VariableId>10011</VariableId><SystemDefinedName>VAR_STR10</SystemDefinedName><VariableType>10</VariableType><VariableScope>U</VariableScope><ExtObjId>0</ExtObjId><VariableLength>255</VariableLength><VarPrecision>0</VarPrecision><Unbounded>N</Unbounded><IsEncrypted>N</IsEncrypted><IsMasked>N</IsMasked><MaskingPattern>X</MaskingPattern>
	</RowData>
	<RowData><ProcessDefId>14</ProcessDefId><VariableId>10012</VariableId><SystemDefinedName>VAR_STR11</SystemDefinedName><UserDefinedName>q_sharepoint_requestid</UserDefinedName><VariableType>10</VariableType><VariableScope>U</VariableScope><ExtObjId>0</ExtObjId><VariableLength>255</VariableLength><VarPrecision>0</VarPrecision><Unbounded>N</Unbounded><IsEncrypted>N</IsEncrypted><IsMasked>N</IsMasked><MaskingPattern>X</MaskingPattern>
	</RowData>
	<RowData><ProcessDefId>14</ProcessDefId><VariableId>10013</VariableId><SystemDefinedName>VAR_STR12</SystemDefinedName><VariableType>10</VariableType><VariableScope>U</VariableScope><ExtObjId>0</ExtObjId><VariableLength>255</VariableLength><VarPrecision>0</VarPrecision><Unbounded>N</Unbounded><IsEncrypted>N</IsEncrypted><IsMasked>N</IsMasked><MaskingPattern>X</MaskingPattern>
	</RowData>
	<RowData><ProcessDefId>14</ProcessDefId><VariableId>10014</VariableId><SystemDefinedName>VAR_STR13</SystemDefinedName><VariableType>10</VariableType><VariableScope>U</VariableScope><ExtObjId>0</ExtObjId><VariableLength>255</VariableLength><VarPrecision>0</VarPrecision><Unbounded>N</Unbounded><IsEncrypted>N</IsEncrypted><IsMasked>N</IsMasked><MaskingPattern>X</MaskingPattern>
	</RowData>
	<RowData><ProcessDefId>14</ProcessDefId><VariableId>10015</VariableId><SystemDefinedName>VAR_STR14</SystemDefinedName><VariableType>10</VariableType><VariableScope>U</VariableScope><ExtObjId>0</ExtObjId><VariableLength>255</VariableLength><VarPrecision>0</VarPrecision><Unbounded>N</Unbounded><IsEncrypted>N</IsEncrypted><IsMasked>N</IsMasked><MaskingPattern>X</MaskingPattern>
	</RowData>
	<RowData><ProcessDefId>14</ProcessDefId><VariableId>10016</VariableId><SystemDefinedName>VAR_STR15</SystemDefinedName><VariableType>10</VariableType><VariableScope>U</VariableScope><ExtObjId>0</ExtObjId><VariableLength>255</VariableLength><VarPrecision>0</VarPrecision><Unbounded>N</Unbounded><IsEncrypted>N</IsEncrypted><IsMasked>N</IsMasked><MaskingPattern>X</MaskingPattern>
	</RowData>
	<RowData><ProcessDefId>14</ProcessDefId><VariableId>10017</VariableId><SystemDefinedName>VAR_STR16</SystemDefinedName><VariableType>10</VariableType><VariableScope>U</VariableScope><ExtObjId>0</ExtObjId><VariableLength>255</VariableLength><VarPrecision>0</VarPrecision><Unbounded>N</Unbounded><IsEncrypted>N</IsEncrypted><IsMasked>N</IsMasked><MaskingPattern>X</MaskingPattern>
	</RowData>
	<RowData><ProcessDefId>14</ProcessDefId><VariableId>10018</VariableId><SystemDefinedName>VAR_STR17</SystemDefinedName><VariableType>10</VariableType><VariableScope>U</VariableScope><ExtObjId>0</ExtObjId><VariableLength>255</VariableLength><VarPrecision>0</VarPrecision><Unbounded>N</Unbounded><IsEncrypted>N</IsEncrypted><IsMasked>N</IsMasked><MaskingPattern>X</MaskingPattern>
	</RowData>
	<RowData><ProcessDefId>14</ProcessDefId><VariableId>10019</VariableId><SystemDefinedName>VAR_STR18</SystemDefinedName><VariableType>10</VariableType><VariableScope>U</VariableScope><ExtObjId>0</ExtObjId><VariableLength>255</VariableLength><VarPrecision>0</VarPrecision><Unbounded>N</Unbounded><IsEncrypted>N</IsEncrypted><IsMasked>N</IsMasked><MaskingPattern>X</MaskingPattern>
	</RowData>
	<RowData><ProcessDefId>14</ProcessDefId><VariableId>10020</VariableId><SystemDefinedName>VAR_STR19</SystemDefinedName><VariableType>10</VariableType><VariableScope>U</VariableScope><ExtObjId>0</ExtObjId><VariableLength>255</VariableLength><VarPrecision>0</VarPrecision><Unbounded>N</Unbounded><IsEncrypted>N</IsEncrypted><IsMasked>N</IsMasked><MaskingPattern>X</MaskingPattern>
	</RowData>
	<RowData><ProcessDefId>14</ProcessDefId><VariableId>10021</VariableId><SystemDefinedName>VAR_STR20</SystemDefinedName><VariableType>10</VariableType><VariableScope>U</VariableScope><ExtObjId>0</ExtObjId><VariableLength>255</VariableLength><VarPrecision>0</VarPrecision><Unbounded>N</Unbounded><IsEncrypted>N</IsEncrypted><IsMasked>N</IsMasked><MaskingPattern>X</MaskingPattern>
	</RowData>
</PMWVARMAPPINGTABLE>