<PMWARCHIVEDOCTYPETABLE>
	<RowData><ProcessDefId>1</ProcessDefId><ArchiveID>45</ArchiveID><DocTypeID>1</DocTypeID><AssocClassName>InboundProcessing</AssocClassName><AssocClassID>5</AssocClassID>
	</RowData>
	<RowData><ProcessDefId>1</ProcessDefId><ArchiveID>45</ArchiveID><DocTypeID>2</DocTypeID><AssocClassName>InboundProcessing</AssocClassName><AssocClassID>5</AssocClassID>
	</RowData>
	<RowData><ProcessDefId>1</ProcessDefId><ArchiveID>45</ArchiveID><DocTypeID>3</DocTypeID><AssocClassName>InboundProcessing</AssocClassName><AssocClassID>5</AssocClassID>
	</RowData>
	<RowData><ProcessDefId>1</ProcessDefId><ArchiveID>45</ArchiveID><DocTypeID>4</DocTypeID><AssocClassName>InboundProcessing</AssocClassName><AssocClassID>5</AssocClassID>
	</RowData>
	<RowData><ProcessDefId>1</ProcessDefId><ArchiveID>45</ArchiveID><DocTypeID>5</DocTypeID><AssocClassName>InboundProcessing</AssocClassName><AssocClassID>5</AssocClassID>
	</RowData>
	<RowData><ProcessDefId>1</ProcessDefId><ArchiveID>45</ArchiveID><DocTypeID>-998</DocTypeID><AssocClassName><None></AssocClassName><AssocClassID>-1</AssocClassID>
	</RowData>
	<RowData><ProcessDefId>1</ProcessDefId><ArchiveID>45</ArchiveID><DocTypeID>-999</DocTypeID><AssocClassName><None></AssocClassName><AssocClassID>-1</AssocClassID>
	</RowData>
</PMWARCHIVEDOCTYPETABLE>