<PMWARCHIVETABLE>
	<RowData><ProcessDefId>1</ProcessDefId><ActivityID>45</ActivityID><CabinetName>orient</CabinetName><IPAddress></IPAddress><PortId></PortId><ArchiveAs>&<dmspath>&</ArchiveAs><UserId>supervisor</UserId><Passwd>e-C;B-C;B-C;G-D;f:e:V:J:Hjd:HacK:a:4:lY-D;r-D;A6-D;I</Passwd><ArchiveDataClassId>-1</ArchiveDataClassId><AppServerIP>127.0.0.1</AppServerIP><AppServerPort>4447</AppServerPort><AppServerType>JBossEAP</AppServerType><SecurityFlag>N</SecurityFlag><ArchiveDataClassName></ArchiveDataClassName><DeleteAudit>N</DeleteAudit>
	</RowData>
</PMWARCHIVETABLE>