<PMWActivityAssociationTable_23>
	<RowData><ProcessDefId>1</ProcessDefId><ActivityId>73</ActivityId><DefinitionType>I</DefinitionType><DefinitionId>50</DefinitionId><FieldName>currency</FieldName><Attribute>O</Attribute><ExtObjID>1</ExtObjID><VariableId>127</VariableId>
	</RowData>
	<RowData><ProcessDefId>1</ProcessDefId><ActivityId>73</ActivityId><DefinitionType>I</DefinitionType><DefinitionId>51</DefinitionId><FieldName>vendor_code</FieldName><Attribute>O</Attribute><ExtObjID>1</ExtObjID><VariableId>63</VariableId>
	</RowData>
	<RowData><ProcessDefId>1</ProcessDefId><ActivityId>73</ActivityId><DefinitionType>I</DefinitionType><DefinitionId>52</DefinitionId><FieldName>PostingSyncStatus</FieldName><Attribute>O</Attribute><ExtObjID>1</ExtObjID><VariableId>180</VariableId>
	</RowData>
	<RowData><ProcessDefId>1</ProcessDefId><ActivityId>73</ActivityId><DefinitionType>I</DefinitionType><DefinitionId>54</DefinitionId><FieldName>duplicateCheck</FieldName><Attribute>O</Attribute><ExtObjID>1</ExtObjID><VariableId>65</VariableId>
	</RowData>
	<RowData><ProcessDefId>1</ProcessDefId><ActivityId>73</ActivityId><DefinitionType>I</DefinitionType><DefinitionId>55</DefinitionId><FieldName>delete_storeChildWI</FieldName><Attribute>O</Attribute><ExtObjID>1</ExtObjID><VariableId>67</VariableId>
	</RowData>
	<RowData><ProcessDefId>1</ProcessDefId><ActivityId>73</ActivityId><DefinitionType>I</DefinitionType><DefinitionId>56</DefinitionId><FieldName>grn_number</FieldName><Attribute>O</Attribute><ExtObjID>1</ExtObjID><VariableId>66</VariableId>
	</RowData>
	<RowData><ProcessDefId>1</ProcessDefId><ActivityId>73</ActivityId><DefinitionType>I</DefinitionType><DefinitionId>57</DefinitionId><FieldName>mdoc105</FieldName><Attribute>O</Attribute><ExtObjID>1</ExtObjID><VariableId>129</VariableId>
	</RowData>
	<RowData><ProcessDefId>1</ProcessDefId><ActivityId>73</ActivityId><DefinitionType>I</DefinitionType><DefinitionId>58</DefinitionId><FieldName>remarks_storehold</FieldName><Attribute>O</Attribute><ExtObjID>1</ExtObjID><VariableId>68</VariableId>
	</RowData>
	<RowData><ProcessDefId>1</ProcessDefId><ActivityId>73</ActivityId><DefinitionType>I</DefinitionType><DefinitionId>59</DefinitionId><FieldName>mdoc103</FieldName><Attribute>O</Attribute><ExtObjID>1</ExtObjID><VariableId>128</VariableId>
	</RowData>
	<RowData><ProcessDefId>1</ProcessDefId><ActivityId>73</ActivityId><DefinitionType>I</DefinitionType><DefinitionId>60</DefinitionId><FieldName>claiminsurance</FieldName><Attribute>O</Attribute><ExtObjID>1</ExtObjID><VariableId>118</VariableId>
	</RowData>
	<RowData><ProcessDefId>1</ProcessDefId><ActivityId>73</ActivityId><DefinitionType>I</DefinitionType><DefinitionId>61</DefinitionId><FieldName>remarks_accounts</FieldName><Attribute>O</Attribute><ExtObjID>1</ExtObjID><VariableId>116</VariableId>
	</RowData>
	<RowData><ProcessDefId>1</ProcessDefId><ActivityId>73</ActivityId><DefinitionType>I</DefinitionType><DefinitionId>62</DefinitionId><FieldName>ParkingException_decision</FieldName><Attribute>O</Attribute><ExtObjID>1</ExtObjID><VariableId>187</VariableId>
	</RowData>
	<RowData><ProcessDefId>1</ProcessDefId><ActivityId>73</ActivityId><DefinitionType>I</DefinitionType><DefinitionId>63</DefinitionId><FieldName>q_exception_details</FieldName><Attribute>O</Attribute><ExtObjID>1</ExtObjID><VariableId>182</VariableId>
	</RowData>
	<RowData><ProcessDefId>1</ProcessDefId><ActivityId>73</ActivityId><DefinitionType>I</DefinitionType><DefinitionId>64</DefinitionId><FieldName>vendor_country</FieldName><Attribute>O</Attribute><ExtObjID>1</ExtObjID><VariableId>100</VariableId>
	</RowData>
	<RowData><ProcessDefId>1</ProcessDefId><ActivityId>73</ActivityId><DefinitionType>I</DefinitionType><DefinitionId>65</DefinitionId><FieldName>reversal_reason</FieldName><Attribute>O</Attribute><ExtObjID>1</ExtObjID><VariableId>152</VariableId>
	</RowData>
	<RowData><ProcessDefId>1</ProcessDefId><ActivityId>73</ActivityId><DefinitionType>I</DefinitionType><DefinitionId>66</DefinitionId><FieldName>q_orient_acc_assignment</FieldName><Attribute>O</Attribute><ExtObjID>1</ExtObjID><VariableId>135</VariableId>
	</RowData>
	<RowData><ProcessDefId>1</ProcessDefId><ActivityId>73</ActivityId><DefinitionType>I</DefinitionType><DefinitionId>67</DefinitionId><FieldName>gate_decision</FieldName><Attribute>O</Attribute><ExtObjID>1</ExtObjID><VariableId>153</VariableId>
	</RowData>
	<RowData><ProcessDefId>1</ProcessDefId><ActivityId>73</ActivityId><DefinitionType>I</DefinitionType><DefinitionId>68</DefinitionId><FieldName>remarks_finance</FieldName><Attribute>O</Attribute><ExtObjID>1</ExtObjID><VariableId>117</VariableId>
	</RowData>
	<RowData><ProcessDefId>1</ProcessDefId><ActivityId>73</ActivityId><DefinitionType>I</DefinitionType><DefinitionId>69</DefinitionId><FieldName>store_decision</FieldName><Attribute>O</Attribute><ExtObjID>1</ExtObjID><VariableId>78</VariableId>
	</RowData>
	<RowData><ProcessDefId>1</ProcessDefId><ActivityId>73</ActivityId><DefinitionType>I</DefinitionType><DefinitionId>70</DefinitionId><FieldName>vendor_city</FieldName><Attribute>O</Attribute><ExtObjID>1</ExtObjID><VariableId>98</VariableId>
	</RowData>
	<RowData><ProcessDefId>1</ProcessDefId><ActivityId>73</ActivityId><DefinitionType>I</DefinitionType><DefinitionId>71</DefinitionId><FieldName>tax_code</FieldName><Attribute>O</Attribute><ExtObjID>1</ExtObjID><VariableId>126</VariableId>
	</RowData>
	<RowData><ProcessDefId>1</ProcessDefId><ActivityId>73</ActivityId><DefinitionType>I</DefinitionType><DefinitionId>72</DefinitionId><FieldName>pr_number</FieldName><Attribute>O</Attribute><ExtObjID>1</ExtObjID><VariableId>79</VariableId>
	</RowData>
	<RowData><ProcessDefId>1</ProcessDefId><ActivityId>73</ActivityId><DefinitionType>I</DefinitionType><DefinitionId>73</DefinitionId><FieldName>storehold_decsion</FieldName><Attribute>O</Attribute><ExtObjID>1</ExtObjID><VariableId>80</VariableId>
	</RowData>
	<RowData><ProcessDefId>1</ProcessDefId><ActivityId>73</ActivityId><DefinitionType>I</DefinitionType><DefinitionId>74</DefinitionId><FieldName>po_year</FieldName><Attribute>O</Attribute><ExtObjID>1</ExtObjID><VariableId>113</VariableId>
	</RowData>
	<RowData><ProcessDefId>1</ProcessDefId><ActivityId>73</ActivityId><DefinitionType>I</DefinitionType><DefinitionId>75</DefinitionId><FieldName>mailbody</FieldName><Attribute>O</Attribute><ExtObjID>1</ExtObjID><VariableId>143</VariableId>
	</RowData>
	<RowData><ProcessDefId>1</ProcessDefId><ActivityId>73</ActivityId><DefinitionType>I</DefinitionType><DefinitionId>76</DefinitionId><FieldName>errorcode</FieldName><Attribute>O</Attribute><ExtObjID>1</ExtObjID><VariableId>81</VariableId>
	</RowData>
	<RowData><ProcessDefId>1</ProcessDefId><ActivityId>73</ActivityId><DefinitionType>I</DefinitionType><DefinitionId>77</DefinitionId><FieldName>q_orient_entry_service</FieldName><Attribute>O</Attribute><ExtObjID>1</ExtObjID><VariableId>134</VariableId>
	</RowData>
	<RowData><ProcessDefId>1</ProcessDefId><ActivityId>73</ActivityId><DefinitionType>I</DefinitionType><DefinitionId>78</DefinitionId><FieldName>tcs</FieldName><Attribute>O</Attribute><ExtObjID>1</ExtObjID><VariableId>185</VariableId>
	</RowData>
	<RowData><ProcessDefId>1</ProcessDefId><ActivityId>73</ActivityId><DefinitionType>I</DefinitionType><DefinitionId>79</DefinitionId><FieldName>replacement</FieldName><Attribute>O</Attribute><ExtObjID>1</ExtObjID><VariableId>144</VariableId>
	</RowData>
	<RowData><ProcessDefId>1</ProcessDefId><ActivityId>73</ActivityId><DefinitionType>I</DefinitionType><DefinitionId>80</DefinitionId><FieldName>InvoiceDate</FieldName><Attribute>O</Attribute><ExtObjID>1</ExtObjID><VariableId>85</VariableId>
	</RowData>
	<RowData><ProcessDefId>1</ProcessDefId><ActivityId>73</ActivityId><DefinitionType>I</DefinitionType><DefinitionId>81</DefinitionId><FieldName>assignedTo</FieldName><Attribute>O</Attribute><ExtObjID>1</ExtObjID><VariableId>140</VariableId>
	</RowData>
	<RowData><ProcessDefId>1</ProcessDefId><ActivityId>73</ActivityId><DefinitionType>I</DefinitionType><DefinitionId>83</DefinitionId><FieldName>remarks_qualityhold</FieldName><Attribute>O</Attribute><ExtObjID>1</ExtObjID><VariableId>123</VariableId>
	</RowData>
	<RowData><ProcessDefId>1</ProcessDefId><ActivityId>73</ActivityId><DefinitionType>I</DefinitionType><DefinitionId>84</DefinitionId><FieldName>pur_group</FieldName><Attribute>O</Attribute><ExtObjID>1</ExtObjID><VariableId>62</VariableId>
	</RowData>
	<RowData><ProcessDefId>1</ProcessDefId><ActivityId>73</ActivityId><DefinitionType>I</DefinitionType><DefinitionId>85</DefinitionId><FieldName>PostingSyncDate</FieldName><Attribute>O</Attribute><ExtObjID>1</ExtObjID><VariableId>181</VariableId>
	</RowData>
	<RowData><ProcessDefId>1</ProcessDefId><ActivityId>73</ActivityId><DefinitionType>I</DefinitionType><DefinitionId>86</DefinitionId><FieldName>pan_inv</FieldName><Attribute>O</Attribute><ExtObjID>1</ExtObjID><VariableId>163</VariableId>
	</RowData>
	<RowData><ProcessDefId>1</ProcessDefId><ActivityId>73</ActivityId><DefinitionType>I</DefinitionType><DefinitionId>87</DefinitionId><FieldName>ProfitCenter</FieldName><Attribute>O</Attribute><ExtObjID>1</ExtObjID><VariableId>149</VariableId>
	</RowData>
	<RowData><ProcessDefId>1</ProcessDefId><ActivityId>73</ActivityId><DefinitionType>I</DefinitionType><DefinitionId>89</DefinitionId><FieldName>po_type</FieldName><Attribute>O</Attribute><ExtObjID>1</ExtObjID><VariableId>70</VariableId>
	</RowData>
	<RowData><ProcessDefId>1</ProcessDefId><ActivityId>73</ActivityId><DefinitionType>I</DefinitionType><DefinitionId>90</DefinitionId><FieldName>remarks_service</FieldName><Attribute>O</Attribute><ExtObjID>1</ExtObjID><VariableId>137</VariableId>
	</RowData>
	<RowData><ProcessDefId>1</ProcessDefId><ActivityId>73</ActivityId><DefinitionType>I</DefinitionType><DefinitionId>91</DefinitionId><FieldName>scanuserdate</FieldName><Attribute>O</Attribute><ExtObjID>1</ExtObjID><VariableId>119</VariableId>
	</RowData>
	<RowData><ProcessDefId>1</ProcessDefId><ActivityId>73</ActivityId><DefinitionType>I</DefinitionType><DefinitionId>92</DefinitionId><FieldName>finance_decision</FieldName><Attribute>O</Attribute><ExtObjID>1</ExtObjID><VariableId>160</VariableId>
	</RowData>
	<RowData><ProcessDefId>1</ProcessDefId><ActivityId>73</ActivityId><DefinitionType>I</DefinitionType><DefinitionId>93</DefinitionId><FieldName>postingDate</FieldName><Attribute>O</Attribute><ExtObjID>1</ExtObjID><VariableId>142</VariableId>
	</RowData>
	<RowData><ProcessDefId>1</ProcessDefId><ActivityId>73</ActivityId><DefinitionType>I</DefinitionType><DefinitionId>94</DefinitionId><FieldName>inv_park_sap</FieldName><Attribute>O</Attribute><ExtObjID>1</ExtObjID><VariableId>177</VariableId>
	</RowData>
	<RowData><ProcessDefId>1</ProcessDefId><ActivityId>73</ActivityId><DefinitionType>I</DefinitionType><DefinitionId>95</DefinitionId><FieldName>remarks_store</FieldName><Attribute>O</Attribute><ExtObjID>1</ExtObjID><VariableId>76</VariableId>
	</RowData>
	<RowData><ProcessDefId>1</ProcessDefId><ActivityId>73</ActivityId><DefinitionType>I</DefinitionType><DefinitionId>96</DefinitionId><FieldName>q_orient_pr_item</FieldName><Attribute>O</Attribute><ExtObjID>1</ExtObjID><VariableId>104</VariableId>
	</RowData>
	<RowData><ProcessDefId>1</ProcessDefId><ActivityId>73</ActivityId><DefinitionType>I</DefinitionType><DefinitionId>97</DefinitionId><FieldName>vendor_region</FieldName><Attribute>O</Attribute><ExtObjID>1</ExtObjID><VariableId>96</VariableId>
	</RowData>
	<RowData><ProcessDefId>1</ProcessDefId><ActivityId>73</ActivityId><DefinitionType>I</DefinitionType><DefinitionId>98</DefinitionId><FieldName>vendor_contact</FieldName><Attribute>O</Attribute><ExtObjID>1</ExtObjID><VariableId>95</VariableId>
	</RowData>
	<RowData><ProcessDefId>1</ProcessDefId><ActivityId>73</ActivityId><DefinitionType>I</DefinitionType><DefinitionId>99</DefinitionId><FieldName>gateexception_flag</FieldName><Attribute>O</Attribute><ExtObjID>1</ExtObjID><VariableId>172</VariableId>
	</RowData>
	<RowData><ProcessDefId>1</ProcessDefId><ActivityId>73</ActivityId><DefinitionType>I</DefinitionType><DefinitionId>100</DefinitionId><FieldName>q1_exception_details</FieldName><Attribute>O</Attribute><ExtObjID>1</ExtObjID><VariableId>183</VariableId>
	</RowData>
	<RowData><ProcessDefId>1</ProcessDefId><ActivityId>73</ActivityId><DefinitionType>I</DefinitionType><DefinitionId>101</DefinitionId><FieldName>email</FieldName><Attribute>O</Attribute><ExtObjID>1</ExtObjID><VariableId>141</VariableId>
	</RowData>
	<RowData><ProcessDefId>1</ProcessDefId><ActivityId>73</ActivityId><DefinitionType>I</DefinitionType><DefinitionId>102</DefinitionId><FieldName>remarks_audit</FieldName><Attribute>O</Attribute><ExtObjID>1</ExtObjID><VariableId>151</VariableId>
	</RowData>
	<RowData><ProcessDefId>1</ProcessDefId><ActivityId>73</ActivityId><DefinitionType>I</DefinitionType><DefinitionId>103</DefinitionId><FieldName>dmspath</FieldName><Attribute>O</Attribute><ExtObjID>1</ExtObjID><VariableId>132</VariableId>
	</RowData>
	<RowData><ProcessDefId>1</ProcessDefId><ActivityId>73</ActivityId><DefinitionType>I</DefinitionType><DefinitionId>104</DefinitionId><FieldName>remarks_quality</FieldName><Attribute>O</Attribute><ExtObjID>1</ExtObjID><VariableId>122</VariableId>
	</RowData>
	<RowData><ProcessDefId>1</ProcessDefId><ActivityId>73</ActivityId><DefinitionType>I</DefinitionType><DefinitionId>105</DefinitionId><FieldName>po_cat</FieldName><Attribute>O</Attribute><ExtObjID>1</ExtObjID><VariableId>168</VariableId>
	</RowData>
	<RowData><ProcessDefId>1</ProcessDefId><ActivityId>73</ActivityId><DefinitionType>I</DefinitionType><DefinitionId>106</DefinitionId><FieldName>debit_to_transport</FieldName><Attribute>O</Attribute><ExtObjID>1</ExtObjID><VariableId>145</VariableId>
	</RowData>
	<RowData><ProcessDefId>1</ProcessDefId><ActivityId>73</ActivityId><DefinitionType>I</DefinitionType><DefinitionId>107</DefinitionId><FieldName>ParkingSyncDate</FieldName><Attribute>O</Attribute><ExtObjID>1</ExtObjID><VariableId>179</VariableId>
	</RowData>
	<RowData><ProcessDefId>1</ProcessDefId><ActivityId>73</ActivityId><DefinitionType>I</DefinitionType><DefinitionId>108</DefinitionId><FieldName>taxcode_service</FieldName><Attribute>O</Attribute><ExtObjID>1</ExtObjID><VariableId>175</VariableId>
	</RowData>
	<RowData><ProcessDefId>1</ProcessDefId><ActivityId>73</ActivityId><DefinitionType>I</DefinitionType><DefinitionId>109</DefinitionId><FieldName>q_serviceapproval</FieldName><Attribute>O</Attribute><ExtObjID>1</ExtObjID><VariableId>146</VariableId>
	</RowData>
	<RowData><ProcessDefId>1</ProcessDefId><ActivityId>73</ActivityId><DefinitionType>I</DefinitionType><DefinitionId>110</DefinitionId><FieldName>freight_value</FieldName><Attribute>O</Attribute><ExtObjID>1</ExtObjID><VariableId>191</VariableId>
	</RowData>
	<RowData><ProcessDefId>1</ProcessDefId><ActivityId>73</ActivityId><DefinitionType>I</DefinitionType><DefinitionId>111</DefinitionId><FieldName>PurchaseOrderNo</FieldName><Attribute>O</Attribute><ExtObjID>1</ExtObjID><VariableId>92</VariableId>
	</RowData>
	<RowData><ProcessDefId>1</ProcessDefId><ActivityId>73</ActivityId><DefinitionType>I</DefinitionType><DefinitionId>112</DefinitionId><FieldName>inv_post_rev</FieldName><Attribute>O</Attribute><ExtObjID>1</ExtObjID><VariableId>171</VariableId>
	</RowData>
	<RowData><ProcessDefId>1</ProcessDefId><ActivityId>73</ActivityId><DefinitionType>I</DefinitionType><DefinitionId>113</DefinitionId><FieldName>orient_GST</FieldName><Attribute>O</Attribute><ExtObjID>1</ExtObjID><VariableId>161</VariableId>
	</RowData>
	<RowData><ProcessDefId>1</ProcessDefId><ActivityId>73</ActivityId><DefinitionType>I</DefinitionType><DefinitionId>114</DefinitionId><FieldName>q_multiplepo</FieldName><Attribute>O</Attribute><ExtObjID>1</ExtObjID><VariableId>176</VariableId>
	</RowData>
	<RowData><ProcessDefId>1</ProcessDefId><ActivityId>73</ActivityId><DefinitionType>I</DefinitionType><DefinitionId>115</DefinitionId><FieldName>GSTN</FieldName><Attribute>O</Attribute><ExtObjID>1</ExtObjID><VariableId>89</VariableId>
	</RowData>
	<RowData><ProcessDefId>1</ProcessDefId><ActivityId>73</ActivityId><DefinitionType>I</DefinitionType><DefinitionId>116</DefinitionId><FieldName>q_orient_po_item</FieldName><Attribute>O</Attribute><ExtObjID>1</ExtObjID><VariableId>102</VariableId>
	</RowData>
	<RowData><ProcessDefId>1</ProcessDefId><ActivityId>73</ActivityId><DefinitionType>I</DefinitionType><DefinitionId>117</DefinitionId><FieldName>InvoiceNo</FieldName><Attribute>O</Attribute><ExtObjID>1</ExtObjID><VariableId>86</VariableId>
	</RowData>
	<RowData><ProcessDefId>1</ProcessDefId><ActivityId>73</ActivityId><DefinitionType>I</DefinitionType><DefinitionId>118</DefinitionId><FieldName>po_date</FieldName><Attribute>O</Attribute><ExtObjID>1</ExtObjID><VariableId>64</VariableId>
	</RowData>
	<RowData><ProcessDefId>1</ProcessDefId><ActivityId>73</ActivityId><DefinitionType>I</DefinitionType><DefinitionId>119</DefinitionId><FieldName>mdoc105_rev</FieldName><Attribute>O</Attribute><ExtObjID>1</ExtObjID><VariableId>157</VariableId>
	</RowData>
	<RowData><ProcessDefId>1</ProcessDefId><ActivityId>73</ActivityId><DefinitionType>I</DefinitionType><DefinitionId>120</DefinitionId><FieldName>q_orient_pohistory</FieldName><Attribute>O</Attribute><ExtObjID>1</ExtObjID><VariableId>101</VariableId>
	</RowData>
	<RowData><ProcessDefId>1</ProcessDefId><ActivityId>73</ActivityId><DefinitionType>I</DefinitionType><DefinitionId>121</DefinitionId><FieldName>qualityhold_decision</FieldName><Attribute>O</Attribute><ExtObjID>1</ExtObjID><VariableId>72</VariableId>
	</RowData>
	<RowData><ProcessDefId>1</ProcessDefId><ActivityId>73</ActivityId><DefinitionType>I</DefinitionType><DefinitionId>122</DefinitionId><FieldName>asn_number</FieldName><Attribute>O</Attribute><ExtObjID>1</ExtObjID><VariableId>167</VariableId>
	</RowData>
	<RowData><ProcessDefId>1</ProcessDefId><ActivityId>73</ActivityId><DefinitionType>I</DefinitionType><DefinitionId>123</DefinitionId><FieldName>vendor_name</FieldName><Attribute>O</Attribute><ExtObjID>1</ExtObjID><VariableId>73</VariableId>
	</RowData>
	<RowData><ProcessDefId>1</ProcessDefId><ActivityId>73</ActivityId><DefinitionType>I</DefinitionType><DefinitionId>126</DefinitionId><FieldName>service_status</FieldName><Attribute>O</Attribute><ExtObjID>1</ExtObjID><VariableId>147</VariableId>
	</RowData>
	<RowData><ProcessDefId>1</ProcessDefId><ActivityId>73</ActivityId><DefinitionType>I</DefinitionType><DefinitionId>127</DefinitionId><FieldName>remarks_gateentry</FieldName><Attribute>O</Attribute><ExtObjID>1</ExtObjID><VariableId>75</VariableId>
	</RowData>
	<RowData><ProcessDefId>1</ProcessDefId><ActivityId>73</ActivityId><DefinitionType>I</DefinitionType><DefinitionId>128</DefinitionId><FieldName>orient_PAN</FieldName><Attribute>O</Attribute><ExtObjID>1</ExtObjID><VariableId>162</VariableId>
	</RowData>
	<RowData><ProcessDefId>1</ProcessDefId><ActivityId>73</ActivityId><DefinitionType>I</DefinitionType><DefinitionId>129</DefinitionId><FieldName>doc_type</FieldName><Attribute>O</Attribute><ExtObjID>1</ExtObjID><VariableId>125</VariableId>
	</RowData>
	<RowData><ProcessDefId>1</ProcessDefId><ActivityId>73</ActivityId><DefinitionType>I</DefinitionType><DefinitionId>130</DefinitionId><FieldName>vendor_street</FieldName><Attribute>O</Attribute><ExtObjID>1</ExtObjID><VariableId>97</VariableId>
	</RowData>
	<RowData><ProcessDefId>1</ProcessDefId><ActivityId>73</ActivityId><DefinitionType>I</DefinitionType><DefinitionId>131</DefinitionId><FieldName>jobtypepo</FieldName><Attribute>O</Attribute><ExtObjID>1</ExtObjID><VariableId>184</VariableId>
	</RowData>
	<RowData><ProcessDefId>1</ProcessDefId><ActivityId>73</ActivityId><DefinitionType>I</DefinitionType><DefinitionId>133</DefinitionId><FieldName>scanusername</FieldName><Attribute>O</Attribute><ExtObjID>1</ExtObjID><VariableId>120</VariableId>
	</RowData>
	<RowData><ProcessDefId>1</ProcessDefId><ActivityId>73</ActivityId><DefinitionType>I</DefinitionType><DefinitionId>134</DefinitionId><FieldName>freight</FieldName><Attribute>O</Attribute><ExtObjID>1</ExtObjID><VariableId>190</VariableId>
	</RowData>
	<RowData><ProcessDefId>1</ProcessDefId><ActivityId>73</ActivityId><DefinitionType>I</DefinitionType><DefinitionId>135</DefinitionId><FieldName>decision_l3</FieldName><Attribute>O</Attribute><ExtObjID>1</ExtObjID><VariableId>111</VariableId>
	</RowData>
	<RowData><ProcessDefId>1</ProcessDefId><ActivityId>73</ActivityId><DefinitionType>I</DefinitionType><DefinitionId>136</DefinitionId><FieldName>TransporterName</FieldName><Attribute>O</Attribute><ExtObjID>1</ExtObjID><VariableId>91</VariableId>
	</RowData>
	<RowData><ProcessDefId>1</ProcessDefId><ActivityId>73</ActivityId><DefinitionType>I</DefinitionType><DefinitionId>137</DefinitionId><FieldName>decision_l4</FieldName><Attribute>O</Attribute><ExtObjID>1</ExtObjID><VariableId>112</VariableId>
	</RowData>
	<RowData><ProcessDefId>1</ProcessDefId><ActivityId>73</ActivityId><DefinitionType>I</DefinitionType><DefinitionId>138</DefinitionId><FieldName>decision_l1</FieldName><Attribute>O</Attribute><ExtObjID>1</ExtObjID><VariableId>109</VariableId>
	</RowData>
	<RowData><ProcessDefId>1</ProcessDefId><ActivityId>73</ActivityId><DefinitionType>I</DefinitionType><DefinitionId>139</DefinitionId><FieldName>decision_l2</FieldName><Attribute>O</Attribute><ExtObjID>1</ExtObjID><VariableId>110</VariableId>
	</RowData>
	<RowData><ProcessDefId>1</ProcessDefId><ActivityId>73</ActivityId><DefinitionType>I</DefinitionType><DefinitionId>140</DefinitionId><FieldName>q_orient_poitem_history</FieldName><Attribute>O</Attribute><ExtObjID>1</ExtObjID><VariableId>103</VariableId>
	</RowData>
	<RowData><ProcessDefId>1</ProcessDefId><ActivityId>73</ActivityId><DefinitionType>I</DefinitionType><DefinitionId>141</DefinitionId><FieldName>tdsflag</FieldName><Attribute>O</Attribute><ExtObjID>1</ExtObjID><VariableId>196</VariableId>
	</RowData>
	<RowData><ProcessDefId>1</ProcessDefId><ActivityId>73</ActivityId><DefinitionType>I</DefinitionType><DefinitionId>142</DefinitionId><FieldName>PostingException_decision</FieldName><Attribute>O</Attribute><ExtObjID>1</ExtObjID><VariableId>195</VariableId>
	</RowData>
	<RowData><ProcessDefId>1</ProcessDefId><ActivityId>73</ActivityId><DefinitionType>I</DefinitionType><DefinitionId>143</DefinitionId><FieldName>fiscalyear</FieldName><Attribute>O</Attribute><ExtObjID>1</ExtObjID><VariableId>193</VariableId>
	</RowData>
	<RowData><ProcessDefId>1</ProcessDefId><ActivityId>73</ActivityId><DefinitionType>I</DefinitionType><DefinitionId>144</DefinitionId><FieldName>invoiceamount_int</FieldName><Attribute>O</Attribute><ExtObjID>1</ExtObjID><VariableId>194</VariableId>
	</RowData>
	<RowData><ProcessDefId>1</ProcessDefId><ActivityId>73</ActivityId><DefinitionType>I</DefinitionType><DefinitionId>146</DefinitionId><FieldName>manual_inv_park</FieldName><Attribute>O</Attribute><ExtObjID>1</ExtObjID><VariableId>197</VariableId>
	</RowData>
	<RowData><ProcessDefId>1</ProcessDefId><ActivityId>73</ActivityId><DefinitionType>N</DefinitionType><DefinitionId>3</DefinitionId><AccessFlag></AccessFlag><FieldName>Y,0,930,10275,15360</FieldName><Attribute></Attribute><ExtObjID>0</ExtObjID><VariableId>0</VariableId>
	</RowData>
	<RowData><ProcessDefId>1</ProcessDefId><ActivityId>73</ActivityId><DefinitionType>Q</DefinitionType><DefinitionId>19</DefinitionId><FieldName>InvoiceDt</FieldName><Attribute>O</Attribute><ExtObjID>1</ExtObjID><VariableId>11</VariableId>
	</RowData>
	<RowData><ProcessDefId>1</ProcessDefId><ActivityId>73</ActivityId><DefinitionType>Q</DefinitionType><DefinitionId>30</DefinitionId><FieldName>PurchaseOrder</FieldName><Attribute>O</Attribute><ExtObjID>1</ExtObjID><VariableId>21</VariableId>
	</RowData>
	<RowData><ProcessDefId>1</ProcessDefId><ActivityId>73</ActivityId><DefinitionType>Q</DefinitionType><DefinitionId>53</DefinitionId><FieldName>VendorName</FieldName><Attribute>O</Attribute><ExtObjID>1</ExtObjID><VariableId>23</VariableId>
	</RowData>
	<RowData><ProcessDefId>1</ProcessDefId><ActivityId>73</ActivityId><DefinitionType>Q</DefinitionType><DefinitionId>82</DefinitionId><FieldName>q_quality_childwiFlag</FieldName><Attribute>O</Attribute><ExtObjID>1</ExtObjID><VariableId>20</VariableId>
	</RowData>
	<RowData><ProcessDefId>1</ProcessDefId><ActivityId>73</ActivityId><DefinitionType>Q</DefinitionType><DefinitionId>88</DefinitionId><FieldName>q_store_childwiFlag</FieldName><Attribute>O</Attribute><ExtObjID>1</ExtObjID><VariableId>19</VariableId>
	</RowData>
	<RowData><ProcessDefId>1</ProcessDefId><ActivityId>73</ActivityId><DefinitionType>Q</DefinitionType><DefinitionId>124</DefinitionId><FieldName>ProfitCentre</FieldName><Attribute>O</Attribute><ExtObjID>1</ExtObjID><VariableId>2</VariableId>
	</RowData>
	<RowData><ProcessDefId>1</ProcessDefId><ActivityId>73</ActivityId><DefinitionType>Q</DefinitionType><DefinitionId>125</DefinitionId><FieldName>Plant</FieldName><Attribute>O</Attribute><ExtObjID>1</ExtObjID><VariableId>1</VariableId>
	</RowData>
	<RowData><ProcessDefId>1</ProcessDefId><ActivityId>73</ActivityId><DefinitionType>Q</DefinitionType><DefinitionId>132</DefinitionId><FieldName>InvoiceNumber</FieldName><Attribute>O</Attribute><ExtObjID>1</ExtObjID><VariableId>22</VariableId>
	</RowData>
	<RowData><ProcessDefId>1</ProcessDefId><ActivityId>73</ActivityId><DefinitionType>Q</DefinitionType><DefinitionId>145</DefinitionId><FieldName>q_autopost</FieldName><Attribute>O</Attribute><ExtObjID>1</ExtObjID><VariableId>10021</VariableId>
	</RowData>
</PMWActivityAssociationTable_23>