<PMWARCHIVEDATAMAPTABLE>
	<RowData><ProcessDefId>1</ProcessDefId><ArchiveID>45</ArchiveID><DocTypeID>1</DocTypeID><DataFieldId>19</DataFieldId><DataFieldName>PurchaseOrderNo</DataFieldName><AssocVar>PurchaseOrderNo</AssocVar><ExtObjID>1</ExtObjID><VariableId>92</VariableId><VarFieldId>0</VarFieldId><DataFieldType>10</DataFieldType>
	</RowData>
	<RowData><ProcessDefId>1</ProcessDefId><ArchiveID>45</ArchiveID><DocTypeID>1</DocTypeID><DataFieldId>20</DataFieldId><DataFieldName>InvoiceNo</DataFieldName><AssocVar>InvoiceNo</AssocVar><ExtObjID>1</ExtObjID><VariableId>86</VariableId><VarFieldId>0</VarFieldId><DataFieldType>10</DataFieldType>
	</RowData>
	<RowData><ProcessDefId>1</ProcessDefId><ArchiveID>45</ArchiveID><DocTypeID>1</DocTypeID><DataFieldId>21</DataFieldId><DataFieldName>InvoiceDate</DataFieldName><AssocVar>InvoiceDate</AssocVar><ExtObjID>1</ExtObjID><VariableId>85</VariableId><VarFieldId>0</VarFieldId><DataFieldType>8</DataFieldType>
	</RowData>
	<RowData><ProcessDefId>1</ProcessDefId><ArchiveID>45</ArchiveID><DocTypeID>1</DocTypeID><DataFieldId>22</DataFieldId><DataFieldName>InvoiceAmount</DataFieldName><AssocVar>InvoiceAmount</AssocVar><ExtObjID>1</ExtObjID><VariableId>84</VariableId><VarFieldId>0</VarFieldId><DataFieldType>10</DataFieldType>
	</RowData>
	<RowData><ProcessDefId>1</ProcessDefId><ArchiveID>45</ArchiveID><DocTypeID>1</DocTypeID><DataFieldId>23</DataFieldId><DataFieldName>FI Number</DataFieldName><AssocVar>inv_post</AssocVar><ExtObjID>1</ExtObjID><VariableId>131</VariableId><VarFieldId>0</VarFieldId><DataFieldType>10</DataFieldType>
	</RowData>
	<RowData><ProcessDefId>1</ProcessDefId><ArchiveID>45</ArchiveID><DocTypeID>2</DocTypeID><DataFieldId>19</DataFieldId><DataFieldName>PurchaseOrderNo</DataFieldName><AssocVar>PurchaseOrderNo</AssocVar><ExtObjID>1</ExtObjID><VariableId>92</VariableId><VarFieldId>0</VarFieldId><DataFieldType>10</DataFieldType>
	</RowData>
	<RowData><ProcessDefId>1</ProcessDefId><ArchiveID>45</ArchiveID><DocTypeID>2</DocTypeID><DataFieldId>20</DataFieldId><DataFieldName>InvoiceNo</DataFieldName><AssocVar>InvoiceNo</AssocVar><ExtObjID>1</ExtObjID><VariableId>86</VariableId><VarFieldId>0</VarFieldId><DataFieldType>10</DataFieldType>
	</RowData>
	<RowData><ProcessDefId>1</ProcessDefId><ArchiveID>45</ArchiveID><DocTypeID>2</DocTypeID><DataFieldId>21</DataFieldId><DataFieldName>InvoiceDate</DataFieldName><AssocVar>InvoiceDate</AssocVar><ExtObjID>1</ExtObjID><VariableId>85</VariableId><VarFieldId>0</VarFieldId><DataFieldType>8</DataFieldType>
	</RowData>
	<RowData><ProcessDefId>1</ProcessDefId><ArchiveID>45</ArchiveID><DocTypeID>2</DocTypeID><DataFieldId>22</DataFieldId><DataFieldName>InvoiceAmount</DataFieldName><AssocVar>InvoiceAmount</AssocVar><ExtObjID>1</ExtObjID><VariableId>84</VariableId><VarFieldId>0</VarFieldId><DataFieldType>10</DataFieldType>
	</RowData>
	<RowData><ProcessDefId>1</ProcessDefId><ArchiveID>45</ArchiveID><DocTypeID>2</DocTypeID><DataFieldId>23</DataFieldId><DataFieldName>FI Number</DataFieldName><AssocVar>inv_post</AssocVar><ExtObjID>1</ExtObjID><VariableId>131</VariableId><VarFieldId>0</VarFieldId><DataFieldType>10</DataFieldType>
	</RowData>
	<RowData><ProcessDefId>1</ProcessDefId><ArchiveID>45</ArchiveID><DocTypeID>3</DocTypeID><DataFieldId>19</DataFieldId><DataFieldName>PurchaseOrderNo</DataFieldName><AssocVar>PurchaseOrderNo</AssocVar><ExtObjID>1</ExtObjID><VariableId>92</VariableId><VarFieldId>0</VarFieldId><DataFieldType>10</DataFieldType>
	</RowData>
	<RowData><ProcessDefId>1</ProcessDefId><ArchiveID>45</ArchiveID><DocTypeID>3</DocTypeID><DataFieldId>20</DataFieldId><DataFieldName>InvoiceNo</DataFieldName><AssocVar>InvoiceNo</AssocVar><ExtObjID>1</ExtObjID><VariableId>86</VariableId><VarFieldId>0</VarFieldId><DataFieldType>10</DataFieldType>
	</RowData>
	<RowData><ProcessDefId>1</ProcessDefId><ArchiveID>45</ArchiveID><DocTypeID>3</DocTypeID><DataFieldId>21</DataFieldId><DataFieldName>InvoiceDate</DataFieldName><AssocVar>InvoiceDate</AssocVar><ExtObjID>1</ExtObjID><VariableId>85</VariableId><VarFieldId>0</VarFieldId><DataFieldType>8</DataFieldType>
	</RowData>
	<RowData><ProcessDefId>1</ProcessDefId><ArchiveID>45</ArchiveID><DocTypeID>3</DocTypeID><DataFieldId>22</DataFieldId><DataFieldName>InvoiceAmount</DataFieldName><AssocVar>InvoiceAmount</AssocVar><ExtObjID>1</ExtObjID><VariableId>84</VariableId><VarFieldId>0</VarFieldId><DataFieldType>10</DataFieldType>
	</RowData>
	<RowData><ProcessDefId>1</ProcessDefId><ArchiveID>45</ArchiveID><DocTypeID>3</DocTypeID><DataFieldId>23</DataFieldId><DataFieldName>FI Number</DataFieldName><AssocVar>inv_post</AssocVar><ExtObjID>1</ExtObjID><VariableId>131</VariableId><VarFieldId>0</VarFieldId><DataFieldType>10</DataFieldType>
	</RowData>
	<RowData><ProcessDefId>1</ProcessDefId><ArchiveID>45</ArchiveID><DocTypeID>4</DocTypeID><DataFieldId>19</DataFieldId><DataFieldName>PurchaseOrderNo</DataFieldName><AssocVar>PurchaseOrderNo</AssocVar><ExtObjID>1</ExtObjID><VariableId>92</VariableId><VarFieldId>0</VarFieldId><DataFieldType>10</DataFieldType>
	</RowData>
	<RowData><ProcessDefId>1</ProcessDefId><ArchiveID>45</ArchiveID><DocTypeID>4</DocTypeID><DataFieldId>20</DataFieldId><DataFieldName>InvoiceNo</DataFieldName><AssocVar>InvoiceNo</AssocVar><ExtObjID>1</ExtObjID><VariableId>86</VariableId><VarFieldId>0</VarFieldId><DataFieldType>10</DataFieldType>
	</RowData>
	<RowData><ProcessDefId>1</ProcessDefId><ArchiveID>45</ArchiveID><DocTypeID>4</DocTypeID><DataFieldId>21</DataFieldId><DataFieldName>InvoiceDate</DataFieldName><AssocVar>InvoiceDate</AssocVar><ExtObjID>1</ExtObjID><VariableId>85</VariableId><VarFieldId>0</VarFieldId><DataFieldType>8</DataFieldType>
	</RowData>
	<RowData><ProcessDefId>1</ProcessDefId><ArchiveID>45</ArchiveID><DocTypeID>4</DocTypeID><DataFieldId>22</DataFieldId><DataFieldName>InvoiceAmount</DataFieldName><AssocVar>InvoiceAmount</AssocVar><ExtObjID>1</ExtObjID><VariableId>84</VariableId><VarFieldId>0</VarFieldId><DataFieldType>10</DataFieldType>
	</RowData>
	<RowData><ProcessDefId>1</ProcessDefId><ArchiveID>45</ArchiveID><DocTypeID>4</DocTypeID><DataFieldId>23</DataFieldId><DataFieldName>FI Number</DataFieldName><AssocVar>inv_post</AssocVar><ExtObjID>1</ExtObjID><VariableId>131</VariableId><VarFieldId>0</VarFieldId><DataFieldType>10</DataFieldType>
	</RowData>
	<RowData><ProcessDefId>1</ProcessDefId><ArchiveID>45</ArchiveID><DocTypeID>5</DocTypeID><DataFieldId>19</DataFieldId><DataFieldName>PurchaseOrderNo</DataFieldName><AssocVar>PurchaseOrderNo</AssocVar><ExtObjID>1</ExtObjID><VariableId>92</VariableId><VarFieldId>0</VarFieldId><DataFieldType>10</DataFieldType>
	</RowData>
	<RowData><ProcessDefId>1</ProcessDefId><ArchiveID>45</ArchiveID><DocTypeID>5</DocTypeID><DataFieldId>20</DataFieldId><DataFieldName>InvoiceNo</DataFieldName><AssocVar>InvoiceNo</AssocVar><ExtObjID>1</ExtObjID><VariableId>86</VariableId><VarFieldId>0</VarFieldId><DataFieldType>10</DataFieldType>
	</RowData>
	<RowData><ProcessDefId>1</ProcessDefId><ArchiveID>45</ArchiveID><DocTypeID>5</DocTypeID><DataFieldId>21</DataFieldId><DataFieldName>InvoiceDate</DataFieldName><AssocVar>InvoiceDate</AssocVar><ExtObjID>1</ExtObjID><VariableId>85</VariableId><VarFieldId>0</VarFieldId><DataFieldType>8</DataFieldType>
	</RowData>
	<RowData><ProcessDefId>1</ProcessDefId><ArchiveID>45</ArchiveID><DocTypeID>5</DocTypeID><DataFieldId>22</DataFieldId><DataFieldName>InvoiceAmount</DataFieldName><AssocVar>InvoiceAmount</AssocVar><ExtObjID>1</ExtObjID><VariableId>84</VariableId><VarFieldId>0</VarFieldId><DataFieldType>10</DataFieldType>
	</RowData>
	<RowData><ProcessDefId>1</ProcessDefId><ArchiveID>45</ArchiveID><DocTypeID>5</DocTypeID><DataFieldId>23</DataFieldId><DataFieldName>FI Number</DataFieldName><AssocVar>inv_post</AssocVar><ExtObjID>1</ExtObjID><VariableId>131</VariableId><VarFieldId>0</VarFieldId><DataFieldType>10</DataFieldType>
	</RowData>
</PMWARCHIVEDATAMAPTABLE>