<PMWActivityTable>
	<RowData><ProcessDefId>1</ProcessDefId><ActivityId>1</ActivityId><ActivityType>1</ActivityType><ActivityName>Manual_Introduction</ActivityName><Description><font face="verdana">Default Description</font></Description><xLeft>65</xLeft><yTop>201</yTop><NeverExpireFlag>N</NeverExpireFlag><Expiry></Expiry><ExpiryActivity></ExpiryActivity><TargetActivity>59</TargetActivity><AllowReassignment>N</AllowReassignment><CollectNoOfInstances>0</CollectNoOfInstances><PrimaryActivity>Y</PrimaryActivity><ExpireOnPrimaryFlag>N</ExpireOnPrimaryFlag><TriggerID>0</TriggerID><HoldExecutable></HoldExecutable><HoldTillVariable></HoldTillVariable><ExtObjID>0</ExtObjID><MainClientInterface>1</MainClientInterface><ServerInterface>N</ServerInterface><WebClientInterface></WebClientInterface><ActivityIcon></ActivityIcon><ActivityTurnAroundTime>0</ActivityTurnAroundTime><AppExecutionFlag>M</AppExecutionFlag><AppExecutionValue>0</AppExecutionValue><ExpiryOperator>0</ExpiryOperator><TATCalFlag>N</TATCalFlag><ExpCalFlag></ExpCalFlag><DeleteOnCollect></DeleteOnCollect><Width>-1</Width><Height>-1</Height><BlockId>0</BlockId><associatedUrl>http://192.168.10.57:8080/axis2/services/orient_1_1_service?wsdl</associatedUrl><allowSOAPRequest>N</allowSOAPRequest><AssociatedActivityId>0</AssociatedActivityId><EventId>0</EventId><ActivitySubType>1</ActivitySubType><Color>1234</Color><Cost>0.00</Cost><Duration>0D0H0M</Duration><SwimLaneId>1</SwimLaneId><DummyStrColumn1></DummyStrColumn1><CustomValidation>Default Description</CustomValidation><MobileEnabled>N</MobileEnabled>
	</RowData>
	<RowData><ProcessDefId>1</ProcessDefId><ActivityId>3</ActivityId><ActivityType>29</ActivityType><ActivityName>SAP Adapter_3</ActivityName><Description>Default Description</Description><xLeft>253</xLeft><yTop>288</yTop><NeverExpireFlag>N</NeverExpireFlag><Expiry></Expiry><ExpiryActivity></ExpiryActivity><TargetActivity>5</TargetActivity><AllowReassignment>N</AllowReassignment><CollectNoOfInstances>0</CollectNoOfInstances><ExpireOnPrimaryFlag>N</ExpireOnPrimaryFlag><TriggerID>0</TriggerID><HoldExecutable></HoldExecutable><HoldTillVariable></HoldTillVariable><ExtObjID>0</ExtObjID><MainClientInterface>1</MainClientInterface><ServerInterface>N</ServerInterface><WebClientInterface></WebClientInterface><ActivityIcon></ActivityIcon><ActivityTurnAroundTime>0</ActivityTurnAroundTime><AppExecutionFlag>M</AppExecutionFlag><AppExecutionValue>0</AppExecutionValue><ExpiryOperator>0</ExpiryOperator><TATCalFlag>N</TATCalFlag><ExpCalFlag></ExpCalFlag><DeleteOnCollect></DeleteOnCollect><Width>100</Width><Height>50</Height><BlockId>0</BlockId><associatedUrl></associatedUrl><allowSOAPRequest>N</allowSOAPRequest><AssociatedActivityId>0</AssociatedActivityId><EventId>0</EventId><ActivitySubType>1</ActivitySubType><Color>1234</Color><Cost>0.00</Cost><Duration>0D0H0M</Duration><SwimLaneId>1</SwimLaneId><DummyStrColumn1></DummyStrColumn1><CustomValidation></CustomValidation><MobileEnabled>N</MobileEnabled>
	</RowData>
	<RowData><ProcessDefId>1</ProcessDefId><ActivityId>5</ActivityId><ActivityType>7</ActivityType><ActivityName>FetchPODetails_Decision</ActivityName><Description>Default Description</Description><xLeft>289</xLeft><yTop>485</yTop><NeverExpireFlag>N</NeverExpireFlag><Expiry></Expiry><ExpiryActivity></ExpiryActivity><TargetActivity>31</TargetActivity><AllowReassignment>N</AllowReassignment><CollectNoOfInstances>0</CollectNoOfInstances><ExpireOnPrimaryFlag>N</ExpireOnPrimaryFlag><TriggerID>0</TriggerID><HoldExecutable></HoldExecutable><HoldTillVariable></HoldTillVariable><ExtObjID>0</ExtObjID><MainClientInterface>1</MainClientInterface><ServerInterface>N</ServerInterface><WebClientInterface></WebClientInterface><ActivityIcon></ActivityIcon><ActivityTurnAroundTime>0</ActivityTurnAroundTime><AppExecutionFlag>M</AppExecutionFlag><AppExecutionValue>0</AppExecutionValue><ExpiryOperator>0</ExpiryOperator><TATCalFlag>N</TATCalFlag><ExpCalFlag></ExpCalFlag><DeleteOnCollect></DeleteOnCollect><Width>100</Width><Height>50</Height><BlockId>0</BlockId><associatedUrl></associatedUrl><allowSOAPRequest>N</allowSOAPRequest><AssociatedActivityId>0</AssociatedActivityId><EventId>0</EventId><ActivitySubType>1</ActivitySubType><Color>1234</Color><Cost>0.00</Cost><Duration>0D0H0M</Duration><SwimLaneId>1</SwimLaneId><DummyStrColumn1></DummyStrColumn1><CustomValidation></CustomValidation><MobileEnabled>N</MobileEnabled>
	</RowData>
	<RowData><ProcessDefId>1</ProcessDefId><ActivityId>7</ActivityId><ActivityType>10</ActivityType><ActivityName>Gate Entry</ActivityName><Description><font face="verdana">Default Description</font></Description><xLeft>293</xLeft><yTop>655</yTop><NeverExpireFlag>N</NeverExpireFlag><Expiry></Expiry><ExpiryActivity></ExpiryActivity><TargetActivity>53</TargetActivity><AllowReassignment>N</AllowReassignment><CollectNoOfInstances>0</CollectNoOfInstances><ExpireOnPrimaryFlag>N</ExpireOnPrimaryFlag><TriggerID>0</TriggerID><HoldExecutable></HoldExecutable><HoldTillVariable></HoldTillVariable><ExtObjID>0</ExtObjID><MainClientInterface>1</MainClientInterface><ServerInterface>N</ServerInterface><WebClientInterface></WebClientInterface><ActivityIcon></ActivityIcon><ActivityTurnAroundTime>0</ActivityTurnAroundTime><AppExecutionFlag>M</AppExecutionFlag><AppExecutionValue>0</AppExecutionValue><ExpiryOperator>0</ExpiryOperator><TATCalFlag>N</TATCalFlag><ExpCalFlag></ExpCalFlag><DeleteOnCollect></DeleteOnCollect><Width>100</Width><Height>50</Height><BlockId>0</BlockId><associatedUrl></associatedUrl><allowSOAPRequest>N</allowSOAPRequest><AssociatedActivityId>0</AssociatedActivityId><EventId>0</EventId><ActivitySubType>3</ActivitySubType><Color>1234</Color><Cost>0.00</Cost><Duration>0D0H0M</Duration><SwimLaneId>2</SwimLaneId><DummyStrColumn1></DummyStrColumn1><CustomValidation><font face="verdana">Default Description</font></CustomValidation><MobileEnabled>N</MobileEnabled>
	</RowData>
	<RowData><ProcessDefId>1</ProcessDefId><ActivityId>10</ActivityId><ActivityType>10</ActivityType><ActivityName>Gate Hold</ActivityName><Description>Default Description</Description><xLeft>518</xLeft><yTop>662</yTop><NeverExpireFlag>N</NeverExpireFlag><Expiry></Expiry><ExpiryActivity></ExpiryActivity><TargetActivity>7</TargetActivity><AllowReassignment>N</AllowReassignment><CollectNoOfInstances>0</CollectNoOfInstances><ExpireOnPrimaryFlag>N</ExpireOnPrimaryFlag><TriggerID>0</TriggerID><HoldExecutable></HoldExecutable><HoldTillVariable></HoldTillVariable><ExtObjID>0</ExtObjID><MainClientInterface>1</MainClientInterface><ServerInterface>N</ServerInterface><WebClientInterface></WebClientInterface><ActivityIcon></ActivityIcon><ActivityTurnAroundTime>0</ActivityTurnAroundTime><AppExecutionFlag>M</AppExecutionFlag><AppExecutionValue>0</AppExecutionValue><ExpiryOperator>0</ExpiryOperator><TATCalFlag>N</TATCalFlag><ExpCalFlag></ExpCalFlag><DeleteOnCollect></DeleteOnCollect><Width>100</Width><Height>50</Height><BlockId>0</BlockId><associatedUrl></associatedUrl><allowSOAPRequest>N</allowSOAPRequest><AssociatedActivityId>0</AssociatedActivityId><EventId>0</EventId><ActivitySubType>3</ActivitySubType><Color>1234</Color><Cost>0.00</Cost><Duration>0D0H0M</Duration><SwimLaneId>2</SwimLaneId><DummyStrColumn1></DummyStrColumn1><CustomValidation>Default Description</CustomValidation><MobileEnabled>N</MobileEnabled>
	</RowData>
	<RowData><ProcessDefId>1</ProcessDefId><ActivityId>12</ActivityId><ActivityType>2</ActivityType><ActivityName>End Event_12</ActivityName><Description>Default Description</Description><xLeft>126</xLeft><yTop>2326</yTop><NeverExpireFlag>N</NeverExpireFlag><Expiry></Expiry><ExpiryActivity></ExpiryActivity><TargetActivity>0</TargetActivity><AllowReassignment>N</AllowReassignment><CollectNoOfInstances>0</CollectNoOfInstances><ExpireOnPrimaryFlag>N</ExpireOnPrimaryFlag><TriggerID>0</TriggerID><HoldExecutable></HoldExecutable><HoldTillVariable></HoldTillVariable><ExtObjID>0</ExtObjID><MainClientInterface>1</MainClientInterface><ServerInterface>N</ServerInterface><WebClientInterface></WebClientInterface><ActivityIcon></ActivityIcon><ActivityTurnAroundTime>0</ActivityTurnAroundTime><AppExecutionFlag>M</AppExecutionFlag><AppExecutionValue>0</AppExecutionValue><ExpiryOperator>0</ExpiryOperator><TATCalFlag>N</TATCalFlag><ExpCalFlag></ExpCalFlag><DeleteOnCollect></DeleteOnCollect><Width>100</Width><Height>50</Height><BlockId>0</BlockId><associatedUrl></associatedUrl><allowSOAPRequest>N</allowSOAPRequest><AssociatedActivityId>0</AssociatedActivityId><EventId>0</EventId><ActivitySubType>1</ActivitySubType><Color>1234</Color><Cost>0.00</Cost><Duration>0D0H0M</Duration><SwimLaneId>3</SwimLaneId><DummyStrColumn1></DummyStrColumn1><CustomValidation>Default Description</CustomValidation><MobileEnabled>N</MobileEnabled>
	</RowData>
	<RowData><ProcessDefId>1</ProcessDefId><ActivityId>14</ActivityId><ActivityType>10</ActivityType><ActivityName>Store</ActivityName><Description>Default Description</Description><xLeft>443</xLeft><yTop>942</yTop><NeverExpireFlag>N</NeverExpireFlag><Expiry></Expiry><ExpiryActivity></ExpiryActivity><TargetActivity>17</TargetActivity><AllowReassignment>N</AllowReassignment><CollectNoOfInstances>0</CollectNoOfInstances><ExpireOnPrimaryFlag>N</ExpireOnPrimaryFlag><TriggerID>0</TriggerID><HoldExecutable></HoldExecutable><HoldTillVariable></HoldTillVariable><ExtObjID>0</ExtObjID><MainClientInterface>1</MainClientInterface><ServerInterface>N</ServerInterface><WebClientInterface></WebClientInterface><ActivityIcon></ActivityIcon><ActivityTurnAroundTime>0</ActivityTurnAroundTime><AppExecutionFlag>M</AppExecutionFlag><AppExecutionValue>0</AppExecutionValue><ExpiryOperator>0</ExpiryOperator><TATCalFlag>N</TATCalFlag><ExpCalFlag></ExpCalFlag><DeleteOnCollect></DeleteOnCollect><Width>100</Width><Height>50</Height><BlockId>0</BlockId><associatedUrl></associatedUrl><allowSOAPRequest>N</allowSOAPRequest><AssociatedActivityId>0</AssociatedActivityId><EventId>0</EventId><ActivitySubType>3</ActivitySubType><Color>1234</Color><Cost>0.00</Cost><Duration>0D0H0M</Duration><SwimLaneId>4</SwimLaneId><DummyStrColumn1></DummyStrColumn1><CustomValidation>Default Description</CustomValidation><MobileEnabled>N</MobileEnabled>
	</RowData>
	<RowData><ProcessDefId>1</ProcessDefId><ActivityId>16</ActivityId><ActivityType>10</ActivityType><ActivityName>Store Hold</ActivityName><Description>Default Description</Description><xLeft>360</xLeft><yTop>942</yTop><NeverExpireFlag>N</NeverExpireFlag><Expiry></Expiry><ExpiryActivity></ExpiryActivity><TargetActivity>14</TargetActivity><AllowReassignment>N</AllowReassignment><CollectNoOfInstances>0</CollectNoOfInstances><ExpireOnPrimaryFlag>N</ExpireOnPrimaryFlag><TriggerID>0</TriggerID><HoldExecutable></HoldExecutable><HoldTillVariable></HoldTillVariable><ExtObjID>0</ExtObjID><MainClientInterface>1</MainClientInterface><ServerInterface>N</ServerInterface><WebClientInterface></WebClientInterface><ActivityIcon></ActivityIcon><ActivityTurnAroundTime>0</ActivityTurnAroundTime><AppExecutionFlag>M</AppExecutionFlag><AppExecutionValue>0</AppExecutionValue><ExpiryOperator>0</ExpiryOperator><TATCalFlag>N</TATCalFlag><ExpCalFlag></ExpCalFlag><DeleteOnCollect></DeleteOnCollect><Width>100</Width><Height>50</Height><BlockId>0</BlockId><associatedUrl></associatedUrl><allowSOAPRequest>N</allowSOAPRequest><AssociatedActivityId>0</AssociatedActivityId><EventId>0</EventId><ActivitySubType>3</ActivitySubType><Color>1234</Color><Cost>0.00</Cost><Duration>0D0H0M</Duration><SwimLaneId>4</SwimLaneId><DummyStrColumn1></DummyStrColumn1><CustomValidation>Default Description</CustomValidation><MobileEnabled>N</MobileEnabled>
	</RowData>
	<RowData><ProcessDefId>1</ProcessDefId><ActivityId>17</ActivityId><ActivityType>7</ActivityType><ActivityName>Store Decision</ActivityName><Description></Description><xLeft>363</xLeft><yTop>1026</yTop><NeverExpireFlag>N</NeverExpireFlag><Expiry></Expiry><ExpiryActivity></ExpiryActivity><TargetActivity>7</TargetActivity><AllowReassignment>N</AllowReassignment><CollectNoOfInstances>0</CollectNoOfInstances><ExpireOnPrimaryFlag>N</ExpireOnPrimaryFlag><TriggerID>0</TriggerID><HoldExecutable></HoldExecutable><HoldTillVariable></HoldTillVariable><ExtObjID>0</ExtObjID><MainClientInterface>1</MainClientInterface><ServerInterface>N</ServerInterface><WebClientInterface></WebClientInterface><ActivityIcon></ActivityIcon><ActivityTurnAroundTime>0</ActivityTurnAroundTime><AppExecutionFlag>M</AppExecutionFlag><AppExecutionValue>0</AppExecutionValue><ExpiryOperator>0</ExpiryOperator><TATCalFlag>N</TATCalFlag><ExpCalFlag></ExpCalFlag><DeleteOnCollect></DeleteOnCollect><Width>100</Width><Height>50</Height><BlockId>0</BlockId><associatedUrl></associatedUrl><allowSOAPRequest>N</allowSOAPRequest><AssociatedActivityId>0</AssociatedActivityId><EventId>0</EventId><ActivitySubType>1</ActivitySubType><Color>1234</Color><Cost>0.00</Cost><Duration>0D0H0M</Duration><SwimLaneId>4</SwimLaneId><DummyStrColumn1></DummyStrColumn1><CustomValidation></CustomValidation><MobileEnabled>N</MobileEnabled>
	</RowData>
	<RowData><ProcessDefId>1</ProcessDefId><ActivityId>20</ActivityId><ActivityType>10</ActivityType><ActivityName>Quality</ActivityName><Description>Default Description</Description><xLeft>567</xLeft><yTop>1183</yTop><NeverExpireFlag>N</NeverExpireFlag><Expiry></Expiry><ExpiryActivity></ExpiryActivity><TargetActivity>23</TargetActivity><AllowReassignment>N</AllowReassignment><CollectNoOfInstances>0</CollectNoOfInstances><ExpireOnPrimaryFlag>N</ExpireOnPrimaryFlag><TriggerID>0</TriggerID><HoldExecutable></HoldExecutable><HoldTillVariable></HoldTillVariable><ExtObjID>0</ExtObjID><MainClientInterface>1</MainClientInterface><ServerInterface>N</ServerInterface><WebClientInterface></WebClientInterface><ActivityIcon></ActivityIcon><ActivityTurnAroundTime>0</ActivityTurnAroundTime><AppExecutionFlag>M</AppExecutionFlag><AppExecutionValue>0</AppExecutionValue><ExpiryOperator>0</ExpiryOperator><TATCalFlag>N</TATCalFlag><ExpCalFlag></ExpCalFlag><DeleteOnCollect></DeleteOnCollect><Width>100</Width><Height>50</Height><BlockId>0</BlockId><associatedUrl></associatedUrl><allowSOAPRequest>N</allowSOAPRequest><AssociatedActivityId>0</AssociatedActivityId><EventId>0</EventId><ActivitySubType>3</ActivitySubType><Color>1234</Color><Cost>0.00</Cost><Duration>0D0H0M</Duration><SwimLaneId>5</SwimLaneId><DummyStrColumn1></DummyStrColumn1><CustomValidation>Default Description</CustomValidation><MobileEnabled>N</MobileEnabled>
	</RowData>
	<RowData><ProcessDefId>1</ProcessDefId><ActivityId>23</ActivityId><ActivityType>7</ActivityType><ActivityName>Quality Decision</ActivityName><Description></Description><xLeft>570</xLeft><yTop>1281</yTop><NeverExpireFlag>N</NeverExpireFlag><Expiry></Expiry><ExpiryActivity></ExpiryActivity><TargetActivity>14</TargetActivity><AllowReassignment>N</AllowReassignment><CollectNoOfInstances>0</CollectNoOfInstances><ExpireOnPrimaryFlag>N</ExpireOnPrimaryFlag><TriggerID>0</TriggerID><HoldExecutable></HoldExecutable><HoldTillVariable></HoldTillVariable><ExtObjID>0</ExtObjID><MainClientInterface>1</MainClientInterface><ServerInterface>N</ServerInterface><WebClientInterface></WebClientInterface><ActivityIcon></ActivityIcon><ActivityTurnAroundTime>0</ActivityTurnAroundTime><AppExecutionFlag>M</AppExecutionFlag><AppExecutionValue>0</AppExecutionValue><ExpiryOperator>0</ExpiryOperator><TATCalFlag>N</TATCalFlag><ExpCalFlag></ExpCalFlag><DeleteOnCollect></DeleteOnCollect><Width>100</Width><Height>50</Height><BlockId>0</BlockId><associatedUrl></associatedUrl><allowSOAPRequest>N</allowSOAPRequest><AssociatedActivityId>0</AssociatedActivityId><EventId>0</EventId><ActivitySubType>1</ActivitySubType><Color>1234</Color><Cost>0.00</Cost><Duration>0D0H0M</Duration><SwimLaneId>5</SwimLaneId><MobileEnabled>N</MobileEnabled>
	</RowData>
	<RowData><ProcessDefId>1</ProcessDefId><ActivityId>28</ActivityId><ActivityType>10</ActivityType><ActivityName>Error</ActivityName><Description><font face="verdana"></font></Description><xLeft>103</xLeft><yTop>446</yTop><NeverExpireFlag>N</NeverExpireFlag><Expiry></Expiry><ExpiryActivity></ExpiryActivity><TargetActivity>3</TargetActivity><AllowReassignment>N</AllowReassignment><CollectNoOfInstances>0</CollectNoOfInstances><ExpireOnPrimaryFlag>N</ExpireOnPrimaryFlag><TriggerID>0</TriggerID><HoldExecutable></HoldExecutable><HoldTillVariable></HoldTillVariable><ExtObjID>0</ExtObjID><MainClientInterface>1</MainClientInterface><ServerInterface>N</ServerInterface><WebClientInterface></WebClientInterface><ActivityIcon></ActivityIcon><ActivityTurnAroundTime>0</ActivityTurnAroundTime><AppExecutionFlag>M</AppExecutionFlag><AppExecutionValue>0</AppExecutionValue><ExpiryOperator>0</ExpiryOperator><TATCalFlag>N</TATCalFlag><ExpCalFlag></ExpCalFlag><DeleteOnCollect></DeleteOnCollect><Width>100</Width><Height>50</Height><BlockId>0</BlockId><associatedUrl></associatedUrl><allowSOAPRequest>N</allowSOAPRequest><AssociatedActivityId>0</AssociatedActivityId><EventId>0</EventId><ActivitySubType>3</ActivitySubType><Color>1234</Color><Cost>0.00</Cost><Duration>0D0H0M</Duration><SwimLaneId>1</SwimLaneId><DummyStrColumn1></DummyStrColumn1><CustomValidation><font face="verdana"></font></CustomValidation><MobileEnabled>N</MobileEnabled>
	</RowData>
	<RowData><ProcessDefId>1</ProcessDefId><ActivityId>30</ActivityId><ActivityType>10</ActivityType><ActivityName>Accounts</ActivityName><Description><font face="verdana"></font></Description><xLeft>428</xLeft><yTop>1392</yTop><NeverExpireFlag>N</NeverExpireFlag><Expiry></Expiry><ExpiryActivity></ExpiryActivity><TargetActivity>64</TargetActivity><AllowReassignment>N</AllowReassignment><CollectNoOfInstances>0</CollectNoOfInstances><ExpireOnPrimaryFlag>N</ExpireOnPrimaryFlag><TriggerID>0</TriggerID><HoldExecutable></HoldExecutable><HoldTillVariable></HoldTillVariable><ExtObjID>0</ExtObjID><MainClientInterface>1</MainClientInterface><ServerInterface>N</ServerInterface><WebClientInterface></WebClientInterface><ActivityIcon></ActivityIcon><ActivityTurnAroundTime>0</ActivityTurnAroundTime><AppExecutionFlag>M</AppExecutionFlag><AppExecutionValue>0</AppExecutionValue><ExpiryOperator>0</ExpiryOperator><TATCalFlag>N</TATCalFlag><ExpCalFlag></ExpCalFlag><DeleteOnCollect></DeleteOnCollect><Width>100</Width><Height>50</Height><BlockId>0</BlockId><associatedUrl></associatedUrl><allowSOAPRequest>N</allowSOAPRequest><AssociatedActivityId>0</AssociatedActivityId><EventId>0</EventId><ActivitySubType>3</ActivitySubType><Color>1234</Color><Cost>0.00</Cost><Duration>0D0H0M</Duration><SwimLaneId>6</SwimLaneId><DummyStrColumn1></DummyStrColumn1><CustomValidation><font face="verdana"></font></CustomValidation><MobileEnabled>N</MobileEnabled>
	</RowData>
	<RowData><ProcessDefId>1</ProcessDefId><ActivityId>31</ActivityId><ActivityType>29</ActivityType><ActivityName>SAP Adapter_31</ActivityName><Description>Default Description</Description><xLeft>486</xLeft><yTop>283</yTop><NeverExpireFlag>N</NeverExpireFlag><Expiry></Expiry><ExpiryActivity></ExpiryActivity><TargetActivity>5</TargetActivity><AllowReassignment>N</AllowReassignment><CollectNoOfInstances>0</CollectNoOfInstances><ExpireOnPrimaryFlag>N</ExpireOnPrimaryFlag><TriggerID>0</TriggerID><HoldExecutable></HoldExecutable><HoldTillVariable></HoldTillVariable><ExtObjID>0</ExtObjID><MainClientInterface>1</MainClientInterface><ServerInterface>N</ServerInterface><WebClientInterface></WebClientInterface><ActivityIcon></ActivityIcon><ActivityTurnAroundTime>0</ActivityTurnAroundTime><AppExecutionFlag>M</AppExecutionFlag><AppExecutionValue>0</AppExecutionValue><ExpiryOperator>0</ExpiryOperator><TATCalFlag>N</TATCalFlag><ExpCalFlag></ExpCalFlag><DeleteOnCollect></DeleteOnCollect><Width>100</Width><Height>50</Height><BlockId>0</BlockId><associatedUrl></associatedUrl><allowSOAPRequest>N</allowSOAPRequest><AssociatedActivityId>0</AssociatedActivityId><EventId>0</EventId><ActivitySubType>1</ActivitySubType><Color>1234</Color><Cost>0.00</Cost><Duration>0D0H0M</Duration><SwimLaneId>1</SwimLaneId><DummyStrColumn1></DummyStrColumn1><CustomValidation></CustomValidation><MobileEnabled>N</MobileEnabled>
	</RowData>
	<RowData><ProcessDefId>1</ProcessDefId><ActivityId>42</ActivityId><ActivityType>10</ActivityType><ActivityName>Finance</ActivityName><Description><font face="verdana">Default Description</font></Description><xLeft>187</xLeft><yTop>2060</yTop><NeverExpireFlag>N</NeverExpireFlag><Expiry></Expiry><ExpiryActivity></ExpiryActivity><TargetActivity>62</TargetActivity><AllowReassignment>N</AllowReassignment><CollectNoOfInstances>0</CollectNoOfInstances><ExpireOnPrimaryFlag>N</ExpireOnPrimaryFlag><TriggerID>0</TriggerID><HoldExecutable></HoldExecutable><HoldTillVariable></HoldTillVariable><ExtObjID>0</ExtObjID><MainClientInterface>1</MainClientInterface><ServerInterface>N</ServerInterface><WebClientInterface></WebClientInterface><ActivityIcon></ActivityIcon><ActivityTurnAroundTime>0</ActivityTurnAroundTime><AppExecutionFlag>M</AppExecutionFlag><AppExecutionValue>0</AppExecutionValue><ExpiryOperator>0</ExpiryOperator><TATCalFlag>N</TATCalFlag><ExpCalFlag></ExpCalFlag><DeleteOnCollect></DeleteOnCollect><Width>100</Width><Height>50</Height><BlockId>0</BlockId><associatedUrl></associatedUrl><allowSOAPRequest>N</allowSOAPRequest><AssociatedActivityId>0</AssociatedActivityId><EventId>0</EventId><ActivitySubType>3</ActivitySubType><Color>1234</Color><Cost>0.00</Cost><Duration>0D0H0M</Duration><SwimLaneId>8</SwimLaneId><CustomValidation><font face="verdana">Default Description</font></CustomValidation><MobileEnabled>N</MobileEnabled>
	</RowData>
	<RowData><ProcessDefId>1</ProcessDefId><ActivityId>44</ActivityId><ActivityType>11</ActivityType><ActivityName>Query_44</ActivityName><Description><font face="verdana"></font></Description><xLeft>631</xLeft><yTop>200</yTop><NeverExpireFlag>N</NeverExpireFlag><Expiry></Expiry><ExpiryActivity></ExpiryActivity><TargetActivity>0</TargetActivity><AllowReassignment>N</AllowReassignment><CollectNoOfInstances>0</CollectNoOfInstances><ExpireOnPrimaryFlag>N</ExpireOnPrimaryFlag><TriggerID>0</TriggerID><HoldExecutable></HoldExecutable><HoldTillVariable></HoldTillVariable><ExtObjID>0</ExtObjID><MainClientInterface>1</MainClientInterface><ServerInterface>N</ServerInterface><WebClientInterface></WebClientInterface><ActivityIcon></ActivityIcon><ActivityTurnAroundTime>0</ActivityTurnAroundTime><AppExecutionFlag>M</AppExecutionFlag><AppExecutionValue>0</AppExecutionValue><ExpiryOperator>0</ExpiryOperator><TATCalFlag>N</TATCalFlag><ExpCalFlag></ExpCalFlag><DeleteOnCollect></DeleteOnCollect><Width>100</Width><Height>50</Height><BlockId>0</BlockId><associatedUrl></associatedUrl><allowSOAPRequest>N</allowSOAPRequest><AssociatedActivityId>0</AssociatedActivityId><EventId>0</EventId><ActivitySubType>1</ActivitySubType><Color>1234</Color><Cost>0.00</Cost><Duration>0D0H0M</Duration><SwimLaneId>1</SwimLaneId><DummyStrColumn1></DummyStrColumn1><CustomValidation><font face="verdana"></font></CustomValidation><MobileEnabled>N</MobileEnabled>
	</RowData>
	<RowData><ProcessDefId>1</ProcessDefId><ActivityId>45</ActivityId><ActivityType>10</ActivityType><ActivityName>DMS Adapter</ActivityName><Description></Description><xLeft>272</xLeft><yTop>2323</yTop><NeverExpireFlag>N</NeverExpireFlag><Expiry></Expiry><ExpiryActivity></ExpiryActivity><TargetActivity>12</TargetActivity><AllowReassignment>N</AllowReassignment><CollectNoOfInstances>0</CollectNoOfInstances><ExpireOnPrimaryFlag>N</ExpireOnPrimaryFlag><TriggerID>0</TriggerID><HoldExecutable></HoldExecutable><HoldTillVariable></HoldTillVariable><ExtObjID>0</ExtObjID><MainClientInterface>1</MainClientInterface><ServerInterface>N</ServerInterface><WebClientInterface></WebClientInterface><ActivityIcon></ActivityIcon><ActivityTurnAroundTime>0</ActivityTurnAroundTime><AppExecutionFlag>M</AppExecutionFlag><AppExecutionValue>0</AppExecutionValue><ExpiryOperator>0</ExpiryOperator><TATCalFlag>N</TATCalFlag><ExpCalFlag></ExpCalFlag><DeleteOnCollect></DeleteOnCollect><Width>100</Width><Height>50</Height><BlockId>0</BlockId><associatedUrl></associatedUrl><allowSOAPRequest>N</allowSOAPRequest><AssociatedActivityId>0</AssociatedActivityId><EventId>0</EventId><ActivitySubType>4</ActivitySubType><Color>1234</Color><Cost>0.00</Cost><Duration>0D0H0M</Duration><SwimLaneId>3</SwimLaneId><CustomValidation></CustomValidation><MobileEnabled>N</MobileEnabled>
	</RowData>
	<RowData><ProcessDefId>1</ProcessDefId><ActivityId>53</ActivityId><ActivityType>7</ActivityType><ActivityName>Gate Decision</ActivityName><Description></Description><xLeft>521</xLeft><yTop>751</yTop><NeverExpireFlag>N</NeverExpireFlag><Expiry></Expiry><ExpiryActivity></ExpiryActivity><TargetActivity>20</TargetActivity><AllowReassignment>N</AllowReassignment><CollectNoOfInstances>0</CollectNoOfInstances><ExpireOnPrimaryFlag>N</ExpireOnPrimaryFlag><TriggerID>0</TriggerID><HoldExecutable></HoldExecutable><HoldTillVariable></HoldTillVariable><ExtObjID>0</ExtObjID><MainClientInterface>1</MainClientInterface><ServerInterface>N</ServerInterface><WebClientInterface></WebClientInterface><ActivityIcon></ActivityIcon><ActivityTurnAroundTime>0</ActivityTurnAroundTime><AppExecutionFlag>M</AppExecutionFlag><AppExecutionValue>0</AppExecutionValue><ExpiryOperator>0</ExpiryOperator><TATCalFlag>N</TATCalFlag><ExpCalFlag></ExpCalFlag><DeleteOnCollect></DeleteOnCollect><Width>100</Width><Height>50</Height><BlockId>0</BlockId><associatedUrl></associatedUrl><allowSOAPRequest>N</allowSOAPRequest><AssociatedActivityId>0</AssociatedActivityId><EventId>0</EventId><ActivitySubType>1</ActivitySubType><Color>1234</Color><Cost>0.00</Cost><Duration>0D0H0M</Duration><SwimLaneId>2</SwimLaneId><MobileEnabled>N</MobileEnabled>
	</RowData>
	<RowData><ProcessDefId>1</ProcessDefId><ActivityId>54</ActivityId><ActivityType>10</ActivityType><ActivityName>Audit</ActivityName><Description><font face="verdana"></font></Description><xLeft>582</xLeft><yTop>2316</yTop><NeverExpireFlag>N</NeverExpireFlag><Expiry></Expiry><ExpiryActivity></ExpiryActivity><TargetActivity>55</TargetActivity><AllowReassignment>N</AllowReassignment><CollectNoOfInstances>0</CollectNoOfInstances><ExpireOnPrimaryFlag>N</ExpireOnPrimaryFlag><TriggerID>0</TriggerID><HoldExecutable></HoldExecutable><HoldTillVariable></HoldTillVariable><ExtObjID>0</ExtObjID><MainClientInterface>1</MainClientInterface><ServerInterface>N</ServerInterface><WebClientInterface></WebClientInterface><ActivityIcon></ActivityIcon><ActivityTurnAroundTime>0</ActivityTurnAroundTime><AppExecutionFlag>M</AppExecutionFlag><AppExecutionValue>0</AppExecutionValue><ExpiryOperator>0</ExpiryOperator><TATCalFlag>N</TATCalFlag><ExpCalFlag></ExpCalFlag><DeleteOnCollect></DeleteOnCollect><Width>100</Width><Height>50</Height><BlockId>0</BlockId><associatedUrl></associatedUrl><allowSOAPRequest>N</allowSOAPRequest><AssociatedActivityId>0</AssociatedActivityId><EventId>0</EventId><ActivitySubType>3</ActivitySubType><Color>1234</Color><Cost>0.00</Cost><Duration>0D0H0M</Duration><SwimLaneId>3</SwimLaneId><DummyStrColumn1></DummyStrColumn1><CustomValidation><font face="verdana"></font></CustomValidation><MobileEnabled>N</MobileEnabled>
	</RowData>
	<RowData><ProcessDefId>1</ProcessDefId><ActivityId>55</ActivityId><ActivityType>7</ActivityType><ActivityName>Audit Decision</ActivityName><Description></Description><xLeft>432</xLeft><yTop>2326</yTop><NeverExpireFlag>N</NeverExpireFlag><Expiry></Expiry><ExpiryActivity></ExpiryActivity><TargetActivity>45</TargetActivity><AllowReassignment>N</AllowReassignment><CollectNoOfInstances>0</CollectNoOfInstances><ExpireOnPrimaryFlag>N</ExpireOnPrimaryFlag><TriggerID>0</TriggerID><HoldExecutable></HoldExecutable><HoldTillVariable></HoldTillVariable><ExtObjID>0</ExtObjID><MainClientInterface>1</MainClientInterface><ServerInterface>N</ServerInterface><WebClientInterface></WebClientInterface><ActivityIcon></ActivityIcon><ActivityTurnAroundTime>0</ActivityTurnAroundTime><AppExecutionFlag>M</AppExecutionFlag><AppExecutionValue>0</AppExecutionValue><ExpiryOperator>0</ExpiryOperator><TATCalFlag>N</TATCalFlag><ExpCalFlag></ExpCalFlag><DeleteOnCollect></DeleteOnCollect><Width>100</Width><Height>50</Height><BlockId>0</BlockId><associatedUrl></associatedUrl><allowSOAPRequest>N</allowSOAPRequest><AssociatedActivityId>0</AssociatedActivityId><EventId>0</EventId><ActivitySubType>1</ActivitySubType><Color>1234</Color><Cost>0.00</Cost><Duration>0D0H0M</Duration><SwimLaneId>3</SwimLaneId><DummyStrColumn1></DummyStrColumn1><CustomValidation></CustomValidation><MobileEnabled>N</MobileEnabled>
	</RowData>
	<RowData><ProcessDefId>1</ProcessDefId><ActivityId>59</ActivityId><ActivityType>10</ActivityType><ActivityName>download</ActivityName><Description><font face="verdana"></font></Description><xLeft>60</xLeft><yTop>289</yTop><NeverExpireFlag>N</NeverExpireFlag><Expiry></Expiry><ExpiryActivity></ExpiryActivity><TargetActivity>60</TargetActivity><AllowReassignment>N</AllowReassignment><CollectNoOfInstances>0</CollectNoOfInstances><ExpireOnPrimaryFlag>N</ExpireOnPrimaryFlag><TriggerID>0</TriggerID><HoldExecutable></HoldExecutable><HoldTillVariable></HoldTillVariable><ExtObjID>0</ExtObjID><MainClientInterface>1</MainClientInterface><ServerInterface>N</ServerInterface><WebClientInterface></WebClientInterface><ActivityIcon></ActivityIcon><ActivityTurnAroundTime>0</ActivityTurnAroundTime><AppExecutionFlag>M</AppExecutionFlag><AppExecutionValue>0</AppExecutionValue><ExpiryOperator>0</ExpiryOperator><TATCalFlag>N</TATCalFlag><ExpCalFlag></ExpCalFlag><DeleteOnCollect></DeleteOnCollect><Width>100</Width><Height>50</Height><BlockId>0</BlockId><associatedUrl></associatedUrl><allowSOAPRequest>N</allowSOAPRequest><AssociatedActivityId>0</AssociatedActivityId><EventId>0</EventId><ActivitySubType>3</ActivitySubType><Color>1234</Color><Cost>0.00</Cost><Duration>0D0H0M</Duration><SwimLaneId>1</SwimLaneId><DummyStrColumn1></DummyStrColumn1><CustomValidation><font face="verdana"></font></CustomValidation><MobileEnabled>N</MobileEnabled>
	</RowData>
	<RowData><ProcessDefId>1</ProcessDefId><ActivityId>60</ActivityId><ActivityType>10</ActivityType><ActivityName>extraction</ActivityName><Description><font face="verdana"> </font></Description><xLeft>164</xLeft><yTop>288</yTop><NeverExpireFlag>N</NeverExpireFlag><Expiry></Expiry><ExpiryActivity></ExpiryActivity><TargetActivity>3</TargetActivity><AllowReassignment>N</AllowReassignment><CollectNoOfInstances>0</CollectNoOfInstances><ExpireOnPrimaryFlag>N</ExpireOnPrimaryFlag><TriggerID>0</TriggerID><HoldExecutable></HoldExecutable><HoldTillVariable></HoldTillVariable><ExtObjID>0</ExtObjID><MainClientInterface>1</MainClientInterface><ServerInterface>N</ServerInterface><WebClientInterface></WebClientInterface><ActivityIcon></ActivityIcon><ActivityTurnAroundTime>0</ActivityTurnAroundTime><AppExecutionFlag>M</AppExecutionFlag><AppExecutionValue>0</AppExecutionValue><ExpiryOperator>0</ExpiryOperator><TATCalFlag>N</TATCalFlag><ExpCalFlag></ExpCalFlag><DeleteOnCollect></DeleteOnCollect><Width>100</Width><Height>50</Height><BlockId>0</BlockId><associatedUrl></associatedUrl><allowSOAPRequest>N</allowSOAPRequest><AssociatedActivityId>0</AssociatedActivityId><EventId>0</EventId><ActivitySubType>3</ActivitySubType><Color>1234</Color><Cost>0.00</Cost><Duration>0D0H0M</Duration><SwimLaneId>1</SwimLaneId><DummyStrColumn1></DummyStrColumn1><CustomValidation><font face="verdana"> </font></CustomValidation><MobileEnabled>N</MobileEnabled>
	</RowData>
	<RowData><ProcessDefId>1</ProcessDefId><ActivityId>62</ActivityId><ActivityType>7</ActivityType><ActivityName>Finance Decision</ActivityName><Description></Description><xLeft>357</xLeft><yTop>2185</yTop><NeverExpireFlag>N</NeverExpireFlag><Expiry></Expiry><ExpiryActivity></ExpiryActivity><TargetActivity>30</TargetActivity><AllowReassignment>N</AllowReassignment><CollectNoOfInstances>0</CollectNoOfInstances><ExpireOnPrimaryFlag>N</ExpireOnPrimaryFlag><TriggerID>0</TriggerID><HoldExecutable></HoldExecutable><HoldTillVariable></HoldTillVariable><ExtObjID>0</ExtObjID><MainClientInterface>1</MainClientInterface><ServerInterface>N</ServerInterface><WebClientInterface></WebClientInterface><ActivityIcon></ActivityIcon><ActivityTurnAroundTime>0</ActivityTurnAroundTime><AppExecutionFlag>M</AppExecutionFlag><AppExecutionValue>0</AppExecutionValue><ExpiryOperator>0</ExpiryOperator><TATCalFlag>N</TATCalFlag><ExpCalFlag></ExpCalFlag><DeleteOnCollect></DeleteOnCollect><Width>100</Width><Height>50</Height><BlockId>0</BlockId><associatedUrl></associatedUrl><allowSOAPRequest>N</allowSOAPRequest><AssociatedActivityId>0</AssociatedActivityId><EventId>0</EventId><ActivitySubType>1</ActivitySubType><Color>1234</Color><Cost>0.00</Cost><Duration>0D0H0M</Duration><SwimLaneId>8</SwimLaneId><MobileEnabled>N</MobileEnabled>
	</RowData>
	<RowData><ProcessDefId>1</ProcessDefId><ActivityId>63</ActivityId><ActivityType>1</ActivityType><ActivityName>PR_Introduction</ActivityName><Description><font face="verdana">Default Description</font></Description><xLeft>258</xLeft><yTop>206</yTop><NeverExpireFlag>N</NeverExpireFlag><Expiry></Expiry><ExpiryActivity></ExpiryActivity><TargetActivity>3</TargetActivity><AllowReassignment>N</AllowReassignment><CollectNoOfInstances>0</CollectNoOfInstances><ExpireOnPrimaryFlag>N</ExpireOnPrimaryFlag><TriggerID>0</TriggerID><HoldExecutable></HoldExecutable><HoldTillVariable></HoldTillVariable><ExtObjID>0</ExtObjID><MainClientInterface>1</MainClientInterface><ServerInterface>N</ServerInterface><WebClientInterface></WebClientInterface><ActivityIcon></ActivityIcon><ActivityTurnAroundTime>0</ActivityTurnAroundTime><AppExecutionFlag>M</AppExecutionFlag><AppExecutionValue>0</AppExecutionValue><ExpiryOperator>0</ExpiryOperator><TATCalFlag>N</TATCalFlag><ExpCalFlag></ExpCalFlag><DeleteOnCollect></DeleteOnCollect><Width>100</Width><Height>50</Height><BlockId>0</BlockId><associatedUrl>http://192.168.10.57:8080/axis2/services/orient_1_63_service?wsdl</associatedUrl><allowSOAPRequest>N</allowSOAPRequest><AssociatedActivityId>0</AssociatedActivityId><EventId>0</EventId><ActivitySubType>1</ActivitySubType><Color>1234</Color><Cost>0.00</Cost><Duration>0D0H0M</Duration><SwimLaneId>1</SwimLaneId><DummyStrColumn1></DummyStrColumn1><CustomValidation>Default Description</CustomValidation><MobileEnabled>N</MobileEnabled>
	</RowData>
	<RowData><ProcessDefId>1</ProcessDefId><ActivityId>64</ActivityId><ActivityType>7</ActivityType><ActivityName>Accounts Decision</ActivityName><Description></Description><xLeft>331</xLeft><yTop>1499</yTop><NeverExpireFlag>N</NeverExpireFlag><Expiry></Expiry><ExpiryActivity></ExpiryActivity><TargetActivity>42</TargetActivity><AllowReassignment>N</AllowReassignment><CollectNoOfInstances>0</CollectNoOfInstances><ExpireOnPrimaryFlag>N</ExpireOnPrimaryFlag><TriggerID>0</TriggerID><HoldExecutable></HoldExecutable><HoldTillVariable></HoldTillVariable><ExtObjID>0</ExtObjID><MainClientInterface>1</MainClientInterface><ServerInterface>N</ServerInterface><WebClientInterface></WebClientInterface><ActivityIcon></ActivityIcon><ActivityTurnAroundTime>0</ActivityTurnAroundTime><AppExecutionFlag>M</AppExecutionFlag><AppExecutionValue>0</AppExecutionValue><ExpiryOperator>0</ExpiryOperator><TATCalFlag>N</TATCalFlag><ExpCalFlag></ExpCalFlag><DeleteOnCollect></DeleteOnCollect><Width>100</Width><Height>50</Height><BlockId>0</BlockId><associatedUrl></associatedUrl><allowSOAPRequest>N</allowSOAPRequest><AssociatedActivityId>0</AssociatedActivityId><EventId>0</EventId><ActivitySubType>1</ActivitySubType><Color>1234</Color><Cost>0.00</Cost><Duration>0D0H0M</Duration><SwimLaneId>6</SwimLaneId><MobileEnabled>N</MobileEnabled>
	</RowData>
	<RowData><ProcessDefId>1</ProcessDefId><ActivityId>65</ActivityId><ActivityType>3</ActivityType><ActivityName>Discard</ActivityName><Description>Default Description</Description><xLeft>684</xLeft><yTop>699</yTop><NeverExpireFlag>N</NeverExpireFlag><Expiry></Expiry><ExpiryActivity></ExpiryActivity><TargetActivity>0</TargetActivity><AllowReassignment>N</AllowReassignment><CollectNoOfInstances>0</CollectNoOfInstances><ExpireOnPrimaryFlag>N</ExpireOnPrimaryFlag><TriggerID>0</TriggerID><HoldExecutable></HoldExecutable><HoldTillVariable></HoldTillVariable><ExtObjID>0</ExtObjID><MainClientInterface>1</MainClientInterface><ServerInterface>N</ServerInterface><WebClientInterface></WebClientInterface><ActivityIcon></ActivityIcon><ActivityTurnAroundTime>0</ActivityTurnAroundTime><AppExecutionFlag>M</AppExecutionFlag><AppExecutionValue>0</AppExecutionValue><ExpiryOperator>0</ExpiryOperator><TATCalFlag>N</TATCalFlag><ExpCalFlag></ExpCalFlag><DeleteOnCollect></DeleteOnCollect><Width>100</Width><Height>50</Height><BlockId>0</BlockId><associatedUrl></associatedUrl><allowSOAPRequest>N</allowSOAPRequest><AssociatedActivityId>0</AssociatedActivityId><EventId>0</EventId><ActivitySubType>1</ActivitySubType><Color>1234</Color><Duration>0D0H0M</Duration><SwimLaneId>2</SwimLaneId><DummyStrColumn1></DummyStrColumn1><CustomValidation>Default Description</CustomValidation><MobileEnabled>N</MobileEnabled>
	</RowData>
	<RowData><ProcessDefId>1</ProcessDefId><ActivityId>66</ActivityId><ActivityType>10</ActivityType><ActivityName>SchedulerPosting</ActivityName><Description><font face="verdana">Default Description</font></Description><xLeft>75</xLeft><yTop>1711</yTop><NeverExpireFlag>N</NeverExpireFlag><Expiry></Expiry><ExpiryActivity></ExpiryActivity><TargetActivity>68</TargetActivity><AllowReassignment>N</AllowReassignment><CollectNoOfInstances>0</CollectNoOfInstances><ExpireOnPrimaryFlag>N</ExpireOnPrimaryFlag><TriggerID>0</TriggerID><HoldExecutable></HoldExecutable><HoldTillVariable></HoldTillVariable><ExtObjID>0</ExtObjID><MainClientInterface>1</MainClientInterface><ServerInterface>N</ServerInterface><WebClientInterface></WebClientInterface><ActivityIcon></ActivityIcon><ActivityTurnAroundTime>0</ActivityTurnAroundTime><AppExecutionFlag>M</AppExecutionFlag><AppExecutionValue>0</AppExecutionValue><ExpiryOperator>0</ExpiryOperator><TATCalFlag>N</TATCalFlag><ExpCalFlag></ExpCalFlag><DeleteOnCollect></DeleteOnCollect><Width>100</Width><Height>50</Height><BlockId>0</BlockId><associatedUrl></associatedUrl><allowSOAPRequest>N</allowSOAPRequest><AssociatedActivityId>0</AssociatedActivityId><EventId>0</EventId><ActivitySubType>3</ActivitySubType><Color>1234</Color><Cost>0.00</Cost><Duration>0D0H0M</Duration><SwimLaneId>9</SwimLaneId><CustomValidation><font face="verdana">Default Description</font></CustomValidation><MobileEnabled>N</MobileEnabled>
	</RowData>
	<RowData><ProcessDefId>1</ProcessDefId><ActivityId>67</ActivityId><ActivityType>10</ActivityType><ActivityName>SchedulerParking</ActivityName><Description><font face="verdana">Default Description</font></Description><xLeft>626</xLeft><yTop>1754</yTop><NeverExpireFlag>N</NeverExpireFlag><Expiry></Expiry><ExpiryActivity></ExpiryActivity><TargetActivity>69</TargetActivity><AllowReassignment>N</AllowReassignment><CollectNoOfInstances>0</CollectNoOfInstances><ExpireOnPrimaryFlag>N</ExpireOnPrimaryFlag><TriggerID>0</TriggerID><HoldExecutable></HoldExecutable><HoldTillVariable></HoldTillVariable><ExtObjID>0</ExtObjID><MainClientInterface>1</MainClientInterface><ServerInterface>N</ServerInterface><WebClientInterface></WebClientInterface><ActivityIcon></ActivityIcon><ActivityTurnAroundTime>0</ActivityTurnAroundTime><AppExecutionFlag>M</AppExecutionFlag><AppExecutionValue>0</AppExecutionValue><ExpiryOperator>0</ExpiryOperator><TATCalFlag>N</TATCalFlag><ExpCalFlag></ExpCalFlag><DeleteOnCollect></DeleteOnCollect><Width>100</Width><Height>50</Height><BlockId>0</BlockId><associatedUrl></associatedUrl><allowSOAPRequest>N</allowSOAPRequest><AssociatedActivityId>0</AssociatedActivityId><EventId>0</EventId><ActivitySubType>3</ActivitySubType><Color>1234</Color><Cost>0.00</Cost><Duration>0D0H0M</Duration><SwimLaneId>9</SwimLaneId><CustomValidation><font face="verdana">Default Description</font></CustomValidation><MobileEnabled>N</MobileEnabled>
	</RowData>
	<RowData><ProcessDefId>1</ProcessDefId><ActivityId>68</ActivityId><ActivityType>7</ActivityType><ActivityName>SchedulerPosting_Decision</ActivityName><Description></Description><xLeft>229</xLeft><yTop>1744</yTop><NeverExpireFlag>N</NeverExpireFlag><Expiry></Expiry><ExpiryActivity></ExpiryActivity><TargetActivity>71</TargetActivity><AllowReassignment>N</AllowReassignment><CollectNoOfInstances>0</CollectNoOfInstances><ExpireOnPrimaryFlag>N</ExpireOnPrimaryFlag><TriggerID>0</TriggerID><HoldExecutable></HoldExecutable><HoldTillVariable></HoldTillVariable><ExtObjID>0</ExtObjID><MainClientInterface>1</MainClientInterface><ServerInterface>N</ServerInterface><WebClientInterface></WebClientInterface><ActivityIcon></ActivityIcon><ActivityTurnAroundTime>0</ActivityTurnAroundTime><AppExecutionFlag>M</AppExecutionFlag><AppExecutionValue>0</AppExecutionValue><ExpiryOperator>0</ExpiryOperator><TATCalFlag>N</TATCalFlag><ExpCalFlag></ExpCalFlag><DeleteOnCollect></DeleteOnCollect><Width>100</Width><Height>50</Height><BlockId>0</BlockId><associatedUrl></associatedUrl><allowSOAPRequest>N</allowSOAPRequest><AssociatedActivityId>0</AssociatedActivityId><EventId>0</EventId><ActivitySubType>1</ActivitySubType><Color>1234</Color><Cost>0.00</Cost><Duration>0D0H0M</Duration><SwimLaneId>9</SwimLaneId><DummyStrColumn1></DummyStrColumn1><CustomValidation></CustomValidation><MobileEnabled>N</MobileEnabled>
	</RowData>
	<RowData><ProcessDefId>1</ProcessDefId><ActivityId>69</ActivityId><ActivityType>7</ActivityType><ActivityName>SchedulerParking_Decision</ActivityName><Description></Description><xLeft>474</xLeft><yTop>1711</yTop><NeverExpireFlag>N</NeverExpireFlag><Expiry></Expiry><ExpiryActivity></ExpiryActivity><TargetActivity>73</TargetActivity><AllowReassignment>N</AllowReassignment><CollectNoOfInstances>0</CollectNoOfInstances><ExpireOnPrimaryFlag>N</ExpireOnPrimaryFlag><TriggerID>0</TriggerID><HoldExecutable></HoldExecutable><HoldTillVariable></HoldTillVariable><ExtObjID>0</ExtObjID><MainClientInterface>1</MainClientInterface><ServerInterface>N</ServerInterface><WebClientInterface></WebClientInterface><ActivityIcon></ActivityIcon><ActivityTurnAroundTime>0</ActivityTurnAroundTime><AppExecutionFlag>M</AppExecutionFlag><AppExecutionValue>0</AppExecutionValue><ExpiryOperator>0</ExpiryOperator><TATCalFlag>N</TATCalFlag><ExpCalFlag></ExpCalFlag><DeleteOnCollect></DeleteOnCollect><Width>100</Width><Height>50</Height><BlockId>0</BlockId><associatedUrl></associatedUrl><allowSOAPRequest>N</allowSOAPRequest><AssociatedActivityId>0</AssociatedActivityId><EventId>0</EventId><ActivitySubType>1</ActivitySubType><Color>1234</Color><Cost>0.00</Cost><Duration>0D0H0M</Duration><SwimLaneId>9</SwimLaneId><MobileEnabled>N</MobileEnabled>
	</RowData>
	<RowData><ProcessDefId>1</ProcessDefId><ActivityId>70</ActivityId><ActivityType>10</ActivityType><ActivityName>ParkingException</ActivityName><Description><font face="verdana"></font></Description><xLeft>629</xLeft><yTop>1913</yTop><NeverExpireFlag>N</NeverExpireFlag><Expiry></Expiry><ExpiryActivity></ExpiryActivity><TargetActivity>72</TargetActivity><AllowReassignment>N</AllowReassignment><CollectNoOfInstances>0</CollectNoOfInstances><ExpireOnPrimaryFlag>N</ExpireOnPrimaryFlag><TriggerID>0</TriggerID><HoldExecutable></HoldExecutable><HoldTillVariable></HoldTillVariable><ExtObjID>0</ExtObjID><MainClientInterface>1</MainClientInterface><ServerInterface>N</ServerInterface><WebClientInterface></WebClientInterface><ActivityIcon></ActivityIcon><ActivityTurnAroundTime>0</ActivityTurnAroundTime><AppExecutionFlag>M</AppExecutionFlag><AppExecutionValue>0</AppExecutionValue><ExpiryOperator>0</ExpiryOperator><TATCalFlag>N</TATCalFlag><ExpCalFlag></ExpCalFlag><DeleteOnCollect></DeleteOnCollect><Width>100</Width><Height>50</Height><BlockId>0</BlockId><associatedUrl></associatedUrl><allowSOAPRequest>N</allowSOAPRequest><AssociatedActivityId>0</AssociatedActivityId><EventId>0</EventId><ActivitySubType>3</ActivitySubType><Color>1234</Color><Cost>0.00</Cost><Duration>0D0H0M</Duration><SwimLaneId>9</SwimLaneId><DummyStrColumn1></DummyStrColumn1><CustomValidation><font face="verdana"></font></CustomValidation><MobileEnabled>N</MobileEnabled>
	</RowData>
	<RowData><ProcessDefId>1</ProcessDefId><ActivityId>71</ActivityId><ActivityType>10</ActivityType><ActivityName>PostingException</ActivityName><Description><font face="verdana">Default Description</font></Description><xLeft>60</xLeft><yTop>1928</yTop><NeverExpireFlag>N</NeverExpireFlag><Expiry></Expiry><ExpiryActivity></ExpiryActivity><TargetActivity>74</TargetActivity><AllowReassignment>N</AllowReassignment><CollectNoOfInstances>0</CollectNoOfInstances><ExpireOnPrimaryFlag>N</ExpireOnPrimaryFlag><TriggerID>0</TriggerID><HoldExecutable></HoldExecutable><HoldTillVariable></HoldTillVariable><ExtObjID>0</ExtObjID><MainClientInterface>1</MainClientInterface><ServerInterface>N</ServerInterface><WebClientInterface></WebClientInterface><ActivityIcon></ActivityIcon><ActivityTurnAroundTime>0</ActivityTurnAroundTime><AppExecutionFlag>M</AppExecutionFlag><AppExecutionValue>0</AppExecutionValue><ExpiryOperator>0</ExpiryOperator><TATCalFlag>N</TATCalFlag><ExpCalFlag></ExpCalFlag><DeleteOnCollect></DeleteOnCollect><Width>100</Width><Height>50</Height><BlockId>0</BlockId><associatedUrl></associatedUrl><allowSOAPRequest>N</allowSOAPRequest><AssociatedActivityId>0</AssociatedActivityId><EventId>0</EventId><ActivitySubType>3</ActivitySubType><Color>1234</Color><Cost>0.00</Cost><Duration>0D0H0M</Duration><SwimLaneId>9</SwimLaneId><CustomValidation><font face="verdana">Default Description</font></CustomValidation><MobileEnabled>N</MobileEnabled>
	</RowData>
	<RowData><ProcessDefId>1</ProcessDefId><ActivityId>72</ActivityId><ActivityType>7</ActivityType><ActivityName>ParkingException_decision</ActivityName><Description></Description><xLeft>613</xLeft><yTop>1831</yTop><NeverExpireFlag>N</NeverExpireFlag><Expiry></Expiry><ExpiryActivity></ExpiryActivity><TargetActivity>67</TargetActivity><AllowReassignment>N</AllowReassignment><CollectNoOfInstances>0</CollectNoOfInstances><ExpireOnPrimaryFlag>N</ExpireOnPrimaryFlag><TriggerID>0</TriggerID><HoldExecutable></HoldExecutable><HoldTillVariable></HoldTillVariable><ExtObjID>0</ExtObjID><MainClientInterface>1</MainClientInterface><ServerInterface>N</ServerInterface><WebClientInterface></WebClientInterface><ActivityIcon></ActivityIcon><ActivityTurnAroundTime>0</ActivityTurnAroundTime><AppExecutionFlag>M</AppExecutionFlag><AppExecutionValue>0</AppExecutionValue><ExpiryOperator>0</ExpiryOperator><TATCalFlag>N</TATCalFlag><ExpCalFlag></ExpCalFlag><DeleteOnCollect></DeleteOnCollect><Width>100</Width><Height>50</Height><BlockId>0</BlockId><associatedUrl></associatedUrl><allowSOAPRequest>N</allowSOAPRequest><AssociatedActivityId>0</AssociatedActivityId><EventId>0</EventId><ActivitySubType>1</ActivitySubType><Color>1234</Color><Cost>0.00</Cost><Duration>0D0H0M</Duration><SwimLaneId>9</SwimLaneId><MobileEnabled>N</MobileEnabled>
	</RowData>
	<RowData><ProcessDefId>1</ProcessDefId><ActivityId>73</ActivityId><ActivityType>10</ActivityType><ActivityName>Parking_Failed</ActivityName><Description>Default Description</Description><xLeft>713</xLeft><yTop>1711</yTop><NeverExpireFlag>N</NeverExpireFlag><Expiry></Expiry><ExpiryActivity></ExpiryActivity><TargetActivity>42</TargetActivity><AllowReassignment>N</AllowReassignment><CollectNoOfInstances>0</CollectNoOfInstances><ExpireOnPrimaryFlag>N</ExpireOnPrimaryFlag><TriggerID>0</TriggerID><HoldExecutable></HoldExecutable><HoldTillVariable></HoldTillVariable><ExtObjID>0</ExtObjID><MainClientInterface>1</MainClientInterface><ServerInterface>N</ServerInterface><WebClientInterface></WebClientInterface><ActivityIcon></ActivityIcon><ActivityTurnAroundTime>0</ActivityTurnAroundTime><AppExecutionFlag>M</AppExecutionFlag><AppExecutionValue>0</AppExecutionValue><ExpiryOperator>0</ExpiryOperator><TATCalFlag>N</TATCalFlag><ExpCalFlag></ExpCalFlag><DeleteOnCollect></DeleteOnCollect><Width>100</Width><Height>50</Height><BlockId>0</BlockId><associatedUrl></associatedUrl><allowSOAPRequest>N</allowSOAPRequest><AssociatedActivityId>0</AssociatedActivityId><EventId>0</EventId><ActivitySubType>3</ActivitySubType><Color>1234</Color><Duration>0D0H0M</Duration><SwimLaneId>9</SwimLaneId><DummyStrColumn1></DummyStrColumn1><CustomValidation>Default Description</CustomValidation><MobileEnabled>N</MobileEnabled>
	</RowData>
	<RowData><ProcessDefId>1</ProcessDefId><ActivityId>74</ActivityId><ActivityType>7</ActivityType><ActivityName>PostingException_decision</ActivityName><Description>Default Description</Description><xLeft>84</xLeft><yTop>1809</yTop><NeverExpireFlag>N</NeverExpireFlag><Expiry></Expiry><ExpiryActivity></ExpiryActivity><TargetActivity>65</TargetActivity><AllowReassignment>N</AllowReassignment><CollectNoOfInstances>0</CollectNoOfInstances><ExpireOnPrimaryFlag>N</ExpireOnPrimaryFlag><TriggerID>0</TriggerID><HoldExecutable></HoldExecutable><HoldTillVariable></HoldTillVariable><ExtObjID>0</ExtObjID><MainClientInterface>1</MainClientInterface><ServerInterface>N</ServerInterface><WebClientInterface></WebClientInterface><ActivityIcon></ActivityIcon><ActivityTurnAroundTime>0</ActivityTurnAroundTime><AppExecutionFlag>M</AppExecutionFlag><AppExecutionValue>0</AppExecutionValue><ExpiryOperator>0</ExpiryOperator><TATCalFlag>N</TATCalFlag><ExpCalFlag></ExpCalFlag><DeleteOnCollect></DeleteOnCollect><Width>100</Width><Height>50</Height><BlockId>0</BlockId><associatedUrl></associatedUrl><allowSOAPRequest>N</allowSOAPRequest><AssociatedActivityId>0</AssociatedActivityId><EventId>0</EventId><ActivitySubType>1</ActivitySubType><Color>1234</Color><Cost>0.00</Cost><Duration>0D0H0M</Duration><SwimLaneId>9</SwimLaneId><MobileEnabled>N</MobileEnabled>
	</RowData>
</PMWActivityTable>