<PMWConsumerTable>
	<RowData><Type>1</Type><TypeId>171</TypeId><ProcessDefId>1</ProcessDefId><ConsumerOrderId>1</ConsumerOrderId><ConsumerName></ConsumerName>
	</RowData>
	<RowData><Type>3</Type><TypeId>1</TypeId><ProcessDefId>1</ProcessDefId><ConsumerOrderId>1</ConsumerOrderId><ConsumerName></ConsumerName>
	</RowData>
	<RowData><Type>3</Type><TypeId>3</TypeId><ProcessDefId>1</ProcessDefId><ConsumerOrderId>1</ConsumerOrderId><ConsumerName></ConsumerName>
	</RowData>
	<RowData><Type>3</Type><TypeId>5</TypeId><ProcessDefId>1</ProcessDefId><ConsumerOrderId>1</ConsumerOrderId><ConsumerName></ConsumerName>
	</RowData>
	<RowData><Type>3</Type><TypeId>7</TypeId><ProcessDefId>1</ProcessDefId><ConsumerOrderId>1</ConsumerOrderId><ConsumerName></ConsumerName>
	</RowData>
	<RowData><Type>3</Type><TypeId>10</TypeId><ProcessDefId>1</ProcessDefId><ConsumerOrderId>1</ConsumerOrderId><ConsumerName></ConsumerName>
	</RowData>
	<RowData><Type>3</Type><TypeId>12</TypeId><ProcessDefId>1</ProcessDefId><ConsumerOrderId>1</ConsumerOrderId><ConsumerName></ConsumerName>
	</RowData>
	<RowData><Type>3</Type><TypeId>14</TypeId><ProcessDefId>1</ProcessDefId><ConsumerOrderId>1</ConsumerOrderId><ConsumerName></ConsumerName>
	</RowData>
	<RowData><Type>3</Type><TypeId>16</TypeId><ProcessDefId>1</ProcessDefId><ConsumerOrderId>1</ConsumerOrderId><ConsumerName></ConsumerName>
	</RowData>
	<RowData><Type>3</Type><TypeId>17</TypeId><ProcessDefId>1</ProcessDefId><ConsumerOrderId>1</ConsumerOrderId><ConsumerName></ConsumerName>
	</RowData>
	<RowData><Type>3</Type><TypeId>20</TypeId><ProcessDefId>1</ProcessDefId><ConsumerOrderId>1</ConsumerOrderId><ConsumerName></ConsumerName>
	</RowData>
	<RowData><Type>3</Type><TypeId>23</TypeId><ProcessDefId>1</ProcessDefId><ConsumerOrderId>1</ConsumerOrderId><ConsumerName></ConsumerName>
	</RowData>
	<RowData><Type>3</Type><TypeId>28</TypeId><ProcessDefId>1</ProcessDefId><ConsumerOrderId>1</ConsumerOrderId><ConsumerName></ConsumerName>
	</RowData>
	<RowData><Type>3</Type><TypeId>30</TypeId><ProcessDefId>1</ProcessDefId><ConsumerOrderId>1</ConsumerOrderId><ConsumerName></ConsumerName>
	</RowData>
	<RowData><Type>3</Type><TypeId>31</TypeId><ProcessDefId>1</ProcessDefId><ConsumerOrderId>1</ConsumerOrderId><ConsumerName></ConsumerName>
	</RowData>
	<RowData><Type>3</Type><TypeId>42</TypeId><ProcessDefId>1</ProcessDefId><ConsumerOrderId>1</ConsumerOrderId><ConsumerName></ConsumerName>
	</RowData>
	<RowData><Type>3</Type><TypeId>44</TypeId><ProcessDefId>1</ProcessDefId><ConsumerOrderId>1</ConsumerOrderId><ConsumerName></ConsumerName>
	</RowData>
	<RowData><Type>3</Type><TypeId>45</TypeId><ProcessDefId>1</ProcessDefId><ConsumerOrderId>1</ConsumerOrderId><ConsumerName></ConsumerName>
	</RowData>
	<RowData><Type>3</Type><TypeId>53</TypeId><ProcessDefId>1</ProcessDefId><ConsumerOrderId>1</ConsumerOrderId><ConsumerName></ConsumerName>
	</RowData>
	<RowData><Type>3</Type><TypeId>54</TypeId><ProcessDefId>1</ProcessDefId><ConsumerOrderId>1</ConsumerOrderId><ConsumerName></ConsumerName>
	</RowData>
	<RowData><Type>3</Type><TypeId>55</TypeId><ProcessDefId>1</ProcessDefId><ConsumerOrderId>1</ConsumerOrderId><ConsumerName></ConsumerName>
	</RowData>
	<RowData><Type>3</Type><TypeId>59</TypeId><ProcessDefId>1</ProcessDefId><ConsumerOrderId>1</ConsumerOrderId><ConsumerName></ConsumerName>
	</RowData>
	<RowData><Type>3</Type><TypeId>60</TypeId><ProcessDefId>1</ProcessDefId><ConsumerOrderId>1</ConsumerOrderId><ConsumerName></ConsumerName>
	</RowData>
	<RowData><Type>3</Type><TypeId>62</TypeId><ProcessDefId>1</ProcessDefId><ConsumerOrderId>1</ConsumerOrderId><ConsumerName></ConsumerName>
	</RowData>
	<RowData><Type>3</Type><TypeId>63</TypeId><ProcessDefId>1</ProcessDefId><ConsumerOrderId>1</ConsumerOrderId><ConsumerName></ConsumerName>
	</RowData>
	<RowData><Type>3</Type><TypeId>64</TypeId><ProcessDefId>1</ProcessDefId><ConsumerOrderId>1</ConsumerOrderId><ConsumerName></ConsumerName>
	</RowData>
	<RowData><Type>3</Type><TypeId>66</TypeId><ProcessDefId>1</ProcessDefId><ConsumerOrderId>1</ConsumerOrderId><ConsumerName></ConsumerName>
	</RowData>
	<RowData><Type>3</Type><TypeId>67</TypeId><ProcessDefId>1</ProcessDefId><ConsumerOrderId>1</ConsumerOrderId><ConsumerName></ConsumerName>
	</RowData>
	<RowData><Type>3</Type><TypeId>68</TypeId><ProcessDefId>1</ProcessDefId><ConsumerOrderId>1</ConsumerOrderId><ConsumerName></ConsumerName>
	</RowData>
	<RowData><Type>3</Type><TypeId>69</TypeId><ProcessDefId>1</ProcessDefId><ConsumerOrderId>1</ConsumerOrderId><ConsumerName></ConsumerName>
	</RowData>
	<RowData><Type>3</Type><TypeId>70</TypeId><ProcessDefId>1</ProcessDefId><ConsumerOrderId>1</ConsumerOrderId><ConsumerName></ConsumerName>
	</RowData>
	<RowData><Type>3</Type><TypeId>71</TypeId><ProcessDefId>1</ProcessDefId><ConsumerOrderId>1</ConsumerOrderId><ConsumerName></ConsumerName>
	</RowData>
	<RowData><Type>3</Type><TypeId>72</TypeId><ProcessDefId>1</ProcessDefId><ConsumerOrderId>1</ConsumerOrderId><ConsumerName></ConsumerName>
	</RowData>
	<RowData><Type>3</Type><TypeId>74</TypeId><ProcessDefId>1</ProcessDefId><ConsumerOrderId>1</ConsumerOrderId><ConsumerName></ConsumerName>
	</RowData>
</PMWConsumerTable>