<PMWDataStructureTable_6>
	<RowData><DataStructureId>64</DataStructureId><ProcessDefId>1</ProcessDefId><ExtMethodIndex>37</ExtMethodIndex><Name>REF_DATE</Name><Type>8</Type><ParentIndex>15</ParentIndex><ClassName></ClassName><Unbounded>N</Unbounded>
	</RowData>
	<RowData><DataStructureId>65</DataStructureId><ProcessDefId>1</ProcessDefId><ExtMethodIndex>37</ExtMethodIndex><Name>COST_OBJ</Name><Type>10</Type><ParentIndex>15</ParentIndex><ClassName></ClassName><Unbounded>N</Unbounded>
	</RowData>
	<RowData><DataStructureId>66</DataStructureId><ProcessDefId>1</ProcessDefId><ExtMethodIndex>37</ExtMethodIndex><Name>PROFIT_SEGM_NO</Name><Type>3</Type><ParentIndex>15</ParentIndex><ClassName></ClassName><Unbounded>N</Unbounded>
	</RowData>
	<RowData><DataStructureId>67</DataStructureId><ProcessDefId>1</ProcessDefId><ExtMethodIndex>37</ExtMethodIndex><Name>PROFIT_CTR</Name><Type>10</Type><ParentIndex>15</ParentIndex><ClassName></ClassName><Unbounded>N</Unbounded>
	</RowData>
	<RowData><DataStructureId>68</DataStructureId><ProcessDefId>1</ProcessDefId><ExtMethodIndex>37</ExtMethodIndex><Name>WBS_ELEM</Name><Type>10</Type><ParentIndex>15</ParentIndex><ClassName></ClassName><Unbounded>N</Unbounded>
	</RowData>
	<RowData><DataStructureId>69</DataStructureId><ProcessDefId>1</ProcessDefId><ExtMethodIndex>37</ExtMethodIndex><Name>NETWORK</Name><Type>10</Type><ParentIndex>15</ParentIndex><ClassName></ClassName><Unbounded>N</Unbounded>
	</RowData>
	<RowData><DataStructureId>70</DataStructureId><ProcessDefId>1</ProcessDefId><ExtMethodIndex>37</ExtMethodIndex><Name>ACTIVITY</Name><Type>10</Type><ParentIndex>15</ParentIndex><ClassName></ClassName><Unbounded>N</Unbounded>
	</RowData>
	<RowData><DataStructureId>71</DataStructureId><ProcessDefId>1</ProcessDefId><ExtMethodIndex>37</ExtMethodIndex><Name>PART_ACCT</Name><Type>10</Type><ParentIndex>15</ParentIndex><ClassName></ClassName><Unbounded>N</Unbounded>
	</RowData>
	<RowData><DataStructureId>72</DataStructureId><ProcessDefId>1</ProcessDefId><ExtMethodIndex>37</ExtMethodIndex><Name>AMOUNT_LC</Name><Type>10</Type><ParentIndex>15</ParentIndex><ClassName></ClassName><Unbounded>N</Unbounded>
	</RowData>
	<RowData><DataStructureId>73</DataStructureId><ProcessDefId>1</ProcessDefId><ExtMethodIndex>37</ExtMethodIndex><Name>AMOUNT_SV</Name><Type>10</Type><ParentIndex>15</ParentIndex><ClassName></ClassName><Unbounded>N</Unbounded>
	</RowData>
	<RowData><DataStructureId>74</DataStructureId><ProcessDefId>1</ProcessDefId><ExtMethodIndex>37</ExtMethodIndex><Name>CURRENCY</Name><Type>10</Type><ParentIndex>15</ParentIndex><ClassName></ClassName><Unbounded>N</Unbounded>
	</RowData>
	<RowData><DataStructureId>75</DataStructureId><ProcessDefId>1</ProcessDefId><ExtMethodIndex>37</ExtMethodIndex><Name>CURRENCY_ISO</Name><Type>10</Type><ParentIndex>15</ParentIndex><ClassName></ClassName><Unbounded>N</Unbounded>
	</RowData>
	<RowData><DataStructureId>76</DataStructureId><ProcessDefId>1</ProcessDefId><ExtMethodIndex>37</ExtMethodIndex><Name>REF_DOC_YR</Name><Type>3</Type><ParentIndex>15</ParentIndex><ClassName></ClassName><Unbounded>N</Unbounded>
	</RowData>
	<RowData><DataStructureId>77</DataStructureId><ProcessDefId>1</ProcessDefId><ExtMethodIndex>37</ExtMethodIndex><Name>REF_DOC</Name><Type>10</Type><ParentIndex>15</ParentIndex><ClassName></ClassName><Unbounded>N</Unbounded>
	</RowData>
	<RowData><DataStructureId>78</DataStructureId><ProcessDefId>1</ProcessDefId><ExtMethodIndex>37</ExtMethodIndex><Name>REF_DOC_IT</Name><Type>3</Type><ParentIndex>15</ParentIndex><ClassName></ClassName><Unbounded>N</Unbounded>
	</RowData>
	<RowData><DataStructureId>79</DataStructureId><ProcessDefId>1</ProcessDefId><ExtMethodIndex>37</ExtMethodIndex><Name>EXPIRYDATE</Name><Type>8</Type><ParentIndex>15</ParentIndex><ClassName></ClassName><Unbounded>N</Unbounded>
	</RowData>
	<RowData><DataStructureId>80</DataStructureId><ProcessDefId>1</ProcessDefId><ExtMethodIndex>37</ExtMethodIndex><Name>PROD_DATE</Name><Type>8</Type><ParentIndex>15</ParentIndex><ClassName></ClassName><Unbounded>N</Unbounded>
	</RowData>
	<RowData><DataStructureId>81</DataStructureId><ProcessDefId>1</ProcessDefId><ExtMethodIndex>37</ExtMethodIndex><Name>FUND</Name><Type>10</Type><ParentIndex>15</ParentIndex><ClassName></ClassName><Unbounded>N</Unbounded>
	</RowData>
	<RowData><DataStructureId>82</DataStructureId><ProcessDefId>1</ProcessDefId><ExtMethodIndex>37</ExtMethodIndex><Name>FUNDS_CTR</Name><Type>10</Type><ParentIndex>15</ParentIndex><ClassName></ClassName><Unbounded>N</Unbounded>
	</RowData>
	<RowData><DataStructureId>83</DataStructureId><ProcessDefId>1</ProcessDefId><ExtMethodIndex>37</ExtMethodIndex><Name>CMMT_ITEM</Name><Type>10</Type><ParentIndex>15</ParentIndex><ClassName></ClassName><Unbounded>N</Unbounded>
	</RowData>
	<RowData><DataStructureId>84</DataStructureId><ProcessDefId>1</ProcessDefId><ExtMethodIndex>37</ExtMethodIndex><Name>VAL_SALES_ORD</Name><Type>10</Type><ParentIndex>15</ParentIndex><ClassName></ClassName><Unbounded>N</Unbounded>
	</RowData>
	<RowData><DataStructureId>85</DataStructureId><ProcessDefId>1</ProcessDefId><ExtMethodIndex>37</ExtMethodIndex><Name>VAL_S_ORD_ITEM</Name><Type>3</Type><ParentIndex>15</ParentIndex><ClassName></ClassName><Unbounded>N</Unbounded>
	</RowData>
	<RowData><DataStructureId>86</DataStructureId><ProcessDefId>1</ProcessDefId><ExtMethodIndex>37</ExtMethodIndex><Name>VAL_WBS_ELEM</Name><Type>10</Type><ParentIndex>15</ParentIndex><ClassName></ClassName><Unbounded>N</Unbounded>
	</RowData>
	<RowData><DataStructureId>87</DataStructureId><ProcessDefId>1</ProcessDefId><ExtMethodIndex>37</ExtMethodIndex><Name>CO_BUSPROC</Name><Type>10</Type><ParentIndex>15</ParentIndex><ClassName></ClassName><Unbounded>N</Unbounded>
	</RowData>
	<RowData><DataStructureId>88</DataStructureId><ProcessDefId>1</ProcessDefId><ExtMethodIndex>37</ExtMethodIndex><Name>ACTTYPE</Name><Type>10</Type><ParentIndex>15</ParentIndex><ClassName></ClassName><Unbounded>N</Unbounded>
	</RowData>
	<RowData><DataStructureId>89</DataStructureId><ProcessDefId>1</ProcessDefId><ExtMethodIndex>37</ExtMethodIndex><Name>SUPPL_VEND</Name><Type>10</Type><ParentIndex>15</ParentIndex><ClassName></ClassName><Unbounded>N</Unbounded>
	</RowData>
	<RowData><DataStructureId>90</DataStructureId><ProcessDefId>1</ProcessDefId><ExtMethodIndex>37</ExtMethodIndex><Name>X_AUTO_CRE</Name><Type>10</Type><ParentIndex>15</ParentIndex><ClassName></ClassName><Unbounded>N</Unbounded>
	</RowData>
	<RowData><DataStructureId>91</DataStructureId><ProcessDefId>1</ProcessDefId><ExtMethodIndex>37</ExtMethodIndex><Name>MATERIAL_EXTERNAL</Name><Type>10</Type><ParentIndex>15</ParentIndex><ClassName></ClassName><Unbounded>N</Unbounded>
	</RowData>
	<RowData><DataStructureId>92</DataStructureId><ProcessDefId>1</ProcessDefId><ExtMethodIndex>37</ExtMethodIndex><Name>MATERIAL_GUID</Name><Type>10</Type><ParentIndex>15</ParentIndex><ClassName></ClassName><Unbounded>N</Unbounded>
	</RowData>
	<RowData><DataStructureId>93</DataStructureId><ProcessDefId>1</ProcessDefId><ExtMethodIndex>37</ExtMethodIndex><Name>MATERIAL_VERSION</Name><Type>10</Type><ParentIndex>15</ParentIndex><ClassName></ClassName><Unbounded>N</Unbounded>
	</RowData>
	<RowData><DataStructureId>94</DataStructureId><ProcessDefId>1</ProcessDefId><ExtMethodIndex>37</ExtMethodIndex><Name>MOVE_MAT_EXTERNAL</Name><Type>10</Type><ParentIndex>15</ParentIndex><ClassName></ClassName><Unbounded>N</Unbounded>
	</RowData>
	<RowData><DataStructureId>95</DataStructureId><ProcessDefId>1</ProcessDefId><ExtMethodIndex>37</ExtMethodIndex><Name>MOVE_MAT_GUID</Name><Type>10</Type><ParentIndex>15</ParentIndex><ClassName></ClassName><Unbounded>N</Unbounded>
	</RowData>
	<RowData><DataStructureId>96</DataStructureId><ProcessDefId>1</ProcessDefId><ExtMethodIndex>37</ExtMethodIndex><Name>MOVE_MAT_VERSION</Name><Type>10</Type><ParentIndex>15</ParentIndex><ClassName></ClassName><Unbounded>N</Unbounded>
	</RowData>
	<RowData><DataStructureId>97</DataStructureId><ProcessDefId>1</ProcessDefId><ExtMethodIndex>37</ExtMethodIndex><Name>GRANT_NBR</Name><Type>10</Type><ParentIndex>15</ParentIndex><ClassName></ClassName><Unbounded>N</Unbounded>
	</RowData>
	<RowData><DataStructureId>98</DataStructureId><ProcessDefId>1</ProcessDefId><ExtMethodIndex>37</ExtMethodIndex><Name>CMMT_ITEM_LONG</Name><Type>10</Type><ParentIndex>15</ParentIndex><ClassName></ClassName><Unbounded>N</Unbounded>
	</RowData>
	<RowData><DataStructureId>99</DataStructureId><ProcessDefId>1</ProcessDefId><ExtMethodIndex>37</ExtMethodIndex><Name>FUNC_AREA_LONG</Name><Type>10</Type><ParentIndex>15</ParentIndex><ClassName></ClassName><Unbounded>N</Unbounded>
	</RowData>
	<RowData><DataStructureId>100</DataStructureId><ProcessDefId>1</ProcessDefId><ExtMethodIndex>37</ExtMethodIndex><Name>LINE_ID</Name><Type>3</Type><ParentIndex>15</ParentIndex><ClassName></ClassName><Unbounded>N</Unbounded>
	</RowData>
	<RowData><DataStructureId>101</DataStructureId><ProcessDefId>1</ProcessDefId><ExtMethodIndex>37</ExtMethodIndex><Name>PARENT_ID</Name><Type>3</Type><ParentIndex>15</ParentIndex><ClassName></ClassName><Unbounded>N</Unbounded>
	</RowData>
	<RowData><DataStructureId>102</DataStructureId><ProcessDefId>1</ProcessDefId><ExtMethodIndex>37</ExtMethodIndex><Name>LINE_DEPTH</Name><Type>3</Type><ParentIndex>15</ParentIndex><ClassName></ClassName><Unbounded>N</Unbounded>
	</RowData>
	<RowData><DataStructureId>103</DataStructureId><ProcessDefId>1</ProcessDefId><ExtMethodIndex>37</ExtMethodIndex><Name>BUDGET_PERIOD</Name><Type>10</Type><ParentIndex>15</ParentIndex><ClassName></ClassName><Unbounded>N</Unbounded>
	</RowData>
	<RowData><DataStructureId>104</DataStructureId><ProcessDefId>1</ProcessDefId><ExtMethodIndex>37</ExtMethodIndex><Name>EARMARKED_NUMBER</Name><Type>10</Type><ParentIndex>15</ParentIndex><ClassName></ClassName><Unbounded>N</Unbounded>
	</RowData>
	<RowData><DataStructureId>105</DataStructureId><ProcessDefId>1</ProcessDefId><ExtMethodIndex>37</ExtMethodIndex><Name>EARMARKED_ITEM</Name><Type>3</Type><ParentIndex>15</ParentIndex><ClassName></ClassName><Unbounded>N</Unbounded>
	</RowData>
	<RowData><DataStructureId>106</DataStructureId><ProcessDefId>1</ProcessDefId><ExtMethodIndex>37</ExtMethodIndex><Name>STK_SEGMENT</Name><Type>10</Type><ParentIndex>15</ParentIndex><ClassName></ClassName><Unbounded>N</Unbounded>
	</RowData>
	<RowData><DataStructureId>107</DataStructureId><ProcessDefId>1</ProcessDefId><ExtMethodIndex>37</ExtMethodIndex><Name>RETURN</Name><Type>11</Type><ParentIndex>0</ParentIndex><ClassName>BAPIRET2</ClassName><Unbounded>Y</Unbounded>
	</RowData>
	<RowData><DataStructureId>108</DataStructureId><ProcessDefId>1</ProcessDefId><ExtMethodIndex>37</ExtMethodIndex><Name>TYPE</Name><Type>10</Type><ParentIndex>107</ParentIndex><ClassName></ClassName><Unbounded>N</Unbounded>
	</RowData>
	<RowData><DataStructureId>109</DataStructureId><ProcessDefId>1</ProcessDefId><ExtMethodIndex>37</ExtMethodIndex><Name>ID</Name><Type>10</Type><ParentIndex>107</ParentIndex><ClassName></ClassName><Unbounded>N</Unbounded>
	</RowData>
	<RowData><DataStructureId>110</DataStructureId><ProcessDefId>1</ProcessDefId><ExtMethodIndex>37</ExtMethodIndex><Name>NUMBER</Name><Type>3</Type><ParentIndex>107</ParentIndex><ClassName></ClassName><Unbounded>N</Unbounded>
	</RowData>
	<RowData><DataStructureId>111</DataStructureId><ProcessDefId>1</ProcessDefId><ExtMethodIndex>37</ExtMethodIndex><Name>MESSAGE</Name><Type>10</Type><ParentIndex>107</ParentIndex><ClassName></ClassName><Unbounded>N</Unbounded>
	</RowData>
	<RowData><DataStructureId>112</DataStructureId><ProcessDefId>1</ProcessDefId><ExtMethodIndex>37</ExtMethodIndex><Name>LOG_NO</Name><Type>10</Type><ParentIndex>107</ParentIndex><ClassName></ClassName><Unbounded>N</Unbounded>
	</RowData>
	<RowData><DataStructureId>113</DataStructureId><ProcessDefId>1</ProcessDefId><ExtMethodIndex>37</ExtMethodIndex><Name>LOG_MSG_NO</Name><Type>3</Type><ParentIndex>107</ParentIndex><ClassName></ClassName><Unbounded>N</Unbounded>
	</RowData>
	<RowData><DataStructureId>114</DataStructureId><ProcessDefId>1</ProcessDefId><ExtMethodIndex>37</ExtMethodIndex><Name>MESSAGE_V1</Name><Type>10</Type><ParentIndex>107</ParentIndex><ClassName></ClassName><Unbounded>N</Unbounded>
	</RowData>
	<RowData><DataStructureId>115</DataStructureId><ProcessDefId>1</ProcessDefId><ExtMethodIndex>37</ExtMethodIndex><Name>MESSAGE_V2</Name><Type>10</Type><ParentIndex>107</ParentIndex><ClassName></ClassName><Unbounded>N</Unbounded>
	</RowData>
	<RowData><DataStructureId>116</DataStructureId><ProcessDefId>1</ProcessDefId><ExtMethodIndex>37</ExtMethodIndex><Name>MESSAGE_V3</Name><Type>10</Type><ParentIndex>107</ParentIndex><ClassName></ClassName><Unbounded>N</Unbounded>
	</RowData>
	<RowData><DataStructureId>117</DataStructureId><ProcessDefId>1</ProcessDefId><ExtMethodIndex>37</ExtMethodIndex><Name>MESSAGE_V4</Name><Type>10</Type><ParentIndex>107</ParentIndex><ClassName></ClassName><Unbounded>N</Unbounded>
	</RowData>
	<RowData><DataStructureId>118</DataStructureId><ProcessDefId>1</ProcessDefId><ExtMethodIndex>37</ExtMethodIndex><Name>PARAMETER</Name><Type>10</Type><ParentIndex>107</ParentIndex><ClassName></ClassName><Unbounded>N</Unbounded>
	</RowData>
	<RowData><DataStructureId>119</DataStructureId><ProcessDefId>1</ProcessDefId><ExtMethodIndex>37</ExtMethodIndex><Name>ROW</Name><Type>10</Type><ParentIndex>107</ParentIndex><ClassName></ClassName><Unbounded>N</Unbounded>
	</RowData>
	<RowData><DataStructureId>120</DataStructureId><ProcessDefId>1</ProcessDefId><ExtMethodIndex>37</ExtMethodIndex><Name>FIELD</Name><Type>10</Type><ParentIndex>107</ParentIndex><ClassName></ClassName><Unbounded>N</Unbounded>
	</RowData>
	<RowData><DataStructureId>121</DataStructureId><ProcessDefId>1</ProcessDefId><ExtMethodIndex>37</ExtMethodIndex><Name>SYSTEM</Name><Type>10</Type><ParentIndex>107</ParentIndex><ClassName></ClassName><Unbounded>N</Unbounded>
	</RowData>
	<RowData><DataStructureId>1</DataStructureId><ProcessDefId>1</ProcessDefId><ExtMethodIndex>38</ExtMethodIndex><Name>GENERALDETAIL</Name><Type>11</Type><ParentIndex>0</ParentIndex><ClassName>BAPIVENDOR_04</ClassName><Unbounded>N</Unbounded>
	</RowData>
	<RowData><DataStructureId>2</DataStructureId><ProcessDefId>1</ProcessDefId><ExtMethodIndex>38</ExtMethodIndex><Name>VENDOR</Name><Type>10</Type><ParentIndex>1</ParentIndex><ClassName></ClassName><Unbounded>N</Unbounded>
	</RowData>
	<RowData><DataStructureId>3</DataStructureId><ProcessDefId>1</ProcessDefId><ExtMethodIndex>38</ExtMethodIndex><Name>NAME</Name><Type>10</Type><ParentIndex>1</ParentIndex><ClassName></ClassName><Unbounded>N</Unbounded>
	</RowData>
	<RowData><DataStructureId>4</DataStructureId><ProcessDefId>1</ProcessDefId><ExtMethodIndex>38</ExtMethodIndex><Name>NAME_2</Name><Type>10</Type><ParentIndex>1</ParentIndex><ClassName></ClassName><Unbounded>N</Unbounded>
	</RowData>
	<RowData><DataStructureId>5</DataStructureId><ProcessDefId>1</ProcessDefId><ExtMethodIndex>38</ExtMethodIndex><Name>NAME_3</Name><Type>10</Type><ParentIndex>1</ParentIndex><ClassName></ClassName><Unbounded>N</Unbounded>
	</RowData>
	<RowData><DataStructureId>6</DataStructureId><ProcessDefId>1</ProcessDefId><ExtMethodIndex>38</ExtMethodIndex><Name>NAME_4</Name><Type>10</Type><ParentIndex>1</ParentIndex><ClassName></ClassName><Unbounded>N</Unbounded>
	</RowData>
	<RowData><DataStructureId>7</DataStructureId><ProcessDefId>1</ProcessDefId><ExtMethodIndex>38</ExtMethodIndex><Name>CITY</Name><Type>10</Type><ParentIndex>1</ParentIndex><ClassName></ClassName><Unbounded>N</Unbounded>
	</RowData>
	<RowData><DataStructureId>8</DataStructureId><ProcessDefId>1</ProcessDefId><ExtMethodIndex>38</ExtMethodIndex><Name>DISTRICT</Name><Type>10</Type><ParentIndex>1</ParentIndex><ClassName></ClassName><Unbounded>N</Unbounded>
	</RowData>
	<RowData><DataStructureId>9</DataStructureId><ProcessDefId>1</ProcessDefId><ExtMethodIndex>38</ExtMethodIndex><Name>PO_BOX</Name><Type>10</Type><ParentIndex>1</ParentIndex><ClassName></ClassName><Unbounded>N</Unbounded>
	</RowData>
	<RowData><DataStructureId>10</DataStructureId><ProcessDefId>1</ProcessDefId><ExtMethodIndex>38</ExtMethodIndex><Name>POBX_PCD</Name><Type>10</Type><ParentIndex>1</ParentIndex><ClassName></ClassName><Unbounded>N</Unbounded>
	</RowData>
	<RowData><DataStructureId>11</DataStructureId><ProcessDefId>1</ProcessDefId><ExtMethodIndex>38</ExtMethodIndex><Name>POSTL_CODE</Name><Type>10</Type><ParentIndex>1</ParentIndex><ClassName></ClassName><Unbounded>N</Unbounded>
	</RowData>
	<RowData><DataStructureId>12</DataStructureId><ProcessDefId>1</ProcessDefId><ExtMethodIndex>38</ExtMethodIndex><Name>REGION</Name><Type>10</Type><ParentIndex>1</ParentIndex><ClassName></ClassName><Unbounded>N</Unbounded>
	</RowData>
	<RowData><DataStructureId>13</DataStructureId><ProcessDefId>1</ProcessDefId><ExtMethodIndex>38</ExtMethodIndex><Name>STREET</Name><Type>10</Type><ParentIndex>1</ParentIndex><ClassName></ClassName><Unbounded>N</Unbounded>
	</RowData>
	<RowData><DataStructureId>14</DataStructureId><ProcessDefId>1</ProcessDefId><ExtMethodIndex>38</ExtMethodIndex><Name>COUNTRY</Name><Type>10</Type><ParentIndex>1</ParentIndex><ClassName></ClassName><Unbounded>N</Unbounded>
	</RowData>
	<RowData><DataStructureId>15</DataStructureId><ProcessDefId>1</ProcessDefId><ExtMethodIndex>38</ExtMethodIndex><Name>COUNTRYISO</Name><Type>10</Type><ParentIndex>1</ParentIndex><ClassName></ClassName><Unbounded>N</Unbounded>
	</RowData>
	<RowData><DataStructureId>16</DataStructureId><ProcessDefId>1</ProcessDefId><ExtMethodIndex>38</ExtMethodIndex><Name>POBX_CTY</Name><Type>10</Type><ParentIndex>1</ParentIndex><ClassName></ClassName><Unbounded>N</Unbounded>
	</RowData>
	<RowData><DataStructureId>17</DataStructureId><ProcessDefId>1</ProcessDefId><ExtMethodIndex>38</ExtMethodIndex><Name>LANGU</Name><Type>10</Type><ParentIndex>1</ParentIndex><ClassName></ClassName><Unbounded>N</Unbounded>
	</RowData>
	<RowData><DataStructureId>18</DataStructureId><ProcessDefId>1</ProcessDefId><ExtMethodIndex>38</ExtMethodIndex><Name>LANGU_ISO</Name><Type>10</Type><ParentIndex>1</ParentIndex><ClassName></ClassName><Unbounded>N</Unbounded>
	</RowData>
	<RowData><DataStructureId>19</DataStructureId><ProcessDefId>1</ProcessDefId><ExtMethodIndex>38</ExtMethodIndex><Name>TELEPHONE</Name><Type>10</Type><ParentIndex>1</ParentIndex><ClassName></ClassName><Unbounded>N</Unbounded>
	</RowData>
	<RowData><DataStructureId>20</DataStructureId><ProcessDefId>1</ProcessDefId><ExtMethodIndex>38</ExtMethodIndex><Name>FORMOFADDR</Name><Type>10</Type><ParentIndex>1</ParentIndex><ClassName></ClassName><Unbounded>N</Unbounded>
	</RowData>
	<RowData><DataStructureId>21</DataStructureId><ProcessDefId>1</ProcessDefId><ExtMethodIndex>38</ExtMethodIndex><Name>TELEPHONE2</Name><Type>10</Type><ParentIndex>1</ParentIndex><ClassName></ClassName><Unbounded>N</Unbounded>
	</RowData>
	<RowData><DataStructureId>22</DataStructureId><ProcessDefId>1</ProcessDefId><ExtMethodIndex>38</ExtMethodIndex><Name>COMPANYDETAIL</Name><Type>11</Type><ParentIndex>0</ParentIndex><ClassName>BAPIVENDOR_05</ClassName><Unbounded>N</Unbounded>
	</RowData>
	<RowData><DataStructureId>23</DataStructureId><ProcessDefId>1</ProcessDefId><ExtMethodIndex>38</ExtMethodIndex><Name>VENDOR</Name><Type>10</Type><ParentIndex>22</ParentIndex><ClassName></ClassName><Unbounded>N</Unbounded>
	</RowData>
	<RowData><DataStructureId>24</DataStructureId><ProcessDefId>1</ProcessDefId><ExtMethodIndex>38</ExtMethodIndex><Name>COMP_CODE</Name><Type>10</Type><ParentIndex>22</ParentIndex><ClassName></ClassName><Unbounded>N</Unbounded>
	</RowData>
	<RowData><DataStructureId>25</DataStructureId><ProcessDefId>1</ProcessDefId><ExtMethodIndex>38</ExtMethodIndex><Name>CLERK</Name><Type>10</Type><ParentIndex>22</ParentIndex><ClassName></ClassName><Unbounded>N</Unbounded>
	</RowData>
	<RowData><DataStructureId>26</DataStructureId><ProcessDefId>1</ProcessDefId><ExtMethodIndex>38</ExtMethodIndex><Name>HD_OFFICE</Name><Type>10</Type><ParentIndex>22</ParentIndex><ClassName></ClassName><Unbounded>N</Unbounded>
	</RowData>
	<RowData><DataStructureId>27</DataStructureId><ProcessDefId>1</ProcessDefId><ExtMethodIndex>38</ExtMethodIndex><Name>ALT_PAYEE</Name><Type>10</Type><ParentIndex>22</ParentIndex><ClassName></ClassName><Unbounded>N</Unbounded>
	</RowData>
	<RowData><DataStructureId>28</DataStructureId><ProcessDefId>1</ProcessDefId><ExtMethodIndex>38</ExtMethodIndex><Name>CUVD_CLEAR</Name><Type>10</Type><ParentIndex>22</ParentIndex><ClassName></ClassName><Unbounded>N</Unbounded>
	</RowData>
	<RowData><DataStructureId>29</DataStructureId><ProcessDefId>1</ProcessDefId><ExtMethodIndex>38</ExtMethodIndex><Name>PMNTTRMS</Name><Type>10</Type><ParentIndex>22</ParentIndex><ClassName></ClassName><Unbounded>N</Unbounded>
	</RowData>
	<RowData><DataStructureId>30</DataStructureId><ProcessDefId>1</ProcessDefId><ExtMethodIndex>38</ExtMethodIndex><Name>ACT_AT_VEN</Name><Type>10</Type><ParentIndex>22</ParentIndex><ClassName></ClassName><Unbounded>N</Unbounded>
	</RowData>
	<RowData><DataStructureId>31</DataStructureId><ProcessDefId>1</ProcessDefId><ExtMethodIndex>38</ExtMethodIndex><Name>VEND_USER</Name><Type>10</Type><ParentIndex>22</ParentIndex><ClassName></ClassName><Unbounded>N</Unbounded>
	</RowData>
	<RowData><DataStructureId>32</DataStructureId><ProcessDefId>1</ProcessDefId><ExtMethodIndex>38</ExtMethodIndex><Name>INTERNET</Name><Type>10</Type><ParentIndex>22</ParentIndex><ClassName></ClassName><Unbounded>N</Unbounded>
	</RowData>
	<RowData><DataStructureId>33</DataStructureId><ProcessDefId>1</ProcessDefId><ExtMethodIndex>38</ExtMethodIndex><Name>FAX</Name><Type>10</Type><ParentIndex>22</ParentIndex><ClassName></ClassName><Unbounded>N</Unbounded>
	</RowData>
	<RowData><DataStructureId>34</DataStructureId><ProcessDefId>1</ProcessDefId><ExtMethodIndex>38</ExtMethodIndex><Name>PAYMENT_METHODS</Name><Type>10</Type><ParentIndex>22</ParentIndex><ClassName></ClassName><Unbounded>N</Unbounded>
	</RowData>
	<RowData><DataStructureId>35</DataStructureId><ProcessDefId>1</ProcessDefId><ExtMethodIndex>38</ExtMethodIndex><Name>TEL</Name><Type>10</Type><ParentIndex>22</ParentIndex><ClassName></ClassName><Unbounded>N</Unbounded>
	</RowData>
	<RowData><DataStructureId>36</DataStructureId><ProcessDefId>1</ProcessDefId><ExtMethodIndex>38</ExtMethodIndex><Name>RETURN</Name><Type>11</Type><ParentIndex>0</ParentIndex><ClassName>BAPIRET1</ClassName><Unbounded>N</Unbounded>
	</RowData>
	<RowData><DataStructureId>37</DataStructureId><ProcessDefId>1</ProcessDefId><ExtMethodIndex>38</ExtMethodIndex><Name>TYPE</Name><Type>10</Type><ParentIndex>36</ParentIndex><ClassName></ClassName><Unbounded>N</Unbounded>
	</RowData>
	<RowData><DataStructureId>38</DataStructureId><ProcessDefId>1</ProcessDefId><ExtMethodIndex>38</ExtMethodIndex><Name>ID</Name><Type>10</Type><ParentIndex>36</ParentIndex><ClassName></ClassName><Unbounded>N</Unbounded>
	</RowData>
	<RowData><DataStructureId>39</DataStructureId><ProcessDefId>1</ProcessDefId><ExtMethodIndex>38</ExtMethodIndex><Name>NUMBER</Name><Type>3</Type><ParentIndex>36</ParentIndex><ClassName></ClassName><Unbounded>N</Unbounded>
	</RowData>
	<RowData><DataStructureId>40</DataStructureId><ProcessDefId>1</ProcessDefId><ExtMethodIndex>38</ExtMethodIndex><Name>MESSAGE</Name><Type>10</Type><ParentIndex>36</ParentIndex><ClassName></ClassName><Unbounded>N</Unbounded>
	</RowData>
	<RowData><DataStructureId>41</DataStructureId><ProcessDefId>1</ProcessDefId><ExtMethodIndex>38</ExtMethodIndex><Name>LOG_NO</Name><Type>10</Type><ParentIndex>36</ParentIndex><ClassName></ClassName><Unbounded>N</Unbounded>
	</RowData>
	<RowData><DataStructureId>42</DataStructureId><ProcessDefId>1</ProcessDefId><ExtMethodIndex>38</ExtMethodIndex><Name>LOG_MSG_NO</Name><Type>3</Type><ParentIndex>36</ParentIndex><ClassName></ClassName><Unbounded>N</Unbounded>
	</RowData>
	<RowData><DataStructureId>43</DataStructureId><ProcessDefId>1</ProcessDefId><ExtMethodIndex>38</ExtMethodIndex><Name>MESSAGE_V1</Name><Type>10</Type><ParentIndex>36</ParentIndex><ClassName></ClassName><Unbounded>N</Unbounded>
	</RowData>
	<RowData><DataStructureId>44</DataStructureId><ProcessDefId>1</ProcessDefId><ExtMethodIndex>38</ExtMethodIndex><Name>MESSAGE_V2</Name><Type>10</Type><ParentIndex>36</ParentIndex><ClassName></ClassName><Unbounded>N</Unbounded>
	</RowData>
	<RowData><DataStructureId>45</DataStructureId><ProcessDefId>1</ProcessDefId><ExtMethodIndex>38</ExtMethodIndex><Name>MESSAGE_V3</Name><Type>10</Type><ParentIndex>36</ParentIndex><ClassName></ClassName><Unbounded>N</Unbounded>
	</RowData>
	<RowData><DataStructureId>46</DataStructureId><ProcessDefId>1</ProcessDefId><ExtMethodIndex>38</ExtMethodIndex><Name>MESSAGE_V4</Name><Type>10</Type><ParentIndex>36</ParentIndex><ClassName></ClassName><Unbounded>N</Unbounded>
	</RowData>
	<RowData><DataStructureId>47</DataStructureId><ProcessDefId>1</ProcessDefId><ExtMethodIndex>38</ExtMethodIndex><Name>BANKDETAIL</Name><Type>11</Type><ParentIndex>0</ParentIndex><ClassName>BAPIVENDOR_06</ClassName><Unbounded>Y</Unbounded>
	</RowData>
	<RowData><DataStructureId>48</DataStructureId><ProcessDefId>1</ProcessDefId><ExtMethodIndex>38</ExtMethodIndex><Name>VENDOR</Name><Type>10</Type><ParentIndex>47</ParentIndex><ClassName></ClassName><Unbounded>N</Unbounded>
	</RowData>
	<RowData><DataStructureId>49</DataStructureId><ProcessDefId>1</ProcessDefId><ExtMethodIndex>38</ExtMethodIndex><Name>BANK_CTRY</Name><Type>10</Type><ParentIndex>47</ParentIndex><ClassName></ClassName><Unbounded>N</Unbounded>
	</RowData>
	<RowData><DataStructureId>50</DataStructureId><ProcessDefId>1</ProcessDefId><ExtMethodIndex>38</ExtMethodIndex><Name>BANK_KEY</Name><Type>10</Type><ParentIndex>47</ParentIndex><ClassName></ClassName><Unbounded>N</Unbounded>
	</RowData>
	<RowData><DataStructureId>51</DataStructureId><ProcessDefId>1</ProcessDefId><ExtMethodIndex>38</ExtMethodIndex><Name>BANK_ACCT</Name><Type>10</Type><ParentIndex>47</ParentIndex><ClassName></ClassName><Unbounded>N</Unbounded>
	</RowData>
	<RowData><DataStructureId>52</DataStructureId><ProcessDefId>1</ProcessDefId><ExtMethodIndex>38</ExtMethodIndex><Name>CTRL_KEY</Name><Type>10</Type><ParentIndex>47</ParentIndex><ClassName></ClassName><Unbounded>N</Unbounded>
	</RowData>
	<RowData><DataStructureId>53</DataStructureId><ProcessDefId>1</ProcessDefId><ExtMethodIndex>38</ExtMethodIndex><Name>PARTNER_BK</Name><Type>10</Type><ParentIndex>47</ParentIndex><ClassName></ClassName><Unbounded>N</Unbounded>
	</RowData>
	<RowData><DataStructureId>54</DataStructureId><ProcessDefId>1</ProcessDefId><ExtMethodIndex>38</ExtMethodIndex><Name>COLL_AUTH</Name><Type>10</Type><ParentIndex>47</ParentIndex><ClassName></ClassName><Unbounded>N</Unbounded>
	</RowData>
	<RowData><DataStructureId>55</DataStructureId><ProcessDefId>1</ProcessDefId><ExtMethodIndex>38</ExtMethodIndex><Name>BANK_REF</Name><Type>10</Type><ParentIndex>47</ParentIndex><ClassName></ClassName><Unbounded>N</Unbounded>
	</RowData>
	<RowData><DataStructureId>56</DataStructureId><ProcessDefId>1</ProcessDefId><ExtMethodIndex>38</ExtMethodIndex><Name>VENDORIBANDETAIL</Name><Type>11</Type><ParentIndex>0</ParentIndex><ClassName>BAPIVENDOR_02</ClassName><Unbounded>Y</Unbounded>
	</RowData>
	<RowData><DataStructureId>57</DataStructureId><ProcessDefId>1</ProcessDefId><ExtMethodIndex>38</ExtMethodIndex><Name>VENDOR</Name><Type>10</Type><ParentIndex>56</ParentIndex><ClassName></ClassName><Unbounded>N</Unbounded>
	</RowData>
	<RowData><DataStructureId>58</DataStructureId><ProcessDefId>1</ProcessDefId><ExtMethodIndex>38</ExtMethodIndex><Name>BANK_CTRY</Name><Type>10</Type><ParentIndex>56</ParentIndex><ClassName></ClassName><Unbounded>N</Unbounded>
	</RowData>
	<RowData><DataStructureId>59</DataStructureId><ProcessDefId>1</ProcessDefId><ExtMethodIndex>38</ExtMethodIndex><Name>BANK_KEY</Name><Type>10</Type><ParentIndex>56</ParentIndex><ClassName></ClassName><Unbounded>N</Unbounded>
	</RowData>
	<RowData><DataStructureId>60</DataStructureId><ProcessDefId>1</ProcessDefId><ExtMethodIndex>38</ExtMethodIndex><Name>BANK_ACCT</Name><Type>10</Type><ParentIndex>56</ParentIndex><ClassName></ClassName><Unbounded>N</Unbounded>
	</RowData>
	<RowData><DataStructureId>61</DataStructureId><ProcessDefId>1</ProcessDefId><ExtMethodIndex>38</ExtMethodIndex><Name>CTRL_KEY</Name><Type>10</Type><ParentIndex>56</ParentIndex><ClassName></ClassName><Unbounded>N</Unbounded>
	</RowData>
	<RowData><DataStructureId>62</DataStructureId><ProcessDefId>1</ProcessDefId><ExtMethodIndex>38</ExtMethodIndex><Name>IBAN</Name><Type>10</Type><ParentIndex>56</ParentIndex><ClassName></ClassName><Unbounded>N</Unbounded>
	</RowData>
	<RowData><DataStructureId>63</DataStructureId><ProcessDefId>1</ProcessDefId><ExtMethodIndex>38</ExtMethodIndex><Name>VALID_FROM</Name><Type>8</Type><ParentIndex>56</ParentIndex><ClassName></ClassName><Unbounded>N</Unbounded>
	</RowData>
	<RowData><DataStructureId>64</DataStructureId><ProcessDefId>1</ProcessDefId><ExtMethodIndex>38</ExtMethodIndex><Name>DUMMY</Name><Type>10</Type><ParentIndex>56</ParentIndex><ClassName></ClassName><Unbounded>N</Unbounded>
	</RowData>
	<RowData><DataStructureId>1</DataStructureId><ProcessDefId>1</ProcessDefId><ExtMethodIndex>39</ExtMethodIndex><Name>POHEADER</Name><Type>11</Type><ParentIndex>0</ParentIndex><ClassName>BAPIMEPOHEADER</ClassName><Unbounded>N</Unbounded>
	</RowData>
	<RowData><DataStructureId>2</DataStructureId><ProcessDefId>1</ProcessDefId><ExtMethodIndex>39</ExtMethodIndex><Name>PO_NUMBER</Name><Type>10</Type><ParentIndex>1</ParentIndex><ClassName></ClassName><Unbounded>N</Unbounded>
	</RowData>
	<RowData><DataStructureId>3</DataStructureId><ProcessDefId>1</ProcessDefId><ExtMethodIndex>39</ExtMethodIndex><Name>COMP_CODE</Name><Type>10</Type><ParentIndex>1</ParentIndex><ClassName></ClassName><Unbounded>N</Unbounded>
	</RowData>
	<RowData><DataStructureId>4</DataStructureId><ProcessDefId>1</ProcessDefId><ExtMethodIndex>39</ExtMethodIndex><Name>DOC_TYPE</Name><Type>10</Type><ParentIndex>1</ParentIndex><ClassName></ClassName><Unbounded>N</Unbounded>
	</RowData>
	<RowData><DataStructureId>5</DataStructureId><ProcessDefId>1</ProcessDefId><ExtMethodIndex>39</ExtMethodIndex><Name>DELETE_IND</Name><Type>10</Type><ParentIndex>1</ParentIndex><ClassName></ClassName><Unbounded>N</Unbounded>
	</RowData>
	<RowData><DataStructureId>6</DataStructureId><ProcessDefId>1</ProcessDefId><ExtMethodIndex>39</ExtMethodIndex><Name>STATUS</Name><Type>10</Type><ParentIndex>1</ParentIndex><ClassName></ClassName><Unbounded>N</Unbounded>
	</RowData>
	<RowData><DataStructureId>7</DataStructureId><ProcessDefId>1</ProcessDefId><ExtMethodIndex>39</ExtMethodIndex><Name>CREAT_DATE</Name><Type>8</Type><ParentIndex>1</ParentIndex><ClassName></ClassName><Unbounded>N</Unbounded>
	</RowData>
	<RowData><DataStructureId>8</DataStructureId><ProcessDefId>1</ProcessDefId><ExtMethodIndex>39</ExtMethodIndex><Name>CREATED_BY</Name><Type>10</Type><ParentIndex>1</ParentIndex><ClassName></ClassName><Unbounded>N</Unbounded>
	</RowData>
	<RowData><DataStructureId>9</DataStructureId><ProcessDefId>1</ProcessDefId><ExtMethodIndex>39</ExtMethodIndex><Name>ITEM_INTVL</Name><Type>3</Type><ParentIndex>1</ParentIndex><ClassName></ClassName><Unbounded>N</Unbounded>
	</RowData>
	<RowData><DataStructureId>10</DataStructureId><ProcessDefId>1</ProcessDefId><ExtMethodIndex>39</ExtMethodIndex><Name>VENDOR</Name><Type>10</Type><ParentIndex>1</ParentIndex><ClassName></ClassName><Unbounded>N</Unbounded>
	</RowData>
	<RowData><DataStructureId>11</DataStructureId><ProcessDefId>1</ProcessDefId><ExtMethodIndex>39</ExtMethodIndex><Name>LANGU</Name><Type>10</Type><ParentIndex>1</ParentIndex><ClassName></ClassName><Unbounded>N</Unbounded>
	</RowData>
	<RowData><DataStructureId>12</DataStructureId><ProcessDefId>1</ProcessDefId><ExtMethodIndex>39</ExtMethodIndex><Name>LANGU_ISO</Name><Type>10</Type><ParentIndex>1</ParentIndex><ClassName></ClassName><Unbounded>N</Unbounded>
	</RowData>
	<RowData><DataStructureId>13</DataStructureId><ProcessDefId>1</ProcessDefId><ExtMethodIndex>39</ExtMethodIndex><Name>PMNTTRMS</Name><Type>10</Type><ParentIndex>1</ParentIndex><ClassName></ClassName><Unbounded>N</Unbounded>
	</RowData>
	<RowData><DataStructureId>14</DataStructureId><ProcessDefId>1</ProcessDefId><ExtMethodIndex>39</ExtMethodIndex><Name>DSCNT1_TO</Name><Type>10</Type><ParentIndex>1</ParentIndex><ClassName></ClassName><Unbounded>N</Unbounded>
	</RowData>
	<RowData><DataStructureId>15</DataStructureId><ProcessDefId>1</ProcessDefId><ExtMethodIndex>39</ExtMethodIndex><Name>DSCNT2_TO</Name><Type>10</Type><ParentIndex>1</ParentIndex><ClassName></ClassName><Unbounded>N</Unbounded>
	</RowData>
	<RowData><DataStructureId>16</DataStructureId><ProcessDefId>1</ProcessDefId><ExtMethodIndex>39</ExtMethodIndex><Name>DSCNT3_TO</Name><Type>10</Type><ParentIndex>1</ParentIndex><ClassName></ClassName><Unbounded>N</Unbounded>
	</RowData>
	<RowData><DataStructureId>17</DataStructureId><ProcessDefId>1</ProcessDefId><ExtMethodIndex>39</ExtMethodIndex><Name>DSCT_PCT1</Name><Type>10</Type><ParentIndex>1</ParentIndex><ClassName></ClassName><Unbounded>N</Unbounded>
	</RowData>
	<RowData><DataStructureId>18</DataStructureId><ProcessDefId>1</ProcessDefId><ExtMethodIndex>39</ExtMethodIndex><Name>DSCT_PCT2</Name><Type>10</Type><ParentIndex>1</ParentIndex><ClassName></ClassName><Unbounded>N</Unbounded>
	</RowData>
	<RowData><DataStructureId>19</DataStructureId><ProcessDefId>1</ProcessDefId><ExtMethodIndex>39</ExtMethodIndex><Name>PURCH_ORG</Name><Type>10</Type><ParentIndex>1</ParentIndex><ClassName></ClassName><Unbounded>N</Unbounded>
	</RowData>
	<RowData><DataStructureId>20</DataStructureId><ProcessDefId>1</ProcessDefId><ExtMethodIndex>39</ExtMethodIndex><Name>PUR_GROUP</Name><Type>10</Type><ParentIndex>1</ParentIndex><ClassName></ClassName><Unbounded>N</Unbounded>
	</RowData>
	<RowData><DataStructureId>21</DataStructureId><ProcessDefId>1</ProcessDefId><ExtMethodIndex>39</ExtMethodIndex><Name>CURRENCY</Name><Type>10</Type><ParentIndex>1</ParentIndex><ClassName></ClassName><Unbounded>N</Unbounded>
	</RowData>
	<RowData><DataStructureId>22</DataStructureId><ProcessDefId>1</ProcessDefId><ExtMethodIndex>39</ExtMethodIndex><Name>CURRENCY_ISO</Name><Type>10</Type><ParentIndex>1</ParentIndex><ClassName></ClassName><Unbounded>N</Unbounded>
	</RowData>
	<RowData><DataStructureId>23</DataStructureId><ProcessDefId>1</ProcessDefId><ExtMethodIndex>39</ExtMethodIndex><Name>EXCH_RATE</Name><Type>10</Type><ParentIndex>1</ParentIndex><ClassName></ClassName><Unbounded>N</Unbounded>
	</RowData>
	<RowData><DataStructureId>24</DataStructureId><ProcessDefId>1</ProcessDefId><ExtMethodIndex>39</ExtMethodIndex><Name>EX_RATE_FX</Name><Type>10</Type><ParentIndex>1</ParentIndex><ClassName></ClassName><Unbounded>N</Unbounded>
	</RowData>
	<RowData><DataStructureId>25</DataStructureId><ProcessDefId>1</ProcessDefId><ExtMethodIndex>39</ExtMethodIndex><Name>DOC_DATE</Name><Type>8</Type><ParentIndex>1</ParentIndex><ClassName></ClassName><Unbounded>N</Unbounded>
	</RowData>
	<RowData><DataStructureId>26</DataStructureId><ProcessDefId>1</ProcessDefId><ExtMethodIndex>39</ExtMethodIndex><Name>VPER_START</Name><Type>8</Type><ParentIndex>1</ParentIndex><ClassName></ClassName><Unbounded>N</Unbounded>
	</RowData>
	<RowData><DataStructureId>27</DataStructureId><ProcessDefId>1</ProcessDefId><ExtMethodIndex>39</ExtMethodIndex><Name>VPER_END</Name><Type>8</Type><ParentIndex>1</ParentIndex><ClassName></ClassName><Unbounded>N</Unbounded>
	</RowData>
	<RowData><DataStructureId>28</DataStructureId><ProcessDefId>1</ProcessDefId><ExtMethodIndex>39</ExtMethodIndex><Name>WARRANTY</Name><Type>8</Type><ParentIndex>1</ParentIndex><ClassName></ClassName><Unbounded>N</Unbounded>
	</RowData>
</PMWDataStructureTable_6>