<PMWDataStructureTable_3>
	<RowData><DataStructureId>451</DataStructureId><ProcessDefId>1</ProcessDefId><ExtMethodIndex>35</ExtMethodIndex><Name>CON_ITEM</Name><Type>3</Type><ParentIndex>446</ParentIndex><ClassName></ClassName><Unbounded>N</Unbounded>
	</RowData>
	<RowData><DataStructureId>452</DataStructureId><ProcessDefId>1</ProcessDefId><ExtMethodIndex>35</ExtMethodIndex><Name>LIMIT</Name><Type>10</Type><ParentIndex>446</ParentIndex><ClassName></ClassName><Unbounded>N</Unbounded>
	</RowData>
	<RowData><DataStructureId>453</DataStructureId><ProcessDefId>1</ProcessDefId><ExtMethodIndex>35</ExtMethodIndex><Name>NO_LIMIT</Name><Type>10</Type><ParentIndex>446</ParentIndex><ClassName></ClassName><Unbounded>N</Unbounded>
	</RowData>
	<RowData><DataStructureId>454</DataStructureId><ProcessDefId>1</ProcessDefId><ExtMethodIndex>35</ExtMethodIndex><Name>ACT_VALUE</Name><Type>10</Type><ParentIndex>446</ParentIndex><ClassName></ClassName><Unbounded>N</Unbounded>
	</RowData>
	<RowData><DataStructureId>455</DataStructureId><ProcessDefId>1</ProcessDefId><ExtMethodIndex>35</ExtMethodIndex><Name>PRICE_CHG</Name><Type>10</Type><ParentIndex>446</ParentIndex><ClassName></ClassName><Unbounded>N</Unbounded>
	</RowData>
	<RowData><DataStructureId>456</DataStructureId><ProcessDefId>1</ProcessDefId><ExtMethodIndex>35</ExtMethodIndex><Name>SHORT_TEXT</Name><Type>10</Type><ParentIndex>446</ParentIndex><ClassName></ClassName><Unbounded>N</Unbounded>
	</RowData>
	<RowData><DataStructureId>457</DataStructureId><ProcessDefId>1</ProcessDefId><ExtMethodIndex>35</ExtMethodIndex><Name>KTEXT1</Name><Type>10</Type><ParentIndex>446</ParentIndex><ClassName></ClassName><Unbounded>N</Unbounded>
	</RowData>
	<RowData><DataStructureId>458</DataStructureId><ProcessDefId>1</ProcessDefId><ExtMethodIndex>35</ExtMethodIndex><Name>SUB_PACKNO</Name><Type>3</Type><ParentIndex>446</ParentIndex><ClassName></ClassName><Unbounded>N</Unbounded>
	</RowData>
	<RowData><DataStructureId>459</DataStructureId><ProcessDefId>1</ProcessDefId><ExtMethodIndex>35</ExtMethodIndex><Name>RETURN</Name><Type>11</Type><ParentIndex>0</ParentIndex><ClassName>BAPIRETURN</ClassName><Unbounded>Y</Unbounded>
	</RowData>
	<RowData><DataStructureId>460</DataStructureId><ProcessDefId>1</ProcessDefId><ExtMethodIndex>35</ExtMethodIndex><Name>TYPE</Name><Type>10</Type><ParentIndex>459</ParentIndex><ClassName></ClassName><Unbounded>N</Unbounded>
	</RowData>
	<RowData><DataStructureId>461</DataStructureId><ProcessDefId>1</ProcessDefId><ExtMethodIndex>35</ExtMethodIndex><Name>CODE</Name><Type>10</Type><ParentIndex>459</ParentIndex><ClassName></ClassName><Unbounded>N</Unbounded>
	</RowData>
	<RowData><DataStructureId>462</DataStructureId><ProcessDefId>1</ProcessDefId><ExtMethodIndex>35</ExtMethodIndex><Name>MESSAGE</Name><Type>10</Type><ParentIndex>459</ParentIndex><ClassName></ClassName><Unbounded>N</Unbounded>
	</RowData>
	<RowData><DataStructureId>463</DataStructureId><ProcessDefId>1</ProcessDefId><ExtMethodIndex>35</ExtMethodIndex><Name>LOG_NO</Name><Type>10</Type><ParentIndex>459</ParentIndex><ClassName></ClassName><Unbounded>N</Unbounded>
	</RowData>
	<RowData><DataStructureId>464</DataStructureId><ProcessDefId>1</ProcessDefId><ExtMethodIndex>35</ExtMethodIndex><Name>LOG_MSG_NO</Name><Type>3</Type><ParentIndex>459</ParentIndex><ClassName></ClassName><Unbounded>N</Unbounded>
	</RowData>
	<RowData><DataStructureId>465</DataStructureId><ProcessDefId>1</ProcessDefId><ExtMethodIndex>35</ExtMethodIndex><Name>MESSAGE_V1</Name><Type>10</Type><ParentIndex>459</ParentIndex><ClassName></ClassName><Unbounded>N</Unbounded>
	</RowData>
	<RowData><DataStructureId>466</DataStructureId><ProcessDefId>1</ProcessDefId><ExtMethodIndex>35</ExtMethodIndex><Name>MESSAGE_V2</Name><Type>10</Type><ParentIndex>459</ParentIndex><ClassName></ClassName><Unbounded>N</Unbounded>
	</RowData>
	<RowData><DataStructureId>467</DataStructureId><ProcessDefId>1</ProcessDefId><ExtMethodIndex>35</ExtMethodIndex><Name>MESSAGE_V3</Name><Type>10</Type><ParentIndex>459</ParentIndex><ClassName></ClassName><Unbounded>N</Unbounded>
	</RowData>
	<RowData><DataStructureId>468</DataStructureId><ProcessDefId>1</ProcessDefId><ExtMethodIndex>35</ExtMethodIndex><Name>MESSAGE_V4</Name><Type>10</Type><ParentIndex>459</ParentIndex><ClassName></ClassName><Unbounded>N</Unbounded>
	</RowData>
	<RowData><DataStructureId>469</DataStructureId><ProcessDefId>1</ProcessDefId><ExtMethodIndex>35</ExtMethodIndex><Name>PO_ITEM_CONFIRMATIONS</Name><Type>11</Type><ParentIndex>0</ParentIndex><ClassName>BAPIEKES</ClassName><Unbounded>Y</Unbounded>
	</RowData>
	<RowData><DataStructureId>470</DataStructureId><ProcessDefId>1</ProcessDefId><ExtMethodIndex>35</ExtMethodIndex><Name>PO_ITEM</Name><Type>3</Type><ParentIndex>469</ParentIndex><ClassName></ClassName><Unbounded>N</Unbounded>
	</RowData>
	<RowData><DataStructureId>471</DataStructureId><ProcessDefId>1</ProcessDefId><ExtMethodIndex>35</ExtMethodIndex><Name>CONF_SER</Name><Type>3</Type><ParentIndex>469</ParentIndex><ClassName></ClassName><Unbounded>N</Unbounded>
	</RowData>
	<RowData><DataStructureId>472</DataStructureId><ProcessDefId>1</ProcessDefId><ExtMethodIndex>35</ExtMethodIndex><Name>CONF_TYPE</Name><Type>10</Type><ParentIndex>469</ParentIndex><ClassName></ClassName><Unbounded>N</Unbounded>
	</RowData>
	<RowData><DataStructureId>473</DataStructureId><ProcessDefId>1</ProcessDefId><ExtMethodIndex>35</ExtMethodIndex><Name>CONF_NAME</Name><Type>10</Type><ParentIndex>469</ParentIndex><ClassName></ClassName><Unbounded>N</Unbounded>
	</RowData>
	<RowData><DataStructureId>474</DataStructureId><ProcessDefId>1</ProcessDefId><ExtMethodIndex>35</ExtMethodIndex><Name>DEL_DATCAT</Name><Type>10</Type><ParentIndex>469</ParentIndex><ClassName></ClassName><Unbounded>N</Unbounded>
	</RowData>
	<RowData><DataStructureId>475</DataStructureId><ProcessDefId>1</ProcessDefId><ExtMethodIndex>35</ExtMethodIndex><Name>DEL_DATCAT_EXT</Name><Type>10</Type><ParentIndex>469</ParentIndex><ClassName></ClassName><Unbounded>N</Unbounded>
	</RowData>
	<RowData><DataStructureId>476</DataStructureId><ProcessDefId>1</ProcessDefId><ExtMethodIndex>35</ExtMethodIndex><Name>DELIV_DATE</Name><Type>8</Type><ParentIndex>469</ParentIndex><ClassName></ClassName><Unbounded>N</Unbounded>
	</RowData>
	<RowData><DataStructureId>477</DataStructureId><ProcessDefId>1</ProcessDefId><ExtMethodIndex>35</ExtMethodIndex><Name>DELIV_TIME</Name><Type>10</Type><ParentIndex>469</ParentIndex><ClassName></ClassName><Unbounded>N</Unbounded>
	</RowData>
	<RowData><DataStructureId>478</DataStructureId><ProcessDefId>1</ProcessDefId><ExtMethodIndex>35</ExtMethodIndex><Name>QUANTITY</Name><Type>10</Type><ParentIndex>469</ParentIndex><ClassName></ClassName><Unbounded>N</Unbounded>
	</RowData>
	<RowData><DataStructureId>479</DataStructureId><ProcessDefId>1</ProcessDefId><ExtMethodIndex>35</ExtMethodIndex><Name>DELETE_IND</Name><Type>10</Type><ParentIndex>469</ParentIndex><ClassName></ClassName><Unbounded>N</Unbounded>
	</RowData>
	<RowData><DataStructureId>480</DataStructureId><ProcessDefId>1</ProcessDefId><ExtMethodIndex>35</ExtMethodIndex><Name>DISPO_REL</Name><Type>10</Type><ParentIndex>469</ParentIndex><ClassName></ClassName><Unbounded>N</Unbounded>
	</RowData>
	<RowData><DataStructureId>481</DataStructureId><ProcessDefId>1</ProcessDefId><ExtMethodIndex>35</ExtMethodIndex><Name>RECEIPT_REL</Name><Type>10</Type><ParentIndex>469</ParentIndex><ClassName></ClassName><Unbounded>N</Unbounded>
	</RowData>
	<RowData><DataStructureId>482</DataStructureId><ProcessDefId>1</ProcessDefId><ExtMethodIndex>35</ExtMethodIndex><Name>EXT_DOC</Name><Type>10</Type><ParentIndex>469</ParentIndex><ClassName></ClassName><Unbounded>N</Unbounded>
	</RowData>
	<RowData><DataStructureId>483</DataStructureId><ProcessDefId>1</ProcessDefId><ExtMethodIndex>35</ExtMethodIndex><Name>DELIV_NUMB</Name><Type>10</Type><ParentIndex>469</ParentIndex><ClassName></ClassName><Unbounded>N</Unbounded>
	</RowData>
	<RowData><DataStructureId>484</DataStructureId><ProcessDefId>1</ProcessDefId><ExtMethodIndex>35</ExtMethodIndex><Name>DELIV_ITEM</Name><Type>3</Type><ParentIndex>469</ParentIndex><ClassName></ClassName><Unbounded>N</Unbounded>
	</RowData>
	<RowData><DataStructureId>485</DataStructureId><ProcessDefId>1</ProcessDefId><ExtMethodIndex>35</ExtMethodIndex><Name>EXT_DOC_LONG</Name><Type>10</Type><ParentIndex>469</ParentIndex><ClassName></ClassName><Unbounded>N</Unbounded>
	</RowData>
	<RowData><DataStructureId>486</DataStructureId><ProcessDefId>1</ProcessDefId><ExtMethodIndex>35</ExtMethodIndex><Name>HANDOVERDATE</Name><Type>8</Type><ParentIndex>469</ParentIndex><ClassName></ClassName><Unbounded>N</Unbounded>
	</RowData>
	<RowData><DataStructureId>487</DataStructureId><ProcessDefId>1</ProcessDefId><ExtMethodIndex>35</ExtMethodIndex><Name>HANDOVERTIME</Name><Type>10</Type><ParentIndex>469</ParentIndex><ClassName></ClassName><Unbounded>N</Unbounded>
	</RowData>
	<RowData><DataStructureId>488</DataStructureId><ProcessDefId>1</ProcessDefId><ExtMethodIndex>35</ExtMethodIndex><Name>PO_ITEM_LIMITS</Name><Type>11</Type><ParentIndex>0</ParentIndex><ClassName>BAPIESUH</ClassName><Unbounded>Y</Unbounded>
	</RowData>
	<RowData><DataStructureId>489</DataStructureId><ProcessDefId>1</ProcessDefId><ExtMethodIndex>35</ExtMethodIndex><Name>PCKG_NO</Name><Type>3</Type><ParentIndex>488</ParentIndex><ClassName></ClassName><Unbounded>N</Unbounded>
	</RowData>
	<RowData><DataStructureId>490</DataStructureId><ProcessDefId>1</ProcessDefId><ExtMethodIndex>35</ExtMethodIndex><Name>LIMIT</Name><Type>10</Type><ParentIndex>488</ParentIndex><ClassName></ClassName><Unbounded>N</Unbounded>
	</RowData>
	<RowData><DataStructureId>491</DataStructureId><ProcessDefId>1</ProcessDefId><ExtMethodIndex>35</ExtMethodIndex><Name>NO_LIMIT</Name><Type>10</Type><ParentIndex>488</ParentIndex><ClassName></ClassName><Unbounded>N</Unbounded>
	</RowData>
	<RowData><DataStructureId>492</DataStructureId><ProcessDefId>1</ProcessDefId><ExtMethodIndex>35</ExtMethodIndex><Name>EXP_VALUE</Name><Type>10</Type><ParentIndex>488</ParentIndex><ClassName></ClassName><Unbounded>N</Unbounded>
	</RowData>
	<RowData><DataStructureId>493</DataStructureId><ProcessDefId>1</ProcessDefId><ExtMethodIndex>35</ExtMethodIndex><Name>ACT_VALUE</Name><Type>10</Type><ParentIndex>488</ParentIndex><ClassName></ClassName><Unbounded>N</Unbounded>
	</RowData>
	<RowData><DataStructureId>494</DataStructureId><ProcessDefId>1</ProcessDefId><ExtMethodIndex>35</ExtMethodIndex><Name>SSC_EXIST</Name><Type>10</Type><ParentIndex>488</ParentIndex><ClassName></ClassName><Unbounded>N</Unbounded>
	</RowData>
	<RowData><DataStructureId>495</DataStructureId><ProcessDefId>1</ProcessDefId><ExtMethodIndex>35</ExtMethodIndex><Name>CON_EXIST</Name><Type>10</Type><ParentIndex>488</ParentIndex><ClassName></ClassName><Unbounded>N</Unbounded>
	</RowData>
	<RowData><DataStructureId>496</DataStructureId><ProcessDefId>1</ProcessDefId><ExtMethodIndex>35</ExtMethodIndex><Name>TMP_EXIST</Name><Type>10</Type><ParentIndex>488</ParentIndex><ClassName></ClassName><Unbounded>N</Unbounded>
	</RowData>
	<RowData><DataStructureId>497</DataStructureId><ProcessDefId>1</ProcessDefId><ExtMethodIndex>35</ExtMethodIndex><Name>PRICE_CHG</Name><Type>10</Type><ParentIndex>488</ParentIndex><ClassName></ClassName><Unbounded>N</Unbounded>
	</RowData>
	<RowData><DataStructureId>498</DataStructureId><ProcessDefId>1</ProcessDefId><ExtMethodIndex>35</ExtMethodIndex><Name>FREE_LIMIT</Name><Type>10</Type><ParentIndex>488</ParentIndex><ClassName></ClassName><Unbounded>N</Unbounded>
	</RowData>
	<RowData><DataStructureId>499</DataStructureId><ProcessDefId>1</ProcessDefId><ExtMethodIndex>35</ExtMethodIndex><Name>NO_FRLIMIT</Name><Type>10</Type><ParentIndex>488</ParentIndex><ClassName></ClassName><Unbounded>N</Unbounded>
	</RowData>
	<RowData><DataStructureId>500</DataStructureId><ProcessDefId>1</ProcessDefId><ExtMethodIndex>35</ExtMethodIndex><Name>FREACT_VAL</Name><Type>10</Type><ParentIndex>488</ParentIndex><ClassName></ClassName><Unbounded>N</Unbounded>
	</RowData>
	<RowData><DataStructureId>501</DataStructureId><ProcessDefId>1</ProcessDefId><ExtMethodIndex>35</ExtMethodIndex><Name>CURRENCY</Name><Type>10</Type><ParentIndex>488</ParentIndex><ClassName></ClassName><Unbounded>N</Unbounded>
	</RowData>
	<RowData><DataStructureId>502</DataStructureId><ProcessDefId>1</ProcessDefId><ExtMethodIndex>35</ExtMethodIndex><Name>CURR_ISOCD</Name><Type>10</Type><ParentIndex>488</ParentIndex><ClassName></ClassName><Unbounded>N</Unbounded>
	</RowData>
	<RowData><DataStructureId>503</DataStructureId><ProcessDefId>1</ProcessDefId><ExtMethodIndex>35</ExtMethodIndex><Name>SERV_TYPE</Name><Type>10</Type><ParentIndex>488</ParentIndex><ClassName></ClassName><Unbounded>N</Unbounded>
	</RowData>
	<RowData><DataStructureId>504</DataStructureId><ProcessDefId>1</ProcessDefId><ExtMethodIndex>35</ExtMethodIndex><Name>EDITION</Name><Type>3</Type><ParentIndex>488</ParentIndex><ClassName></ClassName><Unbounded>N</Unbounded>
	</RowData>
	<RowData><DataStructureId>505</DataStructureId><ProcessDefId>1</ProcessDefId><ExtMethodIndex>35</ExtMethodIndex><Name>SSC_LIMIT</Name><Type>10</Type><ParentIndex>488</ParentIndex><ClassName></ClassName><Unbounded>N</Unbounded>
	</RowData>
	<RowData><DataStructureId>506</DataStructureId><ProcessDefId>1</ProcessDefId><ExtMethodIndex>35</ExtMethodIndex><Name>SSC_NOLIM</Name><Type>10</Type><ParentIndex>488</ParentIndex><ClassName></ClassName><Unbounded>N</Unbounded>
	</RowData>
	<RowData><DataStructureId>507</DataStructureId><ProcessDefId>1</ProcessDefId><ExtMethodIndex>35</ExtMethodIndex><Name>SSC_ACTVAL</Name><Type>10</Type><ParentIndex>488</ParentIndex><ClassName></ClassName><Unbounded>N</Unbounded>
	</RowData>
	<RowData><DataStructureId>508</DataStructureId><ProcessDefId>1</ProcessDefId><ExtMethodIndex>35</ExtMethodIndex><Name>SSC_PRSCHG</Name><Type>10</Type><ParentIndex>488</ParentIndex><ClassName></ClassName><Unbounded>N</Unbounded>
	</RowData>
	<RowData><DataStructureId>509</DataStructureId><ProcessDefId>1</ProcessDefId><ExtMethodIndex>35</ExtMethodIndex><Name>SSC_PERC</Name><Type>10</Type><ParentIndex>488</ParentIndex><ClassName></ClassName><Unbounded>N</Unbounded>
	</RowData>
	<RowData><DataStructureId>510</DataStructureId><ProcessDefId>1</ProcessDefId><ExtMethodIndex>35</ExtMethodIndex><Name>TMP_NUMBER</Name><Type>10</Type><ParentIndex>488</ParentIndex><ClassName></ClassName><Unbounded>N</Unbounded>
	</RowData>
	<RowData><DataStructureId>511</DataStructureId><ProcessDefId>1</ProcessDefId><ExtMethodIndex>35</ExtMethodIndex><Name>TMP_LIMIT</Name><Type>10</Type><ParentIndex>488</ParentIndex><ClassName></ClassName><Unbounded>N</Unbounded>
	</RowData>
	<RowData><DataStructureId>512</DataStructureId><ProcessDefId>1</ProcessDefId><ExtMethodIndex>35</ExtMethodIndex><Name>TMP_NOLIM</Name><Type>10</Type><ParentIndex>488</ParentIndex><ClassName></ClassName><Unbounded>N</Unbounded>
	</RowData>
	<RowData><DataStructureId>513</DataStructureId><ProcessDefId>1</ProcessDefId><ExtMethodIndex>35</ExtMethodIndex><Name>TMP_ACTVAL</Name><Type>10</Type><ParentIndex>488</ParentIndex><ClassName></ClassName><Unbounded>N</Unbounded>
	</RowData>
	<RowData><DataStructureId>514</DataStructureId><ProcessDefId>1</ProcessDefId><ExtMethodIndex>35</ExtMethodIndex><Name>TMP_PRSCHG</Name><Type>10</Type><ParentIndex>488</ParentIndex><ClassName></ClassName><Unbounded>N</Unbounded>
	</RowData>
	<RowData><DataStructureId>515</DataStructureId><ProcessDefId>1</ProcessDefId><ExtMethodIndex>35</ExtMethodIndex><Name>TMP_PERC</Name><Type>10</Type><ParentIndex>488</ParentIndex><ClassName></ClassName><Unbounded>N</Unbounded>
	</RowData>
	<RowData><DataStructureId>516</DataStructureId><ProcessDefId>1</ProcessDefId><ExtMethodIndex>35</ExtMethodIndex><Name>CONT_PERC</Name><Type>10</Type><ParentIndex>488</ParentIndex><ClassName></ClassName><Unbounded>N</Unbounded>
	</RowData>
	<RowData><DataStructureId>517</DataStructureId><ProcessDefId>1</ProcessDefId><ExtMethodIndex>35</ExtMethodIndex><Name>PO_ITEM_HISTORY_TOTALS</Name><Type>11</Type><ParentIndex>0</ParentIndex><ClassName>BAPIEKBES</ClassName><Unbounded>Y</Unbounded>
	</RowData>
	<RowData><DataStructureId>518</DataStructureId><ProcessDefId>1</ProcessDefId><ExtMethodIndex>35</ExtMethodIndex><Name>PO_ITEM</Name><Type>3</Type><ParentIndex>517</ParentIndex><ClassName></ClassName><Unbounded>N</Unbounded>
	</RowData>
	<RowData><DataStructureId>519</DataStructureId><ProcessDefId>1</ProcessDefId><ExtMethodIndex>35</ExtMethodIndex><Name>SERIAL_NO</Name><Type>3</Type><ParentIndex>517</ParentIndex><ClassName></ClassName><Unbounded>N</Unbounded>
	</RowData>
	<RowData><DataStructureId>520</DataStructureId><ProcessDefId>1</ProcessDefId><ExtMethodIndex>35</ExtMethodIndex><Name>WITHDR_QTY</Name><Type>10</Type><ParentIndex>517</ParentIndex><ClassName></ClassName><Unbounded>N</Unbounded>
	</RowData>
	<RowData><DataStructureId>521</DataStructureId><ProcessDefId>1</ProcessDefId><ExtMethodIndex>35</ExtMethodIndex><Name>BLOCKED_QY</Name><Type>10</Type><ParentIndex>517</ParentIndex><ClassName></ClassName><Unbounded>N</Unbounded>
	</RowData>
	<RowData><DataStructureId>522</DataStructureId><ProcessDefId>1</ProcessDefId><ExtMethodIndex>35</ExtMethodIndex><Name>BL_QTY</Name><Type>10</Type><ParentIndex>517</ParentIndex><ClassName></ClassName><Unbounded>N</Unbounded>
	</RowData>
	<RowData><DataStructureId>523</DataStructureId><ProcessDefId>1</ProcessDefId><ExtMethodIndex>35</ExtMethodIndex><Name>DELIV_QTY</Name><Type>10</Type><ParentIndex>517</ParentIndex><ClassName></ClassName><Unbounded>N</Unbounded>
	</RowData>
	<RowData><DataStructureId>524</DataStructureId><ProcessDefId>1</ProcessDefId><ExtMethodIndex>35</ExtMethodIndex><Name>PO_PR_QNT</Name><Type>10</Type><ParentIndex>517</ParentIndex><ClassName></ClassName><Unbounded>N</Unbounded>
	</RowData>
	<RowData><DataStructureId>525</DataStructureId><ProcessDefId>1</ProcessDefId><ExtMethodIndex>35</ExtMethodIndex><Name>VAL_GR_LOC</Name><Type>10</Type><ParentIndex>517</ParentIndex><ClassName></ClassName><Unbounded>N</Unbounded>
	</RowData>
	<RowData><DataStructureId>526</DataStructureId><ProcessDefId>1</ProcessDefId><ExtMethodIndex>35</ExtMethodIndex><Name>VAL_GR_FOR</Name><Type>10</Type><ParentIndex>517</ParentIndex><ClassName></ClassName><Unbounded>N</Unbounded>
	</RowData>
	<RowData><DataStructureId>527</DataStructureId><ProcessDefId>1</ProcessDefId><ExtMethodIndex>35</ExtMethodIndex><Name>IV_QTY</Name><Type>10</Type><ParentIndex>517</ParentIndex><ClassName></ClassName><Unbounded>N</Unbounded>
	</RowData>
	<RowData><DataStructureId>528</DataStructureId><ProcessDefId>1</ProcessDefId><ExtMethodIndex>35</ExtMethodIndex><Name>IV_QTY_PO</Name><Type>10</Type><ParentIndex>517</ParentIndex><ClassName></ClassName><Unbounded>N</Unbounded>
	</RowData>
	<RowData><DataStructureId>529</DataStructureId><ProcessDefId>1</ProcessDefId><ExtMethodIndex>35</ExtMethodIndex><Name>VAL_IV_LOC</Name><Type>10</Type><ParentIndex>517</ParentIndex><ClassName></ClassName><Unbounded>N</Unbounded>
	</RowData>
	<RowData><DataStructureId>530</DataStructureId><ProcessDefId>1</ProcessDefId><ExtMethodIndex>35</ExtMethodIndex><Name>VAL_IV_FOR</Name><Type>10</Type><ParentIndex>517</ParentIndex><ClassName></ClassName><Unbounded>N</Unbounded>
	</RowData>
	<RowData><DataStructureId>531</DataStructureId><ProcessDefId>1</ProcessDefId><ExtMethodIndex>35</ExtMethodIndex><Name>CL_VAL_LOC</Name><Type>10</Type><ParentIndex>517</ParentIndex><ClassName></ClassName><Unbounded>N</Unbounded>
	</RowData>
	<RowData><DataStructureId>532</DataStructureId><ProcessDefId>1</ProcessDefId><ExtMethodIndex>35</ExtMethodIndex><Name>CL_VAL_FOR</Name><Type>10</Type><ParentIndex>517</ParentIndex><ClassName></ClassName><Unbounded>N</Unbounded>
	</RowData>
	<RowData><DataStructureId>533</DataStructureId><ProcessDefId>1</ProcessDefId><ExtMethodIndex>35</ExtMethodIndex><Name>DOP_VL_LOC</Name><Type>10</Type><ParentIndex>517</ParentIndex><ClassName></ClassName><Unbounded>N</Unbounded>
	</RowData>
	<RowData><DataStructureId>534</DataStructureId><ProcessDefId>1</ProcessDefId><ExtMethodIndex>35</ExtMethodIndex><Name>IVVAL_LOC</Name><Type>10</Type><ParentIndex>517</ParentIndex><ClassName></ClassName><Unbounded>N</Unbounded>
	</RowData>
	<RowData><DataStructureId>535</DataStructureId><ProcessDefId>1</ProcessDefId><ExtMethodIndex>35</ExtMethodIndex><Name>IVVAL_FOR</Name><Type>10</Type><ParentIndex>517</ParentIndex><ClassName></ClassName><Unbounded>N</Unbounded>
	</RowData>
	<RowData><DataStructureId>536</DataStructureId><ProcessDefId>1</ProcessDefId><ExtMethodIndex>35</ExtMethodIndex><Name>DL_QTY_TRSP</Name><Type>10</Type><ParentIndex>517</ParentIndex><ClassName></ClassName><Unbounded>N</Unbounded>
	</RowData>
	<RowData><DataStructureId>537</DataStructureId><ProcessDefId>1</ProcessDefId><ExtMethodIndex>35</ExtMethodIndex><Name>BL_QTY_TOTAL</Name><Type>10</Type><ParentIndex>517</ParentIndex><ClassName></ClassName><Unbounded>N</Unbounded>
	</RowData>
	<RowData><DataStructureId>538</DataStructureId><ProcessDefId>1</ProcessDefId><ExtMethodIndex>35</ExtMethodIndex><Name>DL_QTY_TOTAL</Name><Type>10</Type><ParentIndex>517</ParentIndex><ClassName></ClassName><Unbounded>N</Unbounded>
	</RowData>
	<RowData><DataStructureId>539</DataStructureId><ProcessDefId>1</ProcessDefId><ExtMethodIndex>35</ExtMethodIndex><Name>IV_QTY_TOTAL</Name><Type>10</Type><ParentIndex>517</ParentIndex><ClassName></ClassName><Unbounded>N</Unbounded>
	</RowData>
	<RowData><DataStructureId>540</DataStructureId><ProcessDefId>1</ProcessDefId><ExtMethodIndex>35</ExtMethodIndex><Name>CURRENCY</Name><Type>10</Type><ParentIndex>517</ParentIndex><ClassName></ClassName><Unbounded>N</Unbounded>
	</RowData>
	<RowData><DataStructureId>541</DataStructureId><ProcessDefId>1</ProcessDefId><ExtMethodIndex>35</ExtMethodIndex><Name>CURRENCY_ISO</Name><Type>10</Type><ParentIndex>517</ParentIndex><ClassName></ClassName><Unbounded>N</Unbounded>
	</RowData>
	<RowData><DataStructureId>542</DataStructureId><ProcessDefId>1</ProcessDefId><ExtMethodIndex>35</ExtMethodIndex><Name>PO_ITEM_TEXTS</Name><Type>11</Type><ParentIndex>0</ParentIndex><ClassName>BAPIEKPOTX</ClassName><Unbounded>Y</Unbounded>
	</RowData>
	<RowData><DataStructureId>543</DataStructureId><ProcessDefId>1</ProcessDefId><ExtMethodIndex>35</ExtMethodIndex><Name>PO_NUMBER</Name><Type>10</Type><ParentIndex>542</ParentIndex><ClassName></ClassName><Unbounded>N</Unbounded>
	</RowData>
	<RowData><DataStructureId>544</DataStructureId><ProcessDefId>1</ProcessDefId><ExtMethodIndex>35</ExtMethodIndex><Name>PO_ITEM</Name><Type>3</Type><ParentIndex>542</ParentIndex><ClassName></ClassName><Unbounded>N</Unbounded>
	</RowData>
	<RowData><DataStructureId>545</DataStructureId><ProcessDefId>1</ProcessDefId><ExtMethodIndex>35</ExtMethodIndex><Name>TEXT_ID</Name><Type>10</Type><ParentIndex>542</ParentIndex><ClassName></ClassName><Unbounded>N</Unbounded>
	</RowData>
	<RowData><DataStructureId>546</DataStructureId><ProcessDefId>1</ProcessDefId><ExtMethodIndex>35</ExtMethodIndex><Name>TEXT_FORM</Name><Type>10</Type><ParentIndex>542</ParentIndex><ClassName></ClassName><Unbounded>N</Unbounded>
	</RowData>
	<RowData><DataStructureId>547</DataStructureId><ProcessDefId>1</ProcessDefId><ExtMethodIndex>35</ExtMethodIndex><Name>TEXT_LINE</Name><Type>10</Type><ParentIndex>542</ParentIndex><ClassName></ClassName><Unbounded>N</Unbounded>
	</RowData>
	<RowData><DataStructureId>548</DataStructureId><ProcessDefId>1</ProcessDefId><ExtMethodIndex>35</ExtMethodIndex><Name>PO_ITEM_SCHEDULES</Name><Type>11</Type><ParentIndex>0</ParentIndex><ClassName>BAPIEKET</ClassName><Unbounded>Y</Unbounded>
	</RowData>
	<RowData><DataStructureId>549</DataStructureId><ProcessDefId>1</ProcessDefId><ExtMethodIndex>35</ExtMethodIndex><Name>PO_ITEM</Name><Type>3</Type><ParentIndex>548</ParentIndex><ClassName></ClassName><Unbounded>N</Unbounded>
	</RowData>
	<RowData><DataStructureId>550</DataStructureId><ProcessDefId>1</ProcessDefId><ExtMethodIndex>35</ExtMethodIndex><Name>SERIAL_NO</Name><Type>3</Type><ParentIndex>548</ParentIndex><ClassName></ClassName><Unbounded>N</Unbounded>
	</RowData>
	<RowData><DataStructureId>551</DataStructureId><ProcessDefId>1</ProcessDefId><ExtMethodIndex>35</ExtMethodIndex><Name>DEL_DATCAT</Name><Type>10</Type><ParentIndex>548</ParentIndex><ClassName></ClassName><Unbounded>N</Unbounded>
	</RowData>
	<RowData><DataStructureId>552</DataStructureId><ProcessDefId>1</ProcessDefId><ExtMethodIndex>35</ExtMethodIndex><Name>DELIV_DATE</Name><Type>8</Type><ParentIndex>548</ParentIndex><ClassName></ClassName><Unbounded>N</Unbounded>
	</RowData>
	<RowData><DataStructureId>553</DataStructureId><ProcessDefId>1</ProcessDefId><ExtMethodIndex>35</ExtMethodIndex><Name>DELIV_TIME</Name><Type>10</Type><ParentIndex>548</ParentIndex><ClassName></ClassName><Unbounded>N</Unbounded>
	</RowData>
	<RowData><DataStructureId>554</DataStructureId><ProcessDefId>1</ProcessDefId><ExtMethodIndex>35</ExtMethodIndex><Name>QUANTITY</Name><Type>10</Type><ParentIndex>548</ParentIndex><ClassName></ClassName><Unbounded>N</Unbounded>
	</RowData>
	<RowData><DataStructureId>555</DataStructureId><ProcessDefId>1</ProcessDefId><ExtMethodIndex>35</ExtMethodIndex><Name>PREQ_NO</Name><Type>10</Type><ParentIndex>548</ParentIndex><ClassName></ClassName><Unbounded>N</Unbounded>
	</RowData>
	<RowData><DataStructureId>556</DataStructureId><ProcessDefId>1</ProcessDefId><ExtMethodIndex>35</ExtMethodIndex><Name>PREQ_ITEM</Name><Type>3</Type><ParentIndex>548</ParentIndex><ClassName></ClassName><Unbounded>N</Unbounded>
	</RowData>
	<RowData><DataStructureId>557</DataStructureId><ProcessDefId>1</ProcessDefId><ExtMethodIndex>35</ExtMethodIndex><Name>CREATE_IND</Name><Type>10</Type><ParentIndex>548</ParentIndex><ClassName></ClassName><Unbounded>N</Unbounded>
	</RowData>
	<RowData><DataStructureId>558</DataStructureId><ProcessDefId>1</ProcessDefId><ExtMethodIndex>35</ExtMethodIndex><Name>QUOTA_NO</Name><Type>10</Type><ParentIndex>548</ParentIndex><ClassName></ClassName><Unbounded>N</Unbounded>
	</RowData>
	<RowData><DataStructureId>559</DataStructureId><ProcessDefId>1</ProcessDefId><ExtMethodIndex>35</ExtMethodIndex><Name>QUOTA_ITEM</Name><Type>3</Type><ParentIndex>548</ParentIndex><ClassName></ClassName><Unbounded>N</Unbounded>
	</RowData>
	<RowData><DataStructureId>560</DataStructureId><ProcessDefId>1</ProcessDefId><ExtMethodIndex>35</ExtMethodIndex><Name>BOMEXPL_NO</Name><Type>10</Type><ParentIndex>548</ParentIndex><ClassName></ClassName><Unbounded>N</Unbounded>
	</RowData>
	<RowData><DataStructureId>561</DataStructureId><ProcessDefId>1</ProcessDefId><ExtMethodIndex>35</ExtMethodIndex><Name>RESERV_NO</Name><Type>3</Type><ParentIndex>548</ParentIndex><ClassName></ClassName><Unbounded>N</Unbounded>
	</RowData>
	<RowData><DataStructureId>562</DataStructureId><ProcessDefId>1</ProcessDefId><ExtMethodIndex>35</ExtMethodIndex><Name>BATCH</Name><Type>10</Type><ParentIndex>548</ParentIndex><ClassName></ClassName><Unbounded>N</Unbounded>
	</RowData>
	<RowData><DataStructureId>563</DataStructureId><ProcessDefId>1</ProcessDefId><ExtMethodIndex>35</ExtMethodIndex><Name>VEND_BATCH</Name><Type>10</Type><ParentIndex>548</ParentIndex><ClassName></ClassName><Unbounded>N</Unbounded>
	</RowData>
	<RowData><DataStructureId>564</DataStructureId><ProcessDefId>1</ProcessDefId><ExtMethodIndex>35</ExtMethodIndex><Name>VERSION</Name><Type>10</Type><ParentIndex>548</ParentIndex><ClassName></ClassName><Unbounded>N</Unbounded>
	</RowData>
	<RowData><DataStructureId>565</DataStructureId><ProcessDefId>1</ProcessDefId><ExtMethodIndex>35</ExtMethodIndex><Name>DEL_DATCAT_EXT</Name><Type>10</Type><ParentIndex>548</ParentIndex><ClassName></ClassName><Unbounded>N</Unbounded>
	</RowData>
	<RowData><DataStructureId>566</DataStructureId><ProcessDefId>1</ProcessDefId><ExtMethodIndex>35</ExtMethodIndex><Name>PO_ITEM_HISTORY</Name><Type>11</Type><ParentIndex>0</ParentIndex><ClassName>BAPIEKBE</ClassName><Unbounded>Y</Unbounded>
	</RowData>
	<RowData><DataStructureId>567</DataStructureId><ProcessDefId>1</ProcessDefId><ExtMethodIndex>35</ExtMethodIndex><Name>PO_ITEM</Name><Type>3</Type><ParentIndex>566</ParentIndex><ClassName></ClassName><Unbounded>N</Unbounded>
	</RowData>
	<RowData><DataStructureId>568</DataStructureId><ProcessDefId>1</ProcessDefId><ExtMethodIndex>35</ExtMethodIndex><Name>SERIAL_NO</Name><Type>3</Type><ParentIndex>566</ParentIndex><ClassName></ClassName><Unbounded>N</Unbounded>
	</RowData>
	<RowData><DataStructureId>569</DataStructureId><ProcessDefId>1</ProcessDefId><ExtMethodIndex>35</ExtMethodIndex><Name>PROCESS_ID</Name><Type>10</Type><ParentIndex>566</ParentIndex><ClassName></ClassName><Unbounded>N</Unbounded>
	</RowData>
	<RowData><DataStructureId>570</DataStructureId><ProcessDefId>1</ProcessDefId><ExtMethodIndex>35</ExtMethodIndex><Name>DOC_YEAR</Name><Type>3</Type><ParentIndex>566</ParentIndex><ClassName></ClassName><Unbounded>N</Unbounded>
	</RowData>
	<RowData><DataStructureId>571</DataStructureId><ProcessDefId>1</ProcessDefId><ExtMethodIndex>35</ExtMethodIndex><Name>MAT_DOC</Name><Type>10</Type><ParentIndex>566</ParentIndex><ClassName></ClassName><Unbounded>N</Unbounded>
	</RowData>
	<RowData><DataStructureId>572</DataStructureId><ProcessDefId>1</ProcessDefId><ExtMethodIndex>35</ExtMethodIndex><Name>MATDOC_ITM</Name><Type>3</Type><ParentIndex>566</ParentIndex><ClassName></ClassName><Unbounded>N</Unbounded>
	</RowData>
	<RowData><DataStructureId>573</DataStructureId><ProcessDefId>1</ProcessDefId><ExtMethodIndex>35</ExtMethodIndex><Name>HIST_TYPE</Name><Type>10</Type><ParentIndex>566</ParentIndex><ClassName></ClassName><Unbounded>N</Unbounded>
	</RowData>
	<RowData><DataStructureId>574</DataStructureId><ProcessDefId>1</ProcessDefId><ExtMethodIndex>35</ExtMethodIndex><Name>MOVE_TYPE</Name><Type>10</Type><ParentIndex>566</ParentIndex><ClassName></ClassName><Unbounded>N</Unbounded>
	</RowData>
	<RowData><DataStructureId>575</DataStructureId><ProcessDefId>1</ProcessDefId><ExtMethodIndex>35</ExtMethodIndex><Name>PSTNG_DATE</Name><Type>8</Type><ParentIndex>566</ParentIndex><ClassName></ClassName><Unbounded>N</Unbounded>
	</RowData>
	<RowData><DataStructureId>576</DataStructureId><ProcessDefId>1</ProcessDefId><ExtMethodIndex>35</ExtMethodIndex><Name>QUANTITY</Name><Type>10</Type><ParentIndex>566</ParentIndex><ClassName></ClassName><Unbounded>N</Unbounded>
	</RowData>
	<RowData><DataStructureId>577</DataStructureId><ProcessDefId>1</ProcessDefId><ExtMethodIndex>35</ExtMethodIndex><Name>VAL_LOCCUR</Name><Type>10</Type><ParentIndex>566</ParentIndex><ClassName></ClassName><Unbounded>N</Unbounded>
	</RowData>
	<RowData><DataStructureId>578</DataStructureId><ProcessDefId>1</ProcessDefId><ExtMethodIndex>35</ExtMethodIndex><Name>VAL_FORCUR</Name><Type>10</Type><ParentIndex>566</ParentIndex><ClassName></ClassName><Unbounded>N</Unbounded>
	</RowData>
	<RowData><DataStructureId>579</DataStructureId><ProcessDefId>1</ProcessDefId><ExtMethodIndex>35</ExtMethodIndex><Name>CURRENCY</Name><Type>10</Type><ParentIndex>566</ParentIndex><ClassName></ClassName><Unbounded>N</Unbounded>
	</RowData>
	<RowData><DataStructureId>580</DataStructureId><ProcessDefId>1</ProcessDefId><ExtMethodIndex>35</ExtMethodIndex><Name>CL_VAL_LOC</Name><Type>10</Type><ParentIndex>566</ParentIndex><ClassName></ClassName><Unbounded>N</Unbounded>
	</RowData>
	<RowData><DataStructureId>581</DataStructureId><ProcessDefId>1</ProcessDefId><ExtMethodIndex>35</ExtMethodIndex><Name>BLOCKED_QY</Name><Type>10</Type><ParentIndex>566</ParentIndex><ClassName></ClassName><Unbounded>N</Unbounded>
	</RowData>
	<RowData><DataStructureId>582</DataStructureId><ProcessDefId>1</ProcessDefId><ExtMethodIndex>35</ExtMethodIndex><Name>BL_QTY</Name><Type>10</Type><ParentIndex>566</ParentIndex><ClassName></ClassName><Unbounded>N</Unbounded>
	</RowData>
	<RowData><DataStructureId>583</DataStructureId><ProcessDefId>1</ProcessDefId><ExtMethodIndex>35</ExtMethodIndex><Name>DB_CR_IND</Name><Type>10</Type><ParentIndex>566</ParentIndex><ClassName></ClassName><Unbounded>N</Unbounded>
	</RowData>
	<RowData><DataStructureId>584</DataStructureId><ProcessDefId>1</ProcessDefId><ExtMethodIndex>35</ExtMethodIndex><Name>VAL_TYPE</Name><Type>10</Type><ParentIndex>566</ParentIndex><ClassName></ClassName><Unbounded>N</Unbounded>
	</RowData>
	<RowData><DataStructureId>585</DataStructureId><ProcessDefId>1</ProcessDefId><ExtMethodIndex>35</ExtMethodIndex><Name>NO_MORE_GR</Name><Type>10</Type><ParentIndex>566</ParentIndex><ClassName></ClassName><Unbounded>N</Unbounded>
	</RowData>
	<RowData><DataStructureId>586</DataStructureId><ProcessDefId>1</ProcessDefId><ExtMethodIndex>35</ExtMethodIndex><Name>REF_DOC_NO</Name><Type>10</Type><ParentIndex>566</ParentIndex><ClassName></ClassName><Unbounded>N</Unbounded>
	</RowData>
	<RowData><DataStructureId>587</DataStructureId><ProcessDefId>1</ProcessDefId><ExtMethodIndex>35</ExtMethodIndex><Name>REF_DOC_YR</Name><Type>3</Type><ParentIndex>566</ParentIndex><ClassName></ClassName><Unbounded>N</Unbounded>
	</RowData>
	<RowData><DataStructureId>588</DataStructureId><ProcessDefId>1</ProcessDefId><ExtMethodIndex>35</ExtMethodIndex><Name>REF_DOC</Name><Type>10</Type><ParentIndex>566</ParentIndex><ClassName></ClassName><Unbounded>N</Unbounded>
	</RowData>
	<RowData><DataStructureId>589</DataStructureId><ProcessDefId>1</ProcessDefId><ExtMethodIndex>35</ExtMethodIndex><Name>REF_DOC_IT</Name><Type>3</Type><ParentIndex>566</ParentIndex><ClassName></ClassName><Unbounded>N</Unbounded>
	</RowData>
	<RowData><DataStructureId>590</DataStructureId><ProcessDefId>1</ProcessDefId><ExtMethodIndex>35</ExtMethodIndex><Name>MOVE_REAS</Name><Type>3</Type><ParentIndex>566</ParentIndex><ClassName></ClassName><Unbounded>N</Unbounded>
	</RowData>
	<RowData><DataStructureId>591</DataStructureId><ProcessDefId>1</ProcessDefId><ExtMethodIndex>35</ExtMethodIndex><Name>ENTRY_DATE</Name><Type>8</Type><ParentIndex>566</ParentIndex><ClassName></ClassName><Unbounded>N</Unbounded>
	</RowData>
	<RowData><DataStructureId>592</DataStructureId><ProcessDefId>1</ProcessDefId><ExtMethodIndex>35</ExtMethodIndex><Name>ENTRY_TIME</Name><Type>10</Type><ParentIndex>566</ParentIndex><ClassName></ClassName><Unbounded>N</Unbounded>
	</RowData>
	<RowData><DataStructureId>593</DataStructureId><ProcessDefId>1</ProcessDefId><ExtMethodIndex>35</ExtMethodIndex><Name>IVVAL_LOC</Name><Type>10</Type><ParentIndex>566</ParentIndex><ClassName></ClassName><Unbounded>N</Unbounded>
	</RowData>
	<RowData><DataStructureId>594</DataStructureId><ProcessDefId>1</ProcessDefId><ExtMethodIndex>35</ExtMethodIndex><Name>IVVAL_FOR</Name><Type>10</Type><ParentIndex>566</ParentIndex><ClassName></ClassName><Unbounded>N</Unbounded>
	</RowData>
	<RowData><DataStructureId>595</DataStructureId><ProcessDefId>1</ProcessDefId><ExtMethodIndex>35</ExtMethodIndex><Name>MATERIAL</Name><Type>10</Type><ParentIndex>566</ParentIndex><ClassName></ClassName><Unbounded>N</Unbounded>
	</RowData>
	<RowData><DataStructureId>596</DataStructureId><ProcessDefId>1</ProcessDefId><ExtMethodIndex>35</ExtMethodIndex><Name>PLANT</Name><Type>10</Type><ParentIndex>566</ParentIndex><ClassName></ClassName><Unbounded>N</Unbounded>
	</RowData>
	<RowData><DataStructureId>597</DataStructureId><ProcessDefId>1</ProcessDefId><ExtMethodIndex>35</ExtMethodIndex><Name>CONF_SER</Name><Type>3</Type><ParentIndex>566</ParentIndex><ClassName></ClassName><Unbounded>N</Unbounded>
	</RowData>
	<RowData><DataStructureId>598</DataStructureId><ProcessDefId>1</ProcessDefId><ExtMethodIndex>35</ExtMethodIndex><Name>CONDITION</Name><Type>10</Type><ParentIndex>566</ParentIndex><ClassName></ClassName><Unbounded>N</Unbounded>
	</RowData>
	<RowData><DataStructureId>599</DataStructureId><ProcessDefId>1</ProcessDefId><ExtMethodIndex>35</ExtMethodIndex><Name>TAX_CODE</Name><Type>10</Type><ParentIndex>566</ParentIndex><ClassName></ClassName><Unbounded>N</Unbounded>
	</RowData>
	<RowData><DataStructureId>600</DataStructureId><ProcessDefId>1</ProcessDefId><ExtMethodIndex>35</ExtMethodIndex><Name>DELIV_QTY</Name><Type>10</Type><ParentIndex>566</ParentIndex><ClassName></ClassName><Unbounded>N</Unbounded>
	</RowData>
</PMWDataStructureTable_3>