<PMWDataSetTriggerTable>
	<RowData><ProcessDefId>1</ProcessDefId><TriggerID>1</TriggerID><Param1>storeChildWIFlag</Param1><Type1>I</Type1><ExtObjID1>1</ExtObjID1><VariableId_1>71</VariableId_1><VarFieldId_1>0</VarFieldId_1><Param2>Y</Param2><Type2>C</Type2><ExtObjID2>0</ExtObjID2><VariableId_2>0</VariableId_2><VarFieldId_2>0</VarFieldId_2>
	</RowData>
	<RowData><ProcessDefId>1</ProcessDefId><TriggerID>2</TriggerID><Param1>qualityChildWIFlag</Param1><Type1>I</Type1><ExtObjID1>1</ExtObjID1><VariableId_1>58</VariableId_1><VarFieldId_1>0</VarFieldId_1><Param2>Y</Param2><Type2>C</Type2><ExtObjID2>0</ExtObjID2><VariableId_2>0</VariableId_2><VarFieldId_2>0</VarFieldId_2>
	</RowData>
	<RowData><ProcessDefId>1</ProcessDefId><TriggerID>2</TriggerID><Param1>q_quality_childwiFlag</Param1><Type1>U</Type1><ExtObjID1>0</ExtObjID1><VariableId_1>20</VariableId_1><VarFieldId_1>0</VarFieldId_1><Param2>Y</Param2><Type2>C</Type2><ExtObjID2>0</ExtObjID2><VariableId_2>0</VariableId_2><VarFieldId_2>0</VarFieldId_2>
	</RowData>
	<RowData><ProcessDefId>1</ProcessDefId><TriggerID>1</TriggerID><Param1>q_store_childwiFlag</Param1><Type1>U</Type1><ExtObjID1>0</ExtObjID1><VariableId_1>19</VariableId_1><VarFieldId_1>0</VarFieldId_1><Param2>Y</Param2><Type2>C</Type2><ExtObjID2>0</ExtObjID2><VariableId_2>0</VariableId_2><VarFieldId_2>0</VarFieldId_2>
	</RowData>
</PMWDataSetTriggerTable>