<PMWDataStructureTable_9>
	<RowData><DataStructureId>329</DataStructureId><ProcessDefId>1</ProcessDefId><ExtMethodIndex>39</ExtMethodIndex><Name>MANUAL_TC_REASON</Name><Type>10</Type><ParentIndex>161</ParentIndex><ClassName></ClassName><Unbounded>N</Unbounded>
	</RowData>
	<RowData><DataStructureId>330</DataStructureId><ProcessDefId>1</ProcessDefId><ExtMethodIndex>39</ExtMethodIndex><Name>FISCAL_INCENTIVE</Name><Type>10</Type><ParentIndex>161</ParentIndex><ClassName></ClassName><Unbounded>N</Unbounded>
	</RowData>
	<RowData><DataStructureId>331</DataStructureId><ProcessDefId>1</ProcessDefId><ExtMethodIndex>39</ExtMethodIndex><Name>FISCAL_INCENTIVE_ID</Name><Type>10</Type><ParentIndex>161</ParentIndex><ClassName></ClassName><Unbounded>N</Unbounded>
	</RowData>
	<RowData><DataStructureId>332</DataStructureId><ProcessDefId>1</ProcessDefId><ExtMethodIndex>39</ExtMethodIndex><Name>TAX_SUBJECT_ST</Name><Type>10</Type><ParentIndex>161</ParentIndex><ClassName></ClassName><Unbounded>N</Unbounded>
	</RowData>
	<RowData><DataStructureId>333</DataStructureId><ProcessDefId>1</ProcessDefId><ExtMethodIndex>39</ExtMethodIndex><Name>REQ_SEGMENT</Name><Type>10</Type><ParentIndex>161</ParentIndex><ClassName></ClassName><Unbounded>N</Unbounded>
	</RowData>
	<RowData><DataStructureId>334</DataStructureId><ProcessDefId>1</ProcessDefId><ExtMethodIndex>39</ExtMethodIndex><Name>STK_SEGMENT</Name><Type>10</Type><ParentIndex>161</ParentIndex><ClassName></ClassName><Unbounded>N</Unbounded>
	</RowData>
	<RowData><DataStructureId>335</DataStructureId><ProcessDefId>1</ProcessDefId><ExtMethodIndex>39</ExtMethodIndex><Name>POLIMITS</Name><Type>11</Type><ParentIndex>0</ParentIndex><ClassName>BAPIESUHC</ClassName><Unbounded>Y</Unbounded>
	</RowData>
	<RowData><DataStructureId>336</DataStructureId><ProcessDefId>1</ProcessDefId><ExtMethodIndex>39</ExtMethodIndex><Name>PCKG_NO</Name><Type>3</Type><ParentIndex>335</ParentIndex><ClassName></ClassName><Unbounded>N</Unbounded>
	</RowData>
	<RowData><DataStructureId>337</DataStructureId><ProcessDefId>1</ProcessDefId><ExtMethodIndex>39</ExtMethodIndex><Name>LIMIT</Name><Type>10</Type><ParentIndex>335</ParentIndex><ClassName></ClassName><Unbounded>N</Unbounded>
	</RowData>
	<RowData><DataStructureId>338</DataStructureId><ProcessDefId>1</ProcessDefId><ExtMethodIndex>39</ExtMethodIndex><Name>NO_LIMIT</Name><Type>10</Type><ParentIndex>335</ParentIndex><ClassName></ClassName><Unbounded>N</Unbounded>
	</RowData>
	<RowData><DataStructureId>339</DataStructureId><ProcessDefId>1</ProcessDefId><ExtMethodIndex>39</ExtMethodIndex><Name>EXP_VALUE</Name><Type>10</Type><ParentIndex>335</ParentIndex><ClassName></ClassName><Unbounded>N</Unbounded>
	</RowData>
	<RowData><DataStructureId>340</DataStructureId><ProcessDefId>1</ProcessDefId><ExtMethodIndex>39</ExtMethodIndex><Name>SSC_EXIST</Name><Type>10</Type><ParentIndex>335</ParentIndex><ClassName></ClassName><Unbounded>N</Unbounded>
	</RowData>
	<RowData><DataStructureId>341</DataStructureId><ProcessDefId>1</ProcessDefId><ExtMethodIndex>39</ExtMethodIndex><Name>CON_EXIST</Name><Type>10</Type><ParentIndex>335</ParentIndex><ClassName></ClassName><Unbounded>N</Unbounded>
	</RowData>
	<RowData><DataStructureId>342</DataStructureId><ProcessDefId>1</ProcessDefId><ExtMethodIndex>39</ExtMethodIndex><Name>TMP_EXIST</Name><Type>10</Type><ParentIndex>335</ParentIndex><ClassName></ClassName><Unbounded>N</Unbounded>
	</RowData>
	<RowData><DataStructureId>343</DataStructureId><ProcessDefId>1</ProcessDefId><ExtMethodIndex>39</ExtMethodIndex><Name>PRICE_CHG</Name><Type>10</Type><ParentIndex>335</ParentIndex><ClassName></ClassName><Unbounded>N</Unbounded>
	</RowData>
	<RowData><DataStructureId>344</DataStructureId><ProcessDefId>1</ProcessDefId><ExtMethodIndex>39</ExtMethodIndex><Name>FREE_LIMIT</Name><Type>10</Type><ParentIndex>335</ParentIndex><ClassName></ClassName><Unbounded>N</Unbounded>
	</RowData>
	<RowData><DataStructureId>345</DataStructureId><ProcessDefId>1</ProcessDefId><ExtMethodIndex>39</ExtMethodIndex><Name>NO_FRLIMIT</Name><Type>10</Type><ParentIndex>335</ParentIndex><ClassName></ClassName><Unbounded>N</Unbounded>
	</RowData>
	<RowData><DataStructureId>346</DataStructureId><ProcessDefId>1</ProcessDefId><ExtMethodIndex>39</ExtMethodIndex><Name>SERV_TYPE</Name><Type>10</Type><ParentIndex>335</ParentIndex><ClassName></ClassName><Unbounded>N</Unbounded>
	</RowData>
	<RowData><DataStructureId>347</DataStructureId><ProcessDefId>1</ProcessDefId><ExtMethodIndex>39</ExtMethodIndex><Name>EDITION</Name><Type>3</Type><ParentIndex>335</ParentIndex><ClassName></ClassName><Unbounded>N</Unbounded>
	</RowData>
	<RowData><DataStructureId>348</DataStructureId><ProcessDefId>1</ProcessDefId><ExtMethodIndex>39</ExtMethodIndex><Name>SSC_LIMIT</Name><Type>10</Type><ParentIndex>335</ParentIndex><ClassName></ClassName><Unbounded>N</Unbounded>
	</RowData>
	<RowData><DataStructureId>349</DataStructureId><ProcessDefId>1</ProcessDefId><ExtMethodIndex>39</ExtMethodIndex><Name>SSC_NOLIM</Name><Type>10</Type><ParentIndex>335</ParentIndex><ClassName></ClassName><Unbounded>N</Unbounded>
	</RowData>
	<RowData><DataStructureId>350</DataStructureId><ProcessDefId>1</ProcessDefId><ExtMethodIndex>39</ExtMethodIndex><Name>SSC_PRSCHG</Name><Type>10</Type><ParentIndex>335</ParentIndex><ClassName></ClassName><Unbounded>N</Unbounded>
	</RowData>
	<RowData><DataStructureId>351</DataStructureId><ProcessDefId>1</ProcessDefId><ExtMethodIndex>39</ExtMethodIndex><Name>SSC_PERC</Name><Type>10</Type><ParentIndex>335</ParentIndex><ClassName></ClassName><Unbounded>N</Unbounded>
	</RowData>
	<RowData><DataStructureId>352</DataStructureId><ProcessDefId>1</ProcessDefId><ExtMethodIndex>39</ExtMethodIndex><Name>TMP_NUMBER</Name><Type>10</Type><ParentIndex>335</ParentIndex><ClassName></ClassName><Unbounded>N</Unbounded>
	</RowData>
	<RowData><DataStructureId>353</DataStructureId><ProcessDefId>1</ProcessDefId><ExtMethodIndex>39</ExtMethodIndex><Name>TMP_LIMIT</Name><Type>10</Type><ParentIndex>335</ParentIndex><ClassName></ClassName><Unbounded>N</Unbounded>
	</RowData>
	<RowData><DataStructureId>354</DataStructureId><ProcessDefId>1</ProcessDefId><ExtMethodIndex>39</ExtMethodIndex><Name>TMP_NOLIM</Name><Type>10</Type><ParentIndex>335</ParentIndex><ClassName></ClassName><Unbounded>N</Unbounded>
	</RowData>
	<RowData><DataStructureId>355</DataStructureId><ProcessDefId>1</ProcessDefId><ExtMethodIndex>39</ExtMethodIndex><Name>TMP_PRSCHG</Name><Type>10</Type><ParentIndex>335</ParentIndex><ClassName></ClassName><Unbounded>N</Unbounded>
	</RowData>
	<RowData><DataStructureId>356</DataStructureId><ProcessDefId>1</ProcessDefId><ExtMethodIndex>39</ExtMethodIndex><Name>TMP_PERC</Name><Type>10</Type><ParentIndex>335</ParentIndex><ClassName></ClassName><Unbounded>N</Unbounded>
	</RowData>
	<RowData><DataStructureId>357</DataStructureId><ProcessDefId>1</ProcessDefId><ExtMethodIndex>39</ExtMethodIndex><Name>CONT_PERC</Name><Type>10</Type><ParentIndex>335</ParentIndex><ClassName></ClassName><Unbounded>N</Unbounded>
	</RowData>
	<RowData><DataStructureId>358</DataStructureId><ProcessDefId>1</ProcessDefId><ExtMethodIndex>39</ExtMethodIndex><Name>POADDRDELIVERY</Name><Type>11</Type><ParentIndex>0</ParentIndex><ClassName>BAPIMEPOADDRDELIVERY</ClassName><Unbounded>Y</Unbounded>
	</RowData>
	<RowData><DataStructureId>359</DataStructureId><ProcessDefId>1</ProcessDefId><ExtMethodIndex>39</ExtMethodIndex><Name>PO_ITEM</Name><Type>3</Type><ParentIndex>358</ParentIndex><ClassName></ClassName><Unbounded>N</Unbounded>
	</RowData>
	<RowData><DataStructureId>360</DataStructureId><ProcessDefId>1</ProcessDefId><ExtMethodIndex>39</ExtMethodIndex><Name>ADDR_NO</Name><Type>10</Type><ParentIndex>358</ParentIndex><ClassName></ClassName><Unbounded>N</Unbounded>
	</RowData>
	<RowData><DataStructureId>361</DataStructureId><ProcessDefId>1</ProcessDefId><ExtMethodIndex>39</ExtMethodIndex><Name>FORMOFADDR</Name><Type>10</Type><ParentIndex>358</ParentIndex><ClassName></ClassName><Unbounded>N</Unbounded>
	</RowData>
	<RowData><DataStructureId>362</DataStructureId><ProcessDefId>1</ProcessDefId><ExtMethodIndex>39</ExtMethodIndex><Name>NAME</Name><Type>10</Type><ParentIndex>358</ParentIndex><ClassName></ClassName><Unbounded>N</Unbounded>
	</RowData>
	<RowData><DataStructureId>363</DataStructureId><ProcessDefId>1</ProcessDefId><ExtMethodIndex>39</ExtMethodIndex><Name>NAME_2</Name><Type>10</Type><ParentIndex>358</ParentIndex><ClassName></ClassName><Unbounded>N</Unbounded>
	</RowData>
	<RowData><DataStructureId>364</DataStructureId><ProcessDefId>1</ProcessDefId><ExtMethodIndex>39</ExtMethodIndex><Name>NAME_3</Name><Type>10</Type><ParentIndex>358</ParentIndex><ClassName></ClassName><Unbounded>N</Unbounded>
	</RowData>
	<RowData><DataStructureId>365</DataStructureId><ProcessDefId>1</ProcessDefId><ExtMethodIndex>39</ExtMethodIndex><Name>NAME_4</Name><Type>10</Type><ParentIndex>358</ParentIndex><ClassName></ClassName><Unbounded>N</Unbounded>
	</RowData>
	<RowData><DataStructureId>366</DataStructureId><ProcessDefId>1</ProcessDefId><ExtMethodIndex>39</ExtMethodIndex><Name>C_O_NAME</Name><Type>10</Type><ParentIndex>358</ParentIndex><ClassName></ClassName><Unbounded>N</Unbounded>
	</RowData>
	<RowData><DataStructureId>367</DataStructureId><ProcessDefId>1</ProcessDefId><ExtMethodIndex>39</ExtMethodIndex><Name>CITY</Name><Type>10</Type><ParentIndex>358</ParentIndex><ClassName></ClassName><Unbounded>N</Unbounded>
	</RowData>
	<RowData><DataStructureId>368</DataStructureId><ProcessDefId>1</ProcessDefId><ExtMethodIndex>39</ExtMethodIndex><Name>DISTRICT</Name><Type>10</Type><ParentIndex>358</ParentIndex><ClassName></ClassName><Unbounded>N</Unbounded>
	</RowData>
	<RowData><DataStructureId>369</DataStructureId><ProcessDefId>1</ProcessDefId><ExtMethodIndex>39</ExtMethodIndex><Name>CITY_NO</Name><Type>10</Type><ParentIndex>358</ParentIndex><ClassName></ClassName><Unbounded>N</Unbounded>
	</RowData>
	<RowData><DataStructureId>370</DataStructureId><ProcessDefId>1</ProcessDefId><ExtMethodIndex>39</ExtMethodIndex><Name>POSTL_COD1</Name><Type>10</Type><ParentIndex>358</ParentIndex><ClassName></ClassName><Unbounded>N</Unbounded>
	</RowData>
	<RowData><DataStructureId>371</DataStructureId><ProcessDefId>1</ProcessDefId><ExtMethodIndex>39</ExtMethodIndex><Name>POSTL_COD2</Name><Type>10</Type><ParentIndex>358</ParentIndex><ClassName></ClassName><Unbounded>N</Unbounded>
	</RowData>
	<RowData><DataStructureId>372</DataStructureId><ProcessDefId>1</ProcessDefId><ExtMethodIndex>39</ExtMethodIndex><Name>POSTL_COD3</Name><Type>10</Type><ParentIndex>358</ParentIndex><ClassName></ClassName><Unbounded>N</Unbounded>
	</RowData>
	<RowData><DataStructureId>373</DataStructureId><ProcessDefId>1</ProcessDefId><ExtMethodIndex>39</ExtMethodIndex><Name>PO_BOX</Name><Type>10</Type><ParentIndex>358</ParentIndex><ClassName></ClassName><Unbounded>N</Unbounded>
	</RowData>
	<RowData><DataStructureId>374</DataStructureId><ProcessDefId>1</ProcessDefId><ExtMethodIndex>39</ExtMethodIndex><Name>PO_BOX_CIT</Name><Type>10</Type><ParentIndex>358</ParentIndex><ClassName></ClassName><Unbounded>N</Unbounded>
	</RowData>
	<RowData><DataStructureId>375</DataStructureId><ProcessDefId>1</ProcessDefId><ExtMethodIndex>39</ExtMethodIndex><Name>DELIV_DIS</Name><Type>10</Type><ParentIndex>358</ParentIndex><ClassName></ClassName><Unbounded>N</Unbounded>
	</RowData>
	<RowData><DataStructureId>376</DataStructureId><ProcessDefId>1</ProcessDefId><ExtMethodIndex>39</ExtMethodIndex><Name>STREET</Name><Type>10</Type><ParentIndex>358</ParentIndex><ClassName></ClassName><Unbounded>N</Unbounded>
	</RowData>
	<RowData><DataStructureId>377</DataStructureId><ProcessDefId>1</ProcessDefId><ExtMethodIndex>39</ExtMethodIndex><Name>STREET_NO</Name><Type>10</Type><ParentIndex>358</ParentIndex><ClassName></ClassName><Unbounded>N</Unbounded>
	</RowData>
	<RowData><DataStructureId>378</DataStructureId><ProcessDefId>1</ProcessDefId><ExtMethodIndex>39</ExtMethodIndex><Name>STR_ABBR</Name><Type>10</Type><ParentIndex>358</ParentIndex><ClassName></ClassName><Unbounded>N</Unbounded>
	</RowData>
	<RowData><DataStructureId>379</DataStructureId><ProcessDefId>1</ProcessDefId><ExtMethodIndex>39</ExtMethodIndex><Name>HOUSE_NO</Name><Type>10</Type><ParentIndex>358</ParentIndex><ClassName></ClassName><Unbounded>N</Unbounded>
	</RowData>
	<RowData><DataStructureId>380</DataStructureId><ProcessDefId>1</ProcessDefId><ExtMethodIndex>39</ExtMethodIndex><Name>STR_SUPPL1</Name><Type>10</Type><ParentIndex>358</ParentIndex><ClassName></ClassName><Unbounded>N</Unbounded>
	</RowData>
	<RowData><DataStructureId>381</DataStructureId><ProcessDefId>1</ProcessDefId><ExtMethodIndex>39</ExtMethodIndex><Name>STR_SUPPL2</Name><Type>10</Type><ParentIndex>358</ParentIndex><ClassName></ClassName><Unbounded>N</Unbounded>
	</RowData>
	<RowData><DataStructureId>382</DataStructureId><ProcessDefId>1</ProcessDefId><ExtMethodIndex>39</ExtMethodIndex><Name>LOCATION</Name><Type>10</Type><ParentIndex>358</ParentIndex><ClassName></ClassName><Unbounded>N</Unbounded>
	</RowData>
	<RowData><DataStructureId>383</DataStructureId><ProcessDefId>1</ProcessDefId><ExtMethodIndex>39</ExtMethodIndex><Name>BUILDING</Name><Type>10</Type><ParentIndex>358</ParentIndex><ClassName></ClassName><Unbounded>N</Unbounded>
	</RowData>
	<RowData><DataStructureId>384</DataStructureId><ProcessDefId>1</ProcessDefId><ExtMethodIndex>39</ExtMethodIndex><Name>FLOOR</Name><Type>10</Type><ParentIndex>358</ParentIndex><ClassName></ClassName><Unbounded>N</Unbounded>
	</RowData>
	<RowData><DataStructureId>385</DataStructureId><ProcessDefId>1</ProcessDefId><ExtMethodIndex>39</ExtMethodIndex><Name>ROOM_NO</Name><Type>10</Type><ParentIndex>358</ParentIndex><ClassName></ClassName><Unbounded>N</Unbounded>
	</RowData>
	<RowData><DataStructureId>386</DataStructureId><ProcessDefId>1</ProcessDefId><ExtMethodIndex>39</ExtMethodIndex><Name>COUNTRY</Name><Type>10</Type><ParentIndex>358</ParentIndex><ClassName></ClassName><Unbounded>N</Unbounded>
	</RowData>
	<RowData><DataStructureId>387</DataStructureId><ProcessDefId>1</ProcessDefId><ExtMethodIndex>39</ExtMethodIndex><Name>LANGU</Name><Type>10</Type><ParentIndex>358</ParentIndex><ClassName></ClassName><Unbounded>N</Unbounded>
	</RowData>
	<RowData><DataStructureId>388</DataStructureId><ProcessDefId>1</ProcessDefId><ExtMethodIndex>39</ExtMethodIndex><Name>REGION</Name><Type>10</Type><ParentIndex>358</ParentIndex><ClassName></ClassName><Unbounded>N</Unbounded>
	</RowData>
	<RowData><DataStructureId>389</DataStructureId><ProcessDefId>1</ProcessDefId><ExtMethodIndex>39</ExtMethodIndex><Name>SORT1</Name><Type>10</Type><ParentIndex>358</ParentIndex><ClassName></ClassName><Unbounded>N</Unbounded>
	</RowData>
	<RowData><DataStructureId>390</DataStructureId><ProcessDefId>1</ProcessDefId><ExtMethodIndex>39</ExtMethodIndex><Name>SORT2</Name><Type>10</Type><ParentIndex>358</ParentIndex><ClassName></ClassName><Unbounded>N</Unbounded>
	</RowData>
	<RowData><DataStructureId>391</DataStructureId><ProcessDefId>1</ProcessDefId><ExtMethodIndex>39</ExtMethodIndex><Name>TIME_ZONE</Name><Type>10</Type><ParentIndex>358</ParentIndex><ClassName></ClassName><Unbounded>N</Unbounded>
	</RowData>
	<RowData><DataStructureId>392</DataStructureId><ProcessDefId>1</ProcessDefId><ExtMethodIndex>39</ExtMethodIndex><Name>TAXJURCODE</Name><Type>10</Type><ParentIndex>358</ParentIndex><ClassName></ClassName><Unbounded>N</Unbounded>
	</RowData>
	<RowData><DataStructureId>393</DataStructureId><ProcessDefId>1</ProcessDefId><ExtMethodIndex>39</ExtMethodIndex><Name>ADR_NOTES</Name><Type>10</Type><ParentIndex>358</ParentIndex><ClassName></ClassName><Unbounded>N</Unbounded>
	</RowData>
	<RowData><DataStructureId>394</DataStructureId><ProcessDefId>1</ProcessDefId><ExtMethodIndex>39</ExtMethodIndex><Name>COMM_TYPE</Name><Type>10</Type><ParentIndex>358</ParentIndex><ClassName></ClassName><Unbounded>N</Unbounded>
	</RowData>
	<RowData><DataStructureId>395</DataStructureId><ProcessDefId>1</ProcessDefId><ExtMethodIndex>39</ExtMethodIndex><Name>TEL1_NUMBR</Name><Type>10</Type><ParentIndex>358</ParentIndex><ClassName></ClassName><Unbounded>N</Unbounded>
	</RowData>
	<RowData><DataStructureId>396</DataStructureId><ProcessDefId>1</ProcessDefId><ExtMethodIndex>39</ExtMethodIndex><Name>TEL1_EXT</Name><Type>10</Type><ParentIndex>358</ParentIndex><ClassName></ClassName><Unbounded>N</Unbounded>
	</RowData>
	<RowData><DataStructureId>397</DataStructureId><ProcessDefId>1</ProcessDefId><ExtMethodIndex>39</ExtMethodIndex><Name>FAX_NUMBER</Name><Type>10</Type><ParentIndex>358</ParentIndex><ClassName></ClassName><Unbounded>N</Unbounded>
	</RowData>
	<RowData><DataStructureId>398</DataStructureId><ProcessDefId>1</ProcessDefId><ExtMethodIndex>39</ExtMethodIndex><Name>FAX_EXTENS</Name><Type>10</Type><ParentIndex>358</ParentIndex><ClassName></ClassName><Unbounded>N</Unbounded>
	</RowData>
	<RowData><DataStructureId>399</DataStructureId><ProcessDefId>1</ProcessDefId><ExtMethodIndex>39</ExtMethodIndex><Name>STREET_LNG</Name><Type>10</Type><ParentIndex>358</ParentIndex><ClassName></ClassName><Unbounded>N</Unbounded>
	</RowData>
	<RowData><DataStructureId>400</DataStructureId><ProcessDefId>1</ProcessDefId><ExtMethodIndex>39</ExtMethodIndex><Name>DISTRCT_NO</Name><Type>10</Type><ParentIndex>358</ParentIndex><ClassName></ClassName><Unbounded>N</Unbounded>
	</RowData>
	<RowData><DataStructureId>401</DataStructureId><ProcessDefId>1</ProcessDefId><ExtMethodIndex>39</ExtMethodIndex><Name>CHCKSTATUS</Name><Type>10</Type><ParentIndex>358</ParentIndex><ClassName></ClassName><Unbounded>N</Unbounded>
	</RowData>
	<RowData><DataStructureId>402</DataStructureId><ProcessDefId>1</ProcessDefId><ExtMethodIndex>39</ExtMethodIndex><Name>PBOXCIT_NO</Name><Type>10</Type><ParentIndex>358</ParentIndex><ClassName></ClassName><Unbounded>N</Unbounded>
	</RowData>
	<RowData><DataStructureId>403</DataStructureId><ProcessDefId>1</ProcessDefId><ExtMethodIndex>39</ExtMethodIndex><Name>TRANSPZONE</Name><Type>10</Type><ParentIndex>358</ParentIndex><ClassName></ClassName><Unbounded>N</Unbounded>
	</RowData>
	<RowData><DataStructureId>404</DataStructureId><ProcessDefId>1</ProcessDefId><ExtMethodIndex>39</ExtMethodIndex><Name>HOUSE_NO2</Name><Type>10</Type><ParentIndex>358</ParentIndex><ClassName></ClassName><Unbounded>N</Unbounded>
	</RowData>
	<RowData><DataStructureId>405</DataStructureId><ProcessDefId>1</ProcessDefId><ExtMethodIndex>39</ExtMethodIndex><Name>E_MAIL</Name><Type>10</Type><ParentIndex>358</ParentIndex><ClassName></ClassName><Unbounded>N</Unbounded>
	</RowData>
	<RowData><DataStructureId>406</DataStructureId><ProcessDefId>1</ProcessDefId><ExtMethodIndex>39</ExtMethodIndex><Name>STR_SUPPL3</Name><Type>10</Type><ParentIndex>358</ParentIndex><ClassName></ClassName><Unbounded>N</Unbounded>
	</RowData>
	<RowData><DataStructureId>407</DataStructureId><ProcessDefId>1</ProcessDefId><ExtMethodIndex>39</ExtMethodIndex><Name>TITLE</Name><Type>10</Type><ParentIndex>358</ParentIndex><ClassName></ClassName><Unbounded>N</Unbounded>
	</RowData>
	<RowData><DataStructureId>408</DataStructureId><ProcessDefId>1</ProcessDefId><ExtMethodIndex>39</ExtMethodIndex><Name>COUNTRYISO</Name><Type>10</Type><ParentIndex>358</ParentIndex><ClassName></ClassName><Unbounded>N</Unbounded>
	</RowData>
	<RowData><DataStructureId>409</DataStructureId><ProcessDefId>1</ProcessDefId><ExtMethodIndex>39</ExtMethodIndex><Name>LANGU_ISO</Name><Type>10</Type><ParentIndex>358</ParentIndex><ClassName></ClassName><Unbounded>N</Unbounded>
	</RowData>
	<RowData><DataStructureId>410</DataStructureId><ProcessDefId>1</ProcessDefId><ExtMethodIndex>39</ExtMethodIndex><Name>BUILD_LONG</Name><Type>10</Type><ParentIndex>358</ParentIndex><ClassName></ClassName><Unbounded>N</Unbounded>
	</RowData>
	<RowData><DataStructureId>411</DataStructureId><ProcessDefId>1</ProcessDefId><ExtMethodIndex>39</ExtMethodIndex><Name>REGIOGROUP</Name><Type>10</Type><ParentIndex>358</ParentIndex><ClassName></ClassName><Unbounded>N</Unbounded>
	</RowData>
	<RowData><DataStructureId>412</DataStructureId><ProcessDefId>1</ProcessDefId><ExtMethodIndex>39</ExtMethodIndex><Name>SUPP_VENDOR</Name><Type>10</Type><ParentIndex>358</ParentIndex><ClassName></ClassName><Unbounded>N</Unbounded>
	</RowData>
	<RowData><DataStructureId>413</DataStructureId><ProcessDefId>1</ProcessDefId><ExtMethodIndex>39</ExtMethodIndex><Name>CUSTOMER</Name><Type>10</Type><ParentIndex>358</ParentIndex><ClassName></ClassName><Unbounded>N</Unbounded>
	</RowData>
	<RowData><DataStructureId>414</DataStructureId><ProcessDefId>1</ProcessDefId><ExtMethodIndex>39</ExtMethodIndex><Name>SC_VENDOR</Name><Type>10</Type><ParentIndex>358</ParentIndex><ClassName></ClassName><Unbounded>N</Unbounded>
	</RowData>
	<RowData><DataStructureId>415</DataStructureId><ProcessDefId>1</ProcessDefId><ExtMethodIndex>39</ExtMethodIndex><Name>ALLVERSIONS</Name><Type>11</Type><ParentIndex>0</ParentIndex><ClassName>BAPIMEDCM_ALLVERSIONS</ClassName><Unbounded>Y</Unbounded>
	</RowData>
	<RowData><DataStructureId>416</DataStructureId><ProcessDefId>1</ProcessDefId><ExtMethodIndex>39</ExtMethodIndex><Name>DOC_TYPE</Name><Type>10</Type><ParentIndex>415</ParentIndex><ClassName></ClassName><Unbounded>N</Unbounded>
	</RowData>
	<RowData><DataStructureId>417</DataStructureId><ProcessDefId>1</ProcessDefId><ExtMethodIndex>39</ExtMethodIndex><Name>DOC_NUMBER</Name><Type>10</Type><ParentIndex>415</ParentIndex><ClassName></ClassName><Unbounded>N</Unbounded>
	</RowData>
	<RowData><DataStructureId>418</DataStructureId><ProcessDefId>1</ProcessDefId><ExtMethodIndex>39</ExtMethodIndex><Name>ITEM_NUMBER</Name><Type>3</Type><ParentIndex>415</ParentIndex><ClassName></ClassName><Unbounded>N</Unbounded>
	</RowData>
	<RowData><DataStructureId>419</DataStructureId><ProcessDefId>1</ProcessDefId><ExtMethodIndex>39</ExtMethodIndex><Name>VERSION</Name><Type>10</Type><ParentIndex>415</ParentIndex><ClassName></ClassName><Unbounded>N</Unbounded>
	</RowData>
	<RowData><DataStructureId>420</DataStructureId><ProcessDefId>1</ProcessDefId><ExtMethodIndex>39</ExtMethodIndex><Name>CREATED_BY</Name><Type>10</Type><ParentIndex>415</ParentIndex><ClassName></ClassName><Unbounded>N</Unbounded>
	</RowData>
	<RowData><DataStructureId>421</DataStructureId><ProcessDefId>1</ProcessDefId><ExtMethodIndex>39</ExtMethodIndex><Name>CR_ON</Name><Type>8</Type><ParentIndex>415</ParentIndex><ClassName></ClassName><Unbounded>N</Unbounded>
	</RowData>
	<RowData><DataStructureId>422</DataStructureId><ProcessDefId>1</ProcessDefId><ExtMethodIndex>39</ExtMethodIndex><Name>REC_TIME</Name><Type>10</Type><ParentIndex>415</ParentIndex><ClassName></ClassName><Unbounded>N</Unbounded>
	</RowData>
	<RowData><DataStructureId>423</DataStructureId><ProcessDefId>1</ProcessDefId><ExtMethodIndex>39</ExtMethodIndex><Name>RELEASED_BY</Name><Type>10</Type><ParentIndex>415</ParentIndex><ClassName></ClassName><Unbounded>N</Unbounded>
	</RowData>
	<RowData><DataStructureId>424</DataStructureId><ProcessDefId>1</ProcessDefId><ExtMethodIndex>39</ExtMethodIndex><Name>RELEASE_DATE</Name><Type>8</Type><ParentIndex>415</ParentIndex><ClassName></ClassName><Unbounded>N</Unbounded>
	</RowData>
	<RowData><DataStructureId>425</DataStructureId><ProcessDefId>1</ProcessDefId><ExtMethodIndex>39</ExtMethodIndex><Name>RELEASE_TIME</Name><Type>10</Type><ParentIndex>415</ParentIndex><ClassName></ClassName><Unbounded>N</Unbounded>
	</RowData>
	<RowData><DataStructureId>426</DataStructureId><ProcessDefId>1</ProcessDefId><ExtMethodIndex>39</ExtMethodIndex><Name>RELEASEBY_PUR</Name><Type>10</Type><ParentIndex>415</ParentIndex><ClassName></ClassName><Unbounded>N</Unbounded>
	</RowData>
	<RowData><DataStructureId>427</DataStructureId><ProcessDefId>1</ProcessDefId><ExtMethodIndex>39</ExtMethodIndex><Name>RELEASEDATE_PUR</Name><Type>8</Type><ParentIndex>415</ParentIndex><ClassName></ClassName><Unbounded>N</Unbounded>
	</RowData>
	<RowData><DataStructureId>428</DataStructureId><ProcessDefId>1</ProcessDefId><ExtMethodIndex>39</ExtMethodIndex><Name>RELEASETIME_PUR</Name><Type>10</Type><ParentIndex>415</ParentIndex><ClassName></ClassName><Unbounded>N</Unbounded>
	</RowData>
	<RowData><DataStructureId>429</DataStructureId><ProcessDefId>1</ProcessDefId><ExtMethodIndex>39</ExtMethodIndex><Name>REASON</Name><Type>10</Type><ParentIndex>415</ParentIndex><ClassName></ClassName><Unbounded>N</Unbounded>
	</RowData>
	<RowData><DataStructureId>430</DataStructureId><ProcessDefId>1</ProcessDefId><ExtMethodIndex>39</ExtMethodIndex><Name>DESCRIPTION</Name><Type>10</Type><ParentIndex>415</ParentIndex><ClassName></ClassName><Unbounded>N</Unbounded>
	</RowData>
	<RowData><DataStructureId>431</DataStructureId><ProcessDefId>1</ProcessDefId><ExtMethodIndex>39</ExtMethodIndex><Name>REQ_BY_EXT</Name><Type>10</Type><ParentIndex>415</ParentIndex><ClassName></ClassName><Unbounded>N</Unbounded>
	</RowData>
	<RowData><DataStructureId>432</DataStructureId><ProcessDefId>1</ProcessDefId><ExtMethodIndex>39</ExtMethodIndex><Name>REQ_BY</Name><Type>10</Type><ParentIndex>415</ParentIndex><ClassName></ClassName><Unbounded>N</Unbounded>
	</RowData>
	<RowData><DataStructureId>433</DataStructureId><ProcessDefId>1</ProcessDefId><ExtMethodIndex>39</ExtMethodIndex><Name>NET_VALUE</Name><Type>10</Type><ParentIndex>415</ParentIndex><ClassName></ClassName><Unbounded>N</Unbounded>
	</RowData>
	<RowData><DataStructureId>434</DataStructureId><ProcessDefId>1</ProcessDefId><ExtMethodIndex>39</ExtMethodIndex><Name>VALUE_CHANGED</Name><Type>10</Type><ParentIndex>415</ParentIndex><ClassName></ClassName><Unbounded>N</Unbounded>
	</RowData>
	<RowData><DataStructureId>435</DataStructureId><ProcessDefId>1</ProcessDefId><ExtMethodIndex>39</ExtMethodIndex><Name>CURRENCY</Name><Type>10</Type><ParentIndex>415</ParentIndex><ClassName></ClassName><Unbounded>N</Unbounded>
	</RowData>
	<RowData><DataStructureId>436</DataStructureId><ProcessDefId>1</ProcessDefId><ExtMethodIndex>39</ExtMethodIndex><Name>CURRENCY_ISO</Name><Type>10</Type><ParentIndex>415</ParentIndex><ClassName></ClassName><Unbounded>N</Unbounded>
	</RowData>
	<RowData><DataStructureId>437</DataStructureId><ProcessDefId>1</ProcessDefId><ExtMethodIndex>39</ExtMethodIndex><Name>POST_DATE</Name><Type>8</Type><ParentIndex>415</ParentIndex><ClassName></ClassName><Unbounded>N</Unbounded>
	</RowData>
	<RowData><DataStructureId>438</DataStructureId><ProcessDefId>1</ProcessDefId><ExtMethodIndex>39</ExtMethodIndex><Name>COMPLETED</Name><Type>10</Type><ParentIndex>415</ParentIndex><ClassName></ClassName><Unbounded>N</Unbounded>
	</RowData>
	<RowData><DataStructureId>439</DataStructureId><ProcessDefId>1</ProcessDefId><ExtMethodIndex>39</ExtMethodIndex><Name>STATUS</Name><Type>10</Type><ParentIndex>415</ParentIndex><ClassName></ClassName><Unbounded>N</Unbounded>
	</RowData>
	<RowData><DataStructureId>440</DataStructureId><ProcessDefId>1</ProcessDefId><ExtMethodIndex>39</ExtMethodIndex><Name>DELETE_IND</Name><Type>10</Type><ParentIndex>415</ParentIndex><ClassName></ClassName><Unbounded>N</Unbounded>
	</RowData>
	<RowData><DataStructureId>441</DataStructureId><ProcessDefId>1</ProcessDefId><ExtMethodIndex>39</ExtMethodIndex><Name>STATUS_DOC_OLD</Name><Type>10</Type><ParentIndex>415</ParentIndex><ClassName></ClassName><Unbounded>N</Unbounded>
	</RowData>
	<RowData><DataStructureId>442</DataStructureId><ProcessDefId>1</ProcessDefId><ExtMethodIndex>39</ExtMethodIndex><Name>POTEXTHEADER</Name><Type>11</Type><ParentIndex>0</ParentIndex><ClassName>BAPIMEPOTEXTHEADER</ClassName><Unbounded>Y</Unbounded>
	</RowData>
	<RowData><DataStructureId>443</DataStructureId><ProcessDefId>1</ProcessDefId><ExtMethodIndex>39</ExtMethodIndex><Name>PO_NUMBER</Name><Type>10</Type><ParentIndex>442</ParentIndex><ClassName></ClassName><Unbounded>N</Unbounded>
	</RowData>
	<RowData><DataStructureId>444</DataStructureId><ProcessDefId>1</ProcessDefId><ExtMethodIndex>39</ExtMethodIndex><Name>PO_ITEM</Name><Type>3</Type><ParentIndex>442</ParentIndex><ClassName></ClassName><Unbounded>N</Unbounded>
	</RowData>
	<RowData><DataStructureId>445</DataStructureId><ProcessDefId>1</ProcessDefId><ExtMethodIndex>39</ExtMethodIndex><Name>TEXT_ID</Name><Type>10</Type><ParentIndex>442</ParentIndex><ClassName></ClassName><Unbounded>N</Unbounded>
	</RowData>
	<RowData><DataStructureId>446</DataStructureId><ProcessDefId>1</ProcessDefId><ExtMethodIndex>39</ExtMethodIndex><Name>TEXT_FORM</Name><Type>10</Type><ParentIndex>442</ParentIndex><ClassName></ClassName><Unbounded>N</Unbounded>
	</RowData>
	<RowData><DataStructureId>447</DataStructureId><ProcessDefId>1</ProcessDefId><ExtMethodIndex>39</ExtMethodIndex><Name>TEXT_LINE</Name><Type>10</Type><ParentIndex>442</ParentIndex><ClassName></ClassName><Unbounded>N</Unbounded>
	</RowData>
	<RowData><DataStructureId>448</DataStructureId><ProcessDefId>1</ProcessDefId><ExtMethodIndex>39</ExtMethodIndex><Name>POTEXTITEM</Name><Type>11</Type><ParentIndex>0</ParentIndex><ClassName>BAPIMEPOTEXT</ClassName><Unbounded>Y</Unbounded>
	</RowData>
	<RowData><DataStructureId>449</DataStructureId><ProcessDefId>1</ProcessDefId><ExtMethodIndex>39</ExtMethodIndex><Name>PO_NUMBER</Name><Type>10</Type><ParentIndex>448</ParentIndex><ClassName></ClassName><Unbounded>N</Unbounded>
	</RowData>
	<RowData><DataStructureId>450</DataStructureId><ProcessDefId>1</ProcessDefId><ExtMethodIndex>39</ExtMethodIndex><Name>PO_ITEM</Name><Type>3</Type><ParentIndex>448</ParentIndex><ClassName></ClassName><Unbounded>N</Unbounded>
	</RowData>
	<RowData><DataStructureId>451</DataStructureId><ProcessDefId>1</ProcessDefId><ExtMethodIndex>39</ExtMethodIndex><Name>TEXT_ID</Name><Type>10</Type><ParentIndex>448</ParentIndex><ClassName></ClassName><Unbounded>N</Unbounded>
	</RowData>
	<RowData><DataStructureId>452</DataStructureId><ProcessDefId>1</ProcessDefId><ExtMethodIndex>39</ExtMethodIndex><Name>TEXT_FORM</Name><Type>10</Type><ParentIndex>448</ParentIndex><ClassName></ClassName><Unbounded>N</Unbounded>
	</RowData>
	<RowData><DataStructureId>453</DataStructureId><ProcessDefId>1</ProcessDefId><ExtMethodIndex>39</ExtMethodIndex><Name>TEXT_LINE</Name><Type>10</Type><ParentIndex>448</ParentIndex><ClassName></ClassName><Unbounded>N</Unbounded>
	</RowData>
	<RowData><DataStructureId>454</DataStructureId><ProcessDefId>1</ProcessDefId><ExtMethodIndex>39</ExtMethodIndex><Name>EXTENSIONOUT</Name><Type>11</Type><ParentIndex>0</ParentIndex><ClassName>BAPIPAREX</ClassName><Unbounded>Y</Unbounded>
	</RowData>
	<RowData><DataStructureId>455</DataStructureId><ProcessDefId>1</ProcessDefId><ExtMethodIndex>39</ExtMethodIndex><Name>STRUCTURE</Name><Type>10</Type><ParentIndex>454</ParentIndex><ClassName></ClassName><Unbounded>N</Unbounded>
	</RowData>
	<RowData><DataStructureId>456</DataStructureId><ProcessDefId>1</ProcessDefId><ExtMethodIndex>39</ExtMethodIndex><Name>VALUEPART1</Name><Type>10</Type><ParentIndex>454</ParentIndex><ClassName></ClassName><Unbounded>N</Unbounded>
	</RowData>
	<RowData><DataStructureId>457</DataStructureId><ProcessDefId>1</ProcessDefId><ExtMethodIndex>39</ExtMethodIndex><Name>VALUEPART2</Name><Type>10</Type><ParentIndex>454</ParentIndex><ClassName></ClassName><Unbounded>N</Unbounded>
	</RowData>
	<RowData><DataStructureId>458</DataStructureId><ProcessDefId>1</ProcessDefId><ExtMethodIndex>39</ExtMethodIndex><Name>VALUEPART3</Name><Type>10</Type><ParentIndex>454</ParentIndex><ClassName></ClassName><Unbounded>N</Unbounded>
	</RowData>
	<RowData><DataStructureId>459</DataStructureId><ProcessDefId>1</ProcessDefId><ExtMethodIndex>39</ExtMethodIndex><Name>VALUEPART4</Name><Type>10</Type><ParentIndex>454</ParentIndex><ClassName></ClassName><Unbounded>N</Unbounded>
	</RowData>
	<RowData><DataStructureId>460</DataStructureId><ProcessDefId>1</ProcessDefId><ExtMethodIndex>39</ExtMethodIndex><Name>POHISTORY_TOTALS</Name><Type>11</Type><ParentIndex>0</ParentIndex><ClassName>BAPIEKBES</ClassName><Unbounded>Y</Unbounded>
	</RowData>
	<RowData><DataStructureId>461</DataStructureId><ProcessDefId>1</ProcessDefId><ExtMethodIndex>39</ExtMethodIndex><Name>PO_ITEM</Name><Type>3</Type><ParentIndex>460</ParentIndex><ClassName></ClassName><Unbounded>N</Unbounded>
	</RowData>
	<RowData><DataStructureId>462</DataStructureId><ProcessDefId>1</ProcessDefId><ExtMethodIndex>39</ExtMethodIndex><Name>SERIAL_NO</Name><Type>3</Type><ParentIndex>460</ParentIndex><ClassName></ClassName><Unbounded>N</Unbounded>
	</RowData>
	<RowData><DataStructureId>463</DataStructureId><ProcessDefId>1</ProcessDefId><ExtMethodIndex>39</ExtMethodIndex><Name>WITHDR_QTY</Name><Type>10</Type><ParentIndex>460</ParentIndex><ClassName></ClassName><Unbounded>N</Unbounded>
	</RowData>
	<RowData><DataStructureId>464</DataStructureId><ProcessDefId>1</ProcessDefId><ExtMethodIndex>39</ExtMethodIndex><Name>BLOCKED_QY</Name><Type>10</Type><ParentIndex>460</ParentIndex><ClassName></ClassName><Unbounded>N</Unbounded>
	</RowData>
	<RowData><DataStructureId>465</DataStructureId><ProcessDefId>1</ProcessDefId><ExtMethodIndex>39</ExtMethodIndex><Name>BL_QTY</Name><Type>10</Type><ParentIndex>460</ParentIndex><ClassName></ClassName><Unbounded>N</Unbounded>
	</RowData>
	<RowData><DataStructureId>466</DataStructureId><ProcessDefId>1</ProcessDefId><ExtMethodIndex>39</ExtMethodIndex><Name>DELIV_QTY</Name><Type>10</Type><ParentIndex>460</ParentIndex><ClassName></ClassName><Unbounded>N</Unbounded>
	</RowData>
	<RowData><DataStructureId>467</DataStructureId><ProcessDefId>1</ProcessDefId><ExtMethodIndex>39</ExtMethodIndex><Name>PO_PR_QNT</Name><Type>10</Type><ParentIndex>460</ParentIndex><ClassName></ClassName><Unbounded>N</Unbounded>
	</RowData>
	<RowData><DataStructureId>468</DataStructureId><ProcessDefId>1</ProcessDefId><ExtMethodIndex>39</ExtMethodIndex><Name>VAL_GR_LOC</Name><Type>10</Type><ParentIndex>460</ParentIndex><ClassName></ClassName><Unbounded>N</Unbounded>
	</RowData>
	<RowData><DataStructureId>469</DataStructureId><ProcessDefId>1</ProcessDefId><ExtMethodIndex>39</ExtMethodIndex><Name>VAL_GR_FOR</Name><Type>10</Type><ParentIndex>460</ParentIndex><ClassName></ClassName><Unbounded>N</Unbounded>
	</RowData>
	<RowData><DataStructureId>470</DataStructureId><ProcessDefId>1</ProcessDefId><ExtMethodIndex>39</ExtMethodIndex><Name>IV_QTY</Name><Type>10</Type><ParentIndex>460</ParentIndex><ClassName></ClassName><Unbounded>N</Unbounded>
	</RowData>
	<RowData><DataStructureId>471</DataStructureId><ProcessDefId>1</ProcessDefId><ExtMethodIndex>39</ExtMethodIndex><Name>IV_QTY_PO</Name><Type>10</Type><ParentIndex>460</ParentIndex><ClassName></ClassName><Unbounded>N</Unbounded>
	</RowData>
	<RowData><DataStructureId>472</DataStructureId><ProcessDefId>1</ProcessDefId><ExtMethodIndex>39</ExtMethodIndex><Name>VAL_IV_LOC</Name><Type>10</Type><ParentIndex>460</ParentIndex><ClassName></ClassName><Unbounded>N</Unbounded>
	</RowData>
	<RowData><DataStructureId>473</DataStructureId><ProcessDefId>1</ProcessDefId><ExtMethodIndex>39</ExtMethodIndex><Name>VAL_IV_FOR</Name><Type>10</Type><ParentIndex>460</ParentIndex><ClassName></ClassName><Unbounded>N</Unbounded>
	</RowData>
	<RowData><DataStructureId>474</DataStructureId><ProcessDefId>1</ProcessDefId><ExtMethodIndex>39</ExtMethodIndex><Name>CL_VAL_LOC</Name><Type>10</Type><ParentIndex>460</ParentIndex><ClassName></ClassName><Unbounded>N</Unbounded>
	</RowData>
	<RowData><DataStructureId>475</DataStructureId><ProcessDefId>1</ProcessDefId><ExtMethodIndex>39</ExtMethodIndex><Name>CL_VAL_FOR</Name><Type>10</Type><ParentIndex>460</ParentIndex><ClassName></ClassName><Unbounded>N</Unbounded>
	</RowData>
	<RowData><DataStructureId>476</DataStructureId><ProcessDefId>1</ProcessDefId><ExtMethodIndex>39</ExtMethodIndex><Name>DOP_VL_LOC</Name><Type>10</Type><ParentIndex>460</ParentIndex><ClassName></ClassName><Unbounded>N</Unbounded>
	</RowData>
	<RowData><DataStructureId>477</DataStructureId><ProcessDefId>1</ProcessDefId><ExtMethodIndex>39</ExtMethodIndex><Name>IVVAL_LOC</Name><Type>10</Type><ParentIndex>460</ParentIndex><ClassName></ClassName><Unbounded>N</Unbounded>
	</RowData>
	<RowData><DataStructureId>478</DataStructureId><ProcessDefId>1</ProcessDefId><ExtMethodIndex>39</ExtMethodIndex><Name>IVVAL_FOR</Name><Type>10</Type><ParentIndex>460</ParentIndex><ClassName></ClassName><Unbounded>N</Unbounded>
	</RowData>
</PMWDataStructureTable_9>