<PMWDocumentTypeDefTable>
	<RowData><ProcessDefId>1</ProcessDefId><DocId>1</DocId><DocName>Invoice</DocName>
	</RowData>
	<RowData><ProcessDefId>1</ProcessDefId><DocId>2</DocId><DocName>Credit Note</DocName>
	</RowData>
	<RowData><ProcessDefId>1</ProcessDefId><DocId>3</DocId><DocName>Debit Note</DocName>
	</RowData>
	<RowData><ProcessDefId>1</ProcessDefId><DocId>4</DocId><DocName>E Way Bill</DocName>
	</RowData>
	<RowData><ProcessDefId>1</ProcessDefId><DocId>5</DocId><DocName>Others</DocName>
	</RowData>
</PMWDocumentTypeDefTable>