<PMWDataStructureTable_12>
	<RowData><DataStructureId>779</DataStructureId><ProcessDefId>1</ProcessDefId><ExtMethodIndex>39</ExtMethodIndex><Name>UNLOAD_PT</Name><Type>10</Type><ParentIndex>761</ParentIndex><ClassName></ClassName><Unbounded>N</Unbounded>
	</RowData>
	<RowData><DataStructureId>780</DataStructureId><ProcessDefId>1</ProcessDefId><ExtMethodIndex>39</ExtMethodIndex><Name>ORDCOMBIND</Name><Type>10</Type><ParentIndex>761</ParentIndex><ClassName></ClassName><Unbounded>N</Unbounded>
	</RowData>
	<RowData><DataStructureId>781</DataStructureId><ProcessDefId>1</ProcessDefId><ExtMethodIndex>39</ExtMethodIndex><Name>TIME_ZONE</Name><Type>10</Type><ParentIndex>761</ParentIndex><ClassName></ClassName><Unbounded>N</Unbounded>
	</RowData>
	<RowData><DataStructureId>782</DataStructureId><ProcessDefId>1</ProcessDefId><ExtMethodIndex>39</ExtMethodIndex><Name>AUTH_NUMBER</Name><Type>10</Type><ParentIndex>761</ParentIndex><ClassName></ClassName><Unbounded>N</Unbounded>
	</RowData>
	<RowData><DataStructureId>783</DataStructureId><ProcessDefId>1</ProcessDefId><ExtMethodIndex>39</ExtMethodIndex><Name>SRC_DLV_NO</Name><Type>10</Type><ParentIndex>761</ParentIndex><ClassName></ClassName><Unbounded>N</Unbounded>
	</RowData>
	<RowData><DataStructureId>784</DataStructureId><ProcessDefId>1</ProcessDefId><ExtMethodIndex>39</ExtMethodIndex><Name>SRC_HANDLG_UNIT</Name><Type>10</Type><ParentIndex>761</ParentIndex><ClassName></ClassName><Unbounded>N</Unbounded>
	</RowData>
	<RowData><DataStructureId>785</DataStructureId><ProcessDefId>1</ProcessDefId><ExtMethodIndex>39</ExtMethodIndex><Name>INSPOUT_GUID</Name><Type>10</Type><ParentIndex>761</ParentIndex><ClassName></ClassName><Unbounded>N</Unbounded>
	</RowData>
	<RowData><DataStructureId>786</DataStructureId><ProcessDefId>1</ProcessDefId><ExtMethodIndex>39</ExtMethodIndex><Name>FOLLOW_UP</Name><Type>10</Type><ParentIndex>761</ParentIndex><ClassName></ClassName><Unbounded>N</Unbounded>
	</RowData>
	<RowData><DataStructureId>787</DataStructureId><ProcessDefId>1</ProcessDefId><ExtMethodIndex>39</ExtMethodIndex><Name>POEXPIMPITEM</Name><Type>11</Type><ParentIndex>0</ParentIndex><ClassName>BAPIEIPO</ClassName><Unbounded>Y</Unbounded>
	</RowData>
	<RowData><DataStructureId>788</DataStructureId><ProcessDefId>1</ProcessDefId><ExtMethodIndex>39</ExtMethodIndex><Name>PO_ITEM</Name><Type>3</Type><ParentIndex>787</ParentIndex><ClassName></ClassName><Unbounded>N</Unbounded>
	</RowData>
	<RowData><DataStructureId>789</DataStructureId><ProcessDefId>1</ProcessDefId><ExtMethodIndex>39</ExtMethodIndex><Name>BUSINESS_TRANSACTION_TYPE</Name><Type>10</Type><ParentIndex>787</ParentIndex><ClassName></ClassName><Unbounded>N</Unbounded>
	</RowData>
	<RowData><DataStructureId>790</DataStructureId><ProcessDefId>1</ProcessDefId><ExtMethodIndex>39</ExtMethodIndex><Name>EXPORT_IMPORT_PROCEDURE</Name><Type>10</Type><ParentIndex>787</ParentIndex><ClassName></ClassName><Unbounded>N</Unbounded>
	</RowData>
	<RowData><DataStructureId>791</DataStructureId><ProcessDefId>1</ProcessDefId><ExtMethodIndex>39</ExtMethodIndex><Name>COUNTRYORI</Name><Type>10</Type><ParentIndex>787</ParentIndex><ClassName></ClassName><Unbounded>N</Unbounded>
	</RowData>
	<RowData><DataStructureId>792</DataStructureId><ProcessDefId>1</ProcessDefId><ExtMethodIndex>39</ExtMethodIndex><Name>COUNTRYORI_ISO</Name><Type>10</Type><ParentIndex>787</ParentIndex><ClassName></ClassName><Unbounded>N</Unbounded>
	</RowData>
	<RowData><DataStructureId>793</DataStructureId><ProcessDefId>1</ProcessDefId><ExtMethodIndex>39</ExtMethodIndex><Name>REGIONORIG</Name><Type>10</Type><ParentIndex>787</ParentIndex><ClassName></ClassName><Unbounded>N</Unbounded>
	</RowData>
	<RowData><DataStructureId>794</DataStructureId><ProcessDefId>1</ProcessDefId><ExtMethodIndex>39</ExtMethodIndex><Name>COMM_CODE</Name><Type>10</Type><ParentIndex>787</ParentIndex><ClassName></ClassName><Unbounded>N</Unbounded>
	</RowData>
	<RowData><DataStructureId>795</DataStructureId><ProcessDefId>1</ProcessDefId><ExtMethodIndex>39</ExtMethodIndex><Name>SHIPPING_COUNTRY</Name><Type>10</Type><ParentIndex>787</ParentIndex><ClassName></ClassName><Unbounded>N</Unbounded>
	</RowData>
	<RowData><DataStructureId>796</DataStructureId><ProcessDefId>1</ProcessDefId><ExtMethodIndex>39</ExtMethodIndex><Name>SHIPPING_COUNTRY_ISO</Name><Type>10</Type><ParentIndex>787</ParentIndex><ClassName></ClassName><Unbounded>N</Unbounded>
	</RowData>
	<RowData><DataStructureId>797</DataStructureId><ProcessDefId>1</ProcessDefId><ExtMethodIndex>39</ExtMethodIndex><Name>POACCOUNT</Name><Type>11</Type><ParentIndex>0</ParentIndex><ClassName>BAPIMEPOACCOUNT</ClassName><Unbounded>Y</Unbounded>
	</RowData>
	<RowData><DataStructureId>798</DataStructureId><ProcessDefId>1</ProcessDefId><ExtMethodIndex>39</ExtMethodIndex><Name>PO_ITEM</Name><Type>3</Type><ParentIndex>797</ParentIndex><ClassName></ClassName><Unbounded>N</Unbounded>
	</RowData>
	<RowData><DataStructureId>799</DataStructureId><ProcessDefId>1</ProcessDefId><ExtMethodIndex>39</ExtMethodIndex><Name>SERIAL_NO</Name><Type>3</Type><ParentIndex>797</ParentIndex><ClassName></ClassName><Unbounded>N</Unbounded>
	</RowData>
	<RowData><DataStructureId>800</DataStructureId><ProcessDefId>1</ProcessDefId><ExtMethodIndex>39</ExtMethodIndex><Name>DELETE_IND</Name><Type>10</Type><ParentIndex>797</ParentIndex><ClassName></ClassName><Unbounded>N</Unbounded>
	</RowData>
	<RowData><DataStructureId>801</DataStructureId><ProcessDefId>1</ProcessDefId><ExtMethodIndex>39</ExtMethodIndex><Name>CREAT_DATE</Name><Type>8</Type><ParentIndex>797</ParentIndex><ClassName></ClassName><Unbounded>N</Unbounded>
	</RowData>
	<RowData><DataStructureId>802</DataStructureId><ProcessDefId>1</ProcessDefId><ExtMethodIndex>39</ExtMethodIndex><Name>QUANTITY</Name><Type>10</Type><ParentIndex>797</ParentIndex><ClassName></ClassName><Unbounded>N</Unbounded>
	</RowData>
	<RowData><DataStructureId>803</DataStructureId><ProcessDefId>1</ProcessDefId><ExtMethodIndex>39</ExtMethodIndex><Name>DISTR_PERC</Name><Type>10</Type><ParentIndex>797</ParentIndex><ClassName></ClassName><Unbounded>N</Unbounded>
	</RowData>
	<RowData><DataStructureId>804</DataStructureId><ProcessDefId>1</ProcessDefId><ExtMethodIndex>39</ExtMethodIndex><Name>NET_VALUE</Name><Type>10</Type><ParentIndex>797</ParentIndex><ClassName></ClassName><Unbounded>N</Unbounded>
	</RowData>
	<RowData><DataStructureId>805</DataStructureId><ProcessDefId>1</ProcessDefId><ExtMethodIndex>39</ExtMethodIndex><Name>GL_ACCOUNT</Name><Type>10</Type><ParentIndex>797</ParentIndex><ClassName></ClassName><Unbounded>N</Unbounded>
	</RowData>
	<RowData><DataStructureId>806</DataStructureId><ProcessDefId>1</ProcessDefId><ExtMethodIndex>39</ExtMethodIndex><Name>BUS_AREA</Name><Type>10</Type><ParentIndex>797</ParentIndex><ClassName></ClassName><Unbounded>N</Unbounded>
	</RowData>
	<RowData><DataStructureId>807</DataStructureId><ProcessDefId>1</ProcessDefId><ExtMethodIndex>39</ExtMethodIndex><Name>COSTCENTER</Name><Type>10</Type><ParentIndex>797</ParentIndex><ClassName></ClassName><Unbounded>N</Unbounded>
	</RowData>
	<RowData><DataStructureId>808</DataStructureId><ProcessDefId>1</ProcessDefId><ExtMethodIndex>39</ExtMethodIndex><Name>SD_DOC</Name><Type>10</Type><ParentIndex>797</ParentIndex><ClassName></ClassName><Unbounded>N</Unbounded>
	</RowData>
	<RowData><DataStructureId>809</DataStructureId><ProcessDefId>1</ProcessDefId><ExtMethodIndex>39</ExtMethodIndex><Name>ITM_NUMBER</Name><Type>3</Type><ParentIndex>797</ParentIndex><ClassName></ClassName><Unbounded>N</Unbounded>
	</RowData>
	<RowData><DataStructureId>810</DataStructureId><ProcessDefId>1</ProcessDefId><ExtMethodIndex>39</ExtMethodIndex><Name>SCHED_LINE</Name><Type>3</Type><ParentIndex>797</ParentIndex><ClassName></ClassName><Unbounded>N</Unbounded>
	</RowData>
	<RowData><DataStructureId>811</DataStructureId><ProcessDefId>1</ProcessDefId><ExtMethodIndex>39</ExtMethodIndex><Name>ASSET_NO</Name><Type>10</Type><ParentIndex>797</ParentIndex><ClassName></ClassName><Unbounded>N</Unbounded>
	</RowData>
	<RowData><DataStructureId>812</DataStructureId><ProcessDefId>1</ProcessDefId><ExtMethodIndex>39</ExtMethodIndex><Name>SUB_NUMBER</Name><Type>10</Type><ParentIndex>797</ParentIndex><ClassName></ClassName><Unbounded>N</Unbounded>
	</RowData>
	<RowData><DataStructureId>813</DataStructureId><ProcessDefId>1</ProcessDefId><ExtMethodIndex>39</ExtMethodIndex><Name>ORDERID</Name><Type>10</Type><ParentIndex>797</ParentIndex><ClassName></ClassName><Unbounded>N</Unbounded>
	</RowData>
	<RowData><DataStructureId>814</DataStructureId><ProcessDefId>1</ProcessDefId><ExtMethodIndex>39</ExtMethodIndex><Name>GR_RCPT</Name><Type>10</Type><ParentIndex>797</ParentIndex><ClassName></ClassName><Unbounded>N</Unbounded>
	</RowData>
	<RowData><DataStructureId>815</DataStructureId><ProcessDefId>1</ProcessDefId><ExtMethodIndex>39</ExtMethodIndex><Name>UNLOAD_PT</Name><Type>10</Type><ParentIndex>797</ParentIndex><ClassName></ClassName><Unbounded>N</Unbounded>
	</RowData>
	<RowData><DataStructureId>816</DataStructureId><ProcessDefId>1</ProcessDefId><ExtMethodIndex>39</ExtMethodIndex><Name>CO_AREA</Name><Type>10</Type><ParentIndex>797</ParentIndex><ClassName></ClassName><Unbounded>N</Unbounded>
	</RowData>
	<RowData><DataStructureId>817</DataStructureId><ProcessDefId>1</ProcessDefId><ExtMethodIndex>39</ExtMethodIndex><Name>COSTOBJECT</Name><Type>10</Type><ParentIndex>797</ParentIndex><ClassName></ClassName><Unbounded>N</Unbounded>
	</RowData>
	<RowData><DataStructureId>818</DataStructureId><ProcessDefId>1</ProcessDefId><ExtMethodIndex>39</ExtMethodIndex><Name>PROFIT_CTR</Name><Type>10</Type><ParentIndex>797</ParentIndex><ClassName></ClassName><Unbounded>N</Unbounded>
	</RowData>
	<RowData><DataStructureId>819</DataStructureId><ProcessDefId>1</ProcessDefId><ExtMethodIndex>39</ExtMethodIndex><Name>WBS_ELEMENT</Name><Type>10</Type><ParentIndex>797</ParentIndex><ClassName></ClassName><Unbounded>N</Unbounded>
	</RowData>
	<RowData><DataStructureId>820</DataStructureId><ProcessDefId>1</ProcessDefId><ExtMethodIndex>39</ExtMethodIndex><Name>NETWORK</Name><Type>10</Type><ParentIndex>797</ParentIndex><ClassName></ClassName><Unbounded>N</Unbounded>
	</RowData>
	<RowData><DataStructureId>821</DataStructureId><ProcessDefId>1</ProcessDefId><ExtMethodIndex>39</ExtMethodIndex><Name>RL_EST_KEY</Name><Type>10</Type><ParentIndex>797</ParentIndex><ClassName></ClassName><Unbounded>N</Unbounded>
	</RowData>
	<RowData><DataStructureId>822</DataStructureId><ProcessDefId>1</ProcessDefId><ExtMethodIndex>39</ExtMethodIndex><Name>PART_ACCT</Name><Type>10</Type><ParentIndex>797</ParentIndex><ClassName></ClassName><Unbounded>N</Unbounded>
	</RowData>
	<RowData><DataStructureId>823</DataStructureId><ProcessDefId>1</ProcessDefId><ExtMethodIndex>39</ExtMethodIndex><Name>CMMT_ITEM</Name><Type>10</Type><ParentIndex>797</ParentIndex><ClassName></ClassName><Unbounded>N</Unbounded>
	</RowData>
	<RowData><DataStructureId>824</DataStructureId><ProcessDefId>1</ProcessDefId><ExtMethodIndex>39</ExtMethodIndex><Name>REC_IND</Name><Type>10</Type><ParentIndex>797</ParentIndex><ClassName></ClassName><Unbounded>N</Unbounded>
	</RowData>
	<RowData><DataStructureId>825</DataStructureId><ProcessDefId>1</ProcessDefId><ExtMethodIndex>39</ExtMethodIndex><Name>FUNDS_CTR</Name><Type>10</Type><ParentIndex>797</ParentIndex><ClassName></ClassName><Unbounded>N</Unbounded>
	</RowData>
	<RowData><DataStructureId>826</DataStructureId><ProcessDefId>1</ProcessDefId><ExtMethodIndex>39</ExtMethodIndex><Name>FUND</Name><Type>10</Type><ParentIndex>797</ParentIndex><ClassName></ClassName><Unbounded>N</Unbounded>
	</RowData>
	<RowData><DataStructureId>827</DataStructureId><ProcessDefId>1</ProcessDefId><ExtMethodIndex>39</ExtMethodIndex><Name>FUNC_AREA</Name><Type>10</Type><ParentIndex>797</ParentIndex><ClassName></ClassName><Unbounded>N</Unbounded>
	</RowData>
	<RowData><DataStructureId>828</DataStructureId><ProcessDefId>1</ProcessDefId><ExtMethodIndex>39</ExtMethodIndex><Name>REF_DATE</Name><Type>8</Type><ParentIndex>797</ParentIndex><ClassName></ClassName><Unbounded>N</Unbounded>
	</RowData>
	<RowData><DataStructureId>829</DataStructureId><ProcessDefId>1</ProcessDefId><ExtMethodIndex>39</ExtMethodIndex><Name>TAX_CODE</Name><Type>10</Type><ParentIndex>797</ParentIndex><ClassName></ClassName><Unbounded>N</Unbounded>
	</RowData>
	<RowData><DataStructureId>830</DataStructureId><ProcessDefId>1</ProcessDefId><ExtMethodIndex>39</ExtMethodIndex><Name>TAXJURCODE</Name><Type>10</Type><ParentIndex>797</ParentIndex><ClassName></ClassName><Unbounded>N</Unbounded>
	</RowData>
	<RowData><DataStructureId>831</DataStructureId><ProcessDefId>1</ProcessDefId><ExtMethodIndex>39</ExtMethodIndex><Name>NOND_ITAX</Name><Type>10</Type><ParentIndex>797</ParentIndex><ClassName></ClassName><Unbounded>N</Unbounded>
	</RowData>
	<RowData><DataStructureId>832</DataStructureId><ProcessDefId>1</ProcessDefId><ExtMethodIndex>39</ExtMethodIndex><Name>ACTTYPE</Name><Type>10</Type><ParentIndex>797</ParentIndex><ClassName></ClassName><Unbounded>N</Unbounded>
	</RowData>
	<RowData><DataStructureId>833</DataStructureId><ProcessDefId>1</ProcessDefId><ExtMethodIndex>39</ExtMethodIndex><Name>CO_BUSPROC</Name><Type>10</Type><ParentIndex>797</ParentIndex><ClassName></ClassName><Unbounded>N</Unbounded>
	</RowData>
	<RowData><DataStructureId>834</DataStructureId><ProcessDefId>1</ProcessDefId><ExtMethodIndex>39</ExtMethodIndex><Name>RES_DOC</Name><Type>10</Type><ParentIndex>797</ParentIndex><ClassName></ClassName><Unbounded>N</Unbounded>
	</RowData>
	<RowData><DataStructureId>835</DataStructureId><ProcessDefId>1</ProcessDefId><ExtMethodIndex>39</ExtMethodIndex><Name>RES_ITEM</Name><Type>3</Type><ParentIndex>797</ParentIndex><ClassName></ClassName><Unbounded>N</Unbounded>
	</RowData>
	<RowData><DataStructureId>836</DataStructureId><ProcessDefId>1</ProcessDefId><ExtMethodIndex>39</ExtMethodIndex><Name>ACTIVITY</Name><Type>10</Type><ParentIndex>797</ParentIndex><ClassName></ClassName><Unbounded>N</Unbounded>
	</RowData>
	<RowData><DataStructureId>837</DataStructureId><ProcessDefId>1</ProcessDefId><ExtMethodIndex>39</ExtMethodIndex><Name>GRANT_NBR</Name><Type>10</Type><ParentIndex>797</ParentIndex><ClassName></ClassName><Unbounded>N</Unbounded>
	</RowData>
	<RowData><DataStructureId>838</DataStructureId><ProcessDefId>1</ProcessDefId><ExtMethodIndex>39</ExtMethodIndex><Name>CMMT_ITEM_LONG</Name><Type>10</Type><ParentIndex>797</ParentIndex><ClassName></ClassName><Unbounded>N</Unbounded>
	</RowData>
	<RowData><DataStructureId>839</DataStructureId><ProcessDefId>1</ProcessDefId><ExtMethodIndex>39</ExtMethodIndex><Name>FUNC_AREA_LONG</Name><Type>10</Type><ParentIndex>797</ParentIndex><ClassName></ClassName><Unbounded>N</Unbounded>
	</RowData>
	<RowData><DataStructureId>840</DataStructureId><ProcessDefId>1</ProcessDefId><ExtMethodIndex>39</ExtMethodIndex><Name>BUDGET_PERIOD</Name><Type>10</Type><ParentIndex>797</ParentIndex><ClassName></ClassName><Unbounded>N</Unbounded>
	</RowData>
	<RowData><DataStructureId>841</DataStructureId><ProcessDefId>1</ProcessDefId><ExtMethodIndex>39</ExtMethodIndex><Name>FINAL_IND</Name><Type>10</Type><ParentIndex>797</ParentIndex><ClassName></ClassName><Unbounded>N</Unbounded>
	</RowData>
	<RowData><DataStructureId>842</DataStructureId><ProcessDefId>1</ProcessDefId><ExtMethodIndex>39</ExtMethodIndex><Name>FINAL_REASON</Name><Type>10</Type><ParentIndex>797</ParentIndex><ClassName></ClassName><Unbounded>N</Unbounded>
	</RowData>
	<RowData><DataStructureId>843</DataStructureId><ProcessDefId>1</ProcessDefId><ExtMethodIndex>39</ExtMethodIndex><Name>INVPLANHEADER</Name><Type>11</Type><ParentIndex>0</ParentIndex><ClassName>BAPI_INVOICE_PLAN_HEADER</ClassName><Unbounded>Y</Unbounded>
	</RowData>
	<RowData><DataStructureId>844</DataStructureId><ProcessDefId>1</ProcessDefId><ExtMethodIndex>39</ExtMethodIndex><Name>DOC_ITEM</Name><Type>3</Type><ParentIndex>843</ParentIndex><ClassName></ClassName><Unbounded>N</Unbounded>
	</RowData>
	<RowData><DataStructureId>845</DataStructureId><ProcessDefId>1</ProcessDefId><ExtMethodIndex>39</ExtMethodIndex><Name>IV_PLAN_NUM</Name><Type>10</Type><ParentIndex>843</ParentIndex><ClassName></ClassName><Unbounded>N</Unbounded>
	</RowData>
	<RowData><DataStructureId>846</DataStructureId><ProcessDefId>1</ProcessDefId><ExtMethodIndex>39</ExtMethodIndex><Name>CATEGORY</Name><Type>10</Type><ParentIndex>843</ParentIndex><ClassName></ClassName><Unbounded>N</Unbounded>
	</RowData>
	<RowData><DataStructureId>847</DataStructureId><ProcessDefId>1</ProcessDefId><ExtMethodIndex>39</ExtMethodIndex><Name>IP_TYPE</Name><Type>10</Type><ParentIndex>843</ParentIndex><ClassName></ClassName><Unbounded>N</Unbounded>
	</RowData>
	<RowData><DataStructureId>848</DataStructureId><ProcessDefId>1</ProcessDefId><ExtMethodIndex>39</ExtMethodIndex><Name>SORT_FLD</Name><Type>10</Type><ParentIndex>843</ParentIndex><ClassName></ClassName><Unbounded>N</Unbounded>
	</RowData>
	<RowData><DataStructureId>849</DataStructureId><ProcessDefId>1</ProcessDefId><ExtMethodIndex>39</ExtMethodIndex><Name>START_DATE</Name><Type>8</Type><ParentIndex>843</ParentIndex><ClassName></ClassName><Unbounded>N</Unbounded>
	</RowData>
	<RowData><DataStructureId>850</DataStructureId><ProcessDefId>1</ProcessDefId><ExtMethodIndex>39</ExtMethodIndex><Name>END_DATE</Name><Type>8</Type><ParentIndex>843</ParentIndex><ClassName></ClassName><Unbounded>N</Unbounded>
	</RowData>
	<RowData><DataStructureId>851</DataStructureId><ProcessDefId>1</ProcessDefId><ExtMethodIndex>39</ExtMethodIndex><Name>HORIZON</Name><Type>10</Type><ParentIndex>843</ParentIndex><ClassName></ClassName><Unbounded>N</Unbounded>
	</RowData>
	<RowData><DataStructureId>852</DataStructureId><ProcessDefId>1</ProcessDefId><ExtMethodIndex>39</ExtMethodIndex><Name>ORGN_ST_DAT</Name><Type>10</Type><ParentIndex>843</ParentIndex><ClassName></ClassName><Unbounded>N</Unbounded>
	</RowData>
	<RowData><DataStructureId>853</DataStructureId><ProcessDefId>1</ProcessDefId><ExtMethodIndex>39</ExtMethodIndex><Name>ORGN_END_DAT</Name><Type>10</Type><ParentIndex>843</ParentIndex><ClassName></ClassName><Unbounded>N</Unbounded>
	</RowData>
	<RowData><DataStructureId>854</DataStructureId><ProcessDefId>1</ProcessDefId><ExtMethodIndex>39</ExtMethodIndex><Name>PERIOD</Name><Type>10</Type><ParentIndex>843</ParentIndex><ClassName></ClassName><Unbounded>N</Unbounded>
	</RowData>
	<RowData><DataStructureId>855</DataStructureId><ProcessDefId>1</ProcessDefId><ExtMethodIndex>39</ExtMethodIndex><Name>LNGTH_STAND_PRD</Name><Type>3</Type><ParentIndex>843</ParentIndex><ClassName></ClassName><Unbounded>N</Unbounded>
	</RowData>
	<RowData><DataStructureId>856</DataStructureId><ProcessDefId>1</ProcessDefId><ExtMethodIndex>39</ExtMethodIndex><Name>REF_IV_PLAN_NUM</Name><Type>10</Type><ParentIndex>843</ParentIndex><ClassName></ClassName><Unbounded>N</Unbounded>
	</RowData>
	<RowData><DataStructureId>857</DataStructureId><ProcessDefId>1</ProcessDefId><ExtMethodIndex>39</ExtMethodIndex><Name>DATES_FROM</Name><Type>8</Type><ParentIndex>843</ParentIndex><ClassName></ClassName><Unbounded>N</Unbounded>
	</RowData>
	<RowData><DataStructureId>858</DataStructureId><ProcessDefId>1</ProcessDefId><ExtMethodIndex>39</ExtMethodIndex><Name>IN_ADVANCE</Name><Type>10</Type><ParentIndex>843</ParentIndex><ClassName></ClassName><Unbounded>N</Unbounded>
	</RowData>
	<RowData><DataStructureId>859</DataStructureId><ProcessDefId>1</ProcessDefId><ExtMethodIndex>39</ExtMethodIndex><Name>ORGN_FROM_DAT</Name><Type>10</Type><ParentIndex>843</ParentIndex><ClassName></ClassName><Unbounded>N</Unbounded>
	</RowData>
	<RowData><DataStructureId>860</DataStructureId><ProcessDefId>1</ProcessDefId><ExtMethodIndex>39</ExtMethodIndex><Name>DEV_BILL_DAT</Name><Type>10</Type><ParentIndex>843</ParentIndex><ClassName></ClassName><Unbounded>N</Unbounded>
	</RowData>
	<RowData><DataStructureId>861</DataStructureId><ProcessDefId>1</ProcessDefId><ExtMethodIndex>39</ExtMethodIndex><Name>CALENDER_ID</Name><Type>10</Type><ParentIndex>843</ParentIndex><ClassName></ClassName><Unbounded>N</Unbounded>
	</RowData>
	<RowData><DataStructureId>862</DataStructureId><ProcessDefId>1</ProcessDefId><ExtMethodIndex>39</ExtMethodIndex><Name>DATES_TO</Name><Type>8</Type><ParentIndex>843</ParentIndex><ClassName></ClassName><Unbounded>N</Unbounded>
	</RowData>
	<RowData><DataStructureId>863</DataStructureId><ProcessDefId>1</ProcessDefId><ExtMethodIndex>39</ExtMethodIndex><Name>ORGN_UNTIL_DAT</Name><Type>10</Type><ParentIndex>843</ParentIndex><ClassName></ClassName><Unbounded>N</Unbounded>
	</RowData>
	<RowData><DataStructureId>864</DataStructureId><ProcessDefId>1</ProcessDefId><ExtMethodIndex>39</ExtMethodIndex><Name>PO_NUMBER</Name><Type>10</Type><ParentIndex>843</ParentIndex><ClassName></ClassName><Unbounded>N</Unbounded>
	</RowData>
	<RowData><DataStructureId>865</DataStructureId><ProcessDefId>1</ProcessDefId><ExtMethodIndex>39</ExtMethodIndex><Name>UNLIMITED</Name><Type>3</Type><ParentIndex>843</ParentIndex><ClassName></ClassName><Unbounded>N</Unbounded>
	</RowData>
	<RowData><DataStructureId>866</DataStructureId><ProcessDefId>1</ProcessDefId><ExtMethodIndex>39</ExtMethodIndex><Name>AUTO_COR_DAT</Name><Type>10</Type><ParentIndex>843</ParentIndex><ClassName></ClassName><Unbounded>N</Unbounded>
	</RowData>
</PMWDataStructureTable_12>