<PMWDataStructureTable_11>
	<RowData><DataStructureId>629</DataStructureId><ProcessDefId>1</ProcessDefId><ExtMethodIndex>39</ExtMethodIndex><Name>POCOMPONENTS</Name><Type>11</Type><ParentIndex>0</ParentIndex><ClassName>BAPIMEPOCOMPONENT</ClassName><Unbounded>Y</Unbounded>
	</RowData>
	<RowData><DataStructureId>630</DataStructureId><ProcessDefId>1</ProcessDefId><ExtMethodIndex>39</ExtMethodIndex><Name>PO_ITEM</Name><Type>3</Type><ParentIndex>629</ParentIndex><ClassName></ClassName><Unbounded>N</Unbounded>
	</RowData>
	<RowData><DataStructureId>631</DataStructureId><ProcessDefId>1</ProcessDefId><ExtMethodIndex>39</ExtMethodIndex><Name>SCHED_LINE</Name><Type>3</Type><ParentIndex>629</ParentIndex><ClassName></ClassName><Unbounded>N</Unbounded>
	</RowData>
	<RowData><DataStructureId>632</DataStructureId><ProcessDefId>1</ProcessDefId><ExtMethodIndex>39</ExtMethodIndex><Name>ITEM_NO</Name><Type>3</Type><ParentIndex>629</ParentIndex><ClassName></ClassName><Unbounded>N</Unbounded>
	</RowData>
	<RowData><DataStructureId>633</DataStructureId><ProcessDefId>1</ProcessDefId><ExtMethodIndex>39</ExtMethodIndex><Name>MATERIAL</Name><Type>10</Type><ParentIndex>629</ParentIndex><ClassName></ClassName><Unbounded>N</Unbounded>
	</RowData>
	<RowData><DataStructureId>634</DataStructureId><ProcessDefId>1</ProcessDefId><ExtMethodIndex>39</ExtMethodIndex><Name>ENTRY_QUANTITY</Name><Type>10</Type><ParentIndex>629</ParentIndex><ClassName></ClassName><Unbounded>N</Unbounded>
	</RowData>
	<RowData><DataStructureId>635</DataStructureId><ProcessDefId>1</ProcessDefId><ExtMethodIndex>39</ExtMethodIndex><Name>ENTRY_UOM</Name><Type>10</Type><ParentIndex>629</ParentIndex><ClassName></ClassName><Unbounded>N</Unbounded>
	</RowData>
	<RowData><DataStructureId>636</DataStructureId><ProcessDefId>1</ProcessDefId><ExtMethodIndex>39</ExtMethodIndex><Name>ENTRY_UOM_ISO</Name><Type>10</Type><ParentIndex>629</ParentIndex><ClassName></ClassName><Unbounded>N</Unbounded>
	</RowData>
	<RowData><DataStructureId>637</DataStructureId><ProcessDefId>1</ProcessDefId><ExtMethodIndex>39</ExtMethodIndex><Name>FIXED_QUAN</Name><Type>10</Type><ParentIndex>629</ParentIndex><ClassName></ClassName><Unbounded>N</Unbounded>
	</RowData>
	<RowData><DataStructureId>638</DataStructureId><ProcessDefId>1</ProcessDefId><ExtMethodIndex>39</ExtMethodIndex><Name>PLANT</Name><Type>10</Type><ParentIndex>629</ParentIndex><ClassName></ClassName><Unbounded>N</Unbounded>
	</RowData>
	<RowData><DataStructureId>639</DataStructureId><ProcessDefId>1</ProcessDefId><ExtMethodIndex>39</ExtMethodIndex><Name>REQ_DATE</Name><Type>8</Type><ParentIndex>629</ParentIndex><ClassName></ClassName><Unbounded>N</Unbounded>
	</RowData>
	<RowData><DataStructureId>640</DataStructureId><ProcessDefId>1</ProcessDefId><ExtMethodIndex>39</ExtMethodIndex><Name>CHANGE_ID</Name><Type>10</Type><ParentIndex>629</ParentIndex><ClassName></ClassName><Unbounded>N</Unbounded>
	</RowData>
	<RowData><DataStructureId>641</DataStructureId><ProcessDefId>1</ProcessDefId><ExtMethodIndex>39</ExtMethodIndex><Name>MATERIAL_EXTERNAL</Name><Type>10</Type><ParentIndex>629</ParentIndex><ClassName></ClassName><Unbounded>N</Unbounded>
	</RowData>
	<RowData><DataStructureId>642</DataStructureId><ProcessDefId>1</ProcessDefId><ExtMethodIndex>39</ExtMethodIndex><Name>MATERIAL_GUID</Name><Type>10</Type><ParentIndex>629</ParentIndex><ClassName></ClassName><Unbounded>N</Unbounded>
	</RowData>
	<RowData><DataStructureId>643</DataStructureId><ProcessDefId>1</ProcessDefId><ExtMethodIndex>39</ExtMethodIndex><Name>MATERIAL_VERSION</Name><Type>10</Type><ParentIndex>629</ParentIndex><ClassName></ClassName><Unbounded>N</Unbounded>
	</RowData>
	<RowData><DataStructureId>644</DataStructureId><ProcessDefId>1</ProcessDefId><ExtMethodIndex>39</ExtMethodIndex><Name>ITEM_CAT</Name><Type>10</Type><ParentIndex>629</ParentIndex><ClassName></ClassName><Unbounded>N</Unbounded>
	</RowData>
	<RowData><DataStructureId>645</DataStructureId><ProcessDefId>1</ProcessDefId><ExtMethodIndex>39</ExtMethodIndex><Name>REQ_QUAN</Name><Type>10</Type><ParentIndex>629</ParentIndex><ClassName></ClassName><Unbounded>N</Unbounded>
	</RowData>
	<RowData><DataStructureId>646</DataStructureId><ProcessDefId>1</ProcessDefId><ExtMethodIndex>39</ExtMethodIndex><Name>BASE_UOM</Name><Type>10</Type><ParentIndex>629</ParentIndex><ClassName></ClassName><Unbounded>N</Unbounded>
	</RowData>
	<RowData><DataStructureId>647</DataStructureId><ProcessDefId>1</ProcessDefId><ExtMethodIndex>39</ExtMethodIndex><Name>BASE_UOM_ISO</Name><Type>10</Type><ParentIndex>629</ParentIndex><ClassName></ClassName><Unbounded>N</Unbounded>
	</RowData>
	<RowData><DataStructureId>648</DataStructureId><ProcessDefId>1</ProcessDefId><ExtMethodIndex>39</ExtMethodIndex><Name>PHANT_ITEM</Name><Type>10</Type><ParentIndex>629</ParentIndex><ClassName></ClassName><Unbounded>N</Unbounded>
	</RowData>
	<RowData><DataStructureId>649</DataStructureId><ProcessDefId>1</ProcessDefId><ExtMethodIndex>39</ExtMethodIndex><Name>BATCH</Name><Type>10</Type><ParentIndex>629</ParentIndex><ClassName></ClassName><Unbounded>N</Unbounded>
	</RowData>
	<RowData><DataStructureId>650</DataStructureId><ProcessDefId>1</ProcessDefId><ExtMethodIndex>39</ExtMethodIndex><Name>MAT_PROVISION</Name><Type>10</Type><ParentIndex>629</ParentIndex><ClassName></ClassName><Unbounded>N</Unbounded>
	</RowData>
	<RowData><DataStructureId>651</DataStructureId><ProcessDefId>1</ProcessDefId><ExtMethodIndex>39</ExtMethodIndex><Name>ISS_ST_LOC</Name><Type>10</Type><ParentIndex>629</ParentIndex><ClassName></ClassName><Unbounded>N</Unbounded>
	</RowData>
	<RowData><DataStructureId>652</DataStructureId><ProcessDefId>1</ProcessDefId><ExtMethodIndex>39</ExtMethodIndex><Name>REV_LEV</Name><Type>10</Type><ParentIndex>629</ParentIndex><ClassName></ClassName><Unbounded>N</Unbounded>
	</RowData>
	<RowData><DataStructureId>653</DataStructureId><ProcessDefId>1</ProcessDefId><ExtMethodIndex>39</ExtMethodIndex><Name>POSCHEDULE</Name><Type>11</Type><ParentIndex>0</ParentIndex><ClassName>BAPIMEPOSCHEDULE</ClassName><Unbounded>Y</Unbounded>
	</RowData>
	<RowData><DataStructureId>654</DataStructureId><ProcessDefId>1</ProcessDefId><ExtMethodIndex>39</ExtMethodIndex><Name>PO_ITEM</Name><Type>3</Type><ParentIndex>653</ParentIndex><ClassName></ClassName><Unbounded>N</Unbounded>
	</RowData>
	<RowData><DataStructureId>655</DataStructureId><ProcessDefId>1</ProcessDefId><ExtMethodIndex>39</ExtMethodIndex><Name>SCHED_LINE</Name><Type>3</Type><ParentIndex>653</ParentIndex><ClassName></ClassName><Unbounded>N</Unbounded>
	</RowData>
	<RowData><DataStructureId>656</DataStructureId><ProcessDefId>1</ProcessDefId><ExtMethodIndex>39</ExtMethodIndex><Name>DEL_DATCAT_EXT</Name><Type>10</Type><ParentIndex>653</ParentIndex><ClassName></ClassName><Unbounded>N</Unbounded>
	</RowData>
	<RowData><DataStructureId>657</DataStructureId><ProcessDefId>1</ProcessDefId><ExtMethodIndex>39</ExtMethodIndex><Name>DELIVERY_DATE</Name><Type>10</Type><ParentIndex>653</ParentIndex><ClassName></ClassName><Unbounded>N</Unbounded>
	</RowData>
	<RowData><DataStructureId>658</DataStructureId><ProcessDefId>1</ProcessDefId><ExtMethodIndex>39</ExtMethodIndex><Name>QUANTITY</Name><Type>10</Type><ParentIndex>653</ParentIndex><ClassName></ClassName><Unbounded>N</Unbounded>
	</RowData>
	<RowData><DataStructureId>659</DataStructureId><ProcessDefId>1</ProcessDefId><ExtMethodIndex>39</ExtMethodIndex><Name>DELIV_TIME</Name><Type>10</Type><ParentIndex>653</ParentIndex><ClassName></ClassName><Unbounded>N</Unbounded>
	</RowData>
	<RowData><DataStructureId>660</DataStructureId><ProcessDefId>1</ProcessDefId><ExtMethodIndex>39</ExtMethodIndex><Name>STAT_DATE</Name><Type>8</Type><ParentIndex>653</ParentIndex><ClassName></ClassName><Unbounded>N</Unbounded>
	</RowData>
	<RowData><DataStructureId>661</DataStructureId><ProcessDefId>1</ProcessDefId><ExtMethodIndex>39</ExtMethodIndex><Name>PREQ_NO</Name><Type>10</Type><ParentIndex>653</ParentIndex><ClassName></ClassName><Unbounded>N</Unbounded>
	</RowData>
	<RowData><DataStructureId>662</DataStructureId><ProcessDefId>1</ProcessDefId><ExtMethodIndex>39</ExtMethodIndex><Name>PREQ_ITEM</Name><Type>3</Type><ParentIndex>653</ParentIndex><ClassName></ClassName><Unbounded>N</Unbounded>
	</RowData>
	<RowData><DataStructureId>663</DataStructureId><ProcessDefId>1</ProcessDefId><ExtMethodIndex>39</ExtMethodIndex><Name>PO_DATE</Name><Type>8</Type><ParentIndex>653</ParentIndex><ClassName></ClassName><Unbounded>N</Unbounded>
	</RowData>
	<RowData><DataStructureId>664</DataStructureId><ProcessDefId>1</ProcessDefId><ExtMethodIndex>39</ExtMethodIndex><Name>ROUTESCHED</Name><Type>10</Type><ParentIndex>653</ParentIndex><ClassName></ClassName><Unbounded>N</Unbounded>
	</RowData>
	<RowData><DataStructureId>665</DataStructureId><ProcessDefId>1</ProcessDefId><ExtMethodIndex>39</ExtMethodIndex><Name>MS_DATE</Name><Type>8</Type><ParentIndex>653</ParentIndex><ClassName></ClassName><Unbounded>N</Unbounded>
	</RowData>
	<RowData><DataStructureId>666</DataStructureId><ProcessDefId>1</ProcessDefId><ExtMethodIndex>39</ExtMethodIndex><Name>MS_TIME</Name><Type>10</Type><ParentIndex>653</ParentIndex><ClassName></ClassName><Unbounded>N</Unbounded>
	</RowData>
	<RowData><DataStructureId>667</DataStructureId><ProcessDefId>1</ProcessDefId><ExtMethodIndex>39</ExtMethodIndex><Name>LOAD_DATE</Name><Type>8</Type><ParentIndex>653</ParentIndex><ClassName></ClassName><Unbounded>N</Unbounded>
	</RowData>
	<RowData><DataStructureId>668</DataStructureId><ProcessDefId>1</ProcessDefId><ExtMethodIndex>39</ExtMethodIndex><Name>LOAD_TIME</Name><Type>10</Type><ParentIndex>653</ParentIndex><ClassName></ClassName><Unbounded>N</Unbounded>
	</RowData>
	<RowData><DataStructureId>669</DataStructureId><ProcessDefId>1</ProcessDefId><ExtMethodIndex>39</ExtMethodIndex><Name>TP_DATE</Name><Type>8</Type><ParentIndex>653</ParentIndex><ClassName></ClassName><Unbounded>N</Unbounded>
	</RowData>
	<RowData><DataStructureId>670</DataStructureId><ProcessDefId>1</ProcessDefId><ExtMethodIndex>39</ExtMethodIndex><Name>TP_TIME</Name><Type>10</Type><ParentIndex>653</ParentIndex><ClassName></ClassName><Unbounded>N</Unbounded>
	</RowData>
	<RowData><DataStructureId>671</DataStructureId><ProcessDefId>1</ProcessDefId><ExtMethodIndex>39</ExtMethodIndex><Name>GI_DATE</Name><Type>8</Type><ParentIndex>653</ParentIndex><ClassName></ClassName><Unbounded>N</Unbounded>
	</RowData>
	<RowData><DataStructureId>672</DataStructureId><ProcessDefId>1</ProcessDefId><ExtMethodIndex>39</ExtMethodIndex><Name>GI_TIME</Name><Type>10</Type><ParentIndex>653</ParentIndex><ClassName></ClassName><Unbounded>N</Unbounded>
	</RowData>
	<RowData><DataStructureId>673</DataStructureId><ProcessDefId>1</ProcessDefId><ExtMethodIndex>39</ExtMethodIndex><Name>DELETE_IND</Name><Type>10</Type><ParentIndex>653</ParentIndex><ClassName></ClassName><Unbounded>N</Unbounded>
	</RowData>
	<RowData><DataStructureId>674</DataStructureId><ProcessDefId>1</ProcessDefId><ExtMethodIndex>39</ExtMethodIndex><Name>REQ_CLOSED</Name><Type>10</Type><ParentIndex>653</ParentIndex><ClassName></ClassName><Unbounded>N</Unbounded>
	</RowData>
	<RowData><DataStructureId>675</DataStructureId><ProcessDefId>1</ProcessDefId><ExtMethodIndex>39</ExtMethodIndex><Name>GR_END_DATE</Name><Type>8</Type><ParentIndex>653</ParentIndex><ClassName></ClassName><Unbounded>N</Unbounded>
	</RowData>
	<RowData><DataStructureId>676</DataStructureId><ProcessDefId>1</ProcessDefId><ExtMethodIndex>39</ExtMethodIndex><Name>GR_END_TIME</Name><Type>10</Type><ParentIndex>653</ParentIndex><ClassName></ClassName><Unbounded>N</Unbounded>
	</RowData>
	<RowData><DataStructureId>677</DataStructureId><ProcessDefId>1</ProcessDefId><ExtMethodIndex>39</ExtMethodIndex><Name>COM_QTY</Name><Type>10</Type><ParentIndex>653</ParentIndex><ClassName></ClassName><Unbounded>N</Unbounded>
	</RowData>
	<RowData><DataStructureId>678</DataStructureId><ProcessDefId>1</ProcessDefId><ExtMethodIndex>39</ExtMethodIndex><Name>COM_DATE</Name><Type>8</Type><ParentIndex>653</ParentIndex><ClassName></ClassName><Unbounded>N</Unbounded>
	</RowData>
	<RowData><DataStructureId>679</DataStructureId><ProcessDefId>1</ProcessDefId><ExtMethodIndex>39</ExtMethodIndex><Name>GEO_ROUTE</Name><Type>10</Type><ParentIndex>653</ParentIndex><ClassName></ClassName><Unbounded>N</Unbounded>
	</RowData>
	<RowData><DataStructureId>680</DataStructureId><ProcessDefId>1</ProcessDefId><ExtMethodIndex>39</ExtMethodIndex><Name>HANDOVERDATE</Name><Type>8</Type><ParentIndex>653</ParentIndex><ClassName></ClassName><Unbounded>N</Unbounded>
	</RowData>
	<RowData><DataStructureId>681</DataStructureId><ProcessDefId>1</ProcessDefId><ExtMethodIndex>39</ExtMethodIndex><Name>HANDOVERTIME</Name><Type>10</Type><ParentIndex>653</ParentIndex><ClassName></ClassName><Unbounded>N</Unbounded>
	</RowData>
	<RowData><DataStructureId>682</DataStructureId><ProcessDefId>1</ProcessDefId><ExtMethodIndex>39</ExtMethodIndex><Name>POCONFIRMATION</Name><Type>11</Type><ParentIndex>0</ParentIndex><ClassName>BAPIEKES</ClassName><Unbounded>Y</Unbounded>
	</RowData>
	<RowData><DataStructureId>683</DataStructureId><ProcessDefId>1</ProcessDefId><ExtMethodIndex>39</ExtMethodIndex><Name>PO_ITEM</Name><Type>3</Type><ParentIndex>682</ParentIndex><ClassName></ClassName><Unbounded>N</Unbounded>
	</RowData>
	<RowData><DataStructureId>684</DataStructureId><ProcessDefId>1</ProcessDefId><ExtMethodIndex>39</ExtMethodIndex><Name>CONF_SER</Name><Type>3</Type><ParentIndex>682</ParentIndex><ClassName></ClassName><Unbounded>N</Unbounded>
	</RowData>
	<RowData><DataStructureId>685</DataStructureId><ProcessDefId>1</ProcessDefId><ExtMethodIndex>39</ExtMethodIndex><Name>CONF_TYPE</Name><Type>10</Type><ParentIndex>682</ParentIndex><ClassName></ClassName><Unbounded>N</Unbounded>
	</RowData>
	<RowData><DataStructureId>686</DataStructureId><ProcessDefId>1</ProcessDefId><ExtMethodIndex>39</ExtMethodIndex><Name>CONF_NAME</Name><Type>10</Type><ParentIndex>682</ParentIndex><ClassName></ClassName><Unbounded>N</Unbounded>
	</RowData>
	<RowData><DataStructureId>687</DataStructureId><ProcessDefId>1</ProcessDefId><ExtMethodIndex>39</ExtMethodIndex><Name>DEL_DATCAT</Name><Type>10</Type><ParentIndex>682</ParentIndex><ClassName></ClassName><Unbounded>N</Unbounded>
	</RowData>
	<RowData><DataStructureId>688</DataStructureId><ProcessDefId>1</ProcessDefId><ExtMethodIndex>39</ExtMethodIndex><Name>DEL_DATCAT_EXT</Name><Type>10</Type><ParentIndex>682</ParentIndex><ClassName></ClassName><Unbounded>N</Unbounded>
	</RowData>
	<RowData><DataStructureId>689</DataStructureId><ProcessDefId>1</ProcessDefId><ExtMethodIndex>39</ExtMethodIndex><Name>DELIV_DATE</Name><Type>8</Type><ParentIndex>682</ParentIndex><ClassName></ClassName><Unbounded>N</Unbounded>
	</RowData>
	<RowData><DataStructureId>690</DataStructureId><ProcessDefId>1</ProcessDefId><ExtMethodIndex>39</ExtMethodIndex><Name>DELIV_TIME</Name><Type>10</Type><ParentIndex>682</ParentIndex><ClassName></ClassName><Unbounded>N</Unbounded>
	</RowData>
	<RowData><DataStructureId>691</DataStructureId><ProcessDefId>1</ProcessDefId><ExtMethodIndex>39</ExtMethodIndex><Name>QUANTITY</Name><Type>10</Type><ParentIndex>682</ParentIndex><ClassName></ClassName><Unbounded>N</Unbounded>
	</RowData>
	<RowData><DataStructureId>692</DataStructureId><ProcessDefId>1</ProcessDefId><ExtMethodIndex>39</ExtMethodIndex><Name>DELETE_IND</Name><Type>10</Type><ParentIndex>682</ParentIndex><ClassName></ClassName><Unbounded>N</Unbounded>
	</RowData>
	<RowData><DataStructureId>693</DataStructureId><ProcessDefId>1</ProcessDefId><ExtMethodIndex>39</ExtMethodIndex><Name>DISPO_REL</Name><Type>10</Type><ParentIndex>682</ParentIndex><ClassName></ClassName><Unbounded>N</Unbounded>
	</RowData>
	<RowData><DataStructureId>694</DataStructureId><ProcessDefId>1</ProcessDefId><ExtMethodIndex>39</ExtMethodIndex><Name>RECEIPT_REL</Name><Type>10</Type><ParentIndex>682</ParentIndex><ClassName></ClassName><Unbounded>N</Unbounded>
	</RowData>
	<RowData><DataStructureId>695</DataStructureId><ProcessDefId>1</ProcessDefId><ExtMethodIndex>39</ExtMethodIndex><Name>EXT_DOC</Name><Type>10</Type><ParentIndex>682</ParentIndex><ClassName></ClassName><Unbounded>N</Unbounded>
	</RowData>
	<RowData><DataStructureId>696</DataStructureId><ProcessDefId>1</ProcessDefId><ExtMethodIndex>39</ExtMethodIndex><Name>DELIV_NUMB</Name><Type>10</Type><ParentIndex>682</ParentIndex><ClassName></ClassName><Unbounded>N</Unbounded>
	</RowData>
	<RowData><DataStructureId>697</DataStructureId><ProcessDefId>1</ProcessDefId><ExtMethodIndex>39</ExtMethodIndex><Name>DELIV_ITEM</Name><Type>3</Type><ParentIndex>682</ParentIndex><ClassName></ClassName><Unbounded>N</Unbounded>
	</RowData>
	<RowData><DataStructureId>698</DataStructureId><ProcessDefId>1</ProcessDefId><ExtMethodIndex>39</ExtMethodIndex><Name>EXT_DOC_LONG</Name><Type>10</Type><ParentIndex>682</ParentIndex><ClassName></ClassName><Unbounded>N</Unbounded>
	</RowData>
	<RowData><DataStructureId>699</DataStructureId><ProcessDefId>1</ProcessDefId><ExtMethodIndex>39</ExtMethodIndex><Name>HANDOVERDATE</Name><Type>8</Type><ParentIndex>682</ParentIndex><ClassName></ClassName><Unbounded>N</Unbounded>
	</RowData>
	<RowData><DataStructureId>700</DataStructureId><ProcessDefId>1</ProcessDefId><ExtMethodIndex>39</ExtMethodIndex><Name>HANDOVERTIME</Name><Type>10</Type><ParentIndex>682</ParentIndex><ClassName></ClassName><Unbounded>N</Unbounded>
	</RowData>
	<RowData><DataStructureId>701</DataStructureId><ProcessDefId>1</ProcessDefId><ExtMethodIndex>39</ExtMethodIndex><Name>RETURN</Name><Type>11</Type><ParentIndex>0</ParentIndex><ClassName>BAPIRET2</ClassName><Unbounded>Y</Unbounded>
	</RowData>
	<RowData><DataStructureId>702</DataStructureId><ProcessDefId>1</ProcessDefId><ExtMethodIndex>39</ExtMethodIndex><Name>TYPE</Name><Type>10</Type><ParentIndex>701</ParentIndex><ClassName></ClassName><Unbounded>N</Unbounded>
	</RowData>
	<RowData><DataStructureId>703</DataStructureId><ProcessDefId>1</ProcessDefId><ExtMethodIndex>39</ExtMethodIndex><Name>ID</Name><Type>10</Type><ParentIndex>701</ParentIndex><ClassName></ClassName><Unbounded>N</Unbounded>
	</RowData>
	<RowData><DataStructureId>704</DataStructureId><ProcessDefId>1</ProcessDefId><ExtMethodIndex>39</ExtMethodIndex><Name>NUMBER</Name><Type>3</Type><ParentIndex>701</ParentIndex><ClassName></ClassName><Unbounded>N</Unbounded>
	</RowData>
	<RowData><DataStructureId>705</DataStructureId><ProcessDefId>1</ProcessDefId><ExtMethodIndex>39</ExtMethodIndex><Name>MESSAGE</Name><Type>10</Type><ParentIndex>701</ParentIndex><ClassName></ClassName><Unbounded>N</Unbounded>
	</RowData>
	<RowData><DataStructureId>706</DataStructureId><ProcessDefId>1</ProcessDefId><ExtMethodIndex>39</ExtMethodIndex><Name>LOG_NO</Name><Type>10</Type><ParentIndex>701</ParentIndex><ClassName></ClassName><Unbounded>N</Unbounded>
	</RowData>
	<RowData><DataStructureId>707</DataStructureId><ProcessDefId>1</ProcessDefId><ExtMethodIndex>39</ExtMethodIndex><Name>LOG_MSG_NO</Name><Type>3</Type><ParentIndex>701</ParentIndex><ClassName></ClassName><Unbounded>N</Unbounded>
	</RowData>
	<RowData><DataStructureId>708</DataStructureId><ProcessDefId>1</ProcessDefId><ExtMethodIndex>39</ExtMethodIndex><Name>MESSAGE_V1</Name><Type>10</Type><ParentIndex>701</ParentIndex><ClassName></ClassName><Unbounded>N</Unbounded>
	</RowData>
	<RowData><DataStructureId>709</DataStructureId><ProcessDefId>1</ProcessDefId><ExtMethodIndex>39</ExtMethodIndex><Name>MESSAGE_V2</Name><Type>10</Type><ParentIndex>701</ParentIndex><ClassName></ClassName><Unbounded>N</Unbounded>
	</RowData>
	<RowData><DataStructureId>710</DataStructureId><ProcessDefId>1</ProcessDefId><ExtMethodIndex>39</ExtMethodIndex><Name>MESSAGE_V3</Name><Type>10</Type><ParentIndex>701</ParentIndex><ClassName></ClassName><Unbounded>N</Unbounded>
	</RowData>
	<RowData><DataStructureId>711</DataStructureId><ProcessDefId>1</ProcessDefId><ExtMethodIndex>39</ExtMethodIndex><Name>MESSAGE_V4</Name><Type>10</Type><ParentIndex>701</ParentIndex><ClassName></ClassName><Unbounded>N</Unbounded>
	</RowData>
	<RowData><DataStructureId>712</DataStructureId><ProcessDefId>1</ProcessDefId><ExtMethodIndex>39</ExtMethodIndex><Name>PARAMETER</Name><Type>10</Type><ParentIndex>701</ParentIndex><ClassName></ClassName><Unbounded>N</Unbounded>
	</RowData>
	<RowData><DataStructureId>713</DataStructureId><ProcessDefId>1</ProcessDefId><ExtMethodIndex>39</ExtMethodIndex><Name>ROW</Name><Type>10</Type><ParentIndex>701</ParentIndex><ClassName></ClassName><Unbounded>N</Unbounded>
	</RowData>
	<RowData><DataStructureId>714</DataStructureId><ProcessDefId>1</ProcessDefId><ExtMethodIndex>39</ExtMethodIndex><Name>FIELD</Name><Type>10</Type><ParentIndex>701</ParentIndex><ClassName></ClassName><Unbounded>N</Unbounded>
	</RowData>
	<RowData><DataStructureId>715</DataStructureId><ProcessDefId>1</ProcessDefId><ExtMethodIndex>39</ExtMethodIndex><Name>SYSTEM</Name><Type>10</Type><ParentIndex>701</ParentIndex><ClassName></ClassName><Unbounded>N</Unbounded>
	</RowData>
	<RowData><DataStructureId>716</DataStructureId><ProcessDefId>1</ProcessDefId><ExtMethodIndex>39</ExtMethodIndex><Name>POCOND</Name><Type>11</Type><ParentIndex>0</ParentIndex><ClassName>BAPIMEPOCOND</ClassName><Unbounded>Y</Unbounded>
	</RowData>
	<RowData><DataStructureId>717</DataStructureId><ProcessDefId>1</ProcessDefId><ExtMethodIndex>39</ExtMethodIndex><Name>CONDITION_NO</Name><Type>10</Type><ParentIndex>716</ParentIndex><ClassName></ClassName><Unbounded>N</Unbounded>
	</RowData>
	<RowData><DataStructureId>718</DataStructureId><ProcessDefId>1</ProcessDefId><ExtMethodIndex>39</ExtMethodIndex><Name>ITM_NUMBER</Name><Type>3</Type><ParentIndex>716</ParentIndex><ClassName></ClassName><Unbounded>N</Unbounded>
	</RowData>
	<RowData><DataStructureId>719</DataStructureId><ProcessDefId>1</ProcessDefId><ExtMethodIndex>39</ExtMethodIndex><Name>COND_ST_NO</Name><Type>3</Type><ParentIndex>716</ParentIndex><ClassName></ClassName><Unbounded>N</Unbounded>
	</RowData>
	<RowData><DataStructureId>720</DataStructureId><ProcessDefId>1</ProcessDefId><ExtMethodIndex>39</ExtMethodIndex><Name>COND_COUNT</Name><Type>3</Type><ParentIndex>716</ParentIndex><ClassName></ClassName><Unbounded>N</Unbounded>
	</RowData>
	<RowData><DataStructureId>721</DataStructureId><ProcessDefId>1</ProcessDefId><ExtMethodIndex>39</ExtMethodIndex><Name>COND_TYPE</Name><Type>10</Type><ParentIndex>716</ParentIndex><ClassName></ClassName><Unbounded>N</Unbounded>
	</RowData>
	<RowData><DataStructureId>722</DataStructureId><ProcessDefId>1</ProcessDefId><ExtMethodIndex>39</ExtMethodIndex><Name>COND_VALUE</Name><Type>10</Type><ParentIndex>716</ParentIndex><ClassName></ClassName><Unbounded>N</Unbounded>
	</RowData>
	<RowData><DataStructureId>723</DataStructureId><ProcessDefId>1</ProcessDefId><ExtMethodIndex>39</ExtMethodIndex><Name>CURRENCY</Name><Type>10</Type><ParentIndex>716</ParentIndex><ClassName></ClassName><Unbounded>N</Unbounded>
	</RowData>
	<RowData><DataStructureId>724</DataStructureId><ProcessDefId>1</ProcessDefId><ExtMethodIndex>39</ExtMethodIndex><Name>CURRENCY_ISO</Name><Type>10</Type><ParentIndex>716</ParentIndex><ClassName></ClassName><Unbounded>N</Unbounded>
	</RowData>
	<RowData><DataStructureId>725</DataStructureId><ProcessDefId>1</ProcessDefId><ExtMethodIndex>39</ExtMethodIndex><Name>COND_UNIT</Name><Type>10</Type><ParentIndex>716</ParentIndex><ClassName></ClassName><Unbounded>N</Unbounded>
	</RowData>
	<RowData><DataStructureId>726</DataStructureId><ProcessDefId>1</ProcessDefId><ExtMethodIndex>39</ExtMethodIndex><Name>COND_UNIT_ISO</Name><Type>10</Type><ParentIndex>716</ParentIndex><ClassName></ClassName><Unbounded>N</Unbounded>
	</RowData>
	<RowData><DataStructureId>727</DataStructureId><ProcessDefId>1</ProcessDefId><ExtMethodIndex>39</ExtMethodIndex><Name>COND_P_UNT</Name><Type>10</Type><ParentIndex>716</ParentIndex><ClassName></ClassName><Unbounded>N</Unbounded>
	</RowData>
	<RowData><DataStructureId>728</DataStructureId><ProcessDefId>1</ProcessDefId><ExtMethodIndex>39</ExtMethodIndex><Name>APPLICATIO</Name><Type>10</Type><ParentIndex>716</ParentIndex><ClassName></ClassName><Unbounded>N</Unbounded>
	</RowData>
	<RowData><DataStructureId>729</DataStructureId><ProcessDefId>1</ProcessDefId><ExtMethodIndex>39</ExtMethodIndex><Name>CONPRICDAT</Name><Type>8</Type><ParentIndex>716</ParentIndex><ClassName></ClassName><Unbounded>N</Unbounded>
	</RowData>
	<RowData><DataStructureId>730</DataStructureId><ProcessDefId>1</ProcessDefId><ExtMethodIndex>39</ExtMethodIndex><Name>CALCTYPCON</Name><Type>10</Type><ParentIndex>716</ParentIndex><ClassName></ClassName><Unbounded>N</Unbounded>
	</RowData>
	<RowData><DataStructureId>731</DataStructureId><ProcessDefId>1</ProcessDefId><ExtMethodIndex>39</ExtMethodIndex><Name>CONBASEVAL</Name><Type>10</Type><ParentIndex>716</ParentIndex><ClassName></ClassName><Unbounded>N</Unbounded>
	</RowData>
	<RowData><DataStructureId>732</DataStructureId><ProcessDefId>1</ProcessDefId><ExtMethodIndex>39</ExtMethodIndex><Name>CONEXCHRAT</Name><Type>10</Type><ParentIndex>716</ParentIndex><ClassName></ClassName><Unbounded>N</Unbounded>
	</RowData>
	<RowData><DataStructureId>733</DataStructureId><ProcessDefId>1</ProcessDefId><ExtMethodIndex>39</ExtMethodIndex><Name>NUMCONVERT</Name><Type>10</Type><ParentIndex>716</ParentIndex><ClassName></ClassName><Unbounded>N</Unbounded>
	</RowData>
	<RowData><DataStructureId>734</DataStructureId><ProcessDefId>1</ProcessDefId><ExtMethodIndex>39</ExtMethodIndex><Name>DENOMINATO</Name><Type>10</Type><ParentIndex>716</ParentIndex><ClassName></ClassName><Unbounded>N</Unbounded>
	</RowData>
	<RowData><DataStructureId>735</DataStructureId><ProcessDefId>1</ProcessDefId><ExtMethodIndex>39</ExtMethodIndex><Name>CONDTYPE</Name><Type>10</Type><ParentIndex>716</ParentIndex><ClassName></ClassName><Unbounded>N</Unbounded>
	</RowData>
	<RowData><DataStructureId>736</DataStructureId><ProcessDefId>1</ProcessDefId><ExtMethodIndex>39</ExtMethodIndex><Name>STAT_CON</Name><Type>10</Type><ParentIndex>716</ParentIndex><ClassName></ClassName><Unbounded>N</Unbounded>
	</RowData>
	<RowData><DataStructureId>737</DataStructureId><ProcessDefId>1</ProcessDefId><ExtMethodIndex>39</ExtMethodIndex><Name>SCALETYPE</Name><Type>10</Type><ParentIndex>716</ParentIndex><ClassName></ClassName><Unbounded>N</Unbounded>
	</RowData>
	<RowData><DataStructureId>738</DataStructureId><ProcessDefId>1</ProcessDefId><ExtMethodIndex>39</ExtMethodIndex><Name>ACCRUALS</Name><Type>10</Type><ParentIndex>716</ParentIndex><ClassName></ClassName><Unbounded>N</Unbounded>
	</RowData>
	<RowData><DataStructureId>739</DataStructureId><ProcessDefId>1</ProcessDefId><ExtMethodIndex>39</ExtMethodIndex><Name>CONINVOLST</Name><Type>10</Type><ParentIndex>716</ParentIndex><ClassName></ClassName><Unbounded>N</Unbounded>
	</RowData>
	<RowData><DataStructureId>740</DataStructureId><ProcessDefId>1</ProcessDefId><ExtMethodIndex>39</ExtMethodIndex><Name>CONDORIGIN</Name><Type>10</Type><ParentIndex>716</ParentIndex><ClassName></ClassName><Unbounded>N</Unbounded>
	</RowData>
	<RowData><DataStructureId>741</DataStructureId><ProcessDefId>1</ProcessDefId><ExtMethodIndex>39</ExtMethodIndex><Name>GROUPCOND</Name><Type>10</Type><ParentIndex>716</ParentIndex><ClassName></ClassName><Unbounded>N</Unbounded>
	</RowData>
	<RowData><DataStructureId>742</DataStructureId><ProcessDefId>1</ProcessDefId><ExtMethodIndex>39</ExtMethodIndex><Name>COND_UPDAT</Name><Type>10</Type><ParentIndex>716</ParentIndex><ClassName></ClassName><Unbounded>N</Unbounded>
	</RowData>
	<RowData><DataStructureId>743</DataStructureId><ProcessDefId>1</ProcessDefId><ExtMethodIndex>39</ExtMethodIndex><Name>ACCESS_SEQ</Name><Type>3</Type><ParentIndex>716</ParentIndex><ClassName></ClassName><Unbounded>N</Unbounded>
	</RowData>
	<RowData><DataStructureId>744</DataStructureId><ProcessDefId>1</ProcessDefId><ExtMethodIndex>39</ExtMethodIndex><Name>CONDCOUNT</Name><Type>3</Type><ParentIndex>716</ParentIndex><ClassName></ClassName><Unbounded>N</Unbounded>
	</RowData>
	<RowData><DataStructureId>745</DataStructureId><ProcessDefId>1</ProcessDefId><ExtMethodIndex>39</ExtMethodIndex><Name>CONDCNTRL</Name><Type>10</Type><ParentIndex>716</ParentIndex><ClassName></ClassName><Unbounded>N</Unbounded>
	</RowData>
	<RowData><DataStructureId>746</DataStructureId><ProcessDefId>1</ProcessDefId><ExtMethodIndex>39</ExtMethodIndex><Name>CONDISACTI</Name><Type>10</Type><ParentIndex>716</ParentIndex><ClassName></ClassName><Unbounded>N</Unbounded>
	</RowData>
	<RowData><DataStructureId>747</DataStructureId><ProcessDefId>1</ProcessDefId><ExtMethodIndex>39</ExtMethodIndex><Name>CONDCLASS</Name><Type>10</Type><ParentIndex>716</ParentIndex><ClassName></ClassName><Unbounded>N</Unbounded>
	</RowData>
	<RowData><DataStructureId>748</DataStructureId><ProcessDefId>1</ProcessDefId><ExtMethodIndex>39</ExtMethodIndex><Name>FACTBASVAL</Name><Type>10</Type><ParentIndex>716</ParentIndex><ClassName></ClassName><Unbounded>N</Unbounded>
	</RowData>
	<RowData><DataStructureId>749</DataStructureId><ProcessDefId>1</ProcessDefId><ExtMethodIndex>39</ExtMethodIndex><Name>SCALEBASIN</Name><Type>10</Type><ParentIndex>716</ParentIndex><ClassName></ClassName><Unbounded>N</Unbounded>
	</RowData>
	<RowData><DataStructureId>750</DataStructureId><ProcessDefId>1</ProcessDefId><ExtMethodIndex>39</ExtMethodIndex><Name>SCALBASVAL</Name><Type>10</Type><ParentIndex>716</ParentIndex><ClassName></ClassName><Unbounded>N</Unbounded>
	</RowData>
	<RowData><DataStructureId>751</DataStructureId><ProcessDefId>1</ProcessDefId><ExtMethodIndex>39</ExtMethodIndex><Name>UNITMEASUR</Name><Type>10</Type><ParentIndex>716</ParentIndex><ClassName></ClassName><Unbounded>N</Unbounded>
	</RowData>
	<RowData><DataStructureId>752</DataStructureId><ProcessDefId>1</ProcessDefId><ExtMethodIndex>39</ExtMethodIndex><Name>UNITMEASUR_ISO</Name><Type>10</Type><ParentIndex>716</ParentIndex><ClassName></ClassName><Unbounded>N</Unbounded>
	</RowData>
	<RowData><DataStructureId>753</DataStructureId><ProcessDefId>1</ProcessDefId><ExtMethodIndex>39</ExtMethodIndex><Name>CURRENCKEY</Name><Type>10</Type><ParentIndex>716</ParentIndex><ClassName></ClassName><Unbounded>N</Unbounded>
	</RowData>
	<RowData><DataStructureId>754</DataStructureId><ProcessDefId>1</ProcessDefId><ExtMethodIndex>39</ExtMethodIndex><Name>CURRENCKEY_ISO</Name><Type>10</Type><ParentIndex>716</ParentIndex><ClassName></ClassName><Unbounded>N</Unbounded>
	</RowData>
	<RowData><DataStructureId>755</DataStructureId><ProcessDefId>1</ProcessDefId><ExtMethodIndex>39</ExtMethodIndex><Name>CONDINCOMP</Name><Type>10</Type><ParentIndex>716</ParentIndex><ClassName></ClassName><Unbounded>N</Unbounded>
	</RowData>
	<RowData><DataStructureId>756</DataStructureId><ProcessDefId>1</ProcessDefId><ExtMethodIndex>39</ExtMethodIndex><Name>CONDCONFIG</Name><Type>10</Type><ParentIndex>716</ParentIndex><ClassName></ClassName><Unbounded>N</Unbounded>
	</RowData>
	<RowData><DataStructureId>757</DataStructureId><ProcessDefId>1</ProcessDefId><ExtMethodIndex>39</ExtMethodIndex><Name>CONDCHAMAN</Name><Type>10</Type><ParentIndex>716</ParentIndex><ClassName></ClassName><Unbounded>N</Unbounded>
	</RowData>
	<RowData><DataStructureId>758</DataStructureId><ProcessDefId>1</ProcessDefId><ExtMethodIndex>39</ExtMethodIndex><Name>COND_NO</Name><Type>10</Type><ParentIndex>716</ParentIndex><ClassName></ClassName><Unbounded>N</Unbounded>
	</RowData>
	<RowData><DataStructureId>759</DataStructureId><ProcessDefId>1</ProcessDefId><ExtMethodIndex>39</ExtMethodIndex><Name>CHANGE_ID</Name><Type>10</Type><ParentIndex>716</ParentIndex><ClassName></ClassName><Unbounded>N</Unbounded>
	</RowData>
	<RowData><DataStructureId>760</DataStructureId><ProcessDefId>1</ProcessDefId><ExtMethodIndex>39</ExtMethodIndex><Name>VENDOR_NO</Name><Type>10</Type><ParentIndex>716</ParentIndex><ClassName></ClassName><Unbounded>N</Unbounded>
	</RowData>
	<RowData><DataStructureId>761</DataStructureId><ProcessDefId>1</ProcessDefId><ExtMethodIndex>39</ExtMethodIndex><Name>POSHIPPINGEXP</Name><Type>11</Type><ParentIndex>0</ParentIndex><ClassName>BAPIMEPOSHIPPEXP</ClassName><Unbounded>Y</Unbounded>
	</RowData>
	<RowData><DataStructureId>762</DataStructureId><ProcessDefId>1</ProcessDefId><ExtMethodIndex>39</ExtMethodIndex><Name>PO_ITEM</Name><Type>3</Type><ParentIndex>761</ParentIndex><ClassName></ClassName><Unbounded>N</Unbounded>
	</RowData>
	<RowData><DataStructureId>763</DataStructureId><ProcessDefId>1</ProcessDefId><ExtMethodIndex>39</ExtMethodIndex><Name>SHIP_POINT</Name><Type>10</Type><ParentIndex>761</ParentIndex><ClassName></ClassName><Unbounded>N</Unbounded>
	</RowData>
	<RowData><DataStructureId>764</DataStructureId><ProcessDefId>1</ProcessDefId><ExtMethodIndex>39</ExtMethodIndex><Name>DLV_PRIO</Name><Type>3</Type><ParentIndex>761</ParentIndex><ClassName></ClassName><Unbounded>N</Unbounded>
	</RowData>
	<RowData><DataStructureId>765</DataStructureId><ProcessDefId>1</ProcessDefId><ExtMethodIndex>39</ExtMethodIndex><Name>ROUTE</Name><Type>10</Type><ParentIndex>761</ParentIndex><ClassName></ClassName><Unbounded>N</Unbounded>
	</RowData>
	<RowData><DataStructureId>766</DataStructureId><ProcessDefId>1</ProcessDefId><ExtMethodIndex>39</ExtMethodIndex><Name>CUSTOMER</Name><Type>10</Type><ParentIndex>761</ParentIndex><ClassName></ClassName><Unbounded>N</Unbounded>
	</RowData>
	<RowData><DataStructureId>767</DataStructureId><ProcessDefId>1</ProcessDefId><ExtMethodIndex>39</ExtMethodIndex><Name>SOLD_TO</Name><Type>10</Type><ParentIndex>761</ParentIndex><ClassName></ClassName><Unbounded>N</Unbounded>
	</RowData>
	<RowData><DataStructureId>768</DataStructureId><ProcessDefId>1</ProcessDefId><ExtMethodIndex>39</ExtMethodIndex><Name>FWDAGENT</Name><Type>10</Type><ParentIndex>761</ParentIndex><ClassName></ClassName><Unbounded>N</Unbounded>
	</RowData>
	<RowData><DataStructureId>769</DataStructureId><ProcessDefId>1</ProcessDefId><ExtMethodIndex>39</ExtMethodIndex><Name>SALESORG</Name><Type>10</Type><ParentIndex>761</ParentIndex><ClassName></ClassName><Unbounded>N</Unbounded>
	</RowData>
	<RowData><DataStructureId>770</DataStructureId><ProcessDefId>1</ProcessDefId><ExtMethodIndex>39</ExtMethodIndex><Name>DISTR_CHAN</Name><Type>10</Type><ParentIndex>761</ParentIndex><ClassName></ClassName><Unbounded>N</Unbounded>
	</RowData>
	<RowData><DataStructureId>771</DataStructureId><ProcessDefId>1</ProcessDefId><ExtMethodIndex>39</ExtMethodIndex><Name>DIVISION</Name><Type>10</Type><ParentIndex>761</ParentIndex><ClassName></ClassName><Unbounded>N</Unbounded>
	</RowData>
	<RowData><DataStructureId>772</DataStructureId><ProcessDefId>1</ProcessDefId><ExtMethodIndex>39</ExtMethodIndex><Name>DEL_CREATE_DATE</Name><Type>8</Type><ParentIndex>761</ParentIndex><ClassName></ClassName><Unbounded>N</Unbounded>
	</RowData>
	<RowData><DataStructureId>773</DataStructureId><ProcessDefId>1</ProcessDefId><ExtMethodIndex>39</ExtMethodIndex><Name>PLND_DELRY</Name><Type>10</Type><ParentIndex>761</ParentIndex><ClassName></ClassName><Unbounded>N</Unbounded>
	</RowData>
	<RowData><DataStructureId>774</DataStructureId><ProcessDefId>1</ProcessDefId><ExtMethodIndex>39</ExtMethodIndex><Name>LANGU</Name><Type>10</Type><ParentIndex>761</ParentIndex><ClassName></ClassName><Unbounded>N</Unbounded>
	</RowData>
	<RowData><DataStructureId>775</DataStructureId><ProcessDefId>1</ProcessDefId><ExtMethodIndex>39</ExtMethodIndex><Name>LANGU_ISO</Name><Type>10</Type><ParentIndex>761</ParentIndex><ClassName></ClassName><Unbounded>N</Unbounded>
	</RowData>
	<RowData><DataStructureId>776</DataStructureId><ProcessDefId>1</ProcessDefId><ExtMethodIndex>39</ExtMethodIndex><Name>SHIP_COND</Name><Type>10</Type><ParentIndex>761</ParentIndex><ClassName></ClassName><Unbounded>N</Unbounded>
	</RowData>
	<RowData><DataStructureId>777</DataStructureId><ProcessDefId>1</ProcessDefId><ExtMethodIndex>39</ExtMethodIndex><Name>LOADINGGRP</Name><Type>10</Type><ParentIndex>761</ParentIndex><ClassName></ClassName><Unbounded>N</Unbounded>
	</RowData>
	<RowData><DataStructureId>778</DataStructureId><ProcessDefId>1</ProcessDefId><ExtMethodIndex>39</ExtMethodIndex><Name>TRANS_GRP</Name><Type>10</Type><ParentIndex>761</ParentIndex><ClassName></ClassName><Unbounded>N</Unbounded>
	</RowData>
</PMWDataStructureTable_11>