<PMWDataStructureTable_5>
	<RowData><DataStructureId>112</DataStructureId><ProcessDefId>1</ProcessDefId><ExtMethodIndex>36</ExtMethodIndex><Name>ST_UN_QTYY_1</Name><Type>10</Type><ParentIndex>34</ParentIndex><ClassName></ClassName><Unbounded>N</Unbounded>
	</RowData>
	<RowData><DataStructureId>113</DataStructureId><ProcessDefId>1</ProcessDefId><ExtMethodIndex>36</ExtMethodIndex><Name>ST_UN_QTYY_1_ISO</Name><Type>10</Type><ParentIndex>34</ParentIndex><ClassName></ClassName><Unbounded>N</Unbounded>
	</RowData>
	<RowData><DataStructureId>114</DataStructureId><ProcessDefId>1</ProcessDefId><ExtMethodIndex>36</ExtMethodIndex><Name>UNITTYPE_1</Name><Type>10</Type><ParentIndex>34</ParentIndex><ClassName></ClassName><Unbounded>N</Unbounded>
	</RowData>
	<RowData><DataStructureId>115</DataStructureId><ProcessDefId>1</ProcessDefId><ExtMethodIndex>36</ExtMethodIndex><Name>SU_PL_STCK_2</Name><Type>10</Type><ParentIndex>34</ParentIndex><ClassName></ClassName><Unbounded>N</Unbounded>
	</RowData>
	<RowData><DataStructureId>116</DataStructureId><ProcessDefId>1</ProcessDefId><ExtMethodIndex>36</ExtMethodIndex><Name>ST_UN_QTYY_2</Name><Type>10</Type><ParentIndex>34</ParentIndex><ClassName></ClassName><Unbounded>N</Unbounded>
	</RowData>
	<RowData><DataStructureId>117</DataStructureId><ProcessDefId>1</ProcessDefId><ExtMethodIndex>36</ExtMethodIndex><Name>ST_UN_QTYY_2_ISO</Name><Type>10</Type><ParentIndex>34</ParentIndex><ClassName></ClassName><Unbounded>N</Unbounded>
	</RowData>
	<RowData><DataStructureId>118</DataStructureId><ProcessDefId>1</ProcessDefId><ExtMethodIndex>36</ExtMethodIndex><Name>UNITTYPE_2</Name><Type>10</Type><ParentIndex>34</ParentIndex><ClassName></ClassName><Unbounded>N</Unbounded>
	</RowData>
	<RowData><DataStructureId>119</DataStructureId><ProcessDefId>1</ProcessDefId><ExtMethodIndex>36</ExtMethodIndex><Name>STGE_TYPE_PC</Name><Type>10</Type><ParentIndex>34</ParentIndex><ClassName></ClassName><Unbounded>N</Unbounded>
	</RowData>
	<RowData><DataStructureId>120</DataStructureId><ProcessDefId>1</ProcessDefId><ExtMethodIndex>36</ExtMethodIndex><Name>STGE_BIN_PC</Name><Type>10</Type><ParentIndex>34</ParentIndex><ClassName></ClassName><Unbounded>N</Unbounded>
	</RowData>
	<RowData><DataStructureId>121</DataStructureId><ProcessDefId>1</ProcessDefId><ExtMethodIndex>36</ExtMethodIndex><Name>NO_PST_CHGNT</Name><Type>10</Type><ParentIndex>34</ParentIndex><ClassName></ClassName><Unbounded>N</Unbounded>
	</RowData>
	<RowData><DataStructureId>122</DataStructureId><ProcessDefId>1</ProcessDefId><ExtMethodIndex>36</ExtMethodIndex><Name>GR_NUMBER</Name><Type>10</Type><ParentIndex>34</ParentIndex><ClassName></ClassName><Unbounded>N</Unbounded>
	</RowData>
	<RowData><DataStructureId>123</DataStructureId><ProcessDefId>1</ProcessDefId><ExtMethodIndex>36</ExtMethodIndex><Name>STGE_TYPE_ST</Name><Type>10</Type><ParentIndex>34</ParentIndex><ClassName></ClassName><Unbounded>N</Unbounded>
	</RowData>
	<RowData><DataStructureId>124</DataStructureId><ProcessDefId>1</ProcessDefId><ExtMethodIndex>36</ExtMethodIndex><Name>STGE_BIN_ST</Name><Type>10</Type><ParentIndex>34</ParentIndex><ClassName></ClassName><Unbounded>N</Unbounded>
	</RowData>
	<RowData><DataStructureId>125</DataStructureId><ProcessDefId>1</ProcessDefId><ExtMethodIndex>36</ExtMethodIndex><Name>MATDOC_TR_CANCEL</Name><Type>10</Type><ParentIndex>34</ParentIndex><ClassName></ClassName><Unbounded>N</Unbounded>
	</RowData>
	<RowData><DataStructureId>126</DataStructureId><ProcessDefId>1</ProcessDefId><ExtMethodIndex>36</ExtMethodIndex><Name>MATITEM_TR_CANCEL</Name><Type>3</Type><ParentIndex>34</ParentIndex><ClassName></ClassName><Unbounded>N</Unbounded>
	</RowData>
	<RowData><DataStructureId>127</DataStructureId><ProcessDefId>1</ProcessDefId><ExtMethodIndex>36</ExtMethodIndex><Name>MATYEAR_TR_CANCEL</Name><Type>3</Type><ParentIndex>34</ParentIndex><ClassName></ClassName><Unbounded>N</Unbounded>
	</RowData>
	<RowData><DataStructureId>128</DataStructureId><ProcessDefId>1</ProcessDefId><ExtMethodIndex>36</ExtMethodIndex><Name>NO_TRANSFER_REQ</Name><Type>10</Type><ParentIndex>34</ParentIndex><ClassName></ClassName><Unbounded>N</Unbounded>
	</RowData>
	<RowData><DataStructureId>129</DataStructureId><ProcessDefId>1</ProcessDefId><ExtMethodIndex>36</ExtMethodIndex><Name>CO_BUSPROC</Name><Type>10</Type><ParentIndex>34</ParentIndex><ClassName></ClassName><Unbounded>N</Unbounded>
	</RowData>
	<RowData><DataStructureId>130</DataStructureId><ProcessDefId>1</ProcessDefId><ExtMethodIndex>36</ExtMethodIndex><Name>ACTTYPE</Name><Type>10</Type><ParentIndex>34</ParentIndex><ClassName></ClassName><Unbounded>N</Unbounded>
	</RowData>
	<RowData><DataStructureId>131</DataStructureId><ProcessDefId>1</ProcessDefId><ExtMethodIndex>36</ExtMethodIndex><Name>SUPPL_VEND</Name><Type>10</Type><ParentIndex>34</ParentIndex><ClassName></ClassName><Unbounded>N</Unbounded>
	</RowData>
	<RowData><DataStructureId>132</DataStructureId><ProcessDefId>1</ProcessDefId><ExtMethodIndex>36</ExtMethodIndex><Name>MATERIAL_EXTERNAL</Name><Type>10</Type><ParentIndex>34</ParentIndex><ClassName></ClassName><Unbounded>N</Unbounded>
	</RowData>
	<RowData><DataStructureId>133</DataStructureId><ProcessDefId>1</ProcessDefId><ExtMethodIndex>36</ExtMethodIndex><Name>MATERIAL_GUID</Name><Type>10</Type><ParentIndex>34</ParentIndex><ClassName></ClassName><Unbounded>N</Unbounded>
	</RowData>
	<RowData><DataStructureId>134</DataStructureId><ProcessDefId>1</ProcessDefId><ExtMethodIndex>36</ExtMethodIndex><Name>MATERIAL_VERSION</Name><Type>10</Type><ParentIndex>34</ParentIndex><ClassName></ClassName><Unbounded>N</Unbounded>
	</RowData>
	<RowData><DataStructureId>135</DataStructureId><ProcessDefId>1</ProcessDefId><ExtMethodIndex>36</ExtMethodIndex><Name>MOVE_MAT_EXTERNAL</Name><Type>10</Type><ParentIndex>34</ParentIndex><ClassName></ClassName><Unbounded>N</Unbounded>
	</RowData>
	<RowData><DataStructureId>136</DataStructureId><ProcessDefId>1</ProcessDefId><ExtMethodIndex>36</ExtMethodIndex><Name>MOVE_MAT_GUID</Name><Type>10</Type><ParentIndex>34</ParentIndex><ClassName></ClassName><Unbounded>N</Unbounded>
	</RowData>
	<RowData><DataStructureId>137</DataStructureId><ProcessDefId>1</ProcessDefId><ExtMethodIndex>36</ExtMethodIndex><Name>MOVE_MAT_VERSION</Name><Type>10</Type><ParentIndex>34</ParentIndex><ClassName></ClassName><Unbounded>N</Unbounded>
	</RowData>
	<RowData><DataStructureId>138</DataStructureId><ProcessDefId>1</ProcessDefId><ExtMethodIndex>36</ExtMethodIndex><Name>FUNC_AREA</Name><Type>10</Type><ParentIndex>34</ParentIndex><ClassName></ClassName><Unbounded>N</Unbounded>
	</RowData>
	<RowData><DataStructureId>139</DataStructureId><ProcessDefId>1</ProcessDefId><ExtMethodIndex>36</ExtMethodIndex><Name>TR_PART_BA</Name><Type>10</Type><ParentIndex>34</ParentIndex><ClassName></ClassName><Unbounded>N</Unbounded>
	</RowData>
	<RowData><DataStructureId>140</DataStructureId><ProcessDefId>1</ProcessDefId><ExtMethodIndex>36</ExtMethodIndex><Name>PAR_COMPCO</Name><Type>10</Type><ParentIndex>34</ParentIndex><ClassName></ClassName><Unbounded>N</Unbounded>
	</RowData>
	<RowData><DataStructureId>141</DataStructureId><ProcessDefId>1</ProcessDefId><ExtMethodIndex>36</ExtMethodIndex><Name>DELIV_NUMB</Name><Type>10</Type><ParentIndex>34</ParentIndex><ClassName></ClassName><Unbounded>N</Unbounded>
	</RowData>
	<RowData><DataStructureId>142</DataStructureId><ProcessDefId>1</ProcessDefId><ExtMethodIndex>36</ExtMethodIndex><Name>DELIV_ITEM</Name><Type>3</Type><ParentIndex>34</ParentIndex><ClassName></ClassName><Unbounded>N</Unbounded>
	</RowData>
	<RowData><DataStructureId>143</DataStructureId><ProcessDefId>1</ProcessDefId><ExtMethodIndex>36</ExtMethodIndex><Name>NB_SLIPS</Name><Type>3</Type><ParentIndex>34</ParentIndex><ClassName></ClassName><Unbounded>N</Unbounded>
	</RowData>
	<RowData><DataStructureId>144</DataStructureId><ProcessDefId>1</ProcessDefId><ExtMethodIndex>36</ExtMethodIndex><Name>NB_SLIPSX</Name><Type>10</Type><ParentIndex>34</ParentIndex><ClassName></ClassName><Unbounded>N</Unbounded>
	</RowData>
	<RowData><DataStructureId>145</DataStructureId><ProcessDefId>1</ProcessDefId><ExtMethodIndex>36</ExtMethodIndex><Name>GR_RCPTX</Name><Type>10</Type><ParentIndex>34</ParentIndex><ClassName></ClassName><Unbounded>N</Unbounded>
	</RowData>
	<RowData><DataStructureId>146</DataStructureId><ProcessDefId>1</ProcessDefId><ExtMethodIndex>36</ExtMethodIndex><Name>UNLOAD_PTX</Name><Type>10</Type><ParentIndex>34</ParentIndex><ClassName></ClassName><Unbounded>N</Unbounded>
	</RowData>
	<RowData><DataStructureId>147</DataStructureId><ProcessDefId>1</ProcessDefId><ExtMethodIndex>36</ExtMethodIndex><Name>SPEC_MVMT</Name><Type>10</Type><ParentIndex>34</ParentIndex><ClassName></ClassName><Unbounded>N</Unbounded>
	</RowData>
	<RowData><DataStructureId>148</DataStructureId><ProcessDefId>1</ProcessDefId><ExtMethodIndex>36</ExtMethodIndex><Name>GRANT_NBR</Name><Type>10</Type><ParentIndex>34</ParentIndex><ClassName></ClassName><Unbounded>N</Unbounded>
	</RowData>
	<RowData><DataStructureId>149</DataStructureId><ProcessDefId>1</ProcessDefId><ExtMethodIndex>36</ExtMethodIndex><Name>CMMT_ITEM_LONG</Name><Type>10</Type><ParentIndex>34</ParentIndex><ClassName></ClassName><Unbounded>N</Unbounded>
	</RowData>
	<RowData><DataStructureId>150</DataStructureId><ProcessDefId>1</ProcessDefId><ExtMethodIndex>36</ExtMethodIndex><Name>FUNC_AREA_LONG</Name><Type>10</Type><ParentIndex>34</ParentIndex><ClassName></ClassName><Unbounded>N</Unbounded>
	</RowData>
	<RowData><DataStructureId>151</DataStructureId><ProcessDefId>1</ProcessDefId><ExtMethodIndex>36</ExtMethodIndex><Name>LINE_ID</Name><Type>3</Type><ParentIndex>34</ParentIndex><ClassName></ClassName><Unbounded>N</Unbounded>
	</RowData>
	<RowData><DataStructureId>152</DataStructureId><ProcessDefId>1</ProcessDefId><ExtMethodIndex>36</ExtMethodIndex><Name>PARENT_ID</Name><Type>3</Type><ParentIndex>34</ParentIndex><ClassName></ClassName><Unbounded>N</Unbounded>
	</RowData>
	<RowData><DataStructureId>153</DataStructureId><ProcessDefId>1</ProcessDefId><ExtMethodIndex>36</ExtMethodIndex><Name>LINE_DEPTH</Name><Type>3</Type><ParentIndex>34</ParentIndex><ClassName></ClassName><Unbounded>N</Unbounded>
	</RowData>
	<RowData><DataStructureId>154</DataStructureId><ProcessDefId>1</ProcessDefId><ExtMethodIndex>36</ExtMethodIndex><Name>QUANTITY</Name><Type>10</Type><ParentIndex>34</ParentIndex><ClassName></ClassName><Unbounded>N</Unbounded>
	</RowData>
	<RowData><DataStructureId>155</DataStructureId><ProcessDefId>1</ProcessDefId><ExtMethodIndex>36</ExtMethodIndex><Name>BASE_UOM</Name><Type>10</Type><ParentIndex>34</ParentIndex><ClassName></ClassName><Unbounded>N</Unbounded>
	</RowData>
	<RowData><DataStructureId>156</DataStructureId><ProcessDefId>1</ProcessDefId><ExtMethodIndex>36</ExtMethodIndex><Name>LONGNUM</Name><Type>10</Type><ParentIndex>34</ParentIndex><ClassName></ClassName><Unbounded>N</Unbounded>
	</RowData>
	<RowData><DataStructureId>157</DataStructureId><ProcessDefId>1</ProcessDefId><ExtMethodIndex>36</ExtMethodIndex><Name>BUDGET_PERIOD</Name><Type>10</Type><ParentIndex>34</ParentIndex><ClassName></ClassName><Unbounded>N</Unbounded>
	</RowData>
	<RowData><DataStructureId>158</DataStructureId><ProcessDefId>1</ProcessDefId><ExtMethodIndex>36</ExtMethodIndex><Name>EARMARKED_NUMBER</Name><Type>10</Type><ParentIndex>34</ParentIndex><ClassName></ClassName><Unbounded>N</Unbounded>
	</RowData>
	<RowData><DataStructureId>159</DataStructureId><ProcessDefId>1</ProcessDefId><ExtMethodIndex>36</ExtMethodIndex><Name>EARMARKED_ITEM</Name><Type>3</Type><ParentIndex>34</ParentIndex><ClassName></ClassName><Unbounded>N</Unbounded>
	</RowData>
	<RowData><DataStructureId>160</DataStructureId><ProcessDefId>1</ProcessDefId><ExtMethodIndex>36</ExtMethodIndex><Name>STK_SEGMENT</Name><Type>10</Type><ParentIndex>34</ParentIndex><ClassName></ClassName><Unbounded>N</Unbounded>
	</RowData>
	<RowData><DataStructureId>161</DataStructureId><ProcessDefId>1</ProcessDefId><ExtMethodIndex>36</ExtMethodIndex><Name>MOVE_SEGMENT</Name><Type>10</Type><ParentIndex>34</ParentIndex><ClassName></ClassName><Unbounded>N</Unbounded>
	</RowData>
	<RowData><DataStructureId>162</DataStructureId><ProcessDefId>1</ProcessDefId><ExtMethodIndex>36</ExtMethodIndex><Name>GOODSMVT_SERV_PART_DATA</Name><Type>11</Type><ParentIndex>0</ParentIndex><ClassName>/SPE/BAPI2017_SERVICEPART_DATA</ClassName><Unbounded>Y</Unbounded>
	</RowData>
	<RowData><DataStructureId>163</DataStructureId><ProcessDefId>1</ProcessDefId><ExtMethodIndex>36</ExtMethodIndex><Name>LINE_ID</Name><Type>3</Type><ParentIndex>162</ParentIndex><ClassName></ClassName><Unbounded>N</Unbounded>
	</RowData>
	<RowData><DataStructureId>164</DataStructureId><ProcessDefId>1</ProcessDefId><ExtMethodIndex>36</ExtMethodIndex><Name>RET_AUTH_NUMBER</Name><Type>10</Type><ParentIndex>162</ParentIndex><ClassName></ClassName><Unbounded>N</Unbounded>
	</RowData>
	<RowData><DataStructureId>165</DataStructureId><ProcessDefId>1</ProcessDefId><ExtMethodIndex>36</ExtMethodIndex><Name>DELIV_NUMBER</Name><Type>10</Type><ParentIndex>162</ParentIndex><ClassName></ClassName><Unbounded>N</Unbounded>
	</RowData>
	<RowData><DataStructureId>166</DataStructureId><ProcessDefId>1</ProcessDefId><ExtMethodIndex>36</ExtMethodIndex><Name>DELIV_ITEM</Name><Type>3</Type><ParentIndex>162</ParentIndex><ClassName></ClassName><Unbounded>N</Unbounded>
	</RowData>
	<RowData><DataStructureId>167</DataStructureId><ProcessDefId>1</ProcessDefId><ExtMethodIndex>36</ExtMethodIndex><Name>HU_NUMBER</Name><Type>10</Type><ParentIndex>162</ParentIndex><ClassName></ClassName><Unbounded>N</Unbounded>
	</RowData>
	<RowData><DataStructureId>168</DataStructureId><ProcessDefId>1</ProcessDefId><ExtMethodIndex>36</ExtMethodIndex><Name>INSPOUT_GUID</Name><Type>10</Type><ParentIndex>162</ParentIndex><ClassName></ClassName><Unbounded>N</Unbounded>
	</RowData>
	<RowData><DataStructureId>169</DataStructureId><ProcessDefId>1</ProcessDefId><ExtMethodIndex>36</ExtMethodIndex><Name>EVENT</Name><Type>10</Type><ParentIndex>162</ParentIndex><ClassName></ClassName><Unbounded>N</Unbounded>
	</RowData>
	<RowData><DataStructureId>170</DataStructureId><ProcessDefId>1</ProcessDefId><ExtMethodIndex>36</ExtMethodIndex><Name>DATE</Name><Type>8</Type><ParentIndex>162</ParentIndex><ClassName></ClassName><Unbounded>N</Unbounded>
	</RowData>
	<RowData><DataStructureId>171</DataStructureId><ProcessDefId>1</ProcessDefId><ExtMethodIndex>36</ExtMethodIndex><Name>TIME</Name><Type>10</Type><ParentIndex>162</ParentIndex><ClassName></ClassName><Unbounded>N</Unbounded>
	</RowData>
	<RowData><DataStructureId>172</DataStructureId><ProcessDefId>1</ProcessDefId><ExtMethodIndex>36</ExtMethodIndex><Name>ZONLO</Name><Type>10</Type><ParentIndex>162</ParentIndex><ClassName></ClassName><Unbounded>N</Unbounded>
	</RowData>
	<RowData><DataStructureId>173</DataStructureId><ProcessDefId>1</ProcessDefId><ExtMethodIndex>36</ExtMethodIndex><Name>TIMESTAMP</Name><Type>10</Type><ParentIndex>162</ParentIndex><ClassName></ClassName><Unbounded>N</Unbounded>
	</RowData>
	<RowData><DataStructureId>174</DataStructureId><ProcessDefId>1</ProcessDefId><ExtMethodIndex>36</ExtMethodIndex><Name>SCRAP_INDICATOR</Name><Type>10</Type><ParentIndex>162</ParentIndex><ClassName></ClassName><Unbounded>N</Unbounded>
	</RowData>
	<RowData><DataStructureId>175</DataStructureId><ProcessDefId>1</ProcessDefId><ExtMethodIndex>36</ExtMethodIndex><Name>KEEP_QUANTITY</Name><Type>10</Type><ParentIndex>162</ParentIndex><ClassName></ClassName><Unbounded>N</Unbounded>
	</RowData>
	<RowData><DataStructureId>176</DataStructureId><ProcessDefId>1</ProcessDefId><ExtMethodIndex>36</ExtMethodIndex><Name>GTS_STOCK_TYPE</Name><Type>10</Type><ParentIndex>162</ParentIndex><ClassName></ClassName><Unbounded>N</Unbounded>
	</RowData>
	<RowData><DataStructureId>177</DataStructureId><ProcessDefId>1</ProcessDefId><ExtMethodIndex>36</ExtMethodIndex><Name>MOVE_GTS_STOCK_TYPE</Name><Type>10</Type><ParentIndex>162</ParentIndex><ClassName></ClassName><Unbounded>N</Unbounded>
	</RowData>
	<RowData><DataStructureId>178</DataStructureId><ProcessDefId>1</ProcessDefId><ExtMethodIndex>36</ExtMethodIndex><Name>KEEP_QUANTITY_CONVERSION</Name><Type>10</Type><ParentIndex>162</ParentIndex><ClassName></ClassName><Unbounded>N</Unbounded>
	</RowData>
	<RowData><DataStructureId>179</DataStructureId><ProcessDefId>1</ProcessDefId><ExtMethodIndex>36</ExtMethodIndex><Name>ZERO_QUANTITY</Name><Type>10</Type><ParentIndex>162</ParentIndex><ClassName></ClassName><Unbounded>N</Unbounded>
	</RowData>
	<RowData><DataStructureId>180</DataStructureId><ProcessDefId>1</ProcessDefId><ExtMethodIndex>36</ExtMethodIndex><Name>NUMERATOR</Name><Type>10</Type><ParentIndex>162</ParentIndex><ClassName></ClassName><Unbounded>N</Unbounded>
	</RowData>
	<RowData><DataStructureId>181</DataStructureId><ProcessDefId>1</ProcessDefId><ExtMethodIndex>36</ExtMethodIndex><Name>DENOMINATR</Name><Type>10</Type><ParentIndex>162</ParentIndex><ClassName></ClassName><Unbounded>N</Unbounded>
	</RowData>
	<RowData><DataStructureId>182</DataStructureId><ProcessDefId>1</ProcessDefId><ExtMethodIndex>36</ExtMethodIndex><Name>INSP_DOC_NUMB</Name><Type>10</Type><ParentIndex>162</ParentIndex><ClassName></ClassName><Unbounded>N</Unbounded>
	</RowData>
	<RowData><DataStructureId>183</DataStructureId><ProcessDefId>1</ProcessDefId><ExtMethodIndex>36</ExtMethodIndex><Name>PCHG_TYPE</Name><Type>10</Type><ParentIndex>162</ParentIndex><ClassName></ClassName><Unbounded>N</Unbounded>
	</RowData>
	<RowData><DataStructureId>184</DataStructureId><ProcessDefId>1</ProcessDefId><ExtMethodIndex>36</ExtMethodIndex><Name>RETURN</Name><Type>11</Type><ParentIndex>0</ParentIndex><ClassName>BAPIRET2</ClassName><Unbounded>Y</Unbounded>
	</RowData>
	<RowData><DataStructureId>185</DataStructureId><ProcessDefId>1</ProcessDefId><ExtMethodIndex>36</ExtMethodIndex><Name>TYPE</Name><Type>10</Type><ParentIndex>184</ParentIndex><ClassName></ClassName><Unbounded>N</Unbounded>
	</RowData>
	<RowData><DataStructureId>186</DataStructureId><ProcessDefId>1</ProcessDefId><ExtMethodIndex>36</ExtMethodIndex><Name>ID</Name><Type>10</Type><ParentIndex>184</ParentIndex><ClassName></ClassName><Unbounded>N</Unbounded>
	</RowData>
	<RowData><DataStructureId>187</DataStructureId><ProcessDefId>1</ProcessDefId><ExtMethodIndex>36</ExtMethodIndex><Name>NUMBER</Name><Type>3</Type><ParentIndex>184</ParentIndex><ClassName></ClassName><Unbounded>N</Unbounded>
	</RowData>
	<RowData><DataStructureId>188</DataStructureId><ProcessDefId>1</ProcessDefId><ExtMethodIndex>36</ExtMethodIndex><Name>MESSAGE</Name><Type>10</Type><ParentIndex>184</ParentIndex><ClassName></ClassName><Unbounded>N</Unbounded>
	</RowData>
	<RowData><DataStructureId>189</DataStructureId><ProcessDefId>1</ProcessDefId><ExtMethodIndex>36</ExtMethodIndex><Name>LOG_NO</Name><Type>10</Type><ParentIndex>184</ParentIndex><ClassName></ClassName><Unbounded>N</Unbounded>
	</RowData>
	<RowData><DataStructureId>190</DataStructureId><ProcessDefId>1</ProcessDefId><ExtMethodIndex>36</ExtMethodIndex><Name>LOG_MSG_NO</Name><Type>3</Type><ParentIndex>184</ParentIndex><ClassName></ClassName><Unbounded>N</Unbounded>
	</RowData>
	<RowData><DataStructureId>191</DataStructureId><ProcessDefId>1</ProcessDefId><ExtMethodIndex>36</ExtMethodIndex><Name>MESSAGE_V1</Name><Type>10</Type><ParentIndex>184</ParentIndex><ClassName></ClassName><Unbounded>N</Unbounded>
	</RowData>
	<RowData><DataStructureId>192</DataStructureId><ProcessDefId>1</ProcessDefId><ExtMethodIndex>36</ExtMethodIndex><Name>MESSAGE_V2</Name><Type>10</Type><ParentIndex>184</ParentIndex><ClassName></ClassName><Unbounded>N</Unbounded>
	</RowData>
	<RowData><DataStructureId>193</DataStructureId><ProcessDefId>1</ProcessDefId><ExtMethodIndex>36</ExtMethodIndex><Name>MESSAGE_V3</Name><Type>10</Type><ParentIndex>184</ParentIndex><ClassName></ClassName><Unbounded>N</Unbounded>
	</RowData>
	<RowData><DataStructureId>194</DataStructureId><ProcessDefId>1</ProcessDefId><ExtMethodIndex>36</ExtMethodIndex><Name>MESSAGE_V4</Name><Type>10</Type><ParentIndex>184</ParentIndex><ClassName></ClassName><Unbounded>N</Unbounded>
	</RowData>
	<RowData><DataStructureId>195</DataStructureId><ProcessDefId>1</ProcessDefId><ExtMethodIndex>36</ExtMethodIndex><Name>PARAMETER</Name><Type>10</Type><ParentIndex>184</ParentIndex><ClassName></ClassName><Unbounded>N</Unbounded>
	</RowData>
	<RowData><DataStructureId>196</DataStructureId><ProcessDefId>1</ProcessDefId><ExtMethodIndex>36</ExtMethodIndex><Name>ROW</Name><Type>10</Type><ParentIndex>184</ParentIndex><ClassName></ClassName><Unbounded>N</Unbounded>
	</RowData>
	<RowData><DataStructureId>197</DataStructureId><ProcessDefId>1</ProcessDefId><ExtMethodIndex>36</ExtMethodIndex><Name>FIELD</Name><Type>10</Type><ParentIndex>184</ParentIndex><ClassName></ClassName><Unbounded>N</Unbounded>
	</RowData>
	<RowData><DataStructureId>198</DataStructureId><ProcessDefId>1</ProcessDefId><ExtMethodIndex>36</ExtMethodIndex><Name>SYSTEM</Name><Type>10</Type><ParentIndex>184</ParentIndex><ClassName></ClassName><Unbounded>N</Unbounded>
	</RowData>
	<RowData><DataStructureId>1</DataStructureId><ProcessDefId>1</ProcessDefId><ExtMethodIndex>37</ExtMethodIndex><Name>GOODSMVT_HEADER</Name><Type>11</Type><ParentIndex>0</ParentIndex><ClassName>BAPI2017_GM_HEAD_02</ClassName><Unbounded>N</Unbounded>
	</RowData>
	<RowData><DataStructureId>2</DataStructureId><ProcessDefId>1</ProcessDefId><ExtMethodIndex>37</ExtMethodIndex><Name>MAT_DOC</Name><Type>10</Type><ParentIndex>1</ParentIndex><ClassName></ClassName><Unbounded>N</Unbounded>
	</RowData>
	<RowData><DataStructureId>3</DataStructureId><ProcessDefId>1</ProcessDefId><ExtMethodIndex>37</ExtMethodIndex><Name>DOC_YEAR</Name><Type>3</Type><ParentIndex>1</ParentIndex><ClassName></ClassName><Unbounded>N</Unbounded>
	</RowData>
	<RowData><DataStructureId>4</DataStructureId><ProcessDefId>1</ProcessDefId><ExtMethodIndex>37</ExtMethodIndex><Name>TR_EV_TYPE</Name><Type>10</Type><ParentIndex>1</ParentIndex><ClassName></ClassName><Unbounded>N</Unbounded>
	</RowData>
	<RowData><DataStructureId>5</DataStructureId><ProcessDefId>1</ProcessDefId><ExtMethodIndex>37</ExtMethodIndex><Name>DOC_DATE</Name><Type>8</Type><ParentIndex>1</ParentIndex><ClassName></ClassName><Unbounded>N</Unbounded>
	</RowData>
	<RowData><DataStructureId>6</DataStructureId><ProcessDefId>1</ProcessDefId><ExtMethodIndex>37</ExtMethodIndex><Name>PSTNG_DATE</Name><Type>8</Type><ParentIndex>1</ParentIndex><ClassName></ClassName><Unbounded>N</Unbounded>
	</RowData>
	<RowData><DataStructureId>7</DataStructureId><ProcessDefId>1</ProcessDefId><ExtMethodIndex>37</ExtMethodIndex><Name>ENTRY_DATE</Name><Type>8</Type><ParentIndex>1</ParentIndex><ClassName></ClassName><Unbounded>N</Unbounded>
	</RowData>
	<RowData><DataStructureId>8</DataStructureId><ProcessDefId>1</ProcessDefId><ExtMethodIndex>37</ExtMethodIndex><Name>ENTRY_TIME</Name><Type>10</Type><ParentIndex>1</ParentIndex><ClassName></ClassName><Unbounded>N</Unbounded>
	</RowData>
	<RowData><DataStructureId>9</DataStructureId><ProcessDefId>1</ProcessDefId><ExtMethodIndex>37</ExtMethodIndex><Name>USERNAME</Name><Type>10</Type><ParentIndex>1</ParentIndex><ClassName></ClassName><Unbounded>N</Unbounded>
	</RowData>
	<RowData><DataStructureId>10</DataStructureId><ProcessDefId>1</ProcessDefId><ExtMethodIndex>37</ExtMethodIndex><Name>VER_GR_GI_SLIP</Name><Type>10</Type><ParentIndex>1</ParentIndex><ClassName></ClassName><Unbounded>N</Unbounded>
	</RowData>
	<RowData><DataStructureId>11</DataStructureId><ProcessDefId>1</ProcessDefId><ExtMethodIndex>37</ExtMethodIndex><Name>EXPIMP_NO</Name><Type>10</Type><ParentIndex>1</ParentIndex><ClassName></ClassName><Unbounded>N</Unbounded>
	</RowData>
	<RowData><DataStructureId>12</DataStructureId><ProcessDefId>1</ProcessDefId><ExtMethodIndex>37</ExtMethodIndex><Name>REF_DOC_NO</Name><Type>10</Type><ParentIndex>1</ParentIndex><ClassName></ClassName><Unbounded>N</Unbounded>
	</RowData>
	<RowData><DataStructureId>13</DataStructureId><ProcessDefId>1</ProcessDefId><ExtMethodIndex>37</ExtMethodIndex><Name>HEADER_TXT</Name><Type>10</Type><ParentIndex>1</ParentIndex><ClassName></ClassName><Unbounded>N</Unbounded>
	</RowData>
	<RowData><DataStructureId>14</DataStructureId><ProcessDefId>1</ProcessDefId><ExtMethodIndex>37</ExtMethodIndex><Name>REF_DOC_NO_LONG</Name><Type>10</Type><ParentIndex>1</ParentIndex><ClassName></ClassName><Unbounded>N</Unbounded>
	</RowData>
	<RowData><DataStructureId>15</DataStructureId><ProcessDefId>1</ProcessDefId><ExtMethodIndex>37</ExtMethodIndex><Name>GOODSMVT_ITEMS</Name><Type>11</Type><ParentIndex>0</ParentIndex><ClassName>BAPI2017_GM_ITEM_SHOW</ClassName><Unbounded>Y</Unbounded>
	</RowData>
	<RowData><DataStructureId>16</DataStructureId><ProcessDefId>1</ProcessDefId><ExtMethodIndex>37</ExtMethodIndex><Name>MAT_DOC</Name><Type>10</Type><ParentIndex>15</ParentIndex><ClassName></ClassName><Unbounded>N</Unbounded>
	</RowData>
	<RowData><DataStructureId>17</DataStructureId><ProcessDefId>1</ProcessDefId><ExtMethodIndex>37</ExtMethodIndex><Name>DOC_YEAR</Name><Type>3</Type><ParentIndex>15</ParentIndex><ClassName></ClassName><Unbounded>N</Unbounded>
	</RowData>
	<RowData><DataStructureId>18</DataStructureId><ProcessDefId>1</ProcessDefId><ExtMethodIndex>37</ExtMethodIndex><Name>MATDOC_ITM</Name><Type>3</Type><ParentIndex>15</ParentIndex><ClassName></ClassName><Unbounded>N</Unbounded>
	</RowData>
	<RowData><DataStructureId>19</DataStructureId><ProcessDefId>1</ProcessDefId><ExtMethodIndex>37</ExtMethodIndex><Name>MATERIAL</Name><Type>10</Type><ParentIndex>15</ParentIndex><ClassName></ClassName><Unbounded>N</Unbounded>
	</RowData>
	<RowData><DataStructureId>20</DataStructureId><ProcessDefId>1</ProcessDefId><ExtMethodIndex>37</ExtMethodIndex><Name>PLANT</Name><Type>10</Type><ParentIndex>15</ParentIndex><ClassName></ClassName><Unbounded>N</Unbounded>
	</RowData>
	<RowData><DataStructureId>21</DataStructureId><ProcessDefId>1</ProcessDefId><ExtMethodIndex>37</ExtMethodIndex><Name>STGE_LOC</Name><Type>10</Type><ParentIndex>15</ParentIndex><ClassName></ClassName><Unbounded>N</Unbounded>
	</RowData>
	<RowData><DataStructureId>22</DataStructureId><ProcessDefId>1</ProcessDefId><ExtMethodIndex>37</ExtMethodIndex><Name>BATCH</Name><Type>10</Type><ParentIndex>15</ParentIndex><ClassName></ClassName><Unbounded>N</Unbounded>
	</RowData>
	<RowData><DataStructureId>23</DataStructureId><ProcessDefId>1</ProcessDefId><ExtMethodIndex>37</ExtMethodIndex><Name>MOVE_TYPE</Name><Type>10</Type><ParentIndex>15</ParentIndex><ClassName></ClassName><Unbounded>N</Unbounded>
	</RowData>
	<RowData><DataStructureId>24</DataStructureId><ProcessDefId>1</ProcessDefId><ExtMethodIndex>37</ExtMethodIndex><Name>STCK_TYPE</Name><Type>10</Type><ParentIndex>15</ParentIndex><ClassName></ClassName><Unbounded>N</Unbounded>
	</RowData>
	<RowData><DataStructureId>25</DataStructureId><ProcessDefId>1</ProcessDefId><ExtMethodIndex>37</ExtMethodIndex><Name>SPEC_STOCK</Name><Type>10</Type><ParentIndex>15</ParentIndex><ClassName></ClassName><Unbounded>N</Unbounded>
	</RowData>
	<RowData><DataStructureId>26</DataStructureId><ProcessDefId>1</ProcessDefId><ExtMethodIndex>37</ExtMethodIndex><Name>VENDOR</Name><Type>10</Type><ParentIndex>15</ParentIndex><ClassName></ClassName><Unbounded>N</Unbounded>
	</RowData>
	<RowData><DataStructureId>27</DataStructureId><ProcessDefId>1</ProcessDefId><ExtMethodIndex>37</ExtMethodIndex><Name>CUSTOMER</Name><Type>10</Type><ParentIndex>15</ParentIndex><ClassName></ClassName><Unbounded>N</Unbounded>
	</RowData>
	<RowData><DataStructureId>28</DataStructureId><ProcessDefId>1</ProcessDefId><ExtMethodIndex>37</ExtMethodIndex><Name>SALES_ORD</Name><Type>10</Type><ParentIndex>15</ParentIndex><ClassName></ClassName><Unbounded>N</Unbounded>
	</RowData>
	<RowData><DataStructureId>29</DataStructureId><ProcessDefId>1</ProcessDefId><ExtMethodIndex>37</ExtMethodIndex><Name>S_ORD_ITEM</Name><Type>3</Type><ParentIndex>15</ParentIndex><ClassName></ClassName><Unbounded>N</Unbounded>
	</RowData>
	<RowData><DataStructureId>30</DataStructureId><ProcessDefId>1</ProcessDefId><ExtMethodIndex>37</ExtMethodIndex><Name>SCHED_LINE</Name><Type>3</Type><ParentIndex>15</ParentIndex><ClassName></ClassName><Unbounded>N</Unbounded>
	</RowData>
	<RowData><DataStructureId>31</DataStructureId><ProcessDefId>1</ProcessDefId><ExtMethodIndex>37</ExtMethodIndex><Name>VAL_TYPE</Name><Type>10</Type><ParentIndex>15</ParentIndex><ClassName></ClassName><Unbounded>N</Unbounded>
	</RowData>
	<RowData><DataStructureId>32</DataStructureId><ProcessDefId>1</ProcessDefId><ExtMethodIndex>37</ExtMethodIndex><Name>ENTRY_QNT</Name><Type>10</Type><ParentIndex>15</ParentIndex><ClassName></ClassName><Unbounded>N</Unbounded>
	</RowData>
	<RowData><DataStructureId>33</DataStructureId><ProcessDefId>1</ProcessDefId><ExtMethodIndex>37</ExtMethodIndex><Name>ENTRY_UOM</Name><Type>10</Type><ParentIndex>15</ParentIndex><ClassName></ClassName><Unbounded>N</Unbounded>
	</RowData>
	<RowData><DataStructureId>34</DataStructureId><ProcessDefId>1</ProcessDefId><ExtMethodIndex>37</ExtMethodIndex><Name>ENTRY_UOM_ISO</Name><Type>10</Type><ParentIndex>15</ParentIndex><ClassName></ClassName><Unbounded>N</Unbounded>
	</RowData>
	<RowData><DataStructureId>35</DataStructureId><ProcessDefId>1</ProcessDefId><ExtMethodIndex>37</ExtMethodIndex><Name>PO_PR_QNT</Name><Type>10</Type><ParentIndex>15</ParentIndex><ClassName></ClassName><Unbounded>N</Unbounded>
	</RowData>
	<RowData><DataStructureId>36</DataStructureId><ProcessDefId>1</ProcessDefId><ExtMethodIndex>37</ExtMethodIndex><Name>ORDERPR_UN</Name><Type>10</Type><ParentIndex>15</ParentIndex><ClassName></ClassName><Unbounded>N</Unbounded>
	</RowData>
	<RowData><DataStructureId>37</DataStructureId><ProcessDefId>1</ProcessDefId><ExtMethodIndex>37</ExtMethodIndex><Name>ORDERPR_UN_ISO</Name><Type>10</Type><ParentIndex>15</ParentIndex><ClassName></ClassName><Unbounded>N</Unbounded>
	</RowData>
	<RowData><DataStructureId>38</DataStructureId><ProcessDefId>1</ProcessDefId><ExtMethodIndex>37</ExtMethodIndex><Name>PO_NUMBER</Name><Type>10</Type><ParentIndex>15</ParentIndex><ClassName></ClassName><Unbounded>N</Unbounded>
	</RowData>
	<RowData><DataStructureId>39</DataStructureId><ProcessDefId>1</ProcessDefId><ExtMethodIndex>37</ExtMethodIndex><Name>PO_ITEM</Name><Type>3</Type><ParentIndex>15</ParentIndex><ClassName></ClassName><Unbounded>N</Unbounded>
	</RowData>
	<RowData><DataStructureId>40</DataStructureId><ProcessDefId>1</ProcessDefId><ExtMethodIndex>37</ExtMethodIndex><Name>SHIPPING</Name><Type>10</Type><ParentIndex>15</ParentIndex><ClassName></ClassName><Unbounded>N</Unbounded>
	</RowData>
	<RowData><DataStructureId>41</DataStructureId><ProcessDefId>1</ProcessDefId><ExtMethodIndex>37</ExtMethodIndex><Name>COMP_SHIP</Name><Type>10</Type><ParentIndex>15</ParentIndex><ClassName></ClassName><Unbounded>N</Unbounded>
	</RowData>
	<RowData><DataStructureId>42</DataStructureId><ProcessDefId>1</ProcessDefId><ExtMethodIndex>37</ExtMethodIndex><Name>NO_MORE_GR</Name><Type>10</Type><ParentIndex>15</ParentIndex><ClassName></ClassName><Unbounded>N</Unbounded>
	</RowData>
	<RowData><DataStructureId>43</DataStructureId><ProcessDefId>1</ProcessDefId><ExtMethodIndex>37</ExtMethodIndex><Name>ITEM_TEXT</Name><Type>10</Type><ParentIndex>15</ParentIndex><ClassName></ClassName><Unbounded>N</Unbounded>
	</RowData>
	<RowData><DataStructureId>44</DataStructureId><ProcessDefId>1</ProcessDefId><ExtMethodIndex>37</ExtMethodIndex><Name>GR_RCPT</Name><Type>10</Type><ParentIndex>15</ParentIndex><ClassName></ClassName><Unbounded>N</Unbounded>
	</RowData>
	<RowData><DataStructureId>45</DataStructureId><ProcessDefId>1</ProcessDefId><ExtMethodIndex>37</ExtMethodIndex><Name>UNLOAD_PT</Name><Type>10</Type><ParentIndex>15</ParentIndex><ClassName></ClassName><Unbounded>N</Unbounded>
	</RowData>
	<RowData><DataStructureId>46</DataStructureId><ProcessDefId>1</ProcessDefId><ExtMethodIndex>37</ExtMethodIndex><Name>COSTCENTER</Name><Type>10</Type><ParentIndex>15</ParentIndex><ClassName></ClassName><Unbounded>N</Unbounded>
	</RowData>
	<RowData><DataStructureId>47</DataStructureId><ProcessDefId>1</ProcessDefId><ExtMethodIndex>37</ExtMethodIndex><Name>ORDERID</Name><Type>10</Type><ParentIndex>15</ParentIndex><ClassName></ClassName><Unbounded>N</Unbounded>
	</RowData>
	<RowData><DataStructureId>48</DataStructureId><ProcessDefId>1</ProcessDefId><ExtMethodIndex>37</ExtMethodIndex><Name>ORDER_ITNO</Name><Type>3</Type><ParentIndex>15</ParentIndex><ClassName></ClassName><Unbounded>N</Unbounded>
	</RowData>
	<RowData><DataStructureId>49</DataStructureId><ProcessDefId>1</ProcessDefId><ExtMethodIndex>37</ExtMethodIndex><Name>CALC_MOTIVE</Name><Type>10</Type><ParentIndex>15</ParentIndex><ClassName></ClassName><Unbounded>N</Unbounded>
	</RowData>
	<RowData><DataStructureId>50</DataStructureId><ProcessDefId>1</ProcessDefId><ExtMethodIndex>37</ExtMethodIndex><Name>ASSET_NO</Name><Type>10</Type><ParentIndex>15</ParentIndex><ClassName></ClassName><Unbounded>N</Unbounded>
	</RowData>
	<RowData><DataStructureId>51</DataStructureId><ProcessDefId>1</ProcessDefId><ExtMethodIndex>37</ExtMethodIndex><Name>SUB_NUMBER</Name><Type>10</Type><ParentIndex>15</ParentIndex><ClassName></ClassName><Unbounded>N</Unbounded>
	</RowData>
	<RowData><DataStructureId>52</DataStructureId><ProcessDefId>1</ProcessDefId><ExtMethodIndex>37</ExtMethodIndex><Name>RESERV_NO</Name><Type>3</Type><ParentIndex>15</ParentIndex><ClassName></ClassName><Unbounded>N</Unbounded>
	</RowData>
	<RowData><DataStructureId>53</DataStructureId><ProcessDefId>1</ProcessDefId><ExtMethodIndex>37</ExtMethodIndex><Name>RES_ITEM</Name><Type>3</Type><ParentIndex>15</ParentIndex><ClassName></ClassName><Unbounded>N</Unbounded>
	</RowData>
	<RowData><DataStructureId>54</DataStructureId><ProcessDefId>1</ProcessDefId><ExtMethodIndex>37</ExtMethodIndex><Name>RES_TYPE</Name><Type>10</Type><ParentIndex>15</ParentIndex><ClassName></ClassName><Unbounded>N</Unbounded>
	</RowData>
	<RowData><DataStructureId>55</DataStructureId><ProcessDefId>1</ProcessDefId><ExtMethodIndex>37</ExtMethodIndex><Name>WITHDRAWN</Name><Type>10</Type><ParentIndex>15</ParentIndex><ClassName></ClassName><Unbounded>N</Unbounded>
	</RowData>
	<RowData><DataStructureId>56</DataStructureId><ProcessDefId>1</ProcessDefId><ExtMethodIndex>37</ExtMethodIndex><Name>MOVE_MAT</Name><Type>10</Type><ParentIndex>15</ParentIndex><ClassName></ClassName><Unbounded>N</Unbounded>
	</RowData>
	<RowData><DataStructureId>57</DataStructureId><ProcessDefId>1</ProcessDefId><ExtMethodIndex>37</ExtMethodIndex><Name>MOVE_PLANT</Name><Type>10</Type><ParentIndex>15</ParentIndex><ClassName></ClassName><Unbounded>N</Unbounded>
	</RowData>
	<RowData><DataStructureId>58</DataStructureId><ProcessDefId>1</ProcessDefId><ExtMethodIndex>37</ExtMethodIndex><Name>MOVE_STLOC</Name><Type>10</Type><ParentIndex>15</ParentIndex><ClassName></ClassName><Unbounded>N</Unbounded>
	</RowData>
	<RowData><DataStructureId>59</DataStructureId><ProcessDefId>1</ProcessDefId><ExtMethodIndex>37</ExtMethodIndex><Name>MOVE_BATCH</Name><Type>10</Type><ParentIndex>15</ParentIndex><ClassName></ClassName><Unbounded>N</Unbounded>
	</RowData>
	<RowData><DataStructureId>60</DataStructureId><ProcessDefId>1</ProcessDefId><ExtMethodIndex>37</ExtMethodIndex><Name>MOVE_VAL_TYPE</Name><Type>10</Type><ParentIndex>15</ParentIndex><ClassName></ClassName><Unbounded>N</Unbounded>
	</RowData>
	<RowData><DataStructureId>61</DataStructureId><ProcessDefId>1</ProcessDefId><ExtMethodIndex>37</ExtMethodIndex><Name>MVT_IND</Name><Type>10</Type><ParentIndex>15</ParentIndex><ClassName></ClassName><Unbounded>N</Unbounded>
	</RowData>
	<RowData><DataStructureId>62</DataStructureId><ProcessDefId>1</ProcessDefId><ExtMethodIndex>37</ExtMethodIndex><Name>MOVE_REAS</Name><Type>3</Type><ParentIndex>15</ParentIndex><ClassName></ClassName><Unbounded>N</Unbounded>
	</RowData>
	<RowData><DataStructureId>63</DataStructureId><ProcessDefId>1</ProcessDefId><ExtMethodIndex>37</ExtMethodIndex><Name>RL_EST_KEY</Name><Type>10</Type><ParentIndex>15</ParentIndex><ClassName></ClassName><Unbounded>N</Unbounded>
	</RowData>
</PMWDataStructureTable_5>