<PMWDataStructureTable_10>
	<RowData><DataStructureId>479</DataStructureId><ProcessDefId>1</ProcessDefId><ExtMethodIndex>39</ExtMethodIndex><Name>DL_QTY_TRSP</Name><Type>10</Type><ParentIndex>460</ParentIndex><ClassName></ClassName><Unbounded>N</Unbounded>
	</RowData>
	<RowData><DataStructureId>480</DataStructureId><ProcessDefId>1</ProcessDefId><ExtMethodIndex>39</ExtMethodIndex><Name>BL_QTY_TOTAL</Name><Type>10</Type><ParentIndex>460</ParentIndex><ClassName></ClassName><Unbounded>N</Unbounded>
	</RowData>
	<RowData><DataStructureId>481</DataStructureId><ProcessDefId>1</ProcessDefId><ExtMethodIndex>39</ExtMethodIndex><Name>DL_QTY_TOTAL</Name><Type>10</Type><ParentIndex>460</ParentIndex><ClassName></ClassName><Unbounded>N</Unbounded>
	</RowData>
	<RowData><DataStructureId>482</DataStructureId><ProcessDefId>1</ProcessDefId><ExtMethodIndex>39</ExtMethodIndex><Name>IV_QTY_TOTAL</Name><Type>10</Type><ParentIndex>460</ParentIndex><ClassName></ClassName><Unbounded>N</Unbounded>
	</RowData>
	<RowData><DataStructureId>483</DataStructureId><ProcessDefId>1</ProcessDefId><ExtMethodIndex>39</ExtMethodIndex><Name>CURRENCY</Name><Type>10</Type><ParentIndex>460</ParentIndex><ClassName></ClassName><Unbounded>N</Unbounded>
	</RowData>
	<RowData><DataStructureId>484</DataStructureId><ProcessDefId>1</ProcessDefId><ExtMethodIndex>39</ExtMethodIndex><Name>CURRENCY_ISO</Name><Type>10</Type><ParentIndex>460</ParentIndex><ClassName></ClassName><Unbounded>N</Unbounded>
	</RowData>
	<RowData><DataStructureId>485</DataStructureId><ProcessDefId>1</ProcessDefId><ExtMethodIndex>39</ExtMethodIndex><Name>POPARTNER</Name><Type>11</Type><ParentIndex>0</ParentIndex><ClassName>BAPIEKKOP</ClassName><Unbounded>Y</Unbounded>
	</RowData>
	<RowData><DataStructureId>486</DataStructureId><ProcessDefId>1</ProcessDefId><ExtMethodIndex>39</ExtMethodIndex><Name>PARTNERDESC</Name><Type>10</Type><ParentIndex>485</ParentIndex><ClassName></ClassName><Unbounded>N</Unbounded>
	</RowData>
	<RowData><DataStructureId>487</DataStructureId><ProcessDefId>1</ProcessDefId><ExtMethodIndex>39</ExtMethodIndex><Name>LANGU</Name><Type>10</Type><ParentIndex>485</ParentIndex><ClassName></ClassName><Unbounded>N</Unbounded>
	</RowData>
	<RowData><DataStructureId>488</DataStructureId><ProcessDefId>1</ProcessDefId><ExtMethodIndex>39</ExtMethodIndex><Name>BUSPARTNO</Name><Type>10</Type><ParentIndex>485</ParentIndex><ClassName></ClassName><Unbounded>N</Unbounded>
	</RowData>
	<RowData><DataStructureId>489</DataStructureId><ProcessDefId>1</ProcessDefId><ExtMethodIndex>39</ExtMethodIndex><Name>DELETE_IND</Name><Type>10</Type><ParentIndex>485</ParentIndex><ClassName></ClassName><Unbounded>N</Unbounded>
	</RowData>
	<RowData><DataStructureId>490</DataStructureId><ProcessDefId>1</ProcessDefId><ExtMethodIndex>39</ExtMethodIndex><Name>POSRVACCESSVALUES</Name><Type>11</Type><ParentIndex>0</ParentIndex><ClassName>BAPIESKLC</ClassName><Unbounded>Y</Unbounded>
	</RowData>
	<RowData><DataStructureId>491</DataStructureId><ProcessDefId>1</ProcessDefId><ExtMethodIndex>39</ExtMethodIndex><Name>PCKG_NO</Name><Type>3</Type><ParentIndex>490</ParentIndex><ClassName></ClassName><Unbounded>N</Unbounded>
	</RowData>
	<RowData><DataStructureId>492</DataStructureId><ProcessDefId>1</ProcessDefId><ExtMethodIndex>39</ExtMethodIndex><Name>LINE_NO</Name><Type>3</Type><ParentIndex>490</ParentIndex><ClassName></ClassName><Unbounded>N</Unbounded>
	</RowData>
	<RowData><DataStructureId>493</DataStructureId><ProcessDefId>1</ProcessDefId><ExtMethodIndex>39</ExtMethodIndex><Name>SERNO_LINE</Name><Type>3</Type><ParentIndex>490</ParentIndex><ClassName></ClassName><Unbounded>N</Unbounded>
	</RowData>
	<RowData><DataStructureId>494</DataStructureId><ProcessDefId>1</ProcessDefId><ExtMethodIndex>39</ExtMethodIndex><Name>PERCENTAGE</Name><Type>10</Type><ParentIndex>490</ParentIndex><ClassName></ClassName><Unbounded>N</Unbounded>
	</RowData>
	<RowData><DataStructureId>495</DataStructureId><ProcessDefId>1</ProcessDefId><ExtMethodIndex>39</ExtMethodIndex><Name>SERIAL_NO</Name><Type>3</Type><ParentIndex>490</ParentIndex><ClassName></ClassName><Unbounded>N</Unbounded>
	</RowData>
	<RowData><DataStructureId>496</DataStructureId><ProcessDefId>1</ProcessDefId><ExtMethodIndex>39</ExtMethodIndex><Name>QUANTITY</Name><Type>10</Type><ParentIndex>490</ParentIndex><ClassName></ClassName><Unbounded>N</Unbounded>
	</RowData>
	<RowData><DataStructureId>497</DataStructureId><ProcessDefId>1</ProcessDefId><ExtMethodIndex>39</ExtMethodIndex><Name>NET_VALUE</Name><Type>10</Type><ParentIndex>490</ParentIndex><ClassName></ClassName><Unbounded>N</Unbounded>
	</RowData>
	<RowData><DataStructureId>498</DataStructureId><ProcessDefId>1</ProcessDefId><ExtMethodIndex>39</ExtMethodIndex><Name>POCONDHEADER</Name><Type>11</Type><ParentIndex>0</ParentIndex><ClassName>BAPIMEPOCONDHEADER</ClassName><Unbounded>Y</Unbounded>
	</RowData>
	<RowData><DataStructureId>499</DataStructureId><ProcessDefId>1</ProcessDefId><ExtMethodIndex>39</ExtMethodIndex><Name>CONDITION_NO</Name><Type>10</Type><ParentIndex>498</ParentIndex><ClassName></ClassName><Unbounded>N</Unbounded>
	</RowData>
	<RowData><DataStructureId>500</DataStructureId><ProcessDefId>1</ProcessDefId><ExtMethodIndex>39</ExtMethodIndex><Name>ITM_NUMBER</Name><Type>3</Type><ParentIndex>498</ParentIndex><ClassName></ClassName><Unbounded>N</Unbounded>
	</RowData>
	<RowData><DataStructureId>501</DataStructureId><ProcessDefId>1</ProcessDefId><ExtMethodIndex>39</ExtMethodIndex><Name>COND_ST_NO</Name><Type>3</Type><ParentIndex>498</ParentIndex><ClassName></ClassName><Unbounded>N</Unbounded>
	</RowData>
	<RowData><DataStructureId>502</DataStructureId><ProcessDefId>1</ProcessDefId><ExtMethodIndex>39</ExtMethodIndex><Name>COND_COUNT</Name><Type>3</Type><ParentIndex>498</ParentIndex><ClassName></ClassName><Unbounded>N</Unbounded>
	</RowData>
	<RowData><DataStructureId>503</DataStructureId><ProcessDefId>1</ProcessDefId><ExtMethodIndex>39</ExtMethodIndex><Name>COND_TYPE</Name><Type>10</Type><ParentIndex>498</ParentIndex><ClassName></ClassName><Unbounded>N</Unbounded>
	</RowData>
	<RowData><DataStructureId>504</DataStructureId><ProcessDefId>1</ProcessDefId><ExtMethodIndex>39</ExtMethodIndex><Name>COND_VALUE</Name><Type>10</Type><ParentIndex>498</ParentIndex><ClassName></ClassName><Unbounded>N</Unbounded>
	</RowData>
	<RowData><DataStructureId>505</DataStructureId><ProcessDefId>1</ProcessDefId><ExtMethodIndex>39</ExtMethodIndex><Name>CURRENCY</Name><Type>10</Type><ParentIndex>498</ParentIndex><ClassName></ClassName><Unbounded>N</Unbounded>
	</RowData>
	<RowData><DataStructureId>506</DataStructureId><ProcessDefId>1</ProcessDefId><ExtMethodIndex>39</ExtMethodIndex><Name>CURRENCY_ISO</Name><Type>10</Type><ParentIndex>498</ParentIndex><ClassName></ClassName><Unbounded>N</Unbounded>
	</RowData>
	<RowData><DataStructureId>507</DataStructureId><ProcessDefId>1</ProcessDefId><ExtMethodIndex>39</ExtMethodIndex><Name>COND_UNIT</Name><Type>10</Type><ParentIndex>498</ParentIndex><ClassName></ClassName><Unbounded>N</Unbounded>
	</RowData>
	<RowData><DataStructureId>508</DataStructureId><ProcessDefId>1</ProcessDefId><ExtMethodIndex>39</ExtMethodIndex><Name>COND_UNIT_ISO</Name><Type>10</Type><ParentIndex>498</ParentIndex><ClassName></ClassName><Unbounded>N</Unbounded>
	</RowData>
	<RowData><DataStructureId>509</DataStructureId><ProcessDefId>1</ProcessDefId><ExtMethodIndex>39</ExtMethodIndex><Name>COND_P_UNT</Name><Type>10</Type><ParentIndex>498</ParentIndex><ClassName></ClassName><Unbounded>N</Unbounded>
	</RowData>
	<RowData><DataStructureId>510</DataStructureId><ProcessDefId>1</ProcessDefId><ExtMethodIndex>39</ExtMethodIndex><Name>APPLICATIO</Name><Type>10</Type><ParentIndex>498</ParentIndex><ClassName></ClassName><Unbounded>N</Unbounded>
	</RowData>
	<RowData><DataStructureId>511</DataStructureId><ProcessDefId>1</ProcessDefId><ExtMethodIndex>39</ExtMethodIndex><Name>CONPRICDAT</Name><Type>8</Type><ParentIndex>498</ParentIndex><ClassName></ClassName><Unbounded>N</Unbounded>
	</RowData>
	<RowData><DataStructureId>512</DataStructureId><ProcessDefId>1</ProcessDefId><ExtMethodIndex>39</ExtMethodIndex><Name>CALCTYPCON</Name><Type>10</Type><ParentIndex>498</ParentIndex><ClassName></ClassName><Unbounded>N</Unbounded>
	</RowData>
	<RowData><DataStructureId>513</DataStructureId><ProcessDefId>1</ProcessDefId><ExtMethodIndex>39</ExtMethodIndex><Name>CONBASEVAL</Name><Type>10</Type><ParentIndex>498</ParentIndex><ClassName></ClassName><Unbounded>N</Unbounded>
	</RowData>
	<RowData><DataStructureId>514</DataStructureId><ProcessDefId>1</ProcessDefId><ExtMethodIndex>39</ExtMethodIndex><Name>CONEXCHRAT</Name><Type>10</Type><ParentIndex>498</ParentIndex><ClassName></ClassName><Unbounded>N</Unbounded>
	</RowData>
	<RowData><DataStructureId>515</DataStructureId><ProcessDefId>1</ProcessDefId><ExtMethodIndex>39</ExtMethodIndex><Name>NUMCONVERT</Name><Type>10</Type><ParentIndex>498</ParentIndex><ClassName></ClassName><Unbounded>N</Unbounded>
	</RowData>
	<RowData><DataStructureId>516</DataStructureId><ProcessDefId>1</ProcessDefId><ExtMethodIndex>39</ExtMethodIndex><Name>DENOMINATO</Name><Type>10</Type><ParentIndex>498</ParentIndex><ClassName></ClassName><Unbounded>N</Unbounded>
	</RowData>
	<RowData><DataStructureId>517</DataStructureId><ProcessDefId>1</ProcessDefId><ExtMethodIndex>39</ExtMethodIndex><Name>CONDTYPE</Name><Type>10</Type><ParentIndex>498</ParentIndex><ClassName></ClassName><Unbounded>N</Unbounded>
	</RowData>
	<RowData><DataStructureId>518</DataStructureId><ProcessDefId>1</ProcessDefId><ExtMethodIndex>39</ExtMethodIndex><Name>STAT_CON</Name><Type>10</Type><ParentIndex>498</ParentIndex><ClassName></ClassName><Unbounded>N</Unbounded>
	</RowData>
	<RowData><DataStructureId>519</DataStructureId><ProcessDefId>1</ProcessDefId><ExtMethodIndex>39</ExtMethodIndex><Name>SCALETYPE</Name><Type>10</Type><ParentIndex>498</ParentIndex><ClassName></ClassName><Unbounded>N</Unbounded>
	</RowData>
	<RowData><DataStructureId>520</DataStructureId><ProcessDefId>1</ProcessDefId><ExtMethodIndex>39</ExtMethodIndex><Name>ACCRUALS</Name><Type>10</Type><ParentIndex>498</ParentIndex><ClassName></ClassName><Unbounded>N</Unbounded>
	</RowData>
	<RowData><DataStructureId>521</DataStructureId><ProcessDefId>1</ProcessDefId><ExtMethodIndex>39</ExtMethodIndex><Name>CONINVOLST</Name><Type>10</Type><ParentIndex>498</ParentIndex><ClassName></ClassName><Unbounded>N</Unbounded>
	</RowData>
	<RowData><DataStructureId>522</DataStructureId><ProcessDefId>1</ProcessDefId><ExtMethodIndex>39</ExtMethodIndex><Name>CONDORIGIN</Name><Type>10</Type><ParentIndex>498</ParentIndex><ClassName></ClassName><Unbounded>N</Unbounded>
	</RowData>
	<RowData><DataStructureId>523</DataStructureId><ProcessDefId>1</ProcessDefId><ExtMethodIndex>39</ExtMethodIndex><Name>GROUPCOND</Name><Type>10</Type><ParentIndex>498</ParentIndex><ClassName></ClassName><Unbounded>N</Unbounded>
	</RowData>
	<RowData><DataStructureId>524</DataStructureId><ProcessDefId>1</ProcessDefId><ExtMethodIndex>39</ExtMethodIndex><Name>COND_UPDAT</Name><Type>10</Type><ParentIndex>498</ParentIndex><ClassName></ClassName><Unbounded>N</Unbounded>
	</RowData>
	<RowData><DataStructureId>525</DataStructureId><ProcessDefId>1</ProcessDefId><ExtMethodIndex>39</ExtMethodIndex><Name>ACCESS_SEQ</Name><Type>3</Type><ParentIndex>498</ParentIndex><ClassName></ClassName><Unbounded>N</Unbounded>
	</RowData>
	<RowData><DataStructureId>526</DataStructureId><ProcessDefId>1</ProcessDefId><ExtMethodIndex>39</ExtMethodIndex><Name>CONDCOUNT</Name><Type>3</Type><ParentIndex>498</ParentIndex><ClassName></ClassName><Unbounded>N</Unbounded>
	</RowData>
	<RowData><DataStructureId>527</DataStructureId><ProcessDefId>1</ProcessDefId><ExtMethodIndex>39</ExtMethodIndex><Name>CONDCNTRL</Name><Type>10</Type><ParentIndex>498</ParentIndex><ClassName></ClassName><Unbounded>N</Unbounded>
	</RowData>
	<RowData><DataStructureId>528</DataStructureId><ProcessDefId>1</ProcessDefId><ExtMethodIndex>39</ExtMethodIndex><Name>CONDISACTI</Name><Type>10</Type><ParentIndex>498</ParentIndex><ClassName></ClassName><Unbounded>N</Unbounded>
	</RowData>
	<RowData><DataStructureId>529</DataStructureId><ProcessDefId>1</ProcessDefId><ExtMethodIndex>39</ExtMethodIndex><Name>CONDCLASS</Name><Type>10</Type><ParentIndex>498</ParentIndex><ClassName></ClassName><Unbounded>N</Unbounded>
	</RowData>
	<RowData><DataStructureId>530</DataStructureId><ProcessDefId>1</ProcessDefId><ExtMethodIndex>39</ExtMethodIndex><Name>FACTBASVAL</Name><Type>10</Type><ParentIndex>498</ParentIndex><ClassName></ClassName><Unbounded>N</Unbounded>
	</RowData>
	<RowData><DataStructureId>531</DataStructureId><ProcessDefId>1</ProcessDefId><ExtMethodIndex>39</ExtMethodIndex><Name>SCALEBASIN</Name><Type>10</Type><ParentIndex>498</ParentIndex><ClassName></ClassName><Unbounded>N</Unbounded>
	</RowData>
	<RowData><DataStructureId>532</DataStructureId><ProcessDefId>1</ProcessDefId><ExtMethodIndex>39</ExtMethodIndex><Name>SCALBASVAL</Name><Type>10</Type><ParentIndex>498</ParentIndex><ClassName></ClassName><Unbounded>N</Unbounded>
	</RowData>
	<RowData><DataStructureId>533</DataStructureId><ProcessDefId>1</ProcessDefId><ExtMethodIndex>39</ExtMethodIndex><Name>UNITMEASUR</Name><Type>10</Type><ParentIndex>498</ParentIndex><ClassName></ClassName><Unbounded>N</Unbounded>
	</RowData>
	<RowData><DataStructureId>534</DataStructureId><ProcessDefId>1</ProcessDefId><ExtMethodIndex>39</ExtMethodIndex><Name>UNITMEASUR_ISO</Name><Type>10</Type><ParentIndex>498</ParentIndex><ClassName></ClassName><Unbounded>N</Unbounded>
	</RowData>
	<RowData><DataStructureId>535</DataStructureId><ProcessDefId>1</ProcessDefId><ExtMethodIndex>39</ExtMethodIndex><Name>CURRENCKEY</Name><Type>10</Type><ParentIndex>498</ParentIndex><ClassName></ClassName><Unbounded>N</Unbounded>
	</RowData>
	<RowData><DataStructureId>536</DataStructureId><ProcessDefId>1</ProcessDefId><ExtMethodIndex>39</ExtMethodIndex><Name>CURRENCKEY_ISO</Name><Type>10</Type><ParentIndex>498</ParentIndex><ClassName></ClassName><Unbounded>N</Unbounded>
	</RowData>
	<RowData><DataStructureId>537</DataStructureId><ProcessDefId>1</ProcessDefId><ExtMethodIndex>39</ExtMethodIndex><Name>CONDINCOMP</Name><Type>10</Type><ParentIndex>498</ParentIndex><ClassName></ClassName><Unbounded>N</Unbounded>
	</RowData>
	<RowData><DataStructureId>538</DataStructureId><ProcessDefId>1</ProcessDefId><ExtMethodIndex>39</ExtMethodIndex><Name>CONDCONFIG</Name><Type>10</Type><ParentIndex>498</ParentIndex><ClassName></ClassName><Unbounded>N</Unbounded>
	</RowData>
	<RowData><DataStructureId>539</DataStructureId><ProcessDefId>1</ProcessDefId><ExtMethodIndex>39</ExtMethodIndex><Name>CONDCHAMAN</Name><Type>10</Type><ParentIndex>498</ParentIndex><ClassName></ClassName><Unbounded>N</Unbounded>
	</RowData>
	<RowData><DataStructureId>540</DataStructureId><ProcessDefId>1</ProcessDefId><ExtMethodIndex>39</ExtMethodIndex><Name>COND_NO</Name><Type>10</Type><ParentIndex>498</ParentIndex><ClassName></ClassName><Unbounded>N</Unbounded>
	</RowData>
	<RowData><DataStructureId>541</DataStructureId><ProcessDefId>1</ProcessDefId><ExtMethodIndex>39</ExtMethodIndex><Name>CHANGE_ID</Name><Type>10</Type><ParentIndex>498</ParentIndex><ClassName></ClassName><Unbounded>N</Unbounded>
	</RowData>
	<RowData><DataStructureId>542</DataStructureId><ProcessDefId>1</ProcessDefId><ExtMethodIndex>39</ExtMethodIndex><Name>VENDOR_NO</Name><Type>10</Type><ParentIndex>498</ParentIndex><ClassName></ClassName><Unbounded>N</Unbounded>
	</RowData>
	<RowData><DataStructureId>543</DataStructureId><ProcessDefId>1</ProcessDefId><ExtMethodIndex>39</ExtMethodIndex><Name>POSERVICES</Name><Type>11</Type><ParentIndex>0</ParentIndex><ClassName>BAPIESLLC</ClassName><Unbounded>Y</Unbounded>
	</RowData>
	<RowData><DataStructureId>544</DataStructureId><ProcessDefId>1</ProcessDefId><ExtMethodIndex>39</ExtMethodIndex><Name>PCKG_NO</Name><Type>3</Type><ParentIndex>543</ParentIndex><ClassName></ClassName><Unbounded>N</Unbounded>
	</RowData>
	<RowData><DataStructureId>545</DataStructureId><ProcessDefId>1</ProcessDefId><ExtMethodIndex>39</ExtMethodIndex><Name>LINE_NO</Name><Type>3</Type><ParentIndex>543</ParentIndex><ClassName></ClassName><Unbounded>N</Unbounded>
	</RowData>
	<RowData><DataStructureId>546</DataStructureId><ProcessDefId>1</ProcessDefId><ExtMethodIndex>39</ExtMethodIndex><Name>EXT_LINE</Name><Type>3</Type><ParentIndex>543</ParentIndex><ClassName></ClassName><Unbounded>N</Unbounded>
	</RowData>
	<RowData><DataStructureId>547</DataStructureId><ProcessDefId>1</ProcessDefId><ExtMethodIndex>39</ExtMethodIndex><Name>OUTL_LEVEL</Name><Type>10</Type><ParentIndex>543</ParentIndex><ClassName></ClassName><Unbounded>N</Unbounded>
	</RowData>
	<RowData><DataStructureId>548</DataStructureId><ProcessDefId>1</ProcessDefId><ExtMethodIndex>39</ExtMethodIndex><Name>OUTL_NO</Name><Type>10</Type><ParentIndex>543</ParentIndex><ClassName></ClassName><Unbounded>N</Unbounded>
	</RowData>
	<RowData><DataStructureId>549</DataStructureId><ProcessDefId>1</ProcessDefId><ExtMethodIndex>39</ExtMethodIndex><Name>OUTL_IND</Name><Type>10</Type><ParentIndex>543</ParentIndex><ClassName></ClassName><Unbounded>N</Unbounded>
	</RowData>
	<RowData><DataStructureId>550</DataStructureId><ProcessDefId>1</ProcessDefId><ExtMethodIndex>39</ExtMethodIndex><Name>SUBPCKG_NO</Name><Type>3</Type><ParentIndex>543</ParentIndex><ClassName></ClassName><Unbounded>N</Unbounded>
	</RowData>
	<RowData><DataStructureId>551</DataStructureId><ProcessDefId>1</ProcessDefId><ExtMethodIndex>39</ExtMethodIndex><Name>SERVICE</Name><Type>10</Type><ParentIndex>543</ParentIndex><ClassName></ClassName><Unbounded>N</Unbounded>
	</RowData>
	<RowData><DataStructureId>552</DataStructureId><ProcessDefId>1</ProcessDefId><ExtMethodIndex>39</ExtMethodIndex><Name>SERV_TYPE</Name><Type>10</Type><ParentIndex>543</ParentIndex><ClassName></ClassName><Unbounded>N</Unbounded>
	</RowData>
	<RowData><DataStructureId>553</DataStructureId><ProcessDefId>1</ProcessDefId><ExtMethodIndex>39</ExtMethodIndex><Name>EDITION</Name><Type>3</Type><ParentIndex>543</ParentIndex><ClassName></ClassName><Unbounded>N</Unbounded>
	</RowData>
	<RowData><DataStructureId>554</DataStructureId><ProcessDefId>1</ProcessDefId><ExtMethodIndex>39</ExtMethodIndex><Name>SSC_ITEM</Name><Type>10</Type><ParentIndex>543</ParentIndex><ClassName></ClassName><Unbounded>N</Unbounded>
	</RowData>
	<RowData><DataStructureId>555</DataStructureId><ProcessDefId>1</ProcessDefId><ExtMethodIndex>39</ExtMethodIndex><Name>EXT_SERV</Name><Type>10</Type><ParentIndex>543</ParentIndex><ClassName></ClassName><Unbounded>N</Unbounded>
	</RowData>
	<RowData><DataStructureId>556</DataStructureId><ProcessDefId>1</ProcessDefId><ExtMethodIndex>39</ExtMethodIndex><Name>QUANTITY</Name><Type>10</Type><ParentIndex>543</ParentIndex><ClassName></ClassName><Unbounded>N</Unbounded>
	</RowData>
	<RowData><DataStructureId>557</DataStructureId><ProcessDefId>1</ProcessDefId><ExtMethodIndex>39</ExtMethodIndex><Name>BASE_UOM</Name><Type>10</Type><ParentIndex>543</ParentIndex><ClassName></ClassName><Unbounded>N</Unbounded>
	</RowData>
	<RowData><DataStructureId>558</DataStructureId><ProcessDefId>1</ProcessDefId><ExtMethodIndex>39</ExtMethodIndex><Name>UOM_ISO</Name><Type>10</Type><ParentIndex>543</ParentIndex><ClassName></ClassName><Unbounded>N</Unbounded>
	</RowData>
	<RowData><DataStructureId>559</DataStructureId><ProcessDefId>1</ProcessDefId><ExtMethodIndex>39</ExtMethodIndex><Name>OVF_TOL</Name><Type>10</Type><ParentIndex>543</ParentIndex><ClassName></ClassName><Unbounded>N</Unbounded>
	</RowData>
	<RowData><DataStructureId>560</DataStructureId><ProcessDefId>1</ProcessDefId><ExtMethodIndex>39</ExtMethodIndex><Name>OVF_UNLIM</Name><Type>10</Type><ParentIndex>543</ParentIndex><ClassName></ClassName><Unbounded>N</Unbounded>
	</RowData>
	<RowData><DataStructureId>561</DataStructureId><ProcessDefId>1</ProcessDefId><ExtMethodIndex>39</ExtMethodIndex><Name>PRICE_UNIT</Name><Type>10</Type><ParentIndex>543</ParentIndex><ClassName></ClassName><Unbounded>N</Unbounded>
	</RowData>
	<RowData><DataStructureId>562</DataStructureId><ProcessDefId>1</ProcessDefId><ExtMethodIndex>39</ExtMethodIndex><Name>GR_PRICE</Name><Type>10</Type><ParentIndex>543</ParentIndex><ClassName></ClassName><Unbounded>N</Unbounded>
	</RowData>
	<RowData><DataStructureId>563</DataStructureId><ProcessDefId>1</ProcessDefId><ExtMethodIndex>39</ExtMethodIndex><Name>FROM_LINE</Name><Type>10</Type><ParentIndex>543</ParentIndex><ClassName></ClassName><Unbounded>N</Unbounded>
	</RowData>
	<RowData><DataStructureId>564</DataStructureId><ProcessDefId>1</ProcessDefId><ExtMethodIndex>39</ExtMethodIndex><Name>TO_LINE</Name><Type>10</Type><ParentIndex>543</ParentIndex><ClassName></ClassName><Unbounded>N</Unbounded>
	</RowData>
	<RowData><DataStructureId>565</DataStructureId><ProcessDefId>1</ProcessDefId><ExtMethodIndex>39</ExtMethodIndex><Name>SHORT_TEXT</Name><Type>10</Type><ParentIndex>543</ParentIndex><ClassName></ClassName><Unbounded>N</Unbounded>
	</RowData>
	<RowData><DataStructureId>566</DataStructureId><ProcessDefId>1</ProcessDefId><ExtMethodIndex>39</ExtMethodIndex><Name>DISTRIB</Name><Type>10</Type><ParentIndex>543</ParentIndex><ClassName></ClassName><Unbounded>N</Unbounded>
	</RowData>
	<RowData><DataStructureId>567</DataStructureId><ProcessDefId>1</ProcessDefId><ExtMethodIndex>39</ExtMethodIndex><Name>PERS_NO</Name><Type>3</Type><ParentIndex>543</ParentIndex><ClassName></ClassName><Unbounded>N</Unbounded>
	</RowData>
	<RowData><DataStructureId>568</DataStructureId><ProcessDefId>1</ProcessDefId><ExtMethodIndex>39</ExtMethodIndex><Name>WAGETYPE</Name><Type>10</Type><ParentIndex>543</ParentIndex><ClassName></ClassName><Unbounded>N</Unbounded>
	</RowData>
	<RowData><DataStructureId>569</DataStructureId><ProcessDefId>1</ProcessDefId><ExtMethodIndex>39</ExtMethodIndex><Name>PLN_PCKG</Name><Type>3</Type><ParentIndex>543</ParentIndex><ClassName></ClassName><Unbounded>N</Unbounded>
	</RowData>
	<RowData><DataStructureId>570</DataStructureId><ProcessDefId>1</ProcessDefId><ExtMethodIndex>39</ExtMethodIndex><Name>PLN_LINE</Name><Type>3</Type><ParentIndex>543</ParentIndex><ClassName></ClassName><Unbounded>N</Unbounded>
	</RowData>
	<RowData><DataStructureId>571</DataStructureId><ProcessDefId>1</ProcessDefId><ExtMethodIndex>39</ExtMethodIndex><Name>CON_PCKG</Name><Type>3</Type><ParentIndex>543</ParentIndex><ClassName></ClassName><Unbounded>N</Unbounded>
	</RowData>
	<RowData><DataStructureId>572</DataStructureId><ProcessDefId>1</ProcessDefId><ExtMethodIndex>39</ExtMethodIndex><Name>CON_LINE</Name><Type>3</Type><ParentIndex>543</ParentIndex><ClassName></ClassName><Unbounded>N</Unbounded>
	</RowData>
	<RowData><DataStructureId>573</DataStructureId><ProcessDefId>1</ProcessDefId><ExtMethodIndex>39</ExtMethodIndex><Name>TMP_PCKG</Name><Type>3</Type><ParentIndex>543</ParentIndex><ClassName></ClassName><Unbounded>N</Unbounded>
	</RowData>
	<RowData><DataStructureId>574</DataStructureId><ProcessDefId>1</ProcessDefId><ExtMethodIndex>39</ExtMethodIndex><Name>TMP_LINE</Name><Type>3</Type><ParentIndex>543</ParentIndex><ClassName></ClassName><Unbounded>N</Unbounded>
	</RowData>
	<RowData><DataStructureId>575</DataStructureId><ProcessDefId>1</ProcessDefId><ExtMethodIndex>39</ExtMethodIndex><Name>SSC_LIM</Name><Type>10</Type><ParentIndex>543</ParentIndex><ClassName></ClassName><Unbounded>N</Unbounded>
	</RowData>
	<RowData><DataStructureId>576</DataStructureId><ProcessDefId>1</ProcessDefId><ExtMethodIndex>39</ExtMethodIndex><Name>LIMIT_LINE</Name><Type>3</Type><ParentIndex>543</ParentIndex><ClassName></ClassName><Unbounded>N</Unbounded>
	</RowData>
	<RowData><DataStructureId>577</DataStructureId><ProcessDefId>1</ProcessDefId><ExtMethodIndex>39</ExtMethodIndex><Name>TARGET_VAL</Name><Type>10</Type><ParentIndex>543</ParentIndex><ClassName></ClassName><Unbounded>N</Unbounded>
	</RowData>
	<RowData><DataStructureId>578</DataStructureId><ProcessDefId>1</ProcessDefId><ExtMethodIndex>39</ExtMethodIndex><Name>BASLINE_NO</Name><Type>3</Type><ParentIndex>543</ParentIndex><ClassName></ClassName><Unbounded>N</Unbounded>
	</RowData>
	<RowData><DataStructureId>579</DataStructureId><ProcessDefId>1</ProcessDefId><ExtMethodIndex>39</ExtMethodIndex><Name>BASIC_LINE</Name><Type>10</Type><ParentIndex>543</ParentIndex><ClassName></ClassName><Unbounded>N</Unbounded>
	</RowData>
	<RowData><DataStructureId>580</DataStructureId><ProcessDefId>1</ProcessDefId><ExtMethodIndex>39</ExtMethodIndex><Name>ALTERNAT</Name><Type>10</Type><ParentIndex>543</ParentIndex><ClassName></ClassName><Unbounded>N</Unbounded>
	</RowData>
	<RowData><DataStructureId>581</DataStructureId><ProcessDefId>1</ProcessDefId><ExtMethodIndex>39</ExtMethodIndex><Name>BIDDER</Name><Type>10</Type><ParentIndex>543</ParentIndex><ClassName></ClassName><Unbounded>N</Unbounded>
	</RowData>
	<RowData><DataStructureId>582</DataStructureId><ProcessDefId>1</ProcessDefId><ExtMethodIndex>39</ExtMethodIndex><Name>SUPP_LINE</Name><Type>10</Type><ParentIndex>543</ParentIndex><ClassName></ClassName><Unbounded>N</Unbounded>
	</RowData>
	<RowData><DataStructureId>583</DataStructureId><ProcessDefId>1</ProcessDefId><ExtMethodIndex>39</ExtMethodIndex><Name>OPEN_QTY</Name><Type>10</Type><ParentIndex>543</ParentIndex><ClassName></ClassName><Unbounded>N</Unbounded>
	</RowData>
	<RowData><DataStructureId>584</DataStructureId><ProcessDefId>1</ProcessDefId><ExtMethodIndex>39</ExtMethodIndex><Name>INFORM</Name><Type>10</Type><ParentIndex>543</ParentIndex><ClassName></ClassName><Unbounded>N</Unbounded>
	</RowData>
	<RowData><DataStructureId>585</DataStructureId><ProcessDefId>1</ProcessDefId><ExtMethodIndex>39</ExtMethodIndex><Name>BLANKET</Name><Type>10</Type><ParentIndex>543</ParentIndex><ClassName></ClassName><Unbounded>N</Unbounded>
	</RowData>
	<RowData><DataStructureId>586</DataStructureId><ProcessDefId>1</ProcessDefId><ExtMethodIndex>39</ExtMethodIndex><Name>EVENTUAL</Name><Type>10</Type><ParentIndex>543</ParentIndex><ClassName></ClassName><Unbounded>N</Unbounded>
	</RowData>
	<RowData><DataStructureId>587</DataStructureId><ProcessDefId>1</ProcessDefId><ExtMethodIndex>39</ExtMethodIndex><Name>TAX_CODE</Name><Type>10</Type><ParentIndex>543</ParentIndex><ClassName></ClassName><Unbounded>N</Unbounded>
	</RowData>
	<RowData><DataStructureId>588</DataStructureId><ProcessDefId>1</ProcessDefId><ExtMethodIndex>39</ExtMethodIndex><Name>TAXJURCODE</Name><Type>10</Type><ParentIndex>543</ParentIndex><ClassName></ClassName><Unbounded>N</Unbounded>
	</RowData>
	<RowData><DataStructureId>589</DataStructureId><ProcessDefId>1</ProcessDefId><ExtMethodIndex>39</ExtMethodIndex><Name>PRICE_CHG</Name><Type>10</Type><ParentIndex>543</ParentIndex><ClassName></ClassName><Unbounded>N</Unbounded>
	</RowData>
	<RowData><DataStructureId>590</DataStructureId><ProcessDefId>1</ProcessDefId><ExtMethodIndex>39</ExtMethodIndex><Name>MATL_GROUP</Name><Type>10</Type><ParentIndex>543</ParentIndex><ClassName></ClassName><Unbounded>N</Unbounded>
	</RowData>
	<RowData><DataStructureId>591</DataStructureId><ProcessDefId>1</ProcessDefId><ExtMethodIndex>39</ExtMethodIndex><Name>DATE</Name><Type>8</Type><ParentIndex>543</ParentIndex><ClassName></ClassName><Unbounded>N</Unbounded>
	</RowData>
	<RowData><DataStructureId>592</DataStructureId><ProcessDefId>1</ProcessDefId><ExtMethodIndex>39</ExtMethodIndex><Name>BEGINTIME</Name><Type>10</Type><ParentIndex>543</ParentIndex><ClassName></ClassName><Unbounded>N</Unbounded>
	</RowData>
	<RowData><DataStructureId>593</DataStructureId><ProcessDefId>1</ProcessDefId><ExtMethodIndex>39</ExtMethodIndex><Name>ENDTIME</Name><Type>10</Type><ParentIndex>543</ParentIndex><ClassName></ClassName><Unbounded>N</Unbounded>
	</RowData>
	<RowData><DataStructureId>594</DataStructureId><ProcessDefId>1</ProcessDefId><ExtMethodIndex>39</ExtMethodIndex><Name>EXTPERS_NO</Name><Type>10</Type><ParentIndex>543</ParentIndex><ClassName></ClassName><Unbounded>N</Unbounded>
	</RowData>
	<RowData><DataStructureId>595</DataStructureId><ProcessDefId>1</ProcessDefId><ExtMethodIndex>39</ExtMethodIndex><Name>FORMULA</Name><Type>10</Type><ParentIndex>543</ParentIndex><ClassName></ClassName><Unbounded>N</Unbounded>
	</RowData>
	<RowData><DataStructureId>596</DataStructureId><ProcessDefId>1</ProcessDefId><ExtMethodIndex>39</ExtMethodIndex><Name>FORM_VAL1</Name><Type>10</Type><ParentIndex>543</ParentIndex><ClassName></ClassName><Unbounded>N</Unbounded>
	</RowData>
	<RowData><DataStructureId>597</DataStructureId><ProcessDefId>1</ProcessDefId><ExtMethodIndex>39</ExtMethodIndex><Name>FORM_VAL2</Name><Type>10</Type><ParentIndex>543</ParentIndex><ClassName></ClassName><Unbounded>N</Unbounded>
	</RowData>
	<RowData><DataStructureId>598</DataStructureId><ProcessDefId>1</ProcessDefId><ExtMethodIndex>39</ExtMethodIndex><Name>FORM_VAL3</Name><Type>10</Type><ParentIndex>543</ParentIndex><ClassName></ClassName><Unbounded>N</Unbounded>
	</RowData>
	<RowData><DataStructureId>599</DataStructureId><ProcessDefId>1</ProcessDefId><ExtMethodIndex>39</ExtMethodIndex><Name>FORM_VAL4</Name><Type>10</Type><ParentIndex>543</ParentIndex><ClassName></ClassName><Unbounded>N</Unbounded>
	</RowData>
	<RowData><DataStructureId>600</DataStructureId><ProcessDefId>1</ProcessDefId><ExtMethodIndex>39</ExtMethodIndex><Name>FORM_VAL5</Name><Type>10</Type><ParentIndex>543</ParentIndex><ClassName></ClassName><Unbounded>N</Unbounded>
	</RowData>
	<RowData><DataStructureId>601</DataStructureId><ProcessDefId>1</ProcessDefId><ExtMethodIndex>39</ExtMethodIndex><Name>USERF1_NUM</Name><Type>3</Type><ParentIndex>543</ParentIndex><ClassName></ClassName><Unbounded>N</Unbounded>
	</RowData>
	<RowData><DataStructureId>602</DataStructureId><ProcessDefId>1</ProcessDefId><ExtMethodIndex>39</ExtMethodIndex><Name>USERF2_NUM</Name><Type>10</Type><ParentIndex>543</ParentIndex><ClassName></ClassName><Unbounded>N</Unbounded>
	</RowData>
	<RowData><DataStructureId>603</DataStructureId><ProcessDefId>1</ProcessDefId><ExtMethodIndex>39</ExtMethodIndex><Name>USERF1_TXT</Name><Type>10</Type><ParentIndex>543</ParentIndex><ClassName></ClassName><Unbounded>N</Unbounded>
	</RowData>
	<RowData><DataStructureId>604</DataStructureId><ProcessDefId>1</ProcessDefId><ExtMethodIndex>39</ExtMethodIndex><Name>USERF2_TXT</Name><Type>10</Type><ParentIndex>543</ParentIndex><ClassName></ClassName><Unbounded>N</Unbounded>
	</RowData>
	<RowData><DataStructureId>605</DataStructureId><ProcessDefId>1</ProcessDefId><ExtMethodIndex>39</ExtMethodIndex><Name>HI_LINE_NO</Name><Type>3</Type><ParentIndex>543</ParentIndex><ClassName></ClassName><Unbounded>N</Unbounded>
	</RowData>
	<RowData><DataStructureId>606</DataStructureId><ProcessDefId>1</ProcessDefId><ExtMethodIndex>39</ExtMethodIndex><Name>EXTREFKEY</Name><Type>10</Type><ParentIndex>543</ParentIndex><ClassName></ClassName><Unbounded>N</Unbounded>
	</RowData>
	<RowData><DataStructureId>607</DataStructureId><ProcessDefId>1</ProcessDefId><ExtMethodIndex>39</ExtMethodIndex><Name>DELETE_IND</Name><Type>10</Type><ParentIndex>543</ParentIndex><ClassName></ClassName><Unbounded>N</Unbounded>
	</RowData>
	<RowData><DataStructureId>608</DataStructureId><ProcessDefId>1</ProcessDefId><ExtMethodIndex>39</ExtMethodIndex><Name>PER_SDATE</Name><Type>8</Type><ParentIndex>543</ParentIndex><ClassName></ClassName><Unbounded>N</Unbounded>
	</RowData>
	<RowData><DataStructureId>609</DataStructureId><ProcessDefId>1</ProcessDefId><ExtMethodIndex>39</ExtMethodIndex><Name>PER_EDATE</Name><Type>8</Type><ParentIndex>543</ParentIndex><ClassName></ClassName><Unbounded>N</Unbounded>
	</RowData>
	<RowData><DataStructureId>610</DataStructureId><ProcessDefId>1</ProcessDefId><ExtMethodIndex>39</ExtMethodIndex><Name>EXTERNAL_ITEM_ID</Name><Type>10</Type><ParentIndex>543</ParentIndex><ClassName></ClassName><Unbounded>N</Unbounded>
	</RowData>
	<RowData><DataStructureId>611</DataStructureId><ProcessDefId>1</ProcessDefId><ExtMethodIndex>39</ExtMethodIndex><Name>SERVICE_ITEM_KEY</Name><Type>3</Type><ParentIndex>543</ParentIndex><ClassName></ClassName><Unbounded>N</Unbounded>
	</RowData>
	<RowData><DataStructureId>612</DataStructureId><ProcessDefId>1</ProcessDefId><ExtMethodIndex>39</ExtMethodIndex><Name>NET_VALUE</Name><Type>10</Type><ParentIndex>543</ParentIndex><ClassName></ClassName><Unbounded>N</Unbounded>
	</RowData>
	<RowData><DataStructureId>613</DataStructureId><ProcessDefId>1</ProcessDefId><ExtMethodIndex>39</ExtMethodIndex><Name>SERIALNUMBER</Name><Type>11</Type><ParentIndex>0</ParentIndex><ClassName>BAPIMEPOSERIALNO</ClassName><Unbounded>Y</Unbounded>
	</RowData>
	<RowData><DataStructureId>614</DataStructureId><ProcessDefId>1</ProcessDefId><ExtMethodIndex>39</ExtMethodIndex><Name>PO_ITEM</Name><Type>3</Type><ParentIndex>613</ParentIndex><ClassName></ClassName><Unbounded>N</Unbounded>
	</RowData>
	<RowData><DataStructureId>615</DataStructureId><ProcessDefId>1</ProcessDefId><ExtMethodIndex>39</ExtMethodIndex><Name>SCHED_LINE</Name><Type>3</Type><ParentIndex>613</ParentIndex><ClassName></ClassName><Unbounded>N</Unbounded>
	</RowData>
	<RowData><DataStructureId>616</DataStructureId><ProcessDefId>1</ProcessDefId><ExtMethodIndex>39</ExtMethodIndex><Name>DELETE_IND</Name><Type>10</Type><ParentIndex>613</ParentIndex><ClassName></ClassName><Unbounded>N</Unbounded>
	</RowData>
	<RowData><DataStructureId>617</DataStructureId><ProcessDefId>1</ProcessDefId><ExtMethodIndex>39</ExtMethodIndex><Name>SERIALNO</Name><Type>10</Type><ParentIndex>613</ParentIndex><ClassName></ClassName><Unbounded>N</Unbounded>
	</RowData>
	<RowData><DataStructureId>618</DataStructureId><ProcessDefId>1</ProcessDefId><ExtMethodIndex>39</ExtMethodIndex><Name>UII</Name><Type>10</Type><ParentIndex>613</ParentIndex><ClassName></ClassName><Unbounded>N</Unbounded>
	</RowData>
	<RowData><DataStructureId>619</DataStructureId><ProcessDefId>1</ProcessDefId><ExtMethodIndex>39</ExtMethodIndex><Name>POCONTRACTLIMITS</Name><Type>11</Type><ParentIndex>0</ParentIndex><ClassName>BAPIESUCC</ClassName><Unbounded>Y</Unbounded>
	</RowData>
	<RowData><DataStructureId>620</DataStructureId><ProcessDefId>1</ProcessDefId><ExtMethodIndex>39</ExtMethodIndex><Name>PCKG_NO</Name><Type>3</Type><ParentIndex>619</ParentIndex><ClassName></ClassName><Unbounded>N</Unbounded>
	</RowData>
	<RowData><DataStructureId>621</DataStructureId><ProcessDefId>1</ProcessDefId><ExtMethodIndex>39</ExtMethodIndex><Name>LINE_NO</Name><Type>3</Type><ParentIndex>619</ParentIndex><ClassName></ClassName><Unbounded>N</Unbounded>
	</RowData>
	<RowData><DataStructureId>622</DataStructureId><ProcessDefId>1</ProcessDefId><ExtMethodIndex>39</ExtMethodIndex><Name>CON_NUMBER</Name><Type>10</Type><ParentIndex>619</ParentIndex><ClassName></ClassName><Unbounded>N</Unbounded>
	</RowData>
	<RowData><DataStructureId>623</DataStructureId><ProcessDefId>1</ProcessDefId><ExtMethodIndex>39</ExtMethodIndex><Name>CON_ITEM</Name><Type>3</Type><ParentIndex>619</ParentIndex><ClassName></ClassName><Unbounded>N</Unbounded>
	</RowData>
	<RowData><DataStructureId>624</DataStructureId><ProcessDefId>1</ProcessDefId><ExtMethodIndex>39</ExtMethodIndex><Name>LIMIT</Name><Type>10</Type><ParentIndex>619</ParentIndex><ClassName></ClassName><Unbounded>N</Unbounded>
	</RowData>
	<RowData><DataStructureId>625</DataStructureId><ProcessDefId>1</ProcessDefId><ExtMethodIndex>39</ExtMethodIndex><Name>NO_LIMIT</Name><Type>10</Type><ParentIndex>619</ParentIndex><ClassName></ClassName><Unbounded>N</Unbounded>
	</RowData>
	<RowData><DataStructureId>626</DataStructureId><ProcessDefId>1</ProcessDefId><ExtMethodIndex>39</ExtMethodIndex><Name>PRICE_CHG</Name><Type>10</Type><ParentIndex>619</ParentIndex><ClassName></ClassName><Unbounded>N</Unbounded>
	</RowData>
	<RowData><DataStructureId>627</DataStructureId><ProcessDefId>1</ProcessDefId><ExtMethodIndex>39</ExtMethodIndex><Name>SHORT_TEXT</Name><Type>10</Type><ParentIndex>619</ParentIndex><ClassName></ClassName><Unbounded>N</Unbounded>
	</RowData>
	<RowData><DataStructureId>628</DataStructureId><ProcessDefId>1</ProcessDefId><ExtMethodIndex>39</ExtMethodIndex><Name>DELETE_IND</Name><Type>10</Type><ParentIndex>619</ParentIndex><ClassName></ClassName><Unbounded>N</Unbounded>
	</RowData>
</PMWDataStructureTable_10>