<PMWEXTDBFIELDDEFINITIONTABLE_3>
	<RowData><ProcessDefId>1</ProcessDefId><FieldName>GRSETTFROM_1</FieldName><FieldType>DATE</FieldType><FieldLength>8</FieldLength><Attribute></Attribute><VarPrecision>0</VarPrecision><ExtObjId>6</ExtObjId>
	</RowData>
	<RowData><ProcessDefId>1</ProcessDefId><FieldName>HL_ITEM</FieldName><FieldType>INTEGER</FieldType><FieldLength>2</FieldLength><Attribute></Attribute><VarPrecision>0</VarPrecision><ExtObjId>6</ExtObjId>
	</RowData>
	<RowData><ProcessDefId>1</ProcessDefId><FieldName>INCOTERMS1</FieldName><FieldType>STRING</FieldType><FieldLength>50</FieldLength><Attribute></Attribute><VarPrecision>0</VarPrecision><ExtObjId>6</ExtObjId>
	</RowData>
	<RowData><ProcessDefId>1</ProcessDefId><FieldName>INCOTERMS2</FieldName><FieldType>STRING</FieldType><FieldLength>50</FieldLength><Attribute></Attribute><VarPrecision>0</VarPrecision><ExtObjId>6</ExtObjId>
	</RowData>
	<RowData><ProcessDefId>1</ProcessDefId><FieldName>INFO_REC</FieldName><FieldType>STRING</FieldType><FieldLength>50</FieldLength><Attribute></Attribute><VarPrecision>0</VarPrecision><ExtObjId>6</ExtObjId>
	</RowData>
	<RowData><ProcessDefId>1</ProcessDefId><FieldName>INFO_UPD</FieldName><FieldType>STRING</FieldType><FieldLength>50</FieldLength><Attribute></Attribute><VarPrecision>0</VarPrecision><ExtObjId>6</ExtObjId>
	</RowData>
	<RowData><ProcessDefId>1</ProcessDefId><FieldName>insertionorderid</FieldName><FieldType>LONG</FieldType><FieldLength>4</FieldLength><Attribute>Primary</Attribute><VarPrecision>0</VarPrecision><ExtObjId>6</ExtObjId>
	</RowData>
	<RowData><ProcessDefId>1</ProcessDefId><FieldName>INT_OBJ_NO</FieldName><FieldType>INTEGER</FieldType><FieldLength>2</FieldLength><Attribute></Attribute><VarPrecision>0</VarPrecision><ExtObjId>6</ExtObjId>
	</RowData>
	<RowData><ProcessDefId>1</ProcessDefId><FieldName>IR_IND</FieldName><FieldType>STRING</FieldType><FieldLength>50</FieldLength><Attribute></Attribute><VarPrecision>0</VarPrecision><ExtObjId>6</ExtObjId>
	</RowData>
	<RowData><ProcessDefId>1</ProcessDefId><FieldName>ITEM_CAT</FieldName><FieldType>STRING</FieldType><FieldLength>50</FieldLength><Attribute></Attribute><VarPrecision>0</VarPrecision><ExtObjId>6</ExtObjId>
	</RowData>
	<RowData><ProcessDefId>1</ProcessDefId><FieldName>ITEM_CAT_EXT</FieldName><FieldType>STRING</FieldType><FieldLength>50</FieldLength><Attribute></Attribute><VarPrecision>0</VarPrecision><ExtObjId>6</ExtObjId>
	</RowData>
	<RowData><ProcessDefId>1</ProcessDefId><FieldName>KANBAN_IND</FieldName><FieldType>STRING</FieldType><FieldLength>50</FieldLength><Attribute></Attribute><VarPrecision>0</VarPrecision><ExtObjId>6</ExtObjId>
	</RowData>
	<RowData><ProcessDefId>1</ProcessDefId><FieldName>LAST_TRANS</FieldName><FieldType>STRING</FieldType><FieldLength>50</FieldLength><Attribute></Attribute><VarPrecision>0</VarPrecision><ExtObjId>6</ExtObjId>
	</RowData>
	<RowData><ProcessDefId>1</ProcessDefId><FieldName>LAST_TRANS_1</FieldName><FieldType>DATE</FieldType><FieldLength>8</FieldLength><Attribute></Attribute><VarPrecision>0</VarPrecision><ExtObjId>6</ExtObjId>
	</RowData>
	<RowData><ProcessDefId>1</ProcessDefId><FieldName>MANU_MAT</FieldName><FieldType>STRING</FieldType><FieldLength>50</FieldLength><Attribute></Attribute><VarPrecision>0</VarPrecision><ExtObjId>6</ExtObjId>
	</RowData>
	<RowData><ProcessDefId>1</ProcessDefId><FieldName>MANUF_PROF</FieldName><FieldType>STRING</FieldType><FieldLength>50</FieldLength><Attribute></Attribute><VarPrecision>0</VarPrecision><ExtObjId>6</ExtObjId>
	</RowData>
	<RowData><ProcessDefId>1</ProcessDefId><FieldName>MAT_CAT</FieldName><FieldType>STRING</FieldType><FieldLength>50</FieldLength><Attribute></Attribute><VarPrecision>0</VarPrecision><ExtObjId>6</ExtObjId>
	</RowData>
	<RowData><ProcessDefId>1</ProcessDefId><FieldName>MAT_GRP</FieldName><FieldType>STRING</FieldType><FieldLength>50</FieldLength><Attribute></Attribute><VarPrecision>0</VarPrecision><ExtObjId>6</ExtObjId>
	</RowData>
	<RowData><ProcessDefId>1</ProcessDefId><FieldName>MAT_TYPE</FieldName><FieldType>STRING</FieldType><FieldLength>50</FieldLength><Attribute></Attribute><VarPrecision>0</VarPrecision><ExtObjId>6</ExtObjId>
	</RowData>
	<RowData><ProcessDefId>1</ProcessDefId><FieldName>MATERIAL</FieldName><FieldType>STRING</FieldType><FieldLength>50</FieldLength><Attribute></Attribute><VarPrecision>0</VarPrecision><ExtObjId>6</ExtObjId>
	</RowData>
	<RowData><ProcessDefId>1</ProcessDefId><FieldName>MATERIAL_EXTERNAL</FieldName><FieldType>STRING</FieldType><FieldLength>50</FieldLength><Attribute></Attribute><VarPrecision>0</VarPrecision><ExtObjId>6</ExtObjId>
	</RowData>
	<RowData><ProcessDefId>1</ProcessDefId><FieldName>MATERIAL_GUID</FieldName><FieldType>STRING</FieldType><FieldLength>50</FieldLength><Attribute></Attribute><VarPrecision>0</VarPrecision><ExtObjId>6</ExtObjId>
	</RowData>
	<RowData><ProcessDefId>1</ProcessDefId><FieldName>MATERIAL_VERSION</FieldName><FieldType>STRING</FieldType><FieldLength>50</FieldLength><Attribute></Attribute><VarPrecision>0</VarPrecision><ExtObjId>6</ExtObjId>
	</RowData>
	<RowData><ProcessDefId>1</ProcessDefId><FieldName>MAX_CMG</FieldName><FieldType>STRING</FieldType><FieldLength>50</FieldLength><Attribute></Attribute><VarPrecision>0</VarPrecision><ExtObjId>6</ExtObjId>
	</RowData>
	<RowData><ProcessDefId>1</ProcessDefId><FieldName>MAX_CPGO</FieldName><FieldType>STRING</FieldType><FieldLength>50</FieldLength><Attribute></Attribute><VarPrecision>0</VarPrecision><ExtObjId>6</ExtObjId>
	</RowData>
	<RowData><ProcessDefId>1</ProcessDefId><FieldName>MFR_NO</FieldName><FieldType>STRING</FieldType><FieldLength>50</FieldLength><Attribute></Attribute><VarPrecision>0</VarPrecision><ExtObjId>6</ExtObjId>
	</RowData>
	<RowData><ProcessDefId>1</ProcessDefId><FieldName>MFR_NO_EXT</FieldName><FieldType>STRING</FieldType><FieldLength>50</FieldLength><Attribute></Attribute><VarPrecision>0</VarPrecision><ExtObjId>6</ExtObjId>
	</RowData>
	<RowData><ProcessDefId>1</ProcessDefId><FieldName>ML_AKT</FieldName><FieldType>STRING</FieldType><FieldLength>50</FieldLength><Attribute></Attribute><VarPrecision>0</VarPrecision><ExtObjId>6</ExtObjId>
	</RowData>
	<RowData><ProcessDefId>1</ProcessDefId><FieldName>NET_PRICE</FieldName><FieldType>STRING</FieldType><FieldLength>50</FieldLength><Attribute></Attribute><VarPrecision>0</VarPrecision><ExtObjId>6</ExtObjId>
	</RowData>
	<RowData><ProcessDefId>1</ProcessDefId><FieldName>NET_VALUE</FieldName><FieldType>STRING</FieldType><FieldLength>50</FieldLength><Attribute></Attribute><VarPrecision>0</VarPrecision><ExtObjId>6</ExtObjId>
	</RowData>
	<RowData><ProcessDefId>1</ProcessDefId><FieldName>NET_WEIGHT</FieldName><FieldType>STRING</FieldType><FieldLength>50</FieldLength><Attribute></Attribute><VarPrecision>0</VarPrecision><ExtObjId>6</ExtObjId>
	</RowData>
	<RowData><ProcessDefId>1</ProcessDefId><FieldName>NO_C_DISC</FieldName><FieldType>STRING</FieldType><FieldLength>50</FieldLength><Attribute></Attribute><VarPrecision>0</VarPrecision><ExtObjId>6</ExtObjId>
	</RowData>
	<RowData><ProcessDefId>1</ProcessDefId><FieldName>NOND_ITAX</FieldName><FieldType>STRING</FieldType><FieldLength>50</FieldLength><Attribute></Attribute><VarPrecision>0</VarPrecision><ExtObjId>6</ExtObjId>
	</RowData>
	<RowData><ProcessDefId>1</ProcessDefId><FieldName>NOT_CHGBL</FieldName><FieldType>STRING</FieldType><FieldLength>50</FieldLength><Attribute></Attribute><VarPrecision>0</VarPrecision><ExtObjId>6</ExtObjId>
	</RowData>
	<RowData><ProcessDefId>1</ProcessDefId><FieldName>NUM_REMIND</FieldName><FieldType>STRING</FieldType><FieldLength>50</FieldLength><Attribute></Attribute><VarPrecision>0</VarPrecision><ExtObjId>6</ExtObjId>
	</RowData>
	<RowData><ProcessDefId>1</ProcessDefId><FieldName>ORD_REAS</FieldName><FieldType>STRING</FieldType><FieldLength>50</FieldLength><Attribute></Attribute><VarPrecision>0</VarPrecision><ExtObjId>6</ExtObjId>
	</RowData>
	<RowData><ProcessDefId>1</ProcessDefId><FieldName>ORDERPR_UN</FieldName><FieldType>STRING</FieldType><FieldLength>50</FieldLength><Attribute></Attribute><VarPrecision>0</VarPrecision><ExtObjId>6</ExtObjId>
	</RowData>
	<RowData><ProcessDefId>1</ProcessDefId><FieldName>ORDERPR_UN_ISO</FieldName><FieldType>STRING</FieldType><FieldLength>50</FieldLength><Attribute></Attribute><VarPrecision>0</VarPrecision><ExtObjId>6</ExtObjId>
	</RowData>
	<RowData><ProcessDefId>1</ProcessDefId><FieldName>OUTL_TARGV</FieldName><FieldType>STRING</FieldType><FieldLength>50</FieldLength><Attribute></Attribute><VarPrecision>0</VarPrecision><ExtObjId>6</ExtObjId>
	</RowData>
	<RowData><ProcessDefId>1</ProcessDefId><FieldName>OVERDELTOL</FieldName><FieldType>STRING</FieldType><FieldLength>50</FieldLength><Attribute></Attribute><VarPrecision>0</VarPrecision><ExtObjId>6</ExtObjId>
	</RowData>
	<RowData><ProcessDefId>1</ProcessDefId><FieldName>PART_INV</FieldName><FieldType>STRING</FieldType><FieldLength>50</FieldLength><Attribute></Attribute><VarPrecision>0</VarPrecision><ExtObjId>6</ExtObjId>
	</RowData>
	<RowData><ProcessDefId>1</ProcessDefId><FieldName>PARTNER_PC</FieldName><FieldType>STRING</FieldType><FieldLength>50</FieldLength><Attribute></Attribute><VarPrecision>0</VarPrecision><ExtObjId>6</ExtObjId>
	</RowData>
	<RowData><ProcessDefId>1</ProcessDefId><FieldName>PCKG_NO</FieldName><FieldType>INTEGER</FieldType><FieldLength>2</FieldLength><Attribute></Attribute><VarPrecision>0</VarPrecision><ExtObjId>6</ExtObjId>
	</RowData>
	<RowData><ProcessDefId>1</ProcessDefId><FieldName>pinstanceid</FieldName><FieldType>STRING</FieldType><FieldLength>50</FieldLength><Attribute></Attribute><VarPrecision>0</VarPrecision><ExtObjId>6</ExtObjId>
	</RowData>
	<RowData><ProcessDefId>1</ProcessDefId><FieldName>PLAN_DEL</FieldName><FieldType>STRING</FieldType><FieldLength>50</FieldLength><Attribute></Attribute><VarPrecision>0</VarPrecision><ExtObjId>6</ExtObjId>
	</RowData>
	<RowData><ProcessDefId>1</ProcessDefId><FieldName>PLANT</FieldName><FieldType>STRING</FieldType><FieldLength>50</FieldLength><Attribute></Attribute><VarPrecision>0</VarPrecision><ExtObjId>6</ExtObjId>
	</RowData>
	<RowData><ProcessDefId>1</ProcessDefId><FieldName>PO_ITEM</FieldName><FieldType>INTEGER</FieldType><FieldLength>2</FieldLength><Attribute></Attribute><VarPrecision>0</VarPrecision><ExtObjId>6</ExtObjId>
	</RowData>
	<RowData><ProcessDefId>1</ProcessDefId><FieldName>PO_NUMBER</FieldName><FieldType>STRING</FieldType><FieldLength>50</FieldLength><Attribute></Attribute><VarPrecision>0</VarPrecision><ExtObjId>6</ExtObjId>
	</RowData>
	<RowData><ProcessDefId>1</ProcessDefId><FieldName>PO_UNIT_ISO</FieldName><FieldType>STRING</FieldType><FieldLength>50</FieldLength><Attribute></Attribute><VarPrecision>0</VarPrecision><ExtObjId>6</ExtObjId>
	</RowData>
	<RowData><ProcessDefId>1</ProcessDefId><FieldName>POINTS</FieldName><FieldType>STRING</FieldType><FieldLength>50</FieldLength><Attribute></Attribute><VarPrecision>0</VarPrecision><ExtObjId>6</ExtObjId>
	</RowData>
	<RowData><ProcessDefId>1</ProcessDefId><FieldName>POINTS_UN</FieldName><FieldType>STRING</FieldType><FieldLength>50</FieldLength><Attribute></Attribute><VarPrecision>0</VarPrecision><ExtObjId>6</ExtObjId>
	</RowData>
	<RowData><ProcessDefId>1</ProcessDefId><FieldName>POINTS_UN_ISO</FieldName><FieldType>STRING</FieldType><FieldLength>50</FieldLength><Attribute></Attribute><VarPrecision>0</VarPrecision><ExtObjId>6</ExtObjId>
	</RowData>
	<RowData><ProcessDefId>1</ProcessDefId><FieldName>PRDTE_CTRL</FieldName><FieldType>STRING</FieldType><FieldLength>50</FieldLength><Attribute></Attribute><VarPrecision>0</VarPrecision><ExtObjId>6</ExtObjId>
	</RowData>
	<RowData><ProcessDefId>1</ProcessDefId><FieldName>PREQ_ITEM</FieldName><FieldType>INTEGER</FieldType><FieldLength>2</FieldLength><Attribute></Attribute><VarPrecision>0</VarPrecision><ExtObjId>6</ExtObjId>
	</RowData>
	<RowData><ProcessDefId>1</ProcessDefId><FieldName>PREQ_NO</FieldName><FieldType>STRING</FieldType><FieldLength>50</FieldLength><Attribute></Attribute><VarPrecision>0</VarPrecision><ExtObjId>6</ExtObjId>
	</RowData>
	<RowData><ProcessDefId>1</ProcessDefId><FieldName>PRICE_CTR</FieldName><FieldType>STRING</FieldType><FieldLength>50</FieldLength><Attribute></Attribute><VarPrecision>0</VarPrecision><ExtObjId>6</ExtObjId>
	</RowData>
	<RowData><ProcessDefId>1</ProcessDefId><FieldName>PRICE_DATE</FieldName><FieldType>DATE</FieldType><FieldLength>8</FieldLength><Attribute></Attribute><VarPrecision>0</VarPrecision><ExtObjId>6</ExtObjId>
	</RowData>
	<RowData><ProcessDefId>1</ProcessDefId><FieldName>PRICE_UNIT</FieldName><FieldType>STRING</FieldType><FieldLength>50</FieldLength><Attribute></Attribute><VarPrecision>0</VarPrecision><ExtObjId>6</ExtObjId>
	</RowData>
	<RowData><ProcessDefId>1</ProcessDefId><FieldName>PRINT_REL</FieldName><FieldType>STRING</FieldType><FieldLength>50</FieldLength><Attribute></Attribute><VarPrecision>0</VarPrecision><ExtObjId>6</ExtObjId>
	</RowData>
	<RowData><ProcessDefId>1</ProcessDefId><FieldName>PRIOR_VEND</FieldName><FieldType>STRING</FieldType><FieldLength>50</FieldLength><Attribute></Attribute><VarPrecision>0</VarPrecision><ExtObjId>6</ExtObjId>
	</RowData>
	<RowData><ProcessDefId>1</ProcessDefId><FieldName>PRNT_PRICE</FieldName><FieldType>STRING</FieldType><FieldLength>50</FieldLength><Attribute></Attribute><VarPrecision>0</VarPrecision><ExtObjId>6</ExtObjId>
	</RowData>
	<RowData><ProcessDefId>1</ProcessDefId><FieldName>PROFIT_CTR</FieldName><FieldType>STRING</FieldType><FieldLength>50</FieldLength><Attribute></Attribute><VarPrecision>0</VarPrecision><ExtObjId>6</ExtObjId>
	</RowData>
	<RowData><ProcessDefId>1</ProcessDefId><FieldName>PROMOTION</FieldName><FieldType>STRING</FieldType><FieldLength>50</FieldLength><Attribute></Attribute><VarPrecision>0</VarPrecision><ExtObjId>6</ExtObjId>
	</RowData>
	<RowData><ProcessDefId>1</ProcessDefId><FieldName>PTR_ASS_BA</FieldName><FieldType>STRING</FieldType><FieldLength>50</FieldLength><Attribute></Attribute><VarPrecision>0</VarPrecision><ExtObjId>6</ExtObjId>
	</RowData>
	<RowData><ProcessDefId>1</ProcessDefId><FieldName>PUR_MAT</FieldName><FieldType>STRING</FieldType><FieldLength>50</FieldLength><Attribute></Attribute><VarPrecision>0</VarPrecision><ExtObjId>6</ExtObjId>
	</RowData>
	<RowData><ProcessDefId>1</ProcessDefId><FieldName>PUR_MAT_EXTERNAL</FieldName><FieldType>STRING</FieldType><FieldLength>50</FieldLength><Attribute></Attribute><VarPrecision>0</VarPrecision><ExtObjId>6</ExtObjId>
	</RowData>
	<RowData><ProcessDefId>1</ProcessDefId><FieldName>PUR_MAT_GUID</FieldName><FieldType>STRING</FieldType><FieldLength>50</FieldLength><Attribute></Attribute><VarPrecision>0</VarPrecision><ExtObjId>6</ExtObjId>
	</RowData>
	<RowData><ProcessDefId>1</ProcessDefId><FieldName>PUR_MAT_VERSION</FieldName><FieldType>STRING</FieldType><FieldLength>50</FieldLength><Attribute></Attribute><VarPrecision>0</VarPrecision><ExtObjId>6</ExtObjId>
	</RowData>
	<RowData><ProcessDefId>1</ProcessDefId><FieldName>purchaseorder</FieldName><FieldType>STRING</FieldType><FieldLength>50</FieldLength><Attribute></Attribute><VarPrecision>0</VarPrecision><ExtObjId>6</ExtObjId>
	</RowData>
	<RowData><ProcessDefId>1</ProcessDefId><FieldName>QUAL_INSP</FieldName><FieldType>STRING</FieldType><FieldLength>50</FieldLength><Attribute></Attribute><VarPrecision>0</VarPrecision><ExtObjId>6</ExtObjId>
	</RowData>
	<RowData><ProcessDefId>1</ProcessDefId><FieldName>QUANTITY</FieldName><FieldType>STRING</FieldType><FieldLength>50</FieldLength><Attribute></Attribute><VarPrecision>0</VarPrecision><ExtObjId>6</ExtObjId>
	</RowData>
	<RowData><ProcessDefId>1</ProcessDefId><FieldName>QUOT_DEAD</FieldName><FieldType>DATE</FieldType><FieldLength>8</FieldLength><Attribute></Attribute><VarPrecision>0</VarPrecision><ExtObjId>6</ExtObjId>
	</RowData>
	<RowData><ProcessDefId>1</ProcessDefId><FieldName>QUOTAUSAGE</FieldName><FieldType>STRING</FieldType><FieldLength>50</FieldLength><Attribute></Attribute><VarPrecision>0</VarPrecision><ExtObjId>6</ExtObjId>
	</RowData>
	<RowData><ProcessDefId>1</ProcessDefId><FieldName>RECON_DATE</FieldName><FieldType>DATE</FieldType><FieldLength>8</FieldLength><Attribute></Attribute><VarPrecision>0</VarPrecision><ExtObjId>6</ExtObjId>
	</RowData>
	<RowData><ProcessDefId>1</ProcessDefId><FieldName>REJ_IND</FieldName><FieldType>STRING</FieldType><FieldLength>50</FieldLength><Attribute></Attribute><VarPrecision>0</VarPrecision><ExtObjId>6</ExtObjId>
	</RowData>
	<RowData><ProcessDefId>1</ProcessDefId><FieldName>RELORD_QTY</FieldName><FieldType>STRING</FieldType><FieldLength>50</FieldLength><Attribute></Attribute><VarPrecision>0</VarPrecision><ExtObjId>6</ExtObjId>
	</RowData>
	<RowData><ProcessDefId>1</ProcessDefId><FieldName>REMINDER1</FieldName><FieldType>STRING</FieldType><FieldLength>50</FieldLength><Attribute></Attribute><VarPrecision>0</VarPrecision><ExtObjId>6</ExtObjId>
	</RowData>
	<RowData><ProcessDefId>1</ProcessDefId><FieldName>REMINDER2</FieldName><FieldType>STRING</FieldType><FieldLength>50</FieldLength><Attribute></Attribute><VarPrecision>0</VarPrecision><ExtObjId>6</ExtObjId>
	</RowData>
	<RowData><ProcessDefId>1</ProcessDefId><FieldName>REMINDER3</FieldName><FieldType>STRING</FieldType><FieldLength>50</FieldLength><Attribute></Attribute><VarPrecision>0</VarPrecision><ExtObjId>6</ExtObjId>
	</RowData>
	<RowData><ProcessDefId>1</ProcessDefId><FieldName>REMSHLIFE</FieldName><FieldType>STRING</FieldType><FieldLength>50</FieldLength><Attribute></Attribute><VarPrecision>0</VarPrecision><ExtObjId>6</ExtObjId>
	</RowData>
	<RowData><ProcessDefId>1</ProcessDefId><FieldName>RET_ITEM</FieldName><FieldType>STRING</FieldType><FieldLength>50</FieldLength><Attribute></Attribute><VarPrecision>0</VarPrecision><ExtObjId>6</ExtObjId>
	</RowData>
	<RowData><ProcessDefId>1</ProcessDefId><FieldName>REV_LEV</FieldName><FieldType>STRING</FieldType><FieldLength>50</FieldLength><Attribute></Attribute><VarPrecision>0</VarPrecision><ExtObjId>6</ExtObjId>
	</RowData>
	<RowData><ProcessDefId>1</ProcessDefId><FieldName>RFQ</FieldName><FieldType>STRING</FieldType><FieldLength>50</FieldLength><Attribute></Attribute><VarPrecision>0</VarPrecision><ExtObjId>6</ExtObjId>
	</RowData>
	<RowData><ProcessDefId>1</ProcessDefId><FieldName>RFQ_ITEM</FieldName><FieldType>INTEGER</FieldType><FieldLength>2</FieldLength><Attribute></Attribute><VarPrecision>0</VarPrecision><ExtObjId>6</ExtObjId>
	</RowData>
	<RowData><ProcessDefId>1</ProcessDefId><FieldName>SC_VENDOR</FieldName><FieldType>STRING</FieldType><FieldLength>50</FieldLength><Attribute></Attribute><VarPrecision>0</VarPrecision><ExtObjId>6</ExtObjId>
	</RowData>
	<RowData><ProcessDefId>1</ProcessDefId><FieldName>SEASON_TY</FieldName><FieldType>STRING</FieldType><FieldLength>50</FieldLength><Attribute></Attribute><VarPrecision>0</VarPrecision><ExtObjId>6</ExtObjId>
	</RowData>
	<RowData><ProcessDefId>1</ProcessDefId><FieldName>SEASON_YR</FieldName><FieldType>STRING</FieldType><FieldLength>50</FieldLength><Attribute></Attribute><VarPrecision>0</VarPrecision><ExtObjId>6</ExtObjId>
	</RowData>
	<RowData><ProcessDefId>1</ProcessDefId><FieldName>SER_NO</FieldName><FieldType>INTEGER</FieldType><FieldLength>2</FieldLength><Attribute></Attribute><VarPrecision>0</VarPrecision><ExtObjId>6</ExtObjId>
	</RowData>
	<RowData><ProcessDefId>1</ProcessDefId><FieldName>SETRESERNO</FieldName><FieldType>INTEGER</FieldType><FieldLength>2</FieldLength><Attribute></Attribute><VarPrecision>0</VarPrecision><ExtObjId>6</ExtObjId>
	</RowData>
	<RowData><ProcessDefId>1</ProcessDefId><FieldName>SETT_GRP_2</FieldName><FieldType>STRING</FieldType><FieldLength>50</FieldLength><Attribute></Attribute><VarPrecision>0</VarPrecision><ExtObjId>6</ExtObjId>
	</RowData>
	<RowData><ProcessDefId>1</ProcessDefId><FieldName>SETT_GRP_3</FieldName><FieldType>STRING</FieldType><FieldLength>50</FieldLength><Attribute></Attribute><VarPrecision>0</VarPrecision><ExtObjId>6</ExtObjId>
	</RowData>
	<RowData><ProcessDefId>1</ProcessDefId><FieldName>SETT_GRP1</FieldName><FieldType>STRING</FieldType><FieldLength>50</FieldLength><Attribute></Attribute><VarPrecision>0</VarPrecision><ExtObjId>6</ExtObjId>
	</RowData>
	<RowData><ProcessDefId>1</ProcessDefId><FieldName>SETT_ITEM</FieldName><FieldType>STRING</FieldType><FieldLength>50</FieldLength><Attribute></Attribute><VarPrecision>0</VarPrecision><ExtObjId>6</ExtObjId>
	</RowData>
	<RowData><ProcessDefId>1</ProcessDefId><FieldName>SETTLITMNO</FieldName><FieldType>INTEGER</FieldType><FieldLength>2</FieldLength><Attribute></Attribute><VarPrecision>0</VarPrecision><ExtObjId>6</ExtObjId>
	</RowData>
	<RowData><ProcessDefId>1</ProcessDefId><FieldName>SHIPPING</FieldName><FieldType>STRING</FieldType><FieldLength>50</FieldLength><Attribute></Attribute><VarPrecision>0</VarPrecision><ExtObjId>6</ExtObjId>
	</RowData>
	<RowData><ProcessDefId>1</ProcessDefId><FieldName>SHORT_TEXT</FieldName><FieldType>STRING</FieldType><FieldLength>50</FieldLength><Attribute></Attribute><VarPrecision>0</VarPrecision><ExtObjId>6</ExtObjId>
	</RowData>
	<RowData><ProcessDefId>1</ProcessDefId><FieldName>SI_CAT</FieldName><FieldType>STRING</FieldType><FieldLength>50</FieldLength><Attribute></Attribute><VarPrecision>0</VarPrecision><ExtObjId>6</ExtObjId>
	</RowData>
	<RowData><ProcessDefId>1</ProcessDefId><FieldName>SPEC_STOCK</FieldName><FieldType>STRING</FieldType><FieldLength>50</FieldLength><Attribute></Attribute><VarPrecision>0</VarPrecision><ExtObjId>6</ExtObjId>
	</RowData>
	<RowData><ProcessDefId>1</ProcessDefId><FieldName>SPSTCK_PHY</FieldName><FieldType>STRING</FieldType><FieldLength>50</FieldLength><Attribute></Attribute><VarPrecision>0</VarPrecision><ExtObjId>6</ExtObjId>
	</RowData>
	<RowData><ProcessDefId>1</ProcessDefId><FieldName>STATISTIC</FieldName><FieldType>STRING</FieldType><FieldLength>50</FieldLength><Attribute></Attribute><VarPrecision>0</VarPrecision><ExtObjId>6</ExtObjId>
	</RowData>
	<RowData><ProcessDefId>1</ProcessDefId><FieldName>STATUS_1</FieldName><FieldType>STRING</FieldType><FieldLength>50</FieldLength><Attribute></Attribute><VarPrecision>0</VarPrecision><ExtObjId>6</ExtObjId>
	</RowData>
	<RowData><ProcessDefId>1</ProcessDefId><FieldName>STORE_LOC</FieldName><FieldType>STRING</FieldType><FieldLength>50</FieldLength><Attribute></Attribute><VarPrecision>0</VarPrecision><ExtObjId>6</ExtObjId>
	</RowData>
	<RowData><ProcessDefId>1</ProcessDefId><FieldName>SUB_ITEMS</FieldName><FieldType>STRING</FieldType><FieldLength>50</FieldLength><Attribute></Attribute><VarPrecision>0</VarPrecision><ExtObjId>6</ExtObjId>
	</RowData>
	<RowData><ProcessDefId>1</ProcessDefId><FieldName>SUB_RANGE</FieldName><FieldType>STRING</FieldType><FieldLength>50</FieldLength><Attribute></Attribute><VarPrecision>0</VarPrecision><ExtObjId>6</ExtObjId>
	</RowData>
	<RowData><ProcessDefId>1</ProcessDefId><FieldName>SUBITM_KEY</FieldName><FieldType>STRING</FieldType><FieldLength>50</FieldLength><Attribute></Attribute><VarPrecision>0</VarPrecision><ExtObjId>6</ExtObjId>
	</RowData>
	<RowData><ProcessDefId>1</ProcessDefId><FieldName>SUBTOTAL_1</FieldName><FieldType>STRING</FieldType><FieldLength>50</FieldLength><Attribute></Attribute><VarPrecision>0</VarPrecision><ExtObjId>6</ExtObjId>
	</RowData>
	<RowData><ProcessDefId>1</ProcessDefId><FieldName>SUBTOTAL_2</FieldName><FieldType>STRING</FieldType><FieldLength>50</FieldLength><Attribute></Attribute><VarPrecision>0</VarPrecision><ExtObjId>6</ExtObjId>
	</RowData>
	<RowData><ProcessDefId>1</ProcessDefId><FieldName>SUBTOTAL_3</FieldName><FieldType>STRING</FieldType><FieldLength>50</FieldLength><Attribute></Attribute><VarPrecision>0</VarPrecision><ExtObjId>6</ExtObjId>
	</RowData>
	<RowData><ProcessDefId>1</ProcessDefId><FieldName>SUBTOTAL_4</FieldName><FieldType>STRING</FieldType><FieldLength>50</FieldLength><Attribute></Attribute><VarPrecision>0</VarPrecision><ExtObjId>6</ExtObjId>
	</RowData>
	<RowData><ProcessDefId>1</ProcessDefId><FieldName>SUBTOTAL_5</FieldName><FieldType>STRING</FieldType><FieldLength>50</FieldLength><Attribute></Attribute><VarPrecision>0</VarPrecision><ExtObjId>6</ExtObjId>
	</RowData>
	<RowData><ProcessDefId>1</ProcessDefId><FieldName>SUBTOTAL_6</FieldName><FieldType>STRING</FieldType><FieldLength>50</FieldLength><Attribute></Attribute><VarPrecision>0</VarPrecision><ExtObjId>6</ExtObjId>
	</RowData>
	<RowData><ProcessDefId>1</ProcessDefId><FieldName>SUPPL_VEND</FieldName><FieldType>STRING</FieldType><FieldLength>50</FieldLength><Attribute></Attribute><VarPrecision>0</VarPrecision><ExtObjId>6</ExtObjId>
	</RowData>
	<RowData><ProcessDefId>1</ProcessDefId><FieldName>TARGET_QTY</FieldName><FieldType>STRING</FieldType><FieldLength>50</FieldLength><Attribute></Attribute><VarPrecision>0</VarPrecision><ExtObjId>6</ExtObjId>
	</RowData>
	<RowData><ProcessDefId>1</ProcessDefId><FieldName>TAX_CODE</FieldName><FieldType>STRING</FieldType><FieldLength>50</FieldLength><Attribute></Attribute><VarPrecision>0</VarPrecision><ExtObjId>6</ExtObjId>
	</RowData>
	<RowData><ProcessDefId>1</ProcessDefId><FieldName>TAX_JUR_CD</FieldName><FieldType>STRING</FieldType><FieldLength>50</FieldLength><Attribute></Attribute><VarPrecision>0</VarPrecision><ExtObjId>6</ExtObjId>
	</RowData>
	<RowData><ProcessDefId>1</ProcessDefId><FieldName>TRACKINGNO</FieldName><FieldType>STRING</FieldType><FieldLength>50</FieldLength><Attribute></Attribute><VarPrecision>0</VarPrecision><ExtObjId>6</ExtObjId>
	</RowData>
	<RowData><ProcessDefId>1</ProcessDefId><FieldName>TRADE_OFF</FieldName><FieldType>STRING</FieldType><FieldLength>50</FieldLength><Attribute></Attribute><VarPrecision>0</VarPrecision><ExtObjId>6</ExtObjId>
	</RowData>
	<RowData><ProcessDefId>1</ProcessDefId><FieldName>TRANS_TIME</FieldName><FieldType>STRING</FieldType><FieldLength>50</FieldLength><Attribute></Attribute><VarPrecision>0</VarPrecision><ExtObjId>6</ExtObjId>
	</RowData>
	<RowData><ProcessDefId>1</ProcessDefId><FieldName>UNDER_TOL</FieldName><FieldType>STRING</FieldType><FieldLength>50</FieldLength><Attribute></Attribute><VarPrecision>0</VarPrecision><ExtObjId>6</ExtObjId>
	</RowData>
	<RowData><ProcessDefId>1</ProcessDefId><FieldName>UNIT</FieldName><FieldType>STRING</FieldType><FieldLength>50</FieldLength><Attribute></Attribute><VarPrecision>0</VarPrecision><ExtObjId>6</ExtObjId>
	</RowData>
	<RowData><ProcessDefId>1</ProcessDefId><FieldName>UNLIMITED</FieldName><FieldType>STRING</FieldType><FieldLength>50</FieldLength><Attribute></Attribute><VarPrecision>0</VarPrecision><ExtObjId>6</ExtObjId>
	</RowData>
	<RowData><ProcessDefId>1</ProcessDefId><FieldName>UPDATE_GRP</FieldName><FieldType>STRING</FieldType><FieldLength>50</FieldLength><Attribute></Attribute><VarPrecision>0</VarPrecision><ExtObjId>6</ExtObjId>
	</RowData>
	<RowData><ProcessDefId>1</ProcessDefId><FieldName>VAL_CAT</FieldName><FieldType>STRING</FieldType><FieldLength>50</FieldLength><Attribute></Attribute><VarPrecision>0</VarPrecision><ExtObjId>6</ExtObjId>
	</RowData>
	<RowData><ProcessDefId>1</ProcessDefId><FieldName>VAL_TYPE</FieldName><FieldType>STRING</FieldType><FieldLength>50</FieldLength><Attribute></Attribute><VarPrecision>0</VarPrecision><ExtObjId>6</ExtObjId>
	</RowData>
	<RowData><ProcessDefId>1</ProcessDefId><FieldName>VEND_MAT</FieldName><FieldType>STRING</FieldType><FieldLength>50</FieldLength><Attribute></Attribute><VarPrecision>0</VarPrecision><ExtObjId>6</ExtObjId>
	</RowData>
	<RowData><ProcessDefId>1</ProcessDefId><FieldName>VOLUME</FieldName><FieldType>STRING</FieldType><FieldLength>50</FieldLength><Attribute></Attribute><VarPrecision>0</VarPrecision><ExtObjId>6</ExtObjId>
	</RowData>
	<RowData><ProcessDefId>1</ProcessDefId><FieldName>VOLUMEUNIT</FieldName><FieldType>STRING</FieldType><FieldLength>50</FieldLength><Attribute></Attribute><VarPrecision>0</VarPrecision><ExtObjId>6</ExtObjId>
	</RowData>
	<RowData><ProcessDefId>1</ProcessDefId><FieldName>VOLUMEUNIT_ISO</FieldName><FieldType>STRING</FieldType><FieldLength>50</FieldLength><Attribute></Attribute><VarPrecision>0</VarPrecision><ExtObjId>6</ExtObjId>
	</RowData>
	<RowData><ProcessDefId>1</ProcessDefId><FieldName>WEIGHTUNIT</FieldName><FieldType>STRING</FieldType><FieldLength>50</FieldLength><Attribute></Attribute><VarPrecision>0</VarPrecision><ExtObjId>6</ExtObjId>
	</RowData>
	<RowData><ProcessDefId>1</ProcessDefId><FieldName>WEIGHTUNIT_ISO</FieldName><FieldType>STRING</FieldType><FieldLength>50</FieldLength><Attribute></Attribute><VarPrecision>0</VarPrecision><ExtObjId>6</ExtObjId>
	</RowData>
	<RowData><ProcessDefId>1</ProcessDefId><FieldName>BATCH</FieldName><FieldType>STRING</FieldType><FieldLength>50</FieldLength><Attribute></Attribute><VarPrecision>0</VarPrecision><ExtObjId>7</ExtObjId>
	</RowData>
	<RowData><ProcessDefId>1</ProcessDefId><FieldName>BL_QTY</FieldName><FieldType>STRING</FieldType><FieldLength>50</FieldLength><Attribute></Attribute><VarPrecision>0</VarPrecision><ExtObjId>7</ExtObjId>
	</RowData>
	<RowData><ProcessDefId>1</ProcessDefId><FieldName>BLOCKED_QY</FieldName><FieldType>STRING</FieldType><FieldLength>50</FieldLength><Attribute></Attribute><VarPrecision>0</VarPrecision><ExtObjId>7</ExtObjId>
	</RowData>
	<RowData><ProcessDefId>1</ProcessDefId><FieldName>CL_VAL_LOC</FieldName><FieldType>STRING</FieldType><FieldLength>50</FieldLength><Attribute></Attribute><VarPrecision>0</VarPrecision><ExtObjId>7</ExtObjId>
	</RowData>
	<RowData><ProcessDefId>1</ProcessDefId><FieldName>CONDITION_1</FieldName><FieldType>STRING</FieldType><FieldLength>50</FieldLength><Attribute></Attribute><VarPrecision>0</VarPrecision><ExtObjId>7</ExtObjId>
	</RowData>
	<RowData><ProcessDefId>1</ProcessDefId><FieldName>CONF_SER</FieldName><FieldType>INTEGER</FieldType><FieldLength>2</FieldLength><Attribute></Attribute><VarPrecision>0</VarPrecision><ExtObjId>7</ExtObjId>
	</RowData>
	<RowData><ProcessDefId>1</ProcessDefId><FieldName>CURRENCY</FieldName><FieldType>STRING</FieldType><FieldLength>50</FieldLength><Attribute></Attribute><VarPrecision>0</VarPrecision><ExtObjId>7</ExtObjId>
	</RowData>
	<RowData><ProcessDefId>1</ProcessDefId><FieldName>CURRENCY_ISO</FieldName><FieldType>STRING</FieldType><FieldLength>50</FieldLength><Attribute></Attribute><VarPrecision>0</VarPrecision><ExtObjId>7</ExtObjId>
	</RowData>
	<RowData><ProcessDefId>1</ProcessDefId><FieldName>DB_CR_IND</FieldName><FieldType>STRING</FieldType><FieldLength>50</FieldLength><Attribute></Attribute><VarPrecision>0</VarPrecision><ExtObjId>7</ExtObjId>
	</RowData>
	<RowData><ProcessDefId>1</ProcessDefId><FieldName>DELIV_QTY</FieldName><FieldType>STRING</FieldType><FieldLength>50</FieldLength><Attribute></Attribute><VarPrecision>0</VarPrecision><ExtObjId>7</ExtObjId>
	</RowData>
	<RowData><ProcessDefId>1</ProcessDefId><FieldName>DELIV_UNIT</FieldName><FieldType>STRING</FieldType><FieldLength>50</FieldLength><Attribute></Attribute><VarPrecision>0</VarPrecision><ExtObjId>7</ExtObjId>
	</RowData>
	<RowData><ProcessDefId>1</ProcessDefId><FieldName>DELIV_UNIT_ISO</FieldName><FieldType>STRING</FieldType><FieldLength>50</FieldLength><Attribute></Attribute><VarPrecision>0</VarPrecision><ExtObjId>7</ExtObjId>
	</RowData>
	<RowData><ProcessDefId>1</ProcessDefId><FieldName>DOC_DATE</FieldName><FieldType>DATE</FieldType><FieldLength>8</FieldLength><Attribute></Attribute><VarPrecision>0</VarPrecision><ExtObjId>7</ExtObjId>
	</RowData>
	<RowData><ProcessDefId>1</ProcessDefId><FieldName>DOC_YEAR</FieldName><FieldType>INTEGER</FieldType><FieldLength>2</FieldLength><Attribute></Attribute><VarPrecision>0</VarPrecision><ExtObjId>7</ExtObjId>
	</RowData>
	<RowData><ProcessDefId>1</ProcessDefId><FieldName>ENTRY_DATE</FieldName><FieldType>DATE</FieldType><FieldLength>8</FieldLength><Attribute></Attribute><VarPrecision>0</VarPrecision><ExtObjId>7</ExtObjId>
	</RowData>
	<RowData><ProcessDefId>1</ProcessDefId><FieldName>ENTRY_TIME</FieldName><FieldType>STRING</FieldType><FieldLength>50</FieldLength><Attribute></Attribute><VarPrecision>0</VarPrecision><ExtObjId>7</ExtObjId>
	</RowData>
	<RowData><ProcessDefId>1</ProcessDefId><FieldName>HIST_TYPE</FieldName><FieldType>STRING</FieldType><FieldLength>50</FieldLength><Attribute></Attribute><VarPrecision>0</VarPrecision><ExtObjId>7</ExtObjId>
	</RowData>
	<RowData><ProcessDefId>1</ProcessDefId><FieldName>insertionorderid</FieldName><FieldType>LONG</FieldType><FieldLength>4</FieldLength><Attribute>Primary</Attribute><VarPrecision>0</VarPrecision><ExtObjId>7</ExtObjId>
	</RowData>
	<RowData><ProcessDefId>1</ProcessDefId><FieldName>IVVAL_FOR</FieldName><FieldType>STRING</FieldType><FieldLength>50</FieldLength><Attribute></Attribute><VarPrecision>0</VarPrecision><ExtObjId>7</ExtObjId>
	</RowData>
	<RowData><ProcessDefId>1</ProcessDefId><FieldName>IVVAL_LOC</FieldName><FieldType>STRING</FieldType><FieldLength>50</FieldLength><Attribute></Attribute><VarPrecision>0</VarPrecision><ExtObjId>7</ExtObjId>
	</RowData>
</PMWEXTDBFIELDDEFINITIONTABLE_3>