<PMWEXTDBFIELDDEFINITIONTABLE>
	<RowData><ProcessDefId>1</ProcessDefId><FieldName>accounts_decision</FieldName><FieldType>STRING</FieldType><FieldLength>50</FieldLength><Attribute></Attribute><VarPrecision>0</VarPrecision><ExtObjId>1</ExtObjId>
	</RowData>
	<RowData><ProcessDefId>1</ProcessDefId><FieldName>asn_number</FieldName><FieldType>STRING</FieldType><FieldLength>50</FieldLength><Attribute></Attribute><VarPrecision>0</VarPrecision><ExtObjId>1</ExtObjId>
	</RowData>
	<RowData><ProcessDefId>1</ProcessDefId><FieldName>assignedTo</FieldName><FieldType>STRING</FieldType><FieldLength>50</FieldLength><Attribute></Attribute><VarPrecision>0</VarPrecision><ExtObjId>1</ExtObjId>
	</RowData>
	<RowData><ProcessDefId>1</ProcessDefId><FieldName>claiminsurance</FieldName><FieldType>STRING</FieldType><FieldLength>250</FieldLength><Attribute></Attribute><VarPrecision>0</VarPrecision><ExtObjId>1</ExtObjId>
	</RowData>
	<RowData><ProcessDefId>1</ProcessDefId><FieldName>comp_code</FieldName><FieldType>STRING</FieldType><FieldLength>50</FieldLength><Attribute></Attribute><VarPrecision>0</VarPrecision><ExtObjId>1</ExtObjId>
	</RowData>
	<RowData><ProcessDefId>1</ProcessDefId><FieldName>currency</FieldName><FieldType>STRING</FieldType><FieldLength>50</FieldLength><Attribute></Attribute><VarPrecision>0</VarPrecision><ExtObjId>1</ExtObjId>
	</RowData>
	<RowData><ProcessDefId>1</ProcessDefId><FieldName>debit_to_transport</FieldName><FieldType>STRING</FieldType><FieldLength>50</FieldLength><Attribute></Attribute><VarPrecision>0</VarPrecision><ExtObjId>1</ExtObjId>
	</RowData>
	<RowData><ProcessDefId>1</ProcessDefId><FieldName>decision_l1</FieldName><FieldType>STRING</FieldType><FieldLength>250</FieldLength><Attribute></Attribute><VarPrecision>0</VarPrecision><ExtObjId>1</ExtObjId>
	</RowData>
	<RowData><ProcessDefId>1</ProcessDefId><FieldName>decision_l2</FieldName><FieldType>STRING</FieldType><FieldLength>250</FieldLength><Attribute></Attribute><VarPrecision>0</VarPrecision><ExtObjId>1</ExtObjId>
	</RowData>
	<RowData><ProcessDefId>1</ProcessDefId><FieldName>decision_l3</FieldName><FieldType>STRING</FieldType><FieldLength>250</FieldLength><Attribute></Attribute><VarPrecision>0</VarPrecision><ExtObjId>1</ExtObjId>
	</RowData>
	<RowData><ProcessDefId>1</ProcessDefId><FieldName>decision_l4</FieldName><FieldType>STRING</FieldType><FieldLength>250</FieldLength><Attribute></Attribute><VarPrecision>0</VarPrecision><ExtObjId>1</ExtObjId>
	</RowData>
	<RowData><ProcessDefId>1</ProcessDefId><FieldName>delete_storeChildWI</FieldName><FieldType>INTEGER</FieldType><FieldLength>2</FieldLength><Attribute></Attribute><VarPrecision>0</VarPrecision><ExtObjId>1</ExtObjId>
	</RowData>
	<RowData><ProcessDefId>1</ProcessDefId><FieldName>dmspath</FieldName><FieldType>STRING</FieldType><FieldLength>250</FieldLength><Attribute></Attribute><VarPrecision>0</VarPrecision><ExtObjId>1</ExtObjId>
	</RowData>
	<RowData><ProcessDefId>1</ProcessDefId><FieldName>doc_type</FieldName><FieldType>STRING</FieldType><FieldLength>50</FieldLength><Attribute></Attribute><VarPrecision>0</VarPrecision><ExtObjId>1</ExtObjId>
	</RowData>
	<RowData><ProcessDefId>1</ProcessDefId><FieldName>duplicateCheck</FieldName><FieldType>STRING</FieldType><FieldLength>50</FieldLength><Attribute></Attribute><VarPrecision>0</VarPrecision><ExtObjId>1</ExtObjId>
	</RowData>
	<RowData><ProcessDefId>1</ProcessDefId><FieldName>email</FieldName><FieldType>STRING</FieldType><FieldLength>250</FieldLength><Attribute></Attribute><VarPrecision>0</VarPrecision><ExtObjId>1</ExtObjId>
	</RowData>
	<RowData><ProcessDefId>1</ProcessDefId><FieldName>entrysheet_no</FieldName><FieldType>STRING</FieldType><FieldLength>50</FieldLength><Attribute></Attribute><VarPrecision>0</VarPrecision><ExtObjId>1</ExtObjId>
	</RowData>
	<RowData><ProcessDefId>1</ProcessDefId><FieldName>errorcode</FieldName><FieldType>INTEGER</FieldType><FieldLength>2</FieldLength><Attribute></Attribute><VarPrecision>0</VarPrecision><ExtObjId>1</ExtObjId>
	</RowData>
	<RowData><ProcessDefId>1</ProcessDefId><FieldName>errordesc</FieldName><FieldType>STRING</FieldType><FieldLength>250</FieldLength><Attribute></Attribute><VarPrecision>0</VarPrecision><ExtObjId>1</ExtObjId>
	</RowData>
	<RowData><ProcessDefId>1</ProcessDefId><FieldName>finance_decision</FieldName><FieldType>STRING</FieldType><FieldLength>50</FieldLength><Attribute></Attribute><VarPrecision>0</VarPrecision><ExtObjId>1</ExtObjId>
	</RowData>
	<RowData><ProcessDefId>1</ProcessDefId><FieldName>fiscalyear</FieldName><FieldType>STRING</FieldType><FieldLength>50</FieldLength><DefaultValue></DefaultValue><Attribute></Attribute><VarPrecision>0</VarPrecision><ExtObjId>1</ExtObjId>
	</RowData>
	<RowData><ProcessDefId>1</ProcessDefId><FieldName>freight</FieldName><FieldType>STRING</FieldType><FieldLength>50</FieldLength><Attribute></Attribute><VarPrecision>0</VarPrecision><ExtObjId>1</ExtObjId>
	</RowData>
	<RowData><ProcessDefId>1</ProcessDefId><FieldName>freight_value</FieldName><FieldType>FLOAT</FieldType><FieldLength>38</FieldLength><Attribute></Attribute><VarPrecision>2</VarPrecision><ExtObjId>1</ExtObjId>
	</RowData>
	<RowData><ProcessDefId>1</ProcessDefId><FieldName>gate_decision</FieldName><FieldType>STRING</FieldType><FieldLength>50</FieldLength><Attribute></Attribute><VarPrecision>0</VarPrecision><ExtObjId>1</ExtObjId>
	</RowData>
	<RowData><ProcessDefId>1</ProcessDefId><FieldName>GateEntryNo</FieldName><FieldType>STRING</FieldType><FieldLength>50</FieldLength><Attribute></Attribute><VarPrecision>0</VarPrecision><ExtObjId>1</ExtObjId>
	</RowData>
	<RowData><ProcessDefId>1</ProcessDefId><FieldName>gateexception_flag</FieldName><FieldType>STRING</FieldType><FieldLength>50</FieldLength><Attribute></Attribute><VarPrecision>0</VarPrecision><ExtObjId>1</ExtObjId>
	</RowData>
	<RowData><ProcessDefId>1</ProcessDefId><FieldName>gatehold_decision</FieldName><FieldType>STRING</FieldType><FieldLength>50</FieldLength><Attribute></Attribute><VarPrecision>0</VarPrecision><ExtObjId>1</ExtObjId>
	</RowData>
	<RowData><ProcessDefId>1</ProcessDefId><FieldName>gatehold_remarks</FieldName><FieldType>STRING</FieldType><FieldLength>250</FieldLength><Attribute></Attribute><VarPrecision>0</VarPrecision><ExtObjId>1</ExtObjId>
	</RowData>
	<RowData><ProcessDefId>1</ProcessDefId><FieldName>grn_number</FieldName><FieldType>STRING</FieldType><FieldLength>50</FieldLength><Attribute></Attribute><VarPrecision>0</VarPrecision><ExtObjId>1</ExtObjId>
	</RowData>
	<RowData><ProcessDefId>1</ProcessDefId><FieldName>GSTN</FieldName><FieldType>STRING</FieldType><FieldLength>50</FieldLength><Attribute></Attribute><VarPrecision>0</VarPrecision><ExtObjId>1</ExtObjId>
	</RowData>
	<RowData><ProcessDefId>1</ProcessDefId><FieldName>gstn_inv</FieldName><FieldType>STRING</FieldType><FieldLength>50</FieldLength><Attribute></Attribute><VarPrecision>0</VarPrecision><ExtObjId>1</ExtObjId>
	</RowData>
	<RowData><ProcessDefId>1</ProcessDefId><FieldName>gstn_sap</FieldName><FieldType>STRING</FieldType><FieldLength>50</FieldLength><Attribute></Attribute><VarPrecision>0</VarPrecision><ExtObjId>1</ExtObjId>
	</RowData>
	<RowData><ProcessDefId>1</ProcessDefId><FieldName>inv_park</FieldName><FieldType>STRING</FieldType><FieldLength>50</FieldLength><Attribute></Attribute><VarPrecision>0</VarPrecision><ExtObjId>1</ExtObjId>
	</RowData>
	<RowData><ProcessDefId>1</ProcessDefId><FieldName>inv_park_sap</FieldName><FieldType>STRING</FieldType><FieldLength>50</FieldLength><Attribute></Attribute><VarPrecision>0</VarPrecision><ExtObjId>1</ExtObjId>
	</RowData>
	<RowData><ProcessDefId>1</ProcessDefId><FieldName>inv_post</FieldName><FieldType>STRING</FieldType><FieldLength>50</FieldLength><Attribute></Attribute><VarPrecision>0</VarPrecision><ExtObjId>1</ExtObjId>
	</RowData>
	<RowData><ProcessDefId>1</ProcessDefId><FieldName>inv_post_rev</FieldName><FieldType>STRING</FieldType><FieldLength>50</FieldLength><Attribute></Attribute><VarPrecision>0</VarPrecision><ExtObjId>1</ExtObjId>
	</RowData>
	<RowData><ProcessDefId>1</ProcessDefId><FieldName>invdate_sap</FieldName><FieldType>STRING</FieldType><FieldLength>50</FieldLength><Attribute></Attribute><VarPrecision>0</VarPrecision><ExtObjId>1</ExtObjId>
	</RowData>
	<RowData><ProcessDefId>1</ProcessDefId><FieldName>InvoiceAmount</FieldName><FieldType>STRING</FieldType><FieldLength>50</FieldLength><Attribute></Attribute><VarPrecision>0</VarPrecision><ExtObjId>1</ExtObjId>
	</RowData>
	<RowData><ProcessDefId>1</ProcessDefId><FieldName>invoiceamount_int</FieldName><FieldType>FLOAT</FieldType><FieldLength>38</FieldLength><DefaultValue></DefaultValue><Attribute></Attribute><VarPrecision>2</VarPrecision><ExtObjId>1</ExtObjId>
	</RowData>
	<RowData><ProcessDefId>1</ProcessDefId><FieldName>InvoiceDate</FieldName><FieldType>DATE</FieldType><FieldLength>23</FieldLength><Attribute></Attribute><VarPrecision>0</VarPrecision><ExtObjId>1</ExtObjId>
	</RowData>
	<RowData><ProcessDefId>1</ProcessDefId><FieldName>InvoiceNo</FieldName><FieldType>STRING</FieldType><FieldLength>50</FieldLength><Attribute></Attribute><VarPrecision>0</VarPrecision><ExtObjId>1</ExtObjId>
	</RowData>
	<RowData><ProcessDefId>1</ProcessDefId><FieldName>InvoiceTax</FieldName><FieldType>STRING</FieldType><FieldLength>50</FieldLength><Attribute></Attribute><VarPrecision>0</VarPrecision><ExtObjId>1</ExtObjId>
	</RowData>
	<RowData><ProcessDefId>1</ProcessDefId><FieldName>itemindex</FieldName><FieldType>STRING</FieldType><FieldLength>50</FieldLength><Attribute>Primary</Attribute><VarPrecision>0</VarPrecision><ExtObjId>1</ExtObjId>
	</RowData>
	<RowData><ProcessDefId>1</ProcessDefId><FieldName>itemtype</FieldName><FieldType>STRING</FieldType><FieldLength>50</FieldLength><Attribute>Primary</Attribute><VarPrecision>0</VarPrecision><ExtObjId>1</ExtObjId>
	</RowData>
	<RowData><ProcessDefId>1</ProcessDefId><FieldName>jobtypepo</FieldName><FieldType>STRING</FieldType><FieldLength>50</FieldLength><Attribute></Attribute><VarPrecision>0</VarPrecision><ExtObjId>1</ExtObjId>
	</RowData>
	<RowData><ProcessDefId>1</ProcessDefId><FieldName>mailbody</FieldName><FieldType>STRING</FieldType><FieldLength>250</FieldLength><Attribute></Attribute><VarPrecision>0</VarPrecision><ExtObjId>1</ExtObjId>
	</RowData>
	<RowData><ProcessDefId>1</ProcessDefId><FieldName>manual_inv_park</FieldName><FieldType>STRING</FieldType><FieldLength>255</FieldLength><DefaultValue></DefaultValue><Attribute></Attribute><VarPrecision>0</VarPrecision><ExtObjId>1</ExtObjId>
	</RowData>
	<RowData><ProcessDefId>1</ProcessDefId><FieldName>mdoc_sap_push</FieldName><FieldType>STRING</FieldType><FieldLength>50</FieldLength><Attribute></Attribute><VarPrecision>0</VarPrecision><ExtObjId>1</ExtObjId>
	</RowData>
	<RowData><ProcessDefId>1</ProcessDefId><FieldName>mdoc103</FieldName><FieldType>STRING</FieldType><FieldLength>50</FieldLength><Attribute></Attribute><VarPrecision>0</VarPrecision><ExtObjId>1</ExtObjId>
	</RowData>
	<RowData><ProcessDefId>1</ProcessDefId><FieldName>mdoc103_rev</FieldName><FieldType>STRING</FieldType><FieldLength>50</FieldLength><Attribute></Attribute><VarPrecision>0</VarPrecision><ExtObjId>1</ExtObjId>
	</RowData>
	<RowData><ProcessDefId>1</ProcessDefId><FieldName>mdoc105</FieldName><FieldType>STRING</FieldType><FieldLength>50</FieldLength><Attribute></Attribute><VarPrecision>0</VarPrecision><ExtObjId>1</ExtObjId>
	</RowData>
	<RowData><ProcessDefId>1</ProcessDefId><FieldName>mdoc105_rev</FieldName><FieldType>STRING</FieldType><FieldLength>50</FieldLength><Attribute></Attribute><VarPrecision>0</VarPrecision><ExtObjId>1</ExtObjId>
	</RowData>
	<RowData><ProcessDefId>1</ProcessDefId><FieldName>movement_type</FieldName><FieldType>STRING</FieldType><FieldLength>50</FieldLength><Attribute></Attribute><VarPrecision>0</VarPrecision><ExtObjId>1</ExtObjId>
	</RowData>
	<RowData><ProcessDefId>1</ProcessDefId><FieldName>orient_GST</FieldName><FieldType>STRING</FieldType><FieldLength>1000</FieldLength><Attribute></Attribute><VarPrecision>0</VarPrecision><ExtObjId>1</ExtObjId>
	</RowData>
	<RowData><ProcessDefId>1</ProcessDefId><FieldName>orient_gstn</FieldName><FieldType>STRING</FieldType><FieldLength>50</FieldLength><Attribute></Attribute><VarPrecision>0</VarPrecision><ExtObjId>1</ExtObjId>
	</RowData>
	<RowData><ProcessDefId>1</ProcessDefId><FieldName>orient_PAN</FieldName><FieldType>STRING</FieldType><FieldLength>1000</FieldLength><Attribute></Attribute><VarPrecision>0</VarPrecision><ExtObjId>1</ExtObjId>
	</RowData>
	<RowData><ProcessDefId>1</ProcessDefId><FieldName>output_po_number</FieldName><FieldType>STRING</FieldType><FieldLength>50</FieldLength><Attribute></Attribute><VarPrecision>0</VarPrecision><ExtObjId>1</ExtObjId>
	</RowData>
	<RowData><ProcessDefId>1</ProcessDefId><FieldName>PAN</FieldName><FieldType>STRING</FieldType><FieldLength>50</FieldLength><Attribute></Attribute><VarPrecision>0</VarPrecision><ExtObjId>1</ExtObjId>
	</RowData>
	<RowData><ProcessDefId>1</ProcessDefId><FieldName>pan_inv</FieldName><FieldType>STRING</FieldType><FieldLength>50</FieldLength><Attribute></Attribute><VarPrecision>0</VarPrecision><ExtObjId>1</ExtObjId>
	</RowData>
	<RowData><ProcessDefId>1</ProcessDefId><FieldName>pan_sap</FieldName><FieldType>STRING</FieldType><FieldLength>50</FieldLength><Attribute></Attribute><VarPrecision>0</VarPrecision><ExtObjId>1</ExtObjId>
	</RowData>
	<RowData><ProcessDefId>1</ProcessDefId><FieldName>ParkingException_decision</FieldName><FieldType>STRING</FieldType><FieldLength>50</FieldLength><Attribute></Attribute><VarPrecision>0</VarPrecision><ExtObjId>1</ExtObjId>
	</RowData>
	<RowData><ProcessDefId>1</ProcessDefId><FieldName>ParkingSyncDate</FieldName><FieldType>STRING</FieldType><FieldLength>255</FieldLength><Attribute></Attribute><VarPrecision>0</VarPrecision><ExtObjId>1</ExtObjId>
	</RowData>
	<RowData><ProcessDefId>1</ProcessDefId><FieldName>ParkingSyncStatus</FieldName><FieldType>STRING</FieldType><FieldLength>255</FieldLength><Attribute></Attribute><VarPrecision>0</VarPrecision><ExtObjId>1</ExtObjId>
	</RowData>
	<RowData><ProcessDefId>1</ProcessDefId><FieldName>po_cat</FieldName><FieldType>STRING</FieldType><FieldLength>50</FieldLength><Attribute></Attribute><VarPrecision>0</VarPrecision><ExtObjId>1</ExtObjId>
	</RowData>
	<RowData><ProcessDefId>1</ProcessDefId><FieldName>po_createdby</FieldName><FieldType>STRING</FieldType><FieldLength>100</FieldLength><Attribute></Attribute><VarPrecision>0</VarPrecision><ExtObjId>1</ExtObjId>
	</RowData>
	<RowData><ProcessDefId>1</ProcessDefId><FieldName>po_date</FieldName><FieldType>DATE</FieldType><FieldLength>8</FieldLength><Attribute></Attribute><VarPrecision>0</VarPrecision><ExtObjId>1</ExtObjId>
	</RowData>
	<RowData><ProcessDefId>1</ProcessDefId><FieldName>po_total</FieldName><FieldType>STRING</FieldType><FieldLength>50</FieldLength><Attribute></Attribute><VarPrecision>0</VarPrecision><ExtObjId>1</ExtObjId>
	</RowData>
	<RowData><ProcessDefId>1</ProcessDefId><FieldName>po_type</FieldName><FieldType>STRING</FieldType><FieldLength>50</FieldLength><Attribute></Attribute><VarPrecision>0</VarPrecision><ExtObjId>1</ExtObjId>
	</RowData>
	<RowData><ProcessDefId>1</ProcessDefId><FieldName>po_year</FieldName><FieldType>INTEGER</FieldType><FieldLength>6</FieldLength><Attribute></Attribute><VarPrecision>0</VarPrecision><ExtObjId>1</ExtObjId>
	</RowData>
	<RowData><ProcessDefId>1</ProcessDefId><FieldName>po_year1</FieldName><FieldType>INTEGER</FieldType><FieldLength>6</FieldLength><Attribute></Attribute><VarPrecision>0</VarPrecision><ExtObjId>1</ExtObjId>
	</RowData>
	<RowData><ProcessDefId>1</ProcessDefId><FieldName>postingDate</FieldName><FieldType>DATE</FieldType><FieldLength>8</FieldLength><Attribute></Attribute><VarPrecision>0</VarPrecision><ExtObjId>1</ExtObjId>
	</RowData>
	<RowData><ProcessDefId>1</ProcessDefId><FieldName>PostingException_decision</FieldName><FieldType>STRING</FieldType><FieldLength>50</FieldLength><DefaultValue></DefaultValue><Attribute></Attribute><VarPrecision>0</VarPrecision><ExtObjId>1</ExtObjId>
	</RowData>
	<RowData><ProcessDefId>1</ProcessDefId><FieldName>PostingSyncDate</FieldName><FieldType>STRING</FieldType><FieldLength>255</FieldLength><Attribute></Attribute><VarPrecision>0</VarPrecision><ExtObjId>1</ExtObjId>
	</RowData>
	<RowData><ProcessDefId>1</ProcessDefId><FieldName>PostingSyncStatus</FieldName><FieldType>STRING</FieldType><FieldLength>255</FieldLength><Attribute></Attribute><VarPrecision>0</VarPrecision><ExtObjId>1</ExtObjId>
	</RowData>
	<RowData><ProcessDefId>1</ProcessDefId><FieldName>pr_number</FieldName><FieldType>STRING</FieldType><FieldLength>50</FieldLength><Attribute></Attribute><VarPrecision>0</VarPrecision><ExtObjId>1</ExtObjId>
	</RowData>
	<RowData><ProcessDefId>1</ProcessDefId><FieldName>processid</FieldName><FieldType>STRING</FieldType><FieldLength>50</FieldLength><Attribute></Attribute><VarPrecision>0</VarPrecision><ExtObjId>1</ExtObjId>
	</RowData>
	<RowData><ProcessDefId>1</ProcessDefId><FieldName>profit_center</FieldName><FieldType>STRING</FieldType><FieldLength>50</FieldLength><Attribute></Attribute><VarPrecision>0</VarPrecision><ExtObjId>1</ExtObjId>
	</RowData>
	<RowData><ProcessDefId>1</ProcessDefId><FieldName>pur_group</FieldName><FieldType>STRING</FieldType><FieldLength>50</FieldLength><Attribute></Attribute><VarPrecision>0</VarPrecision><ExtObjId>1</ExtObjId>
	</RowData>
	<RowData><ProcessDefId>1</ProcessDefId><FieldName>pur_org</FieldName><FieldType>STRING</FieldType><FieldLength>50</FieldLength><Attribute></Attribute><VarPrecision>0</VarPrecision><ExtObjId>1</ExtObjId>
	</RowData>
	<RowData><ProcessDefId>1</ProcessDefId><FieldName>PurchaseOrderNo</FieldName><FieldType>STRING</FieldType><FieldLength>50</FieldLength><Attribute></Attribute><VarPrecision>0</VarPrecision><ExtObjId>1</ExtObjId>
	</RowData>
	<RowData><ProcessDefId>1</ProcessDefId><FieldName>qa_required</FieldName><FieldType>STRING</FieldType><FieldLength>50</FieldLength><DefaultValue>N</DefaultValue><Attribute></Attribute><VarPrecision>0</VarPrecision><ExtObjId>1</ExtObjId>
	</RowData>
	<RowData><ProcessDefId>1</ProcessDefId><FieldName>quality_decision</FieldName><FieldType>STRING</FieldType><FieldLength>50</FieldLength><Attribute></Attribute><VarPrecision>0</VarPrecision><ExtObjId>1</ExtObjId>
	</RowData>
	<RowData><ProcessDefId>1</ProcessDefId><FieldName>qualityChildWIFlag</FieldName><FieldType>STRING</FieldType><FieldLength>50</FieldLength><Attribute></Attribute><VarPrecision>0</VarPrecision><ExtObjId>1</ExtObjId>
	</RowData>
	<RowData><ProcessDefId>1</ProcessDefId><FieldName>qualityhold_decision</FieldName><FieldType>STRING</FieldType><FieldLength>50</FieldLength><Attribute></Attribute><VarPrecision>0</VarPrecision><ExtObjId>1</ExtObjId>
	</RowData>
	<RowData><ProcessDefId>1</ProcessDefId><FieldName>remarks_accounts</FieldName><FieldType>STRING</FieldType><FieldLength>250</FieldLength><Attribute></Attribute><VarPrecision>0</VarPrecision><ExtObjId>1</ExtObjId>
	</RowData>
	<RowData><ProcessDefId>1</ProcessDefId><FieldName>remarks_audit</FieldName><FieldType>STRING</FieldType><FieldLength>250</FieldLength><Attribute></Attribute><VarPrecision>0</VarPrecision><ExtObjId>1</ExtObjId>
	</RowData>
	<RowData><ProcessDefId>1</ProcessDefId><FieldName>remarks_finance</FieldName><FieldType>STRING</FieldType><FieldLength>250</FieldLength><Attribute></Attribute><VarPrecision>0</VarPrecision><ExtObjId>1</ExtObjId>
	</RowData>
	<RowData><ProcessDefId>1</ProcessDefId><FieldName>remarks_gateentry</FieldName><FieldType>STRING</FieldType><FieldLength>50</FieldLength><Attribute></Attribute><VarPrecision>0</VarPrecision><ExtObjId>1</ExtObjId>
	</RowData>
	<RowData><ProcessDefId>1</ProcessDefId><FieldName>remarks_l1</FieldName><FieldType>STRING</FieldType><FieldLength>250</FieldLength><Attribute></Attribute><VarPrecision>0</VarPrecision><ExtObjId>1</ExtObjId>
	</RowData>
	<RowData><ProcessDefId>1</ProcessDefId><FieldName>remarks_l2</FieldName><FieldType>STRING</FieldType><FieldLength>250</FieldLength><Attribute></Attribute><VarPrecision>0</VarPrecision><ExtObjId>1</ExtObjId>
	</RowData>
	<RowData><ProcessDefId>1</ProcessDefId><FieldName>remarks_l3</FieldName><FieldType>STRING</FieldType><FieldLength>250</FieldLength><Attribute></Attribute><VarPrecision>0</VarPrecision><ExtObjId>1</ExtObjId>
	</RowData>
	<RowData><ProcessDefId>1</ProcessDefId><FieldName>remarks_l4</FieldName><FieldType>STRING</FieldType><FieldLength>250</FieldLength><Attribute></Attribute><VarPrecision>0</VarPrecision><ExtObjId>1</ExtObjId>
	</RowData>
	<RowData><ProcessDefId>1</ProcessDefId><FieldName>remarks_quality</FieldName><FieldType>STRING</FieldType><FieldLength>250</FieldLength><Attribute></Attribute><VarPrecision>0</VarPrecision><ExtObjId>1</ExtObjId>
	</RowData>
	<RowData><ProcessDefId>1</ProcessDefId><FieldName>remarks_qualityhold</FieldName><FieldType>STRING</FieldType><FieldLength>250</FieldLength><Attribute></Attribute><VarPrecision>0</VarPrecision><ExtObjId>1</ExtObjId>
	</RowData>
	<RowData><ProcessDefId>1</ProcessDefId><FieldName>remarks_service</FieldName><FieldType>STRING</FieldType><FieldLength>250</FieldLength><Attribute></Attribute><VarPrecision>0</VarPrecision><ExtObjId>1</ExtObjId>
	</RowData>
	<RowData><ProcessDefId>1</ProcessDefId><FieldName>remarks_store</FieldName><FieldType>STRING</FieldType><FieldLength>50</FieldLength><Attribute></Attribute><VarPrecision>0</VarPrecision><ExtObjId>1</ExtObjId>
	</RowData>
	<RowData><ProcessDefId>1</ProcessDefId><FieldName>remarks_storehold</FieldName><FieldType>STRING</FieldType><FieldLength>50</FieldLength><Attribute></Attribute><VarPrecision>0</VarPrecision><ExtObjId>1</ExtObjId>
	</RowData>
	<RowData><ProcessDefId>1</ProcessDefId><FieldName>replacement</FieldName><FieldType>STRING</FieldType><FieldLength>50</FieldLength><Attribute></Attribute><VarPrecision>0</VarPrecision><ExtObjId>1</ExtObjId>
	</RowData>
	<RowData><ProcessDefId>1</ProcessDefId><FieldName>reversal_reason</FieldName><FieldType>STRING</FieldType><FieldLength>50</FieldLength><Attribute></Attribute><VarPrecision>0</VarPrecision><ExtObjId>1</ExtObjId>
	</RowData>
	<RowData><ProcessDefId>1</ProcessDefId><FieldName>reversal_req</FieldName><FieldType>STRING</FieldType><FieldLength>50</FieldLength><Attribute></Attribute><VarPrecision>0</VarPrecision><ExtObjId>1</ExtObjId>
	</RowData>
	<RowData><ProcessDefId>1</ProcessDefId><FieldName>route_to</FieldName><FieldType>STRING</FieldType><FieldLength>50</FieldLength><Attribute></Attribute><VarPrecision>0</VarPrecision><ExtObjId>1</ExtObjId>
	</RowData>
	<RowData><ProcessDefId>1</ProcessDefId><FieldName>ScanUserComment</FieldName><FieldType>STRING</FieldType><FieldLength>250</FieldLength><Attribute></Attribute><VarPrecision>0</VarPrecision><ExtObjId>1</ExtObjId>
	</RowData>
	<RowData><ProcessDefId>1</ProcessDefId><FieldName>scanuserdate</FieldName><FieldType>DATE</FieldType><FieldLength>8</FieldLength><Attribute></Attribute><VarPrecision>0</VarPrecision><ExtObjId>1</ExtObjId>
	</RowData>
	<RowData><ProcessDefId>1</ProcessDefId><FieldName>scanusername</FieldName><FieldType>STRING</FieldType><FieldLength>250</FieldLength><Attribute></Attribute><VarPrecision>0</VarPrecision><ExtObjId>1</ExtObjId>
	</RowData>
	<RowData><ProcessDefId>1</ProcessDefId><FieldName>service_itemselect</FieldName><FieldType>STRING</FieldType><FieldLength>250</FieldLength><Attribute></Attribute><VarPrecision>0</VarPrecision><ExtObjId>1</ExtObjId>
	</RowData>
	<RowData><ProcessDefId>1</ProcessDefId><FieldName>service_status</FieldName><FieldType>STRING</FieldType><FieldLength>50</FieldLength><Attribute></Attribute><VarPrecision>0</VarPrecision><ExtObjId>1</ExtObjId>
	</RowData>
	<RowData><ProcessDefId>1</ProcessDefId><FieldName>store_decision</FieldName><FieldType>STRING</FieldType><FieldLength>50</FieldLength><Attribute></Attribute><VarPrecision>0</VarPrecision><ExtObjId>1</ExtObjId>
	</RowData>
	<RowData><ProcessDefId>1</ProcessDefId><FieldName>storeChildWIFlag</FieldName><FieldType>STRING</FieldType><FieldLength>50</FieldLength><DefaultValue>N</DefaultValue><Attribute></Attribute><VarPrecision>0</VarPrecision><ExtObjId>1</ExtObjId>
	</RowData>
	<RowData><ProcessDefId>1</ProcessDefId><FieldName>storehold_decsion</FieldName><FieldType>STRING</FieldType><FieldLength>50</FieldLength><Attribute></Attribute><VarPrecision>0</VarPrecision><ExtObjId>1</ExtObjId>
	</RowData>
	<RowData><ProcessDefId>1</ProcessDefId><FieldName>tax_code</FieldName><FieldType>STRING</FieldType><FieldLength>50</FieldLength><Attribute></Attribute><VarPrecision>0</VarPrecision><ExtObjId>1</ExtObjId>
	</RowData>
	<RowData><ProcessDefId>1</ProcessDefId><FieldName>taxcode_service</FieldName><FieldType>STRING</FieldType><FieldLength>50</FieldLength><Attribute></Attribute><VarPrecision>0</VarPrecision><ExtObjId>1</ExtObjId>
	</RowData>
	<RowData><ProcessDefId>1</ProcessDefId><FieldName>tcs</FieldName><FieldType>STRING</FieldType><FieldLength>50</FieldLength><Attribute></Attribute><VarPrecision>0</VarPrecision><ExtObjId>1</ExtObjId>
	</RowData>
	<RowData><ProcessDefId>1</ProcessDefId><FieldName>tdsflag</FieldName><FieldType>STRING</FieldType><FieldLength>50</FieldLength><DefaultValue></DefaultValue><Attribute></Attribute><VarPrecision>0</VarPrecision><ExtObjId>1</ExtObjId>
	</RowData>
	<RowData><ProcessDefId>1</ProcessDefId><FieldName>total_inv</FieldName><FieldType>STRING</FieldType><FieldLength>50</FieldLength><Attribute></Attribute><VarPrecision>0</VarPrecision><ExtObjId>1</ExtObjId>
	</RowData>
	<RowData><ProcessDefId>1</ProcessDefId><FieldName>total_tcs_freight</FieldName><FieldType>STRING</FieldType><FieldLength>50</FieldLength><Attribute></Attribute><VarPrecision>0</VarPrecision><ExtObjId>1</ExtObjId>
	</RowData>
	<RowData><ProcessDefId>1</ProcessDefId><FieldName>TransporterName</FieldName><FieldType>STRING</FieldType><FieldLength>50</FieldLength><Attribute></Attribute><VarPrecision>0</VarPrecision><ExtObjId>1</ExtObjId>
	</RowData>
	<RowData><ProcessDefId>1</ProcessDefId><FieldName>tsc_flag</FieldName><FieldType>STRING</FieldType><FieldLength>50</FieldLength><Attribute></Attribute><VarPrecision>0</VarPrecision><ExtObjId>1</ExtObjId>
	</RowData>
	<RowData><ProcessDefId>1</ProcessDefId><FieldName>vendor_city</FieldName><FieldType>STRING</FieldType><FieldLength>50</FieldLength><Attribute></Attribute><VarPrecision>0</VarPrecision><ExtObjId>1</ExtObjId>
	</RowData>
	<RowData><ProcessDefId>1</ProcessDefId><FieldName>vendor_code</FieldName><FieldType>STRING</FieldType><FieldLength>50</FieldLength><Attribute></Attribute><VarPrecision>0</VarPrecision><ExtObjId>1</ExtObjId>
	</RowData>
	<RowData><ProcessDefId>1</ProcessDefId><FieldName>vendor_contact</FieldName><FieldType>STRING</FieldType><FieldLength>50</FieldLength><Attribute></Attribute><VarPrecision>0</VarPrecision><ExtObjId>1</ExtObjId>
	</RowData>
	<RowData><ProcessDefId>1</ProcessDefId><FieldName>vendor_country</FieldName><FieldType>STRING</FieldType><FieldLength>50</FieldLength><Attribute></Attribute><VarPrecision>0</VarPrecision><ExtObjId>1</ExtObjId>
	</RowData>
	<RowData><ProcessDefId>1</ProcessDefId><FieldName>vendor_district</FieldName><FieldType>STRING</FieldType><FieldLength>50</FieldLength><Attribute></Attribute><VarPrecision>0</VarPrecision><ExtObjId>1</ExtObjId>
	</RowData>
	<RowData><ProcessDefId>1</ProcessDefId><FieldName>vendor_name</FieldName><FieldType>STRING</FieldType><FieldLength>50</FieldLength><Attribute></Attribute><VarPrecision>0</VarPrecision><ExtObjId>1</ExtObjId>
	</RowData>
	<RowData><ProcessDefId>1</ProcessDefId><FieldName>vendor_region</FieldName><FieldType>STRING</FieldType><FieldLength>50</FieldLength><Attribute></Attribute><VarPrecision>0</VarPrecision><ExtObjId>1</ExtObjId>
	</RowData>
	<RowData><ProcessDefId>1</ProcessDefId><FieldName>vendor_street</FieldName><FieldType>STRING</FieldType><FieldLength>250</FieldLength><Attribute></Attribute><VarPrecision>0</VarPrecision><ExtObjId>1</ExtObjId>
	</RowData>
	<RowData><ProcessDefId>1</ProcessDefId><FieldName>comp_code</FieldName><FieldType>STRING</FieldType><FieldLength>50</FieldLength><Attribute></Attribute><VarPrecision>0</VarPrecision><ExtObjId>2</ExtObjId>
	</RowData>
	<RowData><ProcessDefId>1</ProcessDefId><FieldName>doc_type</FieldName><FieldType>STRING</FieldType><FieldLength>50</FieldLength><Attribute></Attribute><VarPrecision>0</VarPrecision><ExtObjId>2</ExtObjId>
	</RowData>
	<RowData><ProcessDefId>1</ProcessDefId><FieldName>insertionorderid</FieldName><FieldType>LONG</FieldType><FieldLength>4</FieldLength><Attribute>Primary</Attribute><VarPrecision>0</VarPrecision><ExtObjId>2</ExtObjId>
	</RowData>
	<RowData><ProcessDefId>1</ProcessDefId><FieldName>MATERIAL</FieldName><FieldType>STRING</FieldType><FieldLength>18</FieldLength><Attribute></Attribute><VarPrecision>0</VarPrecision><ExtObjId>2</ExtObjId>
	</RowData>
	<RowData><ProcessDefId>1</ProcessDefId><FieldName>NET_PRICE</FieldName><FieldType>FLOAT</FieldType><FieldLength>28</FieldLength><Attribute></Attribute><VarPrecision>9</VarPrecision><ExtObjId>2</ExtObjId>
	</RowData>
	<RowData><ProcessDefId>1</ProcessDefId><FieldName>pinstanceid</FieldName><FieldType>STRING</FieldType><FieldLength>50</FieldLength><Attribute></Attribute><VarPrecision>0</VarPrecision><ExtObjId>2</ExtObjId>
	</RowData>
	<RowData><ProcessDefId>1</ProcessDefId><FieldName>PLANT</FieldName><FieldType>STRING</FieldType><FieldLength>4</FieldLength><Attribute></Attribute><VarPrecision>0</VarPrecision><ExtObjId>2</ExtObjId>
	</RowData>
	<RowData><ProcessDefId>1</ProcessDefId><FieldName>PO_ITEM</FieldName><FieldType>INTEGER</FieldType><FieldLength>2</FieldLength><Attribute></Attribute><VarPrecision>0</VarPrecision><ExtObjId>2</ExtObjId>
	</RowData>
	<RowData><ProcessDefId>1</ProcessDefId><FieldName>PO_UNIT</FieldName><FieldType>STRING</FieldType><FieldLength>3</FieldLength><Attribute></Attribute><VarPrecision>0</VarPrecision><ExtObjId>2</ExtObjId>
	</RowData>
	<RowData><ProcessDefId>1</ProcessDefId><FieldName>PRICE_UNIT</FieldName><FieldType>FLOAT</FieldType><FieldLength>5</FieldLength><Attribute></Attribute><VarPrecision>0</VarPrecision><ExtObjId>2</ExtObjId>
	</RowData>
	<RowData><ProcessDefId>1</ProcessDefId><FieldName>QUANTITY</FieldName><FieldType>STRING</FieldType><FieldLength>13</FieldLength><Attribute></Attribute><VarPrecision>0</VarPrecision><ExtObjId>2</ExtObjId>
	</RowData>
	<RowData><ProcessDefId>1</ProcessDefId><FieldName>ACCTASSCAT</FieldName><FieldType>STRING</FieldType><FieldLength>50</FieldLength><Attribute></Attribute><VarPrecision>0</VarPrecision><ExtObjId>3</ExtObjId>
	</RowData>
	<RowData><ProcessDefId>1</ProcessDefId><FieldName>ACKN_REQD</FieldName><FieldType>STRING</FieldType><FieldLength>50</FieldLength><Attribute></Attribute><VarPrecision>0</VarPrecision><ExtObjId>3</ExtObjId>
	</RowData>
	<RowData><ProcessDefId>1</ProcessDefId><FieldName>ACKNOWL_NO</FieldName><FieldType>STRING</FieldType><FieldLength>50</FieldLength><Attribute></Attribute><VarPrecision>0</VarPrecision><ExtObjId>3</ExtObjId>
	</RowData>
	<RowData><ProcessDefId>1</ProcessDefId><FieldName>ADDRESS2</FieldName><FieldType>STRING</FieldType><FieldLength>50</FieldLength><Attribute></Attribute><VarPrecision>0</VarPrecision><ExtObjId>3</ExtObjId>
	</RowData>
	<RowData><ProcessDefId>1</ProcessDefId><FieldName>ADVANCE</FieldName><FieldType>STRING</FieldType><FieldLength>50</FieldLength><Attribute></Attribute><VarPrecision>0</VarPrecision><ExtObjId>3</ExtObjId>
	</RowData>
	<RowData><ProcessDefId>1</ProcessDefId><FieldName>AGMT_ITEM</FieldName><FieldType>INTEGER</FieldType><FieldLength>2</FieldLength><Attribute></Attribute><VarPrecision>0</VarPrecision><ExtObjId>3</ExtObjId>
	</RowData>
	<RowData><ProcessDefId>1</ProcessDefId><FieldName>AGREEMENT</FieldName><FieldType>STRING</FieldType><FieldLength>50</FieldLength><Attribute></Attribute><VarPrecision>0</VarPrecision><ExtObjId>3</ExtObjId>
	</RowData>
	<RowData><ProcessDefId>1</ProcessDefId><FieldName>ALLOC_TBL</FieldName><FieldType>STRING</FieldType><FieldLength>50</FieldLength><Attribute></Attribute><VarPrecision>0</VarPrecision><ExtObjId>3</ExtObjId>
	</RowData>
	<RowData><ProcessDefId>1</ProcessDefId><FieldName>ALLOC_TBL_ITEM</FieldName><FieldType>INTEGER</FieldType><FieldLength>2</FieldLength><Attribute></Attribute><VarPrecision>0</VarPrecision><ExtObjId>3</ExtObjId>
	</RowData>
	<RowData><ProcessDefId>1</ProcessDefId><FieldName>AT_RELEV</FieldName><FieldType>STRING</FieldType><FieldLength>50</FieldLength><Attribute></Attribute><VarPrecision>0</VarPrecision><ExtObjId>3</ExtObjId>
	</RowData>
	<RowData><ProcessDefId>1</ProcessDefId><FieldName>BATCH</FieldName><FieldType>STRING</FieldType><FieldLength>50</FieldLength><Attribute></Attribute><VarPrecision>0</VarPrecision><ExtObjId>3</ExtObjId>
	</RowData>
	<RowData><ProcessDefId>1</ProcessDefId><FieldName>BLOCK_REASON_ID</FieldName><FieldType>STRING</FieldType><FieldLength>50</FieldLength><Attribute></Attribute><VarPrecision>0</VarPrecision><ExtObjId>3</ExtObjId>
	</RowData>
	<RowData><ProcessDefId>1</ProcessDefId><FieldName>BLOCK_REASON_TEXT</FieldName><FieldType>STRING</FieldType><FieldLength>50</FieldLength><Attribute></Attribute><VarPrecision>0</VarPrecision><ExtObjId>3</ExtObjId>
	</RowData>
	<RowData><ProcessDefId>1</ProcessDefId><FieldName>BON_GRP1</FieldName><FieldType>STRING</FieldType><FieldLength>50</FieldLength><Attribute></Attribute><VarPrecision>0</VarPrecision><ExtObjId>3</ExtObjId>
	</RowData>
</PMWEXTDBFIELDDEFINITIONTABLE>