<PMWEXTDBCONFTABLE>
	<RowData><ProcessDefId>1</ProcessDefId><DatabaseName>onLine</DatabaseName><DatabaseType>local</DatabaseType><UserId></UserId><PWD></PWD><TABLEName>ext_orientAP</TABLEName><ExtObjID>1</ExtObjID><HostName></HostName><Service></Service><Port>0</Port><SecurityFlag>Y</SecurityFlag>
	</RowData>
	<RowData><ProcessDefId>1</ProcessDefId><DatabaseName>onLine</DatabaseName><DatabaseType>local</DatabaseType><UserId></UserId><PWD></PWD><TABLEName>complex_polineitem</TABLEName><ExtObjID>2</ExtObjID><HostName></HostName><Service></Service><Port>0</Port><SecurityFlag>Y</SecurityFlag>
	</RowData>
	<RowData><ProcessDefId>1</ProcessDefId><DatabaseName>onLine</DatabaseName><DatabaseType>local</DatabaseType><UserId></UserId><PWD></PWD><TABLEName>complex_orient_poitem</TABLEName><ExtObjID>3</ExtObjID><HostName></HostName><Service></Service><Port>0</Port><SecurityFlag>Y</SecurityFlag>
	</RowData>
	<RowData><ProcessDefId>1</ProcessDefId><DatabaseName>onLine</DatabaseName><DatabaseType>local</DatabaseType><UserId></UserId><PWD></PWD><TABLEName>complex_orient_po_lineitem</TABLEName><ExtObjID>4</ExtObjID><HostName></HostName><Service></Service><Port>0</Port><SecurityFlag>Y</SecurityFlag>
	</RowData>
	<RowData><ProcessDefId>1</ProcessDefId><DatabaseName>onLine</DatabaseName><DatabaseType>local</DatabaseType><UserId></UserId><PWD></PWD><TABLEName>complex_orient_pohistory</TABLEName><ExtObjID>5</ExtObjID><HostName></HostName><Service></Service><Port>0</Port><SecurityFlag>Y</SecurityFlag>
	</RowData>
	<RowData><ProcessDefId>1</ProcessDefId><DatabaseName>onLine</DatabaseName><DatabaseType>local</DatabaseType><UserId></UserId><PWD></PWD><TABLEName>complex_orient_po_item</TABLEName><ExtObjID>6</ExtObjID><HostName></HostName><Service></Service><Port>0</Port><SecurityFlag>Y</SecurityFlag>
	</RowData>
	<RowData><ProcessDefId>1</ProcessDefId><DatabaseName>onLine</DatabaseName><DatabaseType>local</DatabaseType><UserId></UserId><PWD></PWD><TABLEName>complex_orient_poitem_history</TABLEName><ExtObjID>7</ExtObjID><HostName></HostName><Service></Service><Port>0</Port><SecurityFlag>Y</SecurityFlag>
	</RowData>
	<RowData><ProcessDefId>1</ProcessDefId><DatabaseName>onLine</DatabaseName><DatabaseType>local</DatabaseType><UserId></UserId><PWD></PWD><TABLEName>complex_orient_pr_item</TABLEName><ExtObjID>8</ExtObjID><HostName></HostName><Service></Service><Port>0</Port><SecurityFlag>Y</SecurityFlag>
	</RowData>
	<RowData><ProcessDefId>1</ProcessDefId><DatabaseName>onLine</DatabaseName><DatabaseType>local</DatabaseType><UserId></UserId><PWD></PWD><TABLEName>complex_orient_invoice_item</TABLEName><ExtObjID>9</ExtObjID><HostName></HostName><Service></Service><Port>0</Port><SecurityFlag>Y</SecurityFlag>
	</RowData>
	<RowData><ProcessDefId>1</ProcessDefId><DatabaseName>onLine</DatabaseName><DatabaseType>local</DatabaseType><UserId></UserId><PWD></PWD><TABLEName>complex_orient_entry_service</TABLEName><ExtObjID>10</ExtObjID><HostName></HostName><Service></Service><Port>0</Port><SecurityFlag>Y</SecurityFlag>
	</RowData>
	<RowData><ProcessDefId>1</ProcessDefId><DatabaseName>onLine</DatabaseName><DatabaseType>local</DatabaseType><UserId></UserId><PWD></PWD><TABLEName>complex_orient_acc_assignment</TABLEName><ExtObjID>11</ExtObjID><HostName></HostName><Service></Service><Port>0</Port><SecurityFlag>Y</SecurityFlag>
	</RowData>
	<RowData><ProcessDefId>1</ProcessDefId><DatabaseName>onLine</DatabaseName><DatabaseType>local</DatabaseType><UserId></UserId><PWD></PWD><TABLEName>complex_orient_serviceapproval</TABLEName><ExtObjID>12</ExtObjID><HostName></HostName><Service></Service><Port>0</Port><SecurityFlag>Y</SecurityFlag>
	</RowData>
	<RowData><ProcessDefId>1</ProcessDefId><DatabaseName>onLine</DatabaseName><DatabaseType>local</DatabaseType><UserId></UserId><PWD></PWD><TABLEName>complex_orient_service_itemsel</TABLEName><ExtObjID>13</ExtObjID><HostName></HostName><Service></Service><Port>0</Port><SecurityFlag>Y</SecurityFlag>
	</RowData>
	<RowData><ProcessDefId>1</ProcessDefId><DatabaseName>onLine</DatabaseName><DatabaseType>local</DatabaseType><UserId></UserId><PWD></PWD><TABLEName>complex_orient_multiplepo</TABLEName><ExtObjID>14</ExtObjID><HostName></HostName><Service></Service><Port>0</Port><SecurityFlag>Y</SecurityFlag>
	</RowData>
	<RowData><ProcessDefId>1</ProcessDefId><DatabaseName>onLine</DatabaseName><DatabaseType>local</DatabaseType><UserId></UserId><PWD></PWD><TABLEName>complex_exception_details</TABLEName><ExtObjID>15</ExtObjID><HostName></HostName><Service></Service><Port>0</Port><SecurityFlag>Y</SecurityFlag>
	</RowData>
</PMWEXTDBCONFTABLE>