<PMWEXTDBFIELDDEFINITIONTABLE_2>
	<RowData><ProcessDefId>1</ProcessDefId><FieldName>SUPPL_STLOC</FieldName><FieldType>STRING</FieldType><FieldLength>50</FieldLength><Attribute></Attribute><VarPrecision>0</VarPrecision><ExtObjId>3</ExtObjId>
	</RowData>
	<RowData><ProcessDefId>1</ProcessDefId><FieldName>SUPPL_VEND</FieldName><FieldType>STRING</FieldType><FieldLength>50</FieldLength><Attribute></Attribute><VarPrecision>0</VarPrecision><ExtObjId>3</ExtObjId>
	</RowData>
	<RowData><ProcessDefId>1</ProcessDefId><FieldName>TAX_CODE</FieldName><FieldType>STRING</FieldType><FieldLength>50</FieldLength><Attribute></Attribute><VarPrecision>0</VarPrecision><ExtObjId>3</ExtObjId>
	</RowData>
	<RowData><ProcessDefId>1</ProcessDefId><FieldName>TAX_SUBJECT_ST</FieldName><FieldType>STRING</FieldType><FieldLength>50</FieldLength><Attribute></Attribute><VarPrecision>0</VarPrecision><ExtObjId>3</ExtObjId>
	</RowData>
	<RowData><ProcessDefId>1</ProcessDefId><FieldName>TAXJURCODE</FieldName><FieldType>STRING</FieldType><FieldLength>50</FieldLength><Attribute></Attribute><VarPrecision>0</VarPrecision><ExtObjId>3</ExtObjId>
	</RowData>
	<RowData><ProcessDefId>1</ProcessDefId><FieldName>TC_AUT_DET</FieldName><FieldType>STRING</FieldType><FieldLength>50</FieldLength><Attribute></Attribute><VarPrecision>0</VarPrecision><ExtObjId>3</ExtObjId>
	</RowData>
	<RowData><ProcessDefId>1</ProcessDefId><FieldName>TRACKINGNO</FieldName><FieldType>STRING</FieldType><FieldLength>50</FieldLength><Attribute></Attribute><VarPrecision>0</VarPrecision><ExtObjId>3</ExtObjId>
	</RowData>
	<RowData><ProcessDefId>1</ProcessDefId><FieldName>UNDER_DLV_TOL</FieldName><FieldType>FLOAT</FieldType><FieldLength>15</FieldLength><Attribute></Attribute><VarPrecision>2</VarPrecision><ExtObjId>3</ExtObjId>
	</RowData>
	<RowData><ProcessDefId>1</ProcessDefId><FieldName>UNLIMITED_DLV</FieldName><FieldType>STRING</FieldType><FieldLength>50</FieldLength><Attribute></Attribute><VarPrecision>0</VarPrecision><ExtObjId>3</ExtObjId>
	</RowData>
	<RowData><ProcessDefId>1</ProcessDefId><FieldName>UNTIL_DATE</FieldName><FieldType>DATE</FieldType><FieldLength>8</FieldLength><Attribute></Attribute><VarPrecision>0</VarPrecision><ExtObjId>3</ExtObjId>
	</RowData>
	<RowData><ProcessDefId>1</ProcessDefId><FieldName>VAL_TYPE</FieldName><FieldType>STRING</FieldType><FieldLength>50</FieldLength><Attribute></Attribute><VarPrecision>0</VarPrecision><ExtObjId>3</ExtObjId>
	</RowData>
	<RowData><ProcessDefId>1</ProcessDefId><FieldName>VEND_MAT</FieldName><FieldType>STRING</FieldType><FieldLength>50</FieldLength><Attribute></Attribute><VarPrecision>0</VarPrecision><ExtObjId>3</ExtObjId>
	</RowData>
	<RowData><ProcessDefId>1</ProcessDefId><FieldName>VEND_PART</FieldName><FieldType>STRING</FieldType><FieldLength>50</FieldLength><Attribute></Attribute><VarPrecision>0</VarPrecision><ExtObjId>3</ExtObjId>
	</RowData>
	<RowData><ProcessDefId>1</ProcessDefId><FieldName>VENDRBATCH</FieldName><FieldType>STRING</FieldType><FieldLength>50</FieldLength><Attribute></Attribute><VarPrecision>0</VarPrecision><ExtObjId>3</ExtObjId>
	</RowData>
	<RowData><ProcessDefId>1</ProcessDefId><FieldName>VOLUME</FieldName><FieldType>STRING</FieldType><FieldLength>13</FieldLength><Attribute></Attribute><VarPrecision>0</VarPrecision><ExtObjId>3</ExtObjId>
	</RowData>
	<RowData><ProcessDefId>1</ProcessDefId><FieldName>VOLUMEUNIT</FieldName><FieldType>STRING</FieldType><FieldLength>3</FieldLength><Attribute></Attribute><VarPrecision>0</VarPrecision><ExtObjId>3</ExtObjId>
	</RowData>
	<RowData><ProcessDefId>1</ProcessDefId><FieldName>VOLUMEUNIT_ISO</FieldName><FieldType>STRING</FieldType><FieldLength>50</FieldLength><Attribute></Attribute><VarPrecision>0</VarPrecision><ExtObjId>3</ExtObjId>
	</RowData>
	<RowData><ProcessDefId>1</ProcessDefId><FieldName>WEIGHTUNIT</FieldName><FieldType>STRING</FieldType><FieldLength>3</FieldLength><Attribute></Attribute><VarPrecision>0</VarPrecision><ExtObjId>3</ExtObjId>
	</RowData>
	<RowData><ProcessDefId>1</ProcessDefId><FieldName>WEIGHTUNIT_ISO</FieldName><FieldType>STRING</FieldType><FieldLength>50</FieldLength><Attribute></Attribute><VarPrecision>0</VarPrecision><ExtObjId>3</ExtObjId>
	</RowData>
	<RowData><ProcessDefId>1</ProcessDefId><FieldName>Currency</FieldName><FieldType>STRING</FieldType><FieldLength>50</FieldLength><Attribute></Attribute><VarPrecision>0</VarPrecision><ExtObjId>4</ExtObjId>
	</RowData>
	<RowData><ProcessDefId>1</ProcessDefId><FieldName>insertionorderid</FieldName><FieldType>LONG</FieldType><FieldLength>4</FieldLength><Attribute>Primary</Attribute><VarPrecision>0</VarPrecision><ExtObjId>4</ExtObjId>
	</RowData>
	<RowData><ProcessDefId>1</ProcessDefId><FieldName>Item</FieldName><FieldType>STRING</FieldType><FieldLength>50</FieldLength><Attribute></Attribute><VarPrecision>0</VarPrecision><ExtObjId>4</ExtObjId>
	</RowData>
	<RowData><ProcessDefId>1</ProcessDefId><FieldName>Item_Description</FieldName><FieldType>STRING</FieldType><FieldLength>50</FieldLength><Attribute></Attribute><VarPrecision>0</VarPrecision><ExtObjId>4</ExtObjId>
	</RowData>
	<RowData><ProcessDefId>1</ProcessDefId><FieldName>Line_Total_with_tax</FieldName><FieldType>STRING</FieldType><FieldLength>50</FieldLength><Attribute></Attribute><VarPrecision>0</VarPrecision><ExtObjId>4</ExtObjId>
	</RowData>
	<RowData><ProcessDefId>1</ProcessDefId><FieldName>pinstanceid</FieldName><FieldType>STRING</FieldType><FieldLength>50</FieldLength><Attribute></Attribute><VarPrecision>0</VarPrecision><ExtObjId>4</ExtObjId>
	</RowData>
	<RowData><ProcessDefId>1</ProcessDefId><FieldName>Plant</FieldName><FieldType>STRING</FieldType><FieldLength>50</FieldLength><Attribute></Attribute><VarPrecision>0</VarPrecision><ExtObjId>4</ExtObjId>
	</RowData>
	<RowData><ProcessDefId>1</ProcessDefId><FieldName>PO_Creation_Date</FieldName><FieldType>STRING</FieldType><FieldLength>50</FieldLength><Attribute></Attribute><VarPrecision>0</VarPrecision><ExtObjId>4</ExtObjId>
	</RowData>
	<RowData><ProcessDefId>1</ProcessDefId><FieldName>PO_No</FieldName><FieldType>STRING</FieldType><FieldLength>50</FieldLength><Attribute></Attribute><VarPrecision>0</VarPrecision><ExtObjId>4</ExtObjId>
	</RowData>
	<RowData><ProcessDefId>1</ProcessDefId><FieldName>PO_Type</FieldName><FieldType>STRING</FieldType><FieldLength>50</FieldLength><Attribute></Attribute><VarPrecision>0</VarPrecision><ExtObjId>4</ExtObjId>
	</RowData>
	<RowData><ProcessDefId>1</ProcessDefId><FieldName>Price_per_unit</FieldName><FieldType>STRING</FieldType><FieldLength>50</FieldLength><Attribute></Attribute><VarPrecision>0</VarPrecision><ExtObjId>4</ExtObjId>
	</RowData>
	<RowData><ProcessDefId>1</ProcessDefId><FieldName>Purchasing_Group</FieldName><FieldType>STRING</FieldType><FieldLength>50</FieldLength><Attribute></Attribute><VarPrecision>0</VarPrecision><ExtObjId>4</ExtObjId>
	</RowData>
	<RowData><ProcessDefId>1</ProcessDefId><FieldName>Purchasing_Org</FieldName><FieldType>STRING</FieldType><FieldLength>50</FieldLength><Attribute></Attribute><VarPrecision>0</VarPrecision><ExtObjId>4</ExtObjId>
	</RowData>
	<RowData><ProcessDefId>1</ProcessDefId><FieldName>Quantity</FieldName><FieldType>STRING</FieldType><FieldLength>50</FieldLength><Attribute></Attribute><VarPrecision>0</VarPrecision><ExtObjId>4</ExtObjId>
	</RowData>
	<RowData><ProcessDefId>1</ProcessDefId><FieldName>Total_PO_amount_with_Tax</FieldName><FieldType>STRING</FieldType><FieldLength>50</FieldLength><Attribute></Attribute><VarPrecision>0</VarPrecision><ExtObjId>4</ExtObjId>
	</RowData>
	<RowData><ProcessDefId>1</ProcessDefId><FieldName>UOM</FieldName><FieldType>STRING</FieldType><FieldLength>50</FieldLength><Attribute></Attribute><VarPrecision>0</VarPrecision><ExtObjId>4</ExtObjId>
	</RowData>
	<RowData><ProcessDefId>1</ProcessDefId><FieldName>Vendor_Name</FieldName><FieldType>STRING</FieldType><FieldLength>50</FieldLength><Attribute></Attribute><VarPrecision>0</VarPrecision><ExtObjId>4</ExtObjId>
	</RowData>
	<RowData><ProcessDefId>1</ProcessDefId><FieldName>BATCH</FieldName><FieldType>STRING</FieldType><FieldLength>50</FieldLength><Attribute></Attribute><VarPrecision>0</VarPrecision><ExtObjId>5</ExtObjId>
	</RowData>
	<RowData><ProcessDefId>1</ProcessDefId><FieldName>BL_QTY</FieldName><FieldType>STRING</FieldType><FieldLength>50</FieldLength><Attribute></Attribute><VarPrecision>0</VarPrecision><ExtObjId>5</ExtObjId>
	</RowData>
	<RowData><ProcessDefId>1</ProcessDefId><FieldName>BLOCKED_QY</FieldName><FieldType>STRING</FieldType><FieldLength>50</FieldLength><Attribute></Attribute><VarPrecision>0</VarPrecision><ExtObjId>5</ExtObjId>
	</RowData>
	<RowData><ProcessDefId>1</ProcessDefId><FieldName>CL_VAL_LOC</FieldName><FieldType>STRING</FieldType><FieldLength>50</FieldLength><Attribute></Attribute><VarPrecision>0</VarPrecision><ExtObjId>5</ExtObjId>
	</RowData>
	<RowData><ProcessDefId>1</ProcessDefId><FieldName>CONDITION_1</FieldName><FieldType>STRING</FieldType><FieldLength>50</FieldLength><Attribute></Attribute><VarPrecision>0</VarPrecision><ExtObjId>5</ExtObjId>
	</RowData>
	<RowData><ProcessDefId>1</ProcessDefId><FieldName>CONF_SER</FieldName><FieldType>INTEGER</FieldType><FieldLength>2</FieldLength><Attribute></Attribute><VarPrecision>0</VarPrecision><ExtObjId>5</ExtObjId>
	</RowData>
	<RowData><ProcessDefId>1</ProcessDefId><FieldName>CURRENCY</FieldName><FieldType>STRING</FieldType><FieldLength>50</FieldLength><Attribute></Attribute><VarPrecision>0</VarPrecision><ExtObjId>5</ExtObjId>
	</RowData>
	<RowData><ProcessDefId>1</ProcessDefId><FieldName>CURRENCY_ISO</FieldName><FieldType>STRING</FieldType><FieldLength>50</FieldLength><Attribute></Attribute><VarPrecision>0</VarPrecision><ExtObjId>5</ExtObjId>
	</RowData>
	<RowData><ProcessDefId>1</ProcessDefId><FieldName>DB_CR_IND</FieldName><FieldType>STRING</FieldType><FieldLength>50</FieldLength><Attribute></Attribute><VarPrecision>0</VarPrecision><ExtObjId>5</ExtObjId>
	</RowData>
	<RowData><ProcessDefId>1</ProcessDefId><FieldName>DELIV_QTY</FieldName><FieldType>STRING</FieldType><FieldLength>50</FieldLength><Attribute></Attribute><VarPrecision>0</VarPrecision><ExtObjId>5</ExtObjId>
	</RowData>
	<RowData><ProcessDefId>1</ProcessDefId><FieldName>DELIV_UNIT</FieldName><FieldType>STRING</FieldType><FieldLength>50</FieldLength><Attribute></Attribute><VarPrecision>0</VarPrecision><ExtObjId>5</ExtObjId>
	</RowData>
	<RowData><ProcessDefId>1</ProcessDefId><FieldName>DELIV_UNIT_ISO</FieldName><FieldType>STRING</FieldType><FieldLength>50</FieldLength><Attribute></Attribute><VarPrecision>0</VarPrecision><ExtObjId>5</ExtObjId>
	</RowData>
	<RowData><ProcessDefId>1</ProcessDefId><FieldName>DOC_DATE</FieldName><FieldType>DATE</FieldType><FieldLength>8</FieldLength><Attribute></Attribute><VarPrecision>0</VarPrecision><ExtObjId>5</ExtObjId>
	</RowData>
	<RowData><ProcessDefId>1</ProcessDefId><FieldName>DOC_YEAR</FieldName><FieldType>INTEGER</FieldType><FieldLength>2</FieldLength><Attribute></Attribute><VarPrecision>0</VarPrecision><ExtObjId>5</ExtObjId>
	</RowData>
	<RowData><ProcessDefId>1</ProcessDefId><FieldName>ENTRY_DATE</FieldName><FieldType>DATE</FieldType><FieldLength>8</FieldLength><Attribute></Attribute><VarPrecision>0</VarPrecision><ExtObjId>5</ExtObjId>
	</RowData>
	<RowData><ProcessDefId>1</ProcessDefId><FieldName>ENTRY_TIME</FieldName><FieldType>STRING</FieldType><FieldLength>50</FieldLength><Attribute></Attribute><VarPrecision>0</VarPrecision><ExtObjId>5</ExtObjId>
	</RowData>
	<RowData><ProcessDefId>1</ProcessDefId><FieldName>HIST_TYPE</FieldName><FieldType>STRING</FieldType><FieldLength>50</FieldLength><Attribute></Attribute><VarPrecision>0</VarPrecision><ExtObjId>5</ExtObjId>
	</RowData>
	<RowData><ProcessDefId>1</ProcessDefId><FieldName>insertionorderid</FieldName><FieldType>LONG</FieldType><FieldLength>4</FieldLength><Attribute>Primary</Attribute><VarPrecision>0</VarPrecision><ExtObjId>5</ExtObjId>
	</RowData>
	<RowData><ProcessDefId>1</ProcessDefId><FieldName>IVVAL_FOR</FieldName><FieldType>STRING</FieldType><FieldLength>50</FieldLength><Attribute></Attribute><VarPrecision>0</VarPrecision><ExtObjId>5</ExtObjId>
	</RowData>
	<RowData><ProcessDefId>1</ProcessDefId><FieldName>IVVAL_LOC</FieldName><FieldType>STRING</FieldType><FieldLength>50</FieldLength><Attribute></Attribute><VarPrecision>0</VarPrecision><ExtObjId>5</ExtObjId>
	</RowData>
	<RowData><ProcessDefId>1</ProcessDefId><FieldName>LOC_CURR</FieldName><FieldType>STRING</FieldType><FieldLength>50</FieldLength><Attribute></Attribute><VarPrecision>0</VarPrecision><ExtObjId>5</ExtObjId>
	</RowData>
	<RowData><ProcessDefId>1</ProcessDefId><FieldName>LOC_CURR_ISO</FieldName><FieldType>STRING</FieldType><FieldLength>50</FieldLength><Attribute></Attribute><VarPrecision>0</VarPrecision><ExtObjId>5</ExtObjId>
	</RowData>
	<RowData><ProcessDefId>1</ProcessDefId><FieldName>MAT_DOC</FieldName><FieldType>STRING</FieldType><FieldLength>50</FieldLength><Attribute></Attribute><VarPrecision>0</VarPrecision><ExtObjId>5</ExtObjId>
	</RowData>
	<RowData><ProcessDefId>1</ProcessDefId><FieldName>MATDOC_ITM</FieldName><FieldType>INTEGER</FieldType><FieldLength>2</FieldLength><Attribute></Attribute><VarPrecision>0</VarPrecision><ExtObjId>5</ExtObjId>
	</RowData>
	<RowData><ProcessDefId>1</ProcessDefId><FieldName>MATERIAL</FieldName><FieldType>STRING</FieldType><FieldLength>50</FieldLength><Attribute></Attribute><VarPrecision>0</VarPrecision><ExtObjId>5</ExtObjId>
	</RowData>
	<RowData><ProcessDefId>1</ProcessDefId><FieldName>MATERIAL_EXTERNAL</FieldName><FieldType>STRING</FieldType><FieldLength>50</FieldLength><Attribute></Attribute><VarPrecision>0</VarPrecision><ExtObjId>5</ExtObjId>
	</RowData>
	<RowData><ProcessDefId>1</ProcessDefId><FieldName>MATERIAL_GUID</FieldName><FieldType>STRING</FieldType><FieldLength>50</FieldLength><Attribute></Attribute><VarPrecision>0</VarPrecision><ExtObjId>5</ExtObjId>
	</RowData>
	<RowData><ProcessDefId>1</ProcessDefId><FieldName>MATERIAL_VERSION</FieldName><FieldType>STRING</FieldType><FieldLength>50</FieldLength><Attribute></Attribute><VarPrecision>0</VarPrecision><ExtObjId>5</ExtObjId>
	</RowData>
	<RowData><ProcessDefId>1</ProcessDefId><FieldName>MOVE_REAS</FieldName><FieldType>INTEGER</FieldType><FieldLength>2</FieldLength><Attribute></Attribute><VarPrecision>0</VarPrecision><ExtObjId>5</ExtObjId>
	</RowData>
	<RowData><ProcessDefId>1</ProcessDefId><FieldName>MOVE_TYPE</FieldName><FieldType>STRING</FieldType><FieldLength>50</FieldLength><Attribute></Attribute><VarPrecision>0</VarPrecision><ExtObjId>5</ExtObjId>
	</RowData>
	<RowData><ProcessDefId>1</ProcessDefId><FieldName>NO_MORE_GR</FieldName><FieldType>STRING</FieldType><FieldLength>50</FieldLength><Attribute></Attribute><VarPrecision>0</VarPrecision><ExtObjId>5</ExtObjId>
	</RowData>
	<RowData><ProcessDefId>1</ProcessDefId><FieldName>pinstanceid</FieldName><FieldType>STRING</FieldType><FieldLength>50</FieldLength><Attribute></Attribute><VarPrecision>0</VarPrecision><ExtObjId>5</ExtObjId>
	</RowData>
	<RowData><ProcessDefId>1</ProcessDefId><FieldName>PLANT</FieldName><FieldType>STRING</FieldType><FieldLength>50</FieldLength><Attribute></Attribute><VarPrecision>0</VarPrecision><ExtObjId>5</ExtObjId>
	</RowData>
	<RowData><ProcessDefId>1</ProcessDefId><FieldName>PO_ITEM</FieldName><FieldType>INTEGER</FieldType><FieldLength>2</FieldLength><Attribute></Attribute><VarPrecision>0</VarPrecision><ExtObjId>5</ExtObjId>
	</RowData>
	<RowData><ProcessDefId>1</ProcessDefId><FieldName>PROCESS_ID</FieldName><FieldType>STRING</FieldType><FieldLength>50</FieldLength><Attribute></Attribute><VarPrecision>0</VarPrecision><ExtObjId>5</ExtObjId>
	</RowData>
	<RowData><ProcessDefId>1</ProcessDefId><FieldName>PSTNG_DATE</FieldName><FieldType>DATE</FieldType><FieldLength>8</FieldLength><Attribute></Attribute><VarPrecision>0</VarPrecision><ExtObjId>5</ExtObjId>
	</RowData>
	<RowData><ProcessDefId>1</ProcessDefId><FieldName>PUR_MAT</FieldName><FieldType>STRING</FieldType><FieldLength>50</FieldLength><Attribute></Attribute><VarPrecision>0</VarPrecision><ExtObjId>5</ExtObjId>
	</RowData>
	<RowData><ProcessDefId>1</ProcessDefId><FieldName>PUR_MAT_EXTERNAL</FieldName><FieldType>STRING</FieldType><FieldLength>50</FieldLength><Attribute></Attribute><VarPrecision>0</VarPrecision><ExtObjId>5</ExtObjId>
	</RowData>
	<RowData><ProcessDefId>1</ProcessDefId><FieldName>PUR_MAT_GUID</FieldName><FieldType>STRING</FieldType><FieldLength>50</FieldLength><Attribute></Attribute><VarPrecision>0</VarPrecision><ExtObjId>5</ExtObjId>
	</RowData>
	<RowData><ProcessDefId>1</ProcessDefId><FieldName>PUR_MAT_VERSION</FieldName><FieldType>STRING</FieldType><FieldLength>50</FieldLength><Attribute></Attribute><VarPrecision>0</VarPrecision><ExtObjId>5</ExtObjId>
	</RowData>
	<RowData><ProcessDefId>1</ProcessDefId><FieldName>QUANTITY</FieldName><FieldType>STRING</FieldType><FieldLength>50</FieldLength><Attribute></Attribute><VarPrecision>0</VarPrecision><ExtObjId>5</ExtObjId>
	</RowData>
	<RowData><ProcessDefId>1</ProcessDefId><FieldName>REF_DOC</FieldName><FieldType>STRING</FieldType><FieldLength>50</FieldLength><Attribute></Attribute><VarPrecision>0</VarPrecision><ExtObjId>5</ExtObjId>
	</RowData>
	<RowData><ProcessDefId>1</ProcessDefId><FieldName>REF_DOC_IT</FieldName><FieldType>INTEGER</FieldType><FieldLength>2</FieldLength><Attribute></Attribute><VarPrecision>0</VarPrecision><ExtObjId>5</ExtObjId>
	</RowData>
	<RowData><ProcessDefId>1</ProcessDefId><FieldName>REF_DOC_NO</FieldName><FieldType>STRING</FieldType><FieldLength>50</FieldLength><Attribute></Attribute><VarPrecision>0</VarPrecision><ExtObjId>5</ExtObjId>
	</RowData>
	<RowData><ProcessDefId>1</ProcessDefId><FieldName>REF_DOC_NO_LONG</FieldName><FieldType>STRING</FieldType><FieldLength>50</FieldLength><Attribute></Attribute><VarPrecision>0</VarPrecision><ExtObjId>5</ExtObjId>
	</RowData>
	<RowData><ProcessDefId>1</ProcessDefId><FieldName>REF_DOC_YR</FieldName><FieldType>INTEGER</FieldType><FieldLength>2</FieldLength><Attribute></Attribute><VarPrecision>0</VarPrecision><ExtObjId>5</ExtObjId>
	</RowData>
	<RowData><ProcessDefId>1</ProcessDefId><FieldName>SERIAL_NO</FieldName><FieldType>INTEGER</FieldType><FieldLength>2</FieldLength><Attribute></Attribute><VarPrecision>0</VarPrecision><ExtObjId>5</ExtObjId>
	</RowData>
	<RowData><ProcessDefId>1</ProcessDefId><FieldName>STK_SEGMENT</FieldName><FieldType>STRING</FieldType><FieldLength>50</FieldLength><Attribute></Attribute><VarPrecision>0</VarPrecision><ExtObjId>5</ExtObjId>
	</RowData>
	<RowData><ProcessDefId>1</ProcessDefId><FieldName>TAX_CODE</FieldName><FieldType>STRING</FieldType><FieldLength>50</FieldLength><Attribute></Attribute><VarPrecision>0</VarPrecision><ExtObjId>5</ExtObjId>
	</RowData>
	<RowData><ProcessDefId>1</ProcessDefId><FieldName>VAL_FORCUR</FieldName><FieldType>STRING</FieldType><FieldLength>50</FieldLength><Attribute></Attribute><VarPrecision>0</VarPrecision><ExtObjId>5</ExtObjId>
	</RowData>
	<RowData><ProcessDefId>1</ProcessDefId><FieldName>VAL_LOCCUR</FieldName><FieldType>STRING</FieldType><FieldLength>50</FieldLength><Attribute></Attribute><VarPrecision>0</VarPrecision><ExtObjId>5</ExtObjId>
	</RowData>
	<RowData><ProcessDefId>1</ProcessDefId><FieldName>VAL_TYPE</FieldName><FieldType>STRING</FieldType><FieldLength>50</FieldLength><Attribute></Attribute><VarPrecision>0</VarPrecision><ExtObjId>5</ExtObjId>
	</RowData>
	<RowData><ProcessDefId>1</ProcessDefId><FieldName>ACCTASSCAT</FieldName><FieldType>STRING</FieldType><FieldLength>50</FieldLength><Attribute></Attribute><VarPrecision>0</VarPrecision><ExtObjId>6</ExtObjId>
	</RowData>
	<RowData><ProcessDefId>1</ProcessDefId><FieldName>ACKN_REQD</FieldName><FieldType>STRING</FieldType><FieldLength>50</FieldLength><Attribute></Attribute><VarPrecision>0</VarPrecision><ExtObjId>6</ExtObjId>
	</RowData>
	<RowData><ProcessDefId>1</ProcessDefId><FieldName>ACKNOWL_NO</FieldName><FieldType>STRING</FieldType><FieldLength>50</FieldLength><Attribute></Attribute><VarPrecision>0</VarPrecision><ExtObjId>6</ExtObjId>
	</RowData>
	<RowData><ProcessDefId>1</ProcessDefId><FieldName>ADDRESS</FieldName><FieldType>STRING</FieldType><FieldLength>50</FieldLength><Attribute></Attribute><VarPrecision>0</VarPrecision><ExtObjId>6</ExtObjId>
	</RowData>
	<RowData><ProcessDefId>1</ProcessDefId><FieldName>ADDRESS2</FieldName><FieldType>STRING</FieldType><FieldLength>50</FieldLength><Attribute></Attribute><VarPrecision>0</VarPrecision><ExtObjId>6</ExtObjId>
	</RowData>
	<RowData><ProcessDefId>1</ProcessDefId><FieldName>ADVANCE</FieldName><FieldType>STRING</FieldType><FieldLength>50</FieldLength><Attribute></Attribute><VarPrecision>0</VarPrecision><ExtObjId>6</ExtObjId>
	</RowData>
	<RowData><ProcessDefId>1</ProcessDefId><FieldName>AGMT_ITEM</FieldName><FieldType>INTEGER</FieldType><FieldLength>2</FieldLength><Attribute></Attribute><VarPrecision>0</VarPrecision><ExtObjId>6</ExtObjId>
	</RowData>
	<RowData><ProcessDefId>1</ProcessDefId><FieldName>AGRCUMQTY</FieldName><FieldType>STRING</FieldType><FieldLength>50</FieldLength><Attribute></Attribute><VarPrecision>0</VarPrecision><ExtObjId>6</ExtObjId>
	</RowData>
	<RowData><ProcessDefId>1</ProcessDefId><FieldName>AGREEMENT</FieldName><FieldType>STRING</FieldType><FieldLength>50</FieldLength><Attribute></Attribute><VarPrecision>0</VarPrecision><ExtObjId>6</ExtObjId>
	</RowData>
	<RowData><ProcessDefId>1</ProcessDefId><FieldName>ALLOC_TBL</FieldName><FieldType>STRING</FieldType><FieldLength>50</FieldLength><Attribute></Attribute><VarPrecision>0</VarPrecision><ExtObjId>6</ExtObjId>
	</RowData>
	<RowData><ProcessDefId>1</ProcessDefId><FieldName>AT_ITEM</FieldName><FieldType>INTEGER</FieldType><FieldLength>2</FieldLength><Attribute></Attribute><VarPrecision>0</VarPrecision><ExtObjId>6</ExtObjId>
	</RowData>
	<RowData><ProcessDefId>1</ProcessDefId><FieldName>AT_RELEV</FieldName><FieldType>STRING</FieldType><FieldLength>50</FieldLength><Attribute></Attribute><VarPrecision>0</VarPrecision><ExtObjId>6</ExtObjId>
	</RowData>
	<RowData><ProcessDefId>1</ProcessDefId><FieldName>BA_PARTNER</FieldName><FieldType>STRING</FieldType><FieldLength>50</FieldLength><Attribute></Attribute><VarPrecision>0</VarPrecision><ExtObjId>6</ExtObjId>
	</RowData>
	<RowData><ProcessDefId>1</ProcessDefId><FieldName>BASE_UNIT</FieldName><FieldType>STRING</FieldType><FieldLength>50</FieldLength><Attribute></Attribute><VarPrecision>0</VarPrecision><ExtObjId>6</ExtObjId>
	</RowData>
	<RowData><ProcessDefId>1</ProcessDefId><FieldName>BASE_UOM_ISO</FieldName><FieldType>STRING</FieldType><FieldLength>50</FieldLength><Attribute></Attribute><VarPrecision>0</VarPrecision><ExtObjId>6</ExtObjId>
	</RowData>
	<RowData><ProcessDefId>1</ProcessDefId><FieldName>BOM_EXPL</FieldName><FieldType>STRING</FieldType><FieldLength>50</FieldLength><Attribute></Attribute><VarPrecision>0</VarPrecision><ExtObjId>6</ExtObjId>
	</RowData>
	<RowData><ProcessDefId>1</ProcessDefId><FieldName>BUDGET_PERIOD</FieldName><FieldType>STRING</FieldType><FieldLength>50</FieldLength><Attribute></Attribute><VarPrecision>0</VarPrecision><ExtObjId>6</ExtObjId>
	</RowData>
	<RowData><ProcessDefId>1</ProcessDefId><FieldName>CERT_TYPE</FieldName><FieldType>STRING</FieldType><FieldLength>50</FieldLength><Attribute></Attribute><VarPrecision>0</VarPrecision><ExtObjId>6</ExtObjId>
	</RowData>
	<RowData><ProcessDefId>1</ProcessDefId><FieldName>CHANGED_ON</FieldName><FieldType>DATE</FieldType><FieldLength>8</FieldLength><Attribute></Attribute><VarPrecision>0</VarPrecision><ExtObjId>6</ExtObjId>
	</RowData>
	<RowData><ProcessDefId>1</ProcessDefId><FieldName>CMMT_ITEM</FieldName><FieldType>STRING</FieldType><FieldLength>50</FieldLength><Attribute></Attribute><VarPrecision>0</VarPrecision><ExtObjId>6</ExtObjId>
	</RowData>
	<RowData><ProcessDefId>1</ProcessDefId><FieldName>CMMT_ITEM_LONG</FieldName><FieldType>STRING</FieldType><FieldLength>50</FieldLength><Attribute></Attribute><VarPrecision>0</VarPrecision><ExtObjId>6</ExtObjId>
	</RowData>
	<RowData><ProcessDefId>1</ProcessDefId><FieldName>CO_CODE</FieldName><FieldType>STRING</FieldType><FieldLength>50</FieldLength><Attribute></Attribute><VarPrecision>0</VarPrecision><ExtObjId>6</ExtObjId>
	</RowData>
	<RowData><ProcessDefId>1</ProcessDefId><FieldName>COMMENT_1</FieldName><FieldType>STRING</FieldType><FieldLength>50</FieldLength><Attribute></Attribute><VarPrecision>0</VarPrecision><ExtObjId>6</ExtObjId>
	</RowData>
	<RowData><ProcessDefId>1</ProcessDefId><FieldName>COMMITMENT</FieldName><FieldType>STRING</FieldType><FieldLength>50</FieldLength><Attribute></Attribute><VarPrecision>0</VarPrecision><ExtObjId>6</ExtObjId>
	</RowData>
	<RowData><ProcessDefId>1</ProcessDefId><FieldName>COND_GROUP</FieldName><FieldType>STRING</FieldType><FieldLength>50</FieldLength><Attribute></Attribute><VarPrecision>0</VarPrecision><ExtObjId>6</ExtObjId>
	</RowData>
	<RowData><ProcessDefId>1</ProcessDefId><FieldName>CONF_CTRL</FieldName><FieldType>STRING</FieldType><FieldLength>50</FieldLength><Attribute></Attribute><VarPrecision>0</VarPrecision><ExtObjId>6</ExtObjId>
	</RowData>
	<RowData><ProcessDefId>1</ProcessDefId><FieldName>CONF_MATL</FieldName><FieldType>STRING</FieldType><FieldLength>50</FieldLength><Attribute></Attribute><VarPrecision>0</VarPrecision><ExtObjId>6</ExtObjId>
	</RowData>
	<RowData><ProcessDefId>1</ProcessDefId><FieldName>CONF_MATL_EXTERNAL</FieldName><FieldType>STRING</FieldType><FieldLength>50</FieldLength><Attribute></Attribute><VarPrecision>0</VarPrecision><ExtObjId>6</ExtObjId>
	</RowData>
	<RowData><ProcessDefId>1</ProcessDefId><FieldName>CONF_MATL_GUID</FieldName><FieldType>STRING</FieldType><FieldLength>50</FieldLength><Attribute></Attribute><VarPrecision>0</VarPrecision><ExtObjId>6</ExtObjId>
	</RowData>
	<RowData><ProcessDefId>1</ProcessDefId><FieldName>CONF_MATL_VERSION</FieldName><FieldType>STRING</FieldType><FieldLength>50</FieldLength><Attribute></Attribute><VarPrecision>0</VarPrecision><ExtObjId>6</ExtObjId>
	</RowData>
	<RowData><ProcessDefId>1</ProcessDefId><FieldName>CONFIG_ORG</FieldName><FieldType>STRING</FieldType><FieldLength>50</FieldLength><Attribute></Attribute><VarPrecision>0</VarPrecision><ExtObjId>6</ExtObjId>
	</RowData>
	<RowData><ProcessDefId>1</ProcessDefId><FieldName>CONSUMPT</FieldName><FieldType>STRING</FieldType><FieldLength>50</FieldLength><Attribute></Attribute><VarPrecision>0</VarPrecision><ExtObjId>6</ExtObjId>
	</RowData>
	<RowData><ProcessDefId>1</ProcessDefId><FieldName>CONV_DEN1</FieldName><FieldType>STRING</FieldType><FieldLength>50</FieldLength><Attribute></Attribute><VarPrecision>0</VarPrecision><ExtObjId>6</ExtObjId>
	</RowData>
	<RowData><ProcessDefId>1</ProcessDefId><FieldName>CONV_DEN2</FieldName><FieldType>STRING</FieldType><FieldLength>50</FieldLength><Attribute></Attribute><VarPrecision>0</VarPrecision><ExtObjId>6</ExtObjId>
	</RowData>
	<RowData><ProcessDefId>1</ProcessDefId><FieldName>CONV_NUM1</FieldName><FieldType>STRING</FieldType><FieldLength>50</FieldLength><Attribute></Attribute><VarPrecision>0</VarPrecision><ExtObjId>6</ExtObjId>
	</RowData>
	<RowData><ProcessDefId>1</ProcessDefId><FieldName>CONV_NUM2</FieldName><FieldType>STRING</FieldType><FieldLength>50</FieldLength><Attribute></Attribute><VarPrecision>0</VarPrecision><ExtObjId>6</ExtObjId>
	</RowData>
	<RowData><ProcessDefId>1</ProcessDefId><FieldName>CTR_KEY_QM</FieldName><FieldType>STRING</FieldType><FieldLength>50</FieldLength><Attribute></Attribute><VarPrecision>0</VarPrecision><ExtObjId>6</ExtObjId>
	</RowData>
	<RowData><ProcessDefId>1</ProcessDefId><FieldName>CUSTOMER</FieldName><FieldType>STRING</FieldType><FieldLength>50</FieldLength><Attribute></Attribute><VarPrecision>0</VarPrecision><ExtObjId>6</ExtObjId>
	</RowData>
	<RowData><ProcessDefId>1</ProcessDefId><FieldName>DEL_COMPL</FieldName><FieldType>STRING</FieldType><FieldLength>50</FieldLength><Attribute></Attribute><VarPrecision>0</VarPrecision><ExtObjId>6</ExtObjId>
	</RowData>
	<RowData><ProcessDefId>1</ProcessDefId><FieldName>DEL_TYP_RT</FieldName><FieldType>STRING</FieldType><FieldLength>50</FieldLength><Attribute></Attribute><VarPrecision>0</VarPrecision><ExtObjId>6</ExtObjId>
	</RowData>
	<RowData><ProcessDefId>1</ProcessDefId><FieldName>DELETE_IND</FieldName><FieldType>STRING</FieldType><FieldLength>50</FieldLength><Attribute></Attribute><VarPrecision>0</VarPrecision><ExtObjId>6</ExtObjId>
	</RowData>
	<RowData><ProcessDefId>1</ProcessDefId><FieldName>DISTRIB</FieldName><FieldType>STRING</FieldType><FieldLength>50</FieldLength><Attribute></Attribute><VarPrecision>0</VarPrecision><ExtObjId>6</ExtObjId>
	</RowData>
	<RowData><ProcessDefId>1</ProcessDefId><FieldName>DOC_CAT</FieldName><FieldType>STRING</FieldType><FieldLength>50</FieldLength><Attribute></Attribute><VarPrecision>0</VarPrecision><ExtObjId>6</ExtObjId>
	</RowData>
	<RowData><ProcessDefId>1</ProcessDefId><FieldName>EAN_UPC</FieldName><FieldType>STRING</FieldType><FieldLength>50</FieldLength><Attribute></Attribute><VarPrecision>0</VarPrecision><ExtObjId>6</ExtObjId>
	</RowData>
	<RowData><ProcessDefId>1</ProcessDefId><FieldName>EFF_VALUE</FieldName><FieldType>STRING</FieldType><FieldLength>50</FieldLength><Attribute></Attribute><VarPrecision>0</VarPrecision><ExtObjId>6</ExtObjId>
	</RowData>
	<RowData><ProcessDefId>1</ProcessDefId><FieldName>ERS</FieldName><FieldType>STRING</FieldType><FieldLength>50</FieldLength><Attribute></Attribute><VarPrecision>0</VarPrecision><ExtObjId>6</ExtObjId>
	</RowData>
	<RowData><ProcessDefId>1</ProcessDefId><FieldName>EST_PRICE</FieldName><FieldType>STRING</FieldType><FieldLength>50</FieldLength><Attribute></Attribute><VarPrecision>0</VarPrecision><ExtObjId>6</ExtObjId>
	</RowData>
	<RowData><ProcessDefId>1</ProcessDefId><FieldName>EXCLUSION</FieldName><FieldType>STRING</FieldType><FieldLength>50</FieldLength><Attribute></Attribute><VarPrecision>0</VarPrecision><ExtObjId>6</ExtObjId>
	</RowData>
	<RowData><ProcessDefId>1</ProcessDefId><FieldName>FINAL_INV</FieldName><FieldType>STRING</FieldType><FieldLength>50</FieldLength><Attribute></Attribute><VarPrecision>0</VarPrecision><ExtObjId>6</ExtObjId>
	</RowData>
	<RowData><ProcessDefId>1</ProcessDefId><FieldName>FIRM_ZONE</FieldName><FieldType>STRING</FieldType><FieldLength>50</FieldLength><Attribute></Attribute><VarPrecision>0</VarPrecision><ExtObjId>6</ExtObjId>
	</RowData>
	<RowData><ProcessDefId>1</ProcessDefId><FieldName>FUNC_AREA_LONG</FieldName><FieldType>STRING</FieldType><FieldLength>50</FieldLength><Attribute></Attribute><VarPrecision>0</VarPrecision><ExtObjId>6</ExtObjId>
	</RowData>
	<RowData><ProcessDefId>1</ProcessDefId><FieldName>FUND</FieldName><FieldType>STRING</FieldType><FieldLength>50</FieldLength><Attribute></Attribute><VarPrecision>0</VarPrecision><ExtObjId>6</ExtObjId>
	</RowData>
	<RowData><ProcessDefId>1</ProcessDefId><FieldName>FUNDS_CTR</FieldName><FieldType>STRING</FieldType><FieldLength>50</FieldLength><Attribute></Attribute><VarPrecision>0</VarPrecision><ExtObjId>6</ExtObjId>
	</RowData>
	<RowData><ProcessDefId>1</ProcessDefId><FieldName>GR_BASEDIV</FieldName><FieldType>STRING</FieldType><FieldLength>50</FieldLength><Attribute></Attribute><VarPrecision>0</VarPrecision><ExtObjId>6</ExtObjId>
	</RowData>
	<RowData><ProcessDefId>1</ProcessDefId><FieldName>GR_IND</FieldName><FieldType>STRING</FieldType><FieldLength>50</FieldLength><Attribute></Attribute><VarPrecision>0</VarPrecision><ExtObjId>6</ExtObjId>
	</RowData>
	<RowData><ProcessDefId>1</ProcessDefId><FieldName>GR_NON_VAL</FieldName><FieldType>STRING</FieldType><FieldLength>50</FieldLength><Attribute></Attribute><VarPrecision>0</VarPrecision><ExtObjId>6</ExtObjId>
	</RowData>
	<RowData><ProcessDefId>1</ProcessDefId><FieldName>GR_PR_TIME</FieldName><FieldType>STRING</FieldType><FieldLength>50</FieldLength><Attribute></Attribute><VarPrecision>0</VarPrecision><ExtObjId>6</ExtObjId>
	</RowData>
	<RowData><ProcessDefId>1</ProcessDefId><FieldName>GR_TO_DATE</FieldName><FieldType>DATE</FieldType><FieldLength>8</FieldLength><Attribute></Attribute><VarPrecision>0</VarPrecision><ExtObjId>6</ExtObjId>
	</RowData>
	<RowData><ProcessDefId>1</ProcessDefId><FieldName>GRANT_NBR</FieldName><FieldType>STRING</FieldType><FieldLength>50</FieldLength><Attribute></Attribute><VarPrecision>0</VarPrecision><ExtObjId>6</ExtObjId>
	</RowData>
	<RowData><ProcessDefId>1</ProcessDefId><FieldName>GROS_VALUE</FieldName><FieldType>STRING</FieldType><FieldLength>50</FieldLength><Attribute></Attribute><VarPrecision>0</VarPrecision><ExtObjId>6</ExtObjId>
	</RowData>
	<RowData><ProcessDefId>1</ProcessDefId><FieldName>GROSS_WGHT</FieldName><FieldType>STRING</FieldType><FieldLength>50</FieldLength><Attribute></Attribute><VarPrecision>0</VarPrecision><ExtObjId>6</ExtObjId>
	</RowData>
	<RowData><ProcessDefId>1</ProcessDefId><FieldName>GRSETTFROM</FieldName><FieldType>STRING</FieldType><FieldLength>50</FieldLength><Attribute></Attribute><VarPrecision>0</VarPrecision><ExtObjId>6</ExtObjId>
	</RowData>
</PMWEXTDBFIELDDEFINITIONTABLE_2>