<PMWEXTDBFIELDDEFINITIONTABLE_1>
	<RowData><ProcessDefId>1</ProcessDefId><FieldName>BON_GRP2</FieldName><FieldType>STRING</FieldType><FieldLength>50</FieldLength><Attribute></Attribute><VarPrecision>0</VarPrecision><ExtObjId>3</ExtObjId>
	</RowData>
	<RowData><ProcessDefId>1</ProcessDefId><FieldName>BON_GRP3</FieldName><FieldType>STRING</FieldType><FieldLength>50</FieldLength><Attribute></Attribute><VarPrecision>0</VarPrecision><ExtObjId>3</ExtObjId>
	</RowData>
	<RowData><ProcessDefId>1</ProcessDefId><FieldName>BRAS_NBM</FieldName><FieldType>STRING</FieldType><FieldLength>50</FieldLength><Attribute></Attribute><VarPrecision>0</VarPrecision><ExtObjId>3</ExtObjId>
	</RowData>
	<RowData><ProcessDefId>1</ProcessDefId><FieldName>BUDGET_PERIOD</FieldName><FieldType>STRING</FieldType><FieldLength>50</FieldLength><Attribute></Attribute><VarPrecision>0</VarPrecision><ExtObjId>3</ExtObjId>
	</RowData>
	<RowData><ProcessDefId>1</ProcessDefId><FieldName>CALCTYPE</FieldName><FieldType>STRING</FieldType><FieldLength>50</FieldLength><Attribute></Attribute><VarPrecision>0</VarPrecision><ExtObjId>3</ExtObjId>
	</RowData>
	<RowData><ProcessDefId>1</ProcessDefId><FieldName>CMMT_ITEM</FieldName><FieldType>STRING</FieldType><FieldLength>50</FieldLength><Attribute></Attribute><VarPrecision>0</VarPrecision><ExtObjId>3</ExtObjId>
	</RowData>
	<RowData><ProcessDefId>1</ProcessDefId><FieldName>CMMT_ITEM_LONG</FieldName><FieldType>STRING</FieldType><FieldLength>50</FieldLength><Attribute></Attribute><VarPrecision>0</VarPrecision><ExtObjId>3</ExtObjId>
	</RowData>
	<RowData><ProcessDefId>1</ProcessDefId><FieldName>COND_GROUP</FieldName><FieldType>STRING</FieldType><FieldLength>50</FieldLength><Attribute></Attribute><VarPrecision>0</VarPrecision><ExtObjId>3</ExtObjId>
	</RowData>
	<RowData><ProcessDefId>1</ProcessDefId><FieldName>CONF_CTRL</FieldName><FieldType>STRING</FieldType><FieldLength>50</FieldLength><Attribute></Attribute><VarPrecision>0</VarPrecision><ExtObjId>3</ExtObjId>
	</RowData>
	<RowData><ProcessDefId>1</ProcessDefId><FieldName>CONF_MATL</FieldName><FieldType>STRING</FieldType><FieldLength>50</FieldLength><Attribute></Attribute><VarPrecision>0</VarPrecision><ExtObjId>3</ExtObjId>
	</RowData>
	<RowData><ProcessDefId>1</ProcessDefId><FieldName>CONV_DEN1</FieldName><FieldType>FLOAT</FieldType><FieldLength>15</FieldLength><Attribute></Attribute><VarPrecision>2</VarPrecision><ExtObjId>3</ExtObjId>
	</RowData>
	<RowData><ProcessDefId>1</ProcessDefId><FieldName>CONV_NUM1</FieldName><FieldType>FLOAT</FieldType><FieldLength>15</FieldLength><Attribute></Attribute><VarPrecision>2</VarPrecision><ExtObjId>3</ExtObjId>
	</RowData>
	<RowData><ProcessDefId>1</ProcessDefId><FieldName>CRM_REF_SALES_ORDER_NO</FieldName><FieldType>STRING</FieldType><FieldLength>50</FieldLength><Attribute></Attribute><VarPrecision>0</VarPrecision><ExtObjId>3</ExtObjId>
	</RowData>
	<RowData><ProcessDefId>1</ProcessDefId><FieldName>CRM_REF_SO_ITEM_NO</FieldName><FieldType>STRING</FieldType><FieldLength>50</FieldLength><Attribute></Attribute><VarPrecision>0</VarPrecision><ExtObjId>3</ExtObjId>
	</RowData>
	<RowData><ProcessDefId>1</ProcessDefId><FieldName>CRM_SALES_ORDER_ITEM_NO</FieldName><FieldType>INTEGER</FieldType><FieldLength>2</FieldLength><Attribute></Attribute><VarPrecision>0</VarPrecision><ExtObjId>3</ExtObjId>
	</RowData>
	<RowData><ProcessDefId>1</ProcessDefId><FieldName>CRM_SALES_ORDER_NO</FieldName><FieldType>STRING</FieldType><FieldLength>50</FieldLength><Attribute></Attribute><VarPrecision>0</VarPrecision><ExtObjId>3</ExtObjId>
	</RowData>
	<RowData><ProcessDefId>1</ProcessDefId><FieldName>CTRL_KEY</FieldName><FieldType>STRING</FieldType><FieldLength>50</FieldLength><Attribute></Attribute><VarPrecision>0</VarPrecision><ExtObjId>3</ExtObjId>
	</RowData>
	<RowData><ProcessDefId>1</ProcessDefId><FieldName>CUSTOMER</FieldName><FieldType>STRING</FieldType><FieldLength>50</FieldLength><Attribute></Attribute><VarPrecision>0</VarPrecision><ExtObjId>3</ExtObjId>
	</RowData>
	<RowData><ProcessDefId>1</ProcessDefId><FieldName>DATE_QTY_FIXED</FieldName><FieldType>STRING</FieldType><FieldLength>50</FieldLength><Attribute></Attribute><VarPrecision>0</VarPrecision><ExtObjId>3</ExtObjId>
	</RowData>
	<RowData><ProcessDefId>1</ProcessDefId><FieldName>DELETE_IND</FieldName><FieldType>STRING</FieldType><FieldLength>50</FieldLength><Attribute></Attribute><VarPrecision>0</VarPrecision><ExtObjId>3</ExtObjId>
	</RowData>
	<RowData><ProcessDefId>1</ProcessDefId><FieldName>DELIV_COMPL</FieldName><FieldType>STRING</FieldType><FieldLength>50</FieldLength><Attribute></Attribute><VarPrecision>0</VarPrecision><ExtObjId>3</ExtObjId>
	</RowData>
	<RowData><ProcessDefId>1</ProcessDefId><FieldName>DISTRIB</FieldName><FieldType>STRING</FieldType><FieldLength>50</FieldLength><Attribute></Attribute><VarPrecision>0</VarPrecision><ExtObjId>3</ExtObjId>
	</RowData>
	<RowData><ProcessDefId>1</ProcessDefId><FieldName>DOWNPAY_AMOUNT</FieldName><FieldType>FLOAT</FieldType><FieldLength>15</FieldLength><Attribute></Attribute><VarPrecision>2</VarPrecision><ExtObjId>3</ExtObjId>
	</RowData>
	<RowData><ProcessDefId>1</ProcessDefId><FieldName>DOWNPAY_DUEDATE</FieldName><FieldType>DATE</FieldType><FieldLength>8</FieldLength><Attribute></Attribute><VarPrecision>0</VarPrecision><ExtObjId>3</ExtObjId>
	</RowData>
	<RowData><ProcessDefId>1</ProcessDefId><FieldName>DOWNPAY_PERCENT</FieldName><FieldType>FLOAT</FieldType><FieldLength>15</FieldLength><Attribute></Attribute><VarPrecision>2</VarPrecision><ExtObjId>3</ExtObjId>
	</RowData>
	<RowData><ProcessDefId>1</ProcessDefId><FieldName>DOWNPAY_TYPE</FieldName><FieldType>STRING</FieldType><FieldLength>50</FieldLength><Attribute></Attribute><VarPrecision>0</VarPrecision><ExtObjId>3</ExtObjId>
	</RowData>
	<RowData><ProcessDefId>1</ProcessDefId><FieldName>EMATERIAL</FieldName><FieldType>STRING</FieldType><FieldLength>50</FieldLength><Attribute></Attribute><VarPrecision>0</VarPrecision><ExtObjId>3</ExtObjId>
	</RowData>
	<RowData><ProcessDefId>1</ProcessDefId><FieldName>EMATERIAL_EXTERNAL</FieldName><FieldType>STRING</FieldType><FieldLength>50</FieldLength><Attribute></Attribute><VarPrecision>0</VarPrecision><ExtObjId>3</ExtObjId>
	</RowData>
	<RowData><ProcessDefId>1</ProcessDefId><FieldName>EMATERIAL_GUID</FieldName><FieldType>STRING</FieldType><FieldLength>50</FieldLength><Attribute></Attribute><VarPrecision>0</VarPrecision><ExtObjId>3</ExtObjId>
	</RowData>
	<RowData><ProcessDefId>1</ProcessDefId><FieldName>EMATERIAL_VERSION</FieldName><FieldType>STRING</FieldType><FieldLength>50</FieldLength><Attribute></Attribute><VarPrecision>0</VarPrecision><ExtObjId>3</ExtObjId>
	</RowData>
	<RowData><ProcessDefId>1</ProcessDefId><FieldName>ERS</FieldName><FieldType>STRING</FieldType><FieldLength>50</FieldLength><Attribute></Attribute><VarPrecision>0</VarPrecision><ExtObjId>3</ExtObjId>
	</RowData>
	<RowData><ProcessDefId>1</ProcessDefId><FieldName>EST_PRICE</FieldName><FieldType>STRING</FieldType><FieldLength>50</FieldLength><Attribute></Attribute><VarPrecision>0</VarPrecision><ExtObjId>3</ExtObjId>
	</RowData>
	<RowData><ProcessDefId>1</ProcessDefId><FieldName>EXT_RFX_ITEM</FieldName><FieldType>STRING</FieldType><FieldLength>50</FieldLength><Attribute></Attribute><VarPrecision>0</VarPrecision><ExtObjId>3</ExtObjId>
	</RowData>
	<RowData><ProcessDefId>1</ProcessDefId><FieldName>EXT_RFX_NUMBER</FieldName><FieldType>STRING</FieldType><FieldLength>50</FieldLength><Attribute></Attribute><VarPrecision>0</VarPrecision><ExtObjId>3</ExtObjId>
	</RowData>
	<RowData><ProcessDefId>1</ProcessDefId><FieldName>EXT_RFX_SYSTEM</FieldName><FieldType>STRING</FieldType><FieldLength>50</FieldLength><Attribute></Attribute><VarPrecision>0</VarPrecision><ExtObjId>3</ExtObjId>
	</RowData>
	<RowData><ProcessDefId>1</ProcessDefId><FieldName>EXTERNAL_HIERARCHY_TYPE</FieldName><FieldType>STRING</FieldType><FieldLength>50</FieldLength><Attribute></Attribute><VarPrecision>0</VarPrecision><ExtObjId>3</ExtObjId>
	</RowData>
	<RowData><ProcessDefId>1</ProcessDefId><FieldName>EXTERNAL_SORT_NUMBER</FieldName><FieldType>INTEGER</FieldType><FieldLength>2</FieldLength><Attribute></Attribute><VarPrecision>0</VarPrecision><ExtObjId>3</ExtObjId>
	</RowData>
	<RowData><ProcessDefId>1</ProcessDefId><FieldName>FINAL_INV</FieldName><FieldType>STRING</FieldType><FieldLength>50</FieldLength><Attribute></Attribute><VarPrecision>0</VarPrecision><ExtObjId>3</ExtObjId>
	</RowData>
	<RowData><ProcessDefId>1</ProcessDefId><FieldName>FISCAL_INCENTIVE</FieldName><FieldType>STRING</FieldType><FieldLength>50</FieldLength><Attribute></Attribute><VarPrecision>0</VarPrecision><ExtObjId>3</ExtObjId>
	</RowData>
	<RowData><ProcessDefId>1</ProcessDefId><FieldName>FISCAL_INCENTIVE_ID</FieldName><FieldType>STRING</FieldType><FieldLength>50</FieldLength><Attribute></Attribute><VarPrecision>0</VarPrecision><ExtObjId>3</ExtObjId>
	</RowData>
	<RowData><ProcessDefId>1</ProcessDefId><FieldName>FREE_ITEM</FieldName><FieldType>STRING</FieldType><FieldLength>50</FieldLength><Attribute></Attribute><VarPrecision>0</VarPrecision><ExtObjId>3</ExtObjId>
	</RowData>
	<RowData><ProcessDefId>1</ProcessDefId><FieldName>FUNC_AREA_LONG</FieldName><FieldType>STRING</FieldType><FieldLength>50</FieldLength><Attribute></Attribute><VarPrecision>0</VarPrecision><ExtObjId>3</ExtObjId>
	</RowData>
	<RowData><ProcessDefId>1</ProcessDefId><FieldName>FUND</FieldName><FieldType>STRING</FieldType><FieldLength>50</FieldLength><Attribute></Attribute><VarPrecision>0</VarPrecision><ExtObjId>3</ExtObjId>
	</RowData>
	<RowData><ProcessDefId>1</ProcessDefId><FieldName>FUND_LONG</FieldName><FieldType>STRING</FieldType><FieldLength>50</FieldLength><Attribute></Attribute><VarPrecision>0</VarPrecision><ExtObjId>3</ExtObjId>
	</RowData>
	<RowData><ProcessDefId>1</ProcessDefId><FieldName>FUNDS_CTR</FieldName><FieldType>STRING</FieldType><FieldLength>50</FieldLength><Attribute></Attribute><VarPrecision>0</VarPrecision><ExtObjId>3</ExtObjId>
	</RowData>
	<RowData><ProcessDefId>1</ProcessDefId><FieldName>FUNDS_RES</FieldName><FieldType>STRING</FieldType><FieldLength>50</FieldLength><Attribute></Attribute><VarPrecision>0</VarPrecision><ExtObjId>3</ExtObjId>
	</RowData>
	<RowData><ProcessDefId>1</ProcessDefId><FieldName>GI_BASED_GR</FieldName><FieldType>STRING</FieldType><FieldLength>50</FieldLength><Attribute></Attribute><VarPrecision>0</VarPrecision><ExtObjId>3</ExtObjId>
	</RowData>
	<RowData><ProcessDefId>1</ProcessDefId><FieldName>GR_BASEDIV</FieldName><FieldType>STRING</FieldType><FieldLength>50</FieldLength><Attribute></Attribute><VarPrecision>0</VarPrecision><ExtObjId>3</ExtObjId>
	</RowData>
	<RowData><ProcessDefId>1</ProcessDefId><FieldName>GR_IND</FieldName><FieldType>STRING</FieldType><FieldLength>50</FieldLength><Attribute></Attribute><VarPrecision>0</VarPrecision><ExtObjId>3</ExtObjId>
	</RowData>
	<RowData><ProcessDefId>1</ProcessDefId><FieldName>GR_NON_VAL</FieldName><FieldType>STRING</FieldType><FieldLength>50</FieldLength><Attribute></Attribute><VarPrecision>0</VarPrecision><ExtObjId>3</ExtObjId>
	</RowData>
	<RowData><ProcessDefId>1</ProcessDefId><FieldName>GR_PR_TIME</FieldName><FieldType>FLOAT</FieldType><FieldLength>15</FieldLength><Attribute></Attribute><VarPrecision>2</VarPrecision><ExtObjId>3</ExtObjId>
	</RowData>
	<RowData><ProcessDefId>1</ProcessDefId><FieldName>GR_TO_DATE</FieldName><FieldType>DATE</FieldType><FieldLength>8</FieldLength><Attribute></Attribute><VarPrecision>0</VarPrecision><ExtObjId>3</ExtObjId>
	</RowData>
	<RowData><ProcessDefId>1</ProcessDefId><FieldName>GRANT_NBR</FieldName><FieldType>STRING</FieldType><FieldLength>50</FieldLength><Attribute></Attribute><VarPrecision>0</VarPrecision><ExtObjId>3</ExtObjId>
	</RowData>
	<RowData><ProcessDefId>1</ProcessDefId><FieldName>GROSS_WT</FieldName><FieldType>STRING</FieldType><FieldLength>13</FieldLength><Attribute></Attribute><VarPrecision>0</VarPrecision><ExtObjId>3</ExtObjId>
	</RowData>
	<RowData><ProcessDefId>1</ProcessDefId><FieldName>HANDOVERLOC</FieldName><FieldType>STRING</FieldType><FieldLength>50</FieldLength><Attribute></Attribute><VarPrecision>0</VarPrecision><ExtObjId>3</ExtObjId>
	</RowData>
	<RowData><ProcessDefId>1</ProcessDefId><FieldName>HL_ITEM</FieldName><FieldType>INTEGER</FieldType><FieldLength>2</FieldLength><Attribute></Attribute><VarPrecision>0</VarPrecision><ExtObjId>3</ExtObjId>
	</RowData>
	<RowData><ProcessDefId>1</ProcessDefId><FieldName>IN_HOUSE</FieldName><FieldType>STRING</FieldType><FieldLength>50</FieldLength><Attribute></Attribute><VarPrecision>0</VarPrecision><ExtObjId>3</ExtObjId>
	</RowData>
	<RowData><ProcessDefId>1</ProcessDefId><FieldName>INCOTERMS1</FieldName><FieldType>STRING</FieldType><FieldLength>50</FieldLength><Attribute></Attribute><VarPrecision>0</VarPrecision><ExtObjId>3</ExtObjId>
	</RowData>
	<RowData><ProcessDefId>1</ProcessDefId><FieldName>INCOTERMS2</FieldName><FieldType>STRING</FieldType><FieldLength>50</FieldLength><Attribute></Attribute><VarPrecision>0</VarPrecision><ExtObjId>3</ExtObjId>
	</RowData>
	<RowData><ProcessDefId>1</ProcessDefId><FieldName>INDUS3</FieldName><FieldType>STRING</FieldType><FieldLength>50</FieldLength><Attribute></Attribute><VarPrecision>0</VarPrecision><ExtObjId>3</ExtObjId>
	</RowData>
	<RowData><ProcessDefId>1</ProcessDefId><FieldName>INF_INDEX</FieldName><FieldType>STRING</FieldType><FieldLength>50</FieldLength><Attribute></Attribute><VarPrecision>0</VarPrecision><ExtObjId>3</ExtObjId>
	</RowData>
	<RowData><ProcessDefId>1</ProcessDefId><FieldName>INFO_REC</FieldName><FieldType>STRING</FieldType><FieldLength>50</FieldLength><Attribute></Attribute><VarPrecision>0</VarPrecision><ExtObjId>3</ExtObjId>
	</RowData>
	<RowData><ProcessDefId>1</ProcessDefId><FieldName>INFO_UPD</FieldName><FieldType>STRING</FieldType><FieldLength>50</FieldLength><Attribute></Attribute><VarPrecision>0</VarPrecision><ExtObjId>3</ExtObjId>
	</RowData>
	<RowData><ProcessDefId>1</ProcessDefId><FieldName>insertionorderid</FieldName><FieldType>LONG</FieldType><FieldLength>4</FieldLength><Attribute>Primary</Attribute><VarPrecision>0</VarPrecision><ExtObjId>3</ExtObjId>
	</RowData>
	<RowData><ProcessDefId>1</ProcessDefId><FieldName>INT_OBJ_NO</FieldName><FieldType>INTEGER</FieldType><FieldLength>2</FieldLength><Attribute></Attribute><VarPrecision>0</VarPrecision><ExtObjId>3</ExtObjId>
	</RowData>
	<RowData><ProcessDefId>1</ProcessDefId><FieldName>IR_IND</FieldName><FieldType>STRING</FieldType><FieldLength>50</FieldLength><Attribute></Attribute><VarPrecision>0</VarPrecision><ExtObjId>3</ExtObjId>
	</RowData>
	<RowData><ProcessDefId>1</ProcessDefId><FieldName>ITEM_CAT</FieldName><FieldType>STRING</FieldType><FieldLength>50</FieldLength><Attribute></Attribute><VarPrecision>0</VarPrecision><ExtObjId>3</ExtObjId>
	</RowData>
	<RowData><ProcessDefId>1</ProcessDefId><FieldName>KANBAN_IND</FieldName><FieldType>STRING</FieldType><FieldLength>50</FieldLength><Attribute></Attribute><VarPrecision>0</VarPrecision><ExtObjId>3</ExtObjId>
	</RowData>
	<RowData><ProcessDefId>1</ProcessDefId><FieldName>LONG_ITEM_NUMBER</FieldName><FieldType>STRING</FieldType><FieldLength>50</FieldLength><Attribute></Attribute><VarPrecision>0</VarPrecision><ExtObjId>3</ExtObjId>
	</RowData>
	<RowData><ProcessDefId>1</ProcessDefId><FieldName>MANUAL_TC_REASON</FieldName><FieldType>STRING</FieldType><FieldLength>50</FieldLength><Attribute></Attribute><VarPrecision>0</VarPrecision><ExtObjId>3</ExtObjId>
	</RowData>
	<RowData><ProcessDefId>1</ProcessDefId><FieldName>MAT_CAT</FieldName><FieldType>STRING</FieldType><FieldLength>50</FieldLength><Attribute></Attribute><VarPrecision>0</VarPrecision><ExtObjId>3</ExtObjId>
	</RowData>
	<RowData><ProcessDefId>1</ProcessDefId><FieldName>MAT_ORIGIN</FieldName><FieldType>STRING</FieldType><FieldLength>50</FieldLength><Attribute></Attribute><VarPrecision>0</VarPrecision><ExtObjId>3</ExtObjId>
	</RowData>
	<RowData><ProcessDefId>1</ProcessDefId><FieldName>MATERIAL</FieldName><FieldType>STRING</FieldType><FieldLength>50</FieldLength><Attribute></Attribute><VarPrecision>0</VarPrecision><ExtObjId>3</ExtObjId>
	</RowData>
	<RowData><ProcessDefId>1</ProcessDefId><FieldName>MATERIAL_EXTERNAL</FieldName><FieldType>STRING</FieldType><FieldLength>50</FieldLength><Attribute></Attribute><VarPrecision>0</VarPrecision><ExtObjId>3</ExtObjId>
	</RowData>
	<RowData><ProcessDefId>1</ProcessDefId><FieldName>MATERIAL_GUID</FieldName><FieldType>STRING</FieldType><FieldLength>50</FieldLength><Attribute></Attribute><VarPrecision>0</VarPrecision><ExtObjId>3</ExtObjId>
	</RowData>
	<RowData><ProcessDefId>1</ProcessDefId><FieldName>MATERIAL_VERSION</FieldName><FieldType>STRING</FieldType><FieldLength>50</FieldLength><Attribute></Attribute><VarPrecision>0</VarPrecision><ExtObjId>3</ExtObjId>
	</RowData>
	<RowData><ProcessDefId>1</ProcessDefId><FieldName>MATL_GROUP</FieldName><FieldType>STRING</FieldType><FieldLength>50</FieldLength><Attribute></Attribute><VarPrecision>0</VarPrecision><ExtObjId>3</ExtObjId>
	</RowData>
	<RowData><ProcessDefId>1</ProcessDefId><FieldName>MATL_USAGE</FieldName><FieldType>STRING</FieldType><FieldLength>50</FieldLength><Attribute></Attribute><VarPrecision>0</VarPrecision><ExtObjId>3</ExtObjId>
	</RowData>
	<RowData><ProcessDefId>1</ProcessDefId><FieldName>MINREMLIFE</FieldName><FieldType>FLOAT</FieldType><FieldLength>15</FieldLength><Attribute></Attribute><VarPrecision>2</VarPrecision><ExtObjId>3</ExtObjId>
	</RowData>
	<RowData><ProcessDefId>1</ProcessDefId><FieldName>NET_PRICE</FieldName><FieldType>FLOAT</FieldType><FieldLength>15</FieldLength><Attribute></Attribute><VarPrecision>2</VarPrecision><ExtObjId>3</ExtObjId>
	</RowData>
	<RowData><ProcessDefId>1</ProcessDefId><FieldName>NET_WEIGHT</FieldName><FieldType>STRING</FieldType><FieldLength>13</FieldLength><Attribute></Attribute><VarPrecision>0</VarPrecision><ExtObjId>3</ExtObjId>
	</RowData>
	<RowData><ProcessDefId>1</ProcessDefId><FieldName>NO_DISCT</FieldName><FieldType>STRING</FieldType><FieldLength>50</FieldLength><Attribute></Attribute><VarPrecision>0</VarPrecision><ExtObjId>3</ExtObjId>
	</RowData>
	<RowData><ProcessDefId>1</ProcessDefId><FieldName>NO_MORE_GR</FieldName><FieldType>STRING</FieldType><FieldLength>50</FieldLength><Attribute></Attribute><VarPrecision>0</VarPrecision><ExtObjId>3</ExtObjId>
	</RowData>
	<RowData><ProcessDefId>1</ProcessDefId><FieldName>NO_ROUNDING</FieldName><FieldType>STRING</FieldType><FieldLength>50</FieldLength><Attribute></Attribute><VarPrecision>0</VarPrecision><ExtObjId>3</ExtObjId>
	</RowData>
	<RowData><ProcessDefId>1</ProcessDefId><FieldName>ORDER_REASON</FieldName><FieldType>STRING</FieldType><FieldLength>50</FieldLength><Attribute></Attribute><VarPrecision>0</VarPrecision><ExtObjId>3</ExtObjId>
	</RowData>
	<RowData><ProcessDefId>1</ProcessDefId><FieldName>ORDERPR_UN</FieldName><FieldType>STRING</FieldType><FieldLength>3</FieldLength><Attribute></Attribute><VarPrecision>0</VarPrecision><ExtObjId>3</ExtObjId>
	</RowData>
	<RowData><ProcessDefId>1</ProcessDefId><FieldName>ORDERPR_UN_ISO</FieldName><FieldType>STRING</FieldType><FieldLength>50</FieldLength><Attribute></Attribute><VarPrecision>0</VarPrecision><ExtObjId>3</ExtObjId>
	</RowData>
	<RowData><ProcessDefId>1</ProcessDefId><FieldName>ORIG_ACCEPT</FieldName><FieldType>STRING</FieldType><FieldLength>50</FieldLength><Attribute></Attribute><VarPrecision>0</VarPrecision><ExtObjId>3</ExtObjId>
	</RowData>
	<RowData><ProcessDefId>1</ProcessDefId><FieldName>OVER_DLV_TOL</FieldName><FieldType>FLOAT</FieldType><FieldLength>15</FieldLength><Attribute></Attribute><VarPrecision>2</VarPrecision><ExtObjId>3</ExtObjId>
	</RowData>
	<RowData><ProcessDefId>1</ProcessDefId><FieldName>PART_DELIV</FieldName><FieldType>STRING</FieldType><FieldLength>50</FieldLength><Attribute></Attribute><VarPrecision>0</VarPrecision><ExtObjId>3</ExtObjId>
	</RowData>
	<RowData><ProcessDefId>1</ProcessDefId><FieldName>PART_INV</FieldName><FieldType>STRING</FieldType><FieldLength>50</FieldLength><Attribute></Attribute><VarPrecision>0</VarPrecision><ExtObjId>3</ExtObjId>
	</RowData>
	<RowData><ProcessDefId>1</ProcessDefId><FieldName>PCKG_NO</FieldName><FieldType>INTEGER</FieldType><FieldLength>2</FieldLength><Attribute></Attribute><VarPrecision>0</VarPrecision><ExtObjId>3</ExtObjId>
	</RowData>
	<RowData><ProcessDefId>1</ProcessDefId><FieldName>PERIOD_IND_EXPIRATION_DATE</FieldName><FieldType>STRING</FieldType><FieldLength>50</FieldLength><Attribute></Attribute><VarPrecision>0</VarPrecision><ExtObjId>3</ExtObjId>
	</RowData>
	<RowData><ProcessDefId>1</ProcessDefId><FieldName>pinstanceid</FieldName><FieldType>STRING</FieldType><FieldLength>50</FieldLength><Attribute></Attribute><VarPrecision>0</VarPrecision><ExtObjId>3</ExtObjId>
	</RowData>
	<RowData><ProcessDefId>1</ProcessDefId><FieldName>PLAN_DEL</FieldName><FieldType>FLOAT</FieldType><FieldLength>15</FieldLength><Attribute></Attribute><VarPrecision>2</VarPrecision><ExtObjId>3</ExtObjId>
	</RowData>
	<RowData><ProcessDefId>1</ProcessDefId><FieldName>PLANT</FieldName><FieldType>STRING</FieldType><FieldLength>50</FieldLength><Attribute></Attribute><VarPrecision>0</VarPrecision><ExtObjId>3</ExtObjId>
	</RowData>
	<RowData><ProcessDefId>1</ProcessDefId><FieldName>PO_ITEM</FieldName><FieldType>INTEGER</FieldType><FieldLength>2</FieldLength><Attribute></Attribute><VarPrecision>0</VarPrecision><ExtObjId>3</ExtObjId>
	</RowData>
	<RowData><ProcessDefId>1</ProcessDefId><FieldName>PO_PRICE</FieldName><FieldType>STRING</FieldType><FieldLength>50</FieldLength><Attribute></Attribute><VarPrecision>0</VarPrecision><ExtObjId>3</ExtObjId>
	</RowData>
	<RowData><ProcessDefId>1</ProcessDefId><FieldName>PO_UNIT</FieldName><FieldType>STRING</FieldType><FieldLength>3</FieldLength><Attribute></Attribute><VarPrecision>0</VarPrecision><ExtObjId>3</ExtObjId>
	</RowData>
	<RowData><ProcessDefId>1</ProcessDefId><FieldName>PO_UNIT_ISO</FieldName><FieldType>STRING</FieldType><FieldLength>50</FieldLength><Attribute></Attribute><VarPrecision>0</VarPrecision><ExtObjId>3</ExtObjId>
	</RowData>
	<RowData><ProcessDefId>1</ProcessDefId><FieldName>POINT_UNIT</FieldName><FieldType>STRING</FieldType><FieldLength>3</FieldLength><Attribute></Attribute><VarPrecision>0</VarPrecision><ExtObjId>3</ExtObjId>
	</RowData>
	<RowData><ProcessDefId>1</ProcessDefId><FieldName>POINT_UNIT_ISO</FieldName><FieldType>STRING</FieldType><FieldLength>50</FieldLength><Attribute></Attribute><VarPrecision>0</VarPrecision><ExtObjId>3</ExtObjId>
	</RowData>
	<RowData><ProcessDefId>1</ProcessDefId><FieldName>POINTS</FieldName><FieldType>STRING</FieldType><FieldLength>13</FieldLength><Attribute></Attribute><VarPrecision>0</VarPrecision><ExtObjId>3</ExtObjId>
	</RowData>
	<RowData><ProcessDefId>1</ProcessDefId><FieldName>PRE_VENDOR</FieldName><FieldType>STRING</FieldType><FieldLength>50</FieldLength><Attribute></Attribute><VarPrecision>0</VarPrecision><ExtObjId>3</ExtObjId>
	</RowData>
	<RowData><ProcessDefId>1</ProcessDefId><FieldName>PREQ_ITEM</FieldName><FieldType>INTEGER</FieldType><FieldLength>2</FieldLength><Attribute></Attribute><VarPrecision>0</VarPrecision><ExtObjId>3</ExtObjId>
	</RowData>
	<RowData><ProcessDefId>1</ProcessDefId><FieldName>PREQ_NAME</FieldName><FieldType>STRING</FieldType><FieldLength>50</FieldLength><Attribute></Attribute><VarPrecision>0</VarPrecision><ExtObjId>3</ExtObjId>
	</RowData>
	<RowData><ProcessDefId>1</ProcessDefId><FieldName>PREQ_NO</FieldName><FieldType>STRING</FieldType><FieldLength>50</FieldLength><Attribute></Attribute><VarPrecision>0</VarPrecision><ExtObjId>3</ExtObjId>
	</RowData>
	<RowData><ProcessDefId>1</ProcessDefId><FieldName>PRICE_DATE</FieldName><FieldType>DATE</FieldType><FieldLength>8</FieldLength><Attribute></Attribute><VarPrecision>0</VarPrecision><ExtObjId>3</ExtObjId>
	</RowData>
	<RowData><ProcessDefId>1</ProcessDefId><FieldName>PRICE_UNIT</FieldName><FieldType>FLOAT</FieldType><FieldLength>15</FieldLength><Attribute></Attribute><VarPrecision>2</VarPrecision><ExtObjId>3</ExtObjId>
	</RowData>
	<RowData><ProcessDefId>1</ProcessDefId><FieldName>PRICEDATE</FieldName><FieldType>STRING</FieldType><FieldLength>50</FieldLength><Attribute></Attribute><VarPrecision>0</VarPrecision><ExtObjId>3</ExtObjId>
	</RowData>
	<RowData><ProcessDefId>1</ProcessDefId><FieldName>PRIO_REQUIREMENT</FieldName><FieldType>INTEGER</FieldType><FieldLength>2</FieldLength><Attribute></Attribute><VarPrecision>0</VarPrecision><ExtObjId>3</ExtObjId>
	</RowData>
	<RowData><ProcessDefId>1</ProcessDefId><FieldName>PRIO_URGENCY</FieldName><FieldType>INTEGER</FieldType><FieldLength>2</FieldLength><Attribute></Attribute><VarPrecision>0</VarPrecision><ExtObjId>3</ExtObjId>
	</RowData>
	<RowData><ProcessDefId>1</ProcessDefId><FieldName>PRIOR_VEND</FieldName><FieldType>STRING</FieldType><FieldLength>50</FieldLength><Attribute></Attribute><VarPrecision>0</VarPrecision><ExtObjId>3</ExtObjId>
	</RowData>
	<RowData><ProcessDefId>1</ProcessDefId><FieldName>PRNT_PRICE</FieldName><FieldType>STRING</FieldType><FieldLength>50</FieldLength><Attribute></Attribute><VarPrecision>0</VarPrecision><ExtObjId>3</ExtObjId>
	</RowData>
	<RowData><ProcessDefId>1</ProcessDefId><FieldName>QUAL_INSP</FieldName><FieldType>STRING</FieldType><FieldLength>50</FieldLength><Attribute></Attribute><VarPrecision>0</VarPrecision><ExtObjId>3</ExtObjId>
	</RowData>
	<RowData><ProcessDefId>1</ProcessDefId><FieldName>QUANTITY</FieldName><FieldType>STRING</FieldType><FieldLength>13</FieldLength><Attribute></Attribute><VarPrecision>0</VarPrecision><ExtObjId>3</ExtObjId>
	</RowData>
	<RowData><ProcessDefId>1</ProcessDefId><FieldName>R_PROMO</FieldName><FieldType>STRING</FieldType><FieldLength>50</FieldLength><Attribute></Attribute><VarPrecision>0</VarPrecision><ExtObjId>3</ExtObjId>
	</RowData>
	<RowData><ProcessDefId>1</ProcessDefId><FieldName>REASON_CODE</FieldName><FieldType>STRING</FieldType><FieldLength>50</FieldLength><Attribute></Attribute><VarPrecision>0</VarPrecision><ExtObjId>3</ExtObjId>
	</RowData>
	<RowData><ProcessDefId>1</ProcessDefId><FieldName>REASON_REJ</FieldName><FieldType>STRING</FieldType><FieldLength>50</FieldLength><Attribute></Attribute><VarPrecision>0</VarPrecision><ExtObjId>3</ExtObjId>
	</RowData>
	<RowData><ProcessDefId>1</ProcessDefId><FieldName>REF_DOC</FieldName><FieldType>STRING</FieldType><FieldLength>50</FieldLength><Attribute></Attribute><VarPrecision>0</VarPrecision><ExtObjId>3</ExtObjId>
	</RowData>
	<RowData><ProcessDefId>1</ProcessDefId><FieldName>REF_ITEM</FieldName><FieldType>INTEGER</FieldType><FieldLength>2</FieldLength><Attribute></Attribute><VarPrecision>0</VarPrecision><ExtObjId>3</ExtObjId>
	</RowData>
	<RowData><ProcessDefId>1</ProcessDefId><FieldName>REMINDER1</FieldName><FieldType>FLOAT</FieldType><FieldLength>15</FieldLength><Attribute></Attribute><VarPrecision>2</VarPrecision><ExtObjId>3</ExtObjId>
	</RowData>
	<RowData><ProcessDefId>1</ProcessDefId><FieldName>REMINDER2</FieldName><FieldType>FLOAT</FieldType><FieldLength>15</FieldLength><Attribute></Attribute><VarPrecision>2</VarPrecision><ExtObjId>3</ExtObjId>
	</RowData>
	<RowData><ProcessDefId>1</ProcessDefId><FieldName>REMINDER3</FieldName><FieldType>FLOAT</FieldType><FieldLength>15</FieldLength><Attribute></Attribute><VarPrecision>2</VarPrecision><ExtObjId>3</ExtObjId>
	</RowData>
	<RowData><ProcessDefId>1</ProcessDefId><FieldName>REQ_SEGMENT</FieldName><FieldType>STRING</FieldType><FieldLength>50</FieldLength><Attribute></Attribute><VarPrecision>0</VarPrecision><ExtObjId>3</ExtObjId>
	</RowData>
	<RowData><ProcessDefId>1</ProcessDefId><FieldName>RES_ITEM</FieldName><FieldType>INTEGER</FieldType><FieldLength>2</FieldLength><Attribute></Attribute><VarPrecision>0</VarPrecision><ExtObjId>3</ExtObjId>
	</RowData>
	<RowData><ProcessDefId>1</ProcessDefId><FieldName>RET_ITEM</FieldName><FieldType>STRING</FieldType><FieldLength>50</FieldLength><Attribute></Attribute><VarPrecision>0</VarPrecision><ExtObjId>3</ExtObjId>
	</RowData>
	<RowData><ProcessDefId>1</ProcessDefId><FieldName>RETENTION_PERCENTAGE</FieldName><FieldType>FLOAT</FieldType><FieldLength>15</FieldLength><Attribute></Attribute><VarPrecision>2</VarPrecision><ExtObjId>3</ExtObjId>
	</RowData>
	<RowData><ProcessDefId>1</ProcessDefId><FieldName>REV_LEV</FieldName><FieldType>STRING</FieldType><FieldLength>50</FieldLength><Attribute></Attribute><VarPrecision>0</VarPrecision><ExtObjId>3</ExtObjId>
	</RowData>
	<RowData><ProcessDefId>1</ProcessDefId><FieldName>RFQ_ITEM</FieldName><FieldType>INTEGER</FieldType><FieldLength>2</FieldLength><Attribute></Attribute><VarPrecision>0</VarPrecision><ExtObjId>3</ExtObjId>
	</RowData>
	<RowData><ProcessDefId>1</ProcessDefId><FieldName>RFQ_NO</FieldName><FieldType>STRING</FieldType><FieldLength>50</FieldLength><Attribute></Attribute><VarPrecision>0</VarPrecision><ExtObjId>3</ExtObjId>
	</RowData>
	<RowData><ProcessDefId>1</ProcessDefId><FieldName>SC_VENDOR</FieldName><FieldType>STRING</FieldType><FieldLength>50</FieldLength><Attribute></Attribute><VarPrecision>0</VarPrecision><ExtObjId>3</ExtObjId>
	</RowData>
	<RowData><ProcessDefId>1</ProcessDefId><FieldName>SEASON</FieldName><FieldType>STRING</FieldType><FieldLength>50</FieldLength><Attribute></Attribute><VarPrecision>0</VarPrecision><ExtObjId>3</ExtObjId>
	</RowData>
	<RowData><ProcessDefId>1</ProcessDefId><FieldName>SEASON_YR</FieldName><FieldType>STRING</FieldType><FieldLength>50</FieldLength><Attribute></Attribute><VarPrecision>0</VarPrecision><ExtObjId>3</ExtObjId>
	</RowData>
	<RowData><ProcessDefId>1</ProcessDefId><FieldName>SETT_ITEM</FieldName><FieldType>STRING</FieldType><FieldLength>50</FieldLength><Attribute></Attribute><VarPrecision>0</VarPrecision><ExtObjId>3</ExtObjId>
	</RowData>
	<RowData><ProcessDefId>1</ProcessDefId><FieldName>SHIP_BLOCKED</FieldName><FieldType>STRING</FieldType><FieldLength>50</FieldLength><Attribute></Attribute><VarPrecision>0</VarPrecision><ExtObjId>3</ExtObjId>
	</RowData>
	<RowData><ProcessDefId>1</ProcessDefId><FieldName>SHIPPING</FieldName><FieldType>STRING</FieldType><FieldLength>50</FieldLength><Attribute></Attribute><VarPrecision>0</VarPrecision><ExtObjId>3</ExtObjId>
	</RowData>
	<RowData><ProcessDefId>1</ProcessDefId><FieldName>SHIPTYPE</FieldName><FieldType>STRING</FieldType><FieldLength>50</FieldLength><Attribute></Attribute><VarPrecision>0</VarPrecision><ExtObjId>3</ExtObjId>
	</RowData>
	<RowData><ProcessDefId>1</ProcessDefId><FieldName>SHORT_TEXT</FieldName><FieldType>STRING</FieldType><FieldLength>50</FieldLength><Attribute></Attribute><VarPrecision>0</VarPrecision><ExtObjId>3</ExtObjId>
	</RowData>
	<RowData><ProcessDefId>1</ProcessDefId><FieldName>SI_CAT</FieldName><FieldType>STRING</FieldType><FieldLength>50</FieldLength><Attribute></Attribute><VarPrecision>0</VarPrecision><ExtObjId>3</ExtObjId>
	</RowData>
	<RowData><ProcessDefId>1</ProcessDefId><FieldName>SPE_CRM_FKREL</FieldName><FieldType>STRING</FieldType><FieldLength>50</FieldLength><Attribute></Attribute><VarPrecision>0</VarPrecision><ExtObjId>3</ExtObjId>
	</RowData>
	<RowData><ProcessDefId>1</ProcessDefId><FieldName>SRC_STOCK_TYPE</FieldName><FieldType>STRING</FieldType><FieldLength>50</FieldLength><Attribute></Attribute><VarPrecision>0</VarPrecision><ExtObjId>3</ExtObjId>
	</RowData>
	<RowData><ProcessDefId>1</ProcessDefId><FieldName>SRM_CONTRACT_ID</FieldName><FieldType>STRING</FieldType><FieldLength>50</FieldLength><Attribute></Attribute><VarPrecision>0</VarPrecision><ExtObjId>3</ExtObjId>
	</RowData>
	<RowData><ProcessDefId>1</ProcessDefId><FieldName>SRM_CONTRACT_ITM</FieldName><FieldType>INTEGER</FieldType><FieldLength>2</FieldLength><Attribute></Attribute><VarPrecision>0</VarPrecision><ExtObjId>3</ExtObjId>
	</RowData>
	<RowData><ProcessDefId>1</ProcessDefId><FieldName>SRV_BASED_IV</FieldName><FieldType>STRING</FieldType><FieldLength>50</FieldLength><Attribute></Attribute><VarPrecision>0</VarPrecision><ExtObjId>3</ExtObjId>
	</RowData>
	<RowData><ProcessDefId>1</ProcessDefId><FieldName>STATISTIC</FieldName><FieldType>STRING</FieldType><FieldLength>50</FieldLength><Attribute></Attribute><VarPrecision>0</VarPrecision><ExtObjId>3</ExtObjId>
	</RowData>
	<RowData><ProcessDefId>1</ProcessDefId><FieldName>STGE_LOC</FieldName><FieldType>STRING</FieldType><FieldLength>50</FieldLength><Attribute></Attribute><VarPrecision>0</VarPrecision><ExtObjId>3</ExtObjId>
	</RowData>
	<RowData><ProcessDefId>1</ProcessDefId><FieldName>STK_SEGMENT</FieldName><FieldType>STRING</FieldType><FieldLength>50</FieldLength><Attribute></Attribute><VarPrecision>0</VarPrecision><ExtObjId>3</ExtObjId>
	</RowData>
	<RowData><ProcessDefId>1</ProcessDefId><FieldName>SUB_RANGE</FieldName><FieldType>STRING</FieldType><FieldLength>50</FieldLength><Attribute></Attribute><VarPrecision>0</VarPrecision><ExtObjId>3</ExtObjId>
	</RowData>
	<RowData><ProcessDefId>1</ProcessDefId><FieldName>SUPP_VENDOR</FieldName><FieldType>STRING</FieldType><FieldLength>50</FieldLength><Attribute></Attribute><VarPrecision>0</VarPrecision><ExtObjId>3</ExtObjId>
	</RowData>
</PMWEXTDBFIELDDEFINITIONTABLE_1>