<PMWExtInterfaceOperationTable>
	<RowData><ProcessDefId>1</ProcessDefId><ActivityId>0</ActivityId><InterFaceType>I</InterFaceType><RuleId>1</RuleId><InterfaceElementId>93</InterfaceElementId>
	</RowData>
	<RowData><ProcessDefId>1</ProcessDefId><ActivityId>0</ActivityId><InterFaceType>I</InterFaceType><RuleId>2</RuleId><InterfaceElementId>94</InterfaceElementId>
	</RowData>
	<RowData><ProcessDefId>1</ProcessDefId><ActivityId>0</ActivityId><InterFaceType>I</InterFaceType><RuleId>3</RuleId><InterfaceElementId>101</InterfaceElementId>
	</RowData>
	<RowData><ProcessDefId>1</ProcessDefId><ActivityId>0</ActivityId><InterFaceType>I</InterFaceType><RuleId>6</RuleId><InterfaceElementId>104</InterfaceElementId>
	</RowData>
	<RowData><ProcessDefId>1</ProcessDefId><ActivityId>0</ActivityId><InterFaceType>I</InterFaceType><RuleId>8</RuleId><InterfaceElementId>134</InterfaceElementId>
	</RowData>
	<RowData><ProcessDefId>1</ProcessDefId><ActivityId>0</ActivityId><InterFaceType>I</InterFaceType><RuleId>9</RuleId><InterfaceElementId>135</InterfaceElementId>
	</RowData>
	<RowData><ProcessDefId>1</ProcessDefId><ActivityId>0</ActivityId><InterFaceType>I</InterFaceType><RuleId>10</RuleId><InterfaceElementId>146</InterfaceElementId>
	</RowData>
	<RowData><ProcessDefId>1</ProcessDefId><ActivityId>0</ActivityId><InterFaceType>I</InterFaceType><RuleId>11</RuleId><InterfaceElementId>166</InterfaceElementId>
	</RowData>
	<RowData><ProcessDefId>1</ProcessDefId><ActivityId>0</ActivityId><InterFaceType>I</InterFaceType><RuleId>14</RuleId><InterfaceElementId>102</InterfaceElementId>
	</RowData>
	<RowData><ProcessDefId>1</ProcessDefId><ActivityId>0</ActivityId><InterFaceType>I</InterFaceType><RuleId>15</RuleId><InterfaceElementId>176</InterfaceElementId>
	</RowData>
	<RowData><ProcessDefId>1</ProcessDefId><ActivityId>0</ActivityId><InterFaceType>I</InterFaceType><RuleId>16</RuleId><InterfaceElementId>103</InterfaceElementId>
	</RowData>
	<RowData><ProcessDefId>1</ProcessDefId><ActivityId>0</ActivityId><InterFaceType>I</InterFaceType><RuleId>17</RuleId><InterfaceElementId>121</InterfaceElementId>
	</RowData>
	<RowData><ProcessDefId>1</ProcessDefId><ActivityId>0</ActivityId><InterFaceType>I</InterFaceType><RuleId>18</RuleId><InterfaceElementId>182</InterfaceElementId>
	</RowData>
	<RowData><ProcessDefId>1</ProcessDefId><ActivityId>0</ActivityId><InterFaceType>I</InterFaceType><RuleId>19</RuleId><InterfaceElementId>183</InterfaceElementId>
	</RowData>
</PMWExtInterfaceOperationTable>