<PMWExtMethodParamMappingTable>
	<RowData><ProcessDefId>1</ProcessDefId><ActivityId>3</ActivityId><RuleId>0</RuleId><RuleOperationOrderId>0</RuleOperationOrderId><ExtMethodIndex>35</ExtMethodIndex><MapType>R</MapType><ExtMethodParamIndex>13</ExtMethodParamIndex><MappedField>output_po_number</MappedField><MappedFieldType>I</MappedFieldType><VariableId>83</VariableId><VarFieldId>0</VarFieldId><DataStructureId>63</DataStructureId>
	</RowData>
	<RowData><ProcessDefId>1</ProcessDefId><ActivityId>3</ActivityId><RuleId>0</RuleId><RuleOperationOrderId>0</RuleOperationOrderId><ExtMethodIndex>35</ExtMethodIndex><MapType>R</MapType><ExtMethodParamIndex>13</ExtMethodParamIndex><MappedField>comp_code</MappedField><MappedFieldType>I</MappedFieldType><VariableId>124</VariableId><VarFieldId>0</VarFieldId><DataStructureId>64</DataStructureId>
	</RowData>
	<RowData><ProcessDefId>1</ProcessDefId><ActivityId>3</ActivityId><RuleId>0</RuleId><RuleOperationOrderId>0</RuleOperationOrderId><ExtMethodIndex>35</ExtMethodIndex><MapType>R</MapType><ExtMethodParamIndex>13</ExtMethodParamIndex><MappedField>po_type</MappedField><MappedFieldType>I</MappedFieldType><VariableId>70</VariableId><VarFieldId>0</VarFieldId><DataStructureId>66</DataStructureId>
	</RowData>
	<RowData><ProcessDefId>1</ProcessDefId><ActivityId>3</ActivityId><RuleId>0</RuleId><RuleOperationOrderId>0</RuleOperationOrderId><ExtMethodIndex>35</ExtMethodIndex><MapType>R</MapType><ExtMethodParamIndex>13</ExtMethodParamIndex><MappedField>po_createdby</MappedField><MappedFieldType>I</MappedFieldType><VariableId>139</VariableId><VarFieldId>0</VarFieldId><DataStructureId>71</DataStructureId>
	</RowData>
	<RowData><ProcessDefId>1</ProcessDefId><ActivityId>3</ActivityId><RuleId>0</RuleId><RuleOperationOrderId>0</RuleOperationOrderId><ExtMethodIndex>35</ExtMethodIndex><MapType>R</MapType><ExtMethodParamIndex>13</ExtMethodParamIndex><MappedField>vendor_code</MappedField><MappedFieldType>I</MappedFieldType><VariableId>63</VariableId><VarFieldId>0</VarFieldId><DataStructureId>74</DataStructureId>
	</RowData>
	<RowData><ProcessDefId>1</ProcessDefId><ActivityId>3</ActivityId><RuleId>0</RuleId><RuleOperationOrderId>0</RuleOperationOrderId><ExtMethodIndex>35</ExtMethodIndex><MapType>R</MapType><ExtMethodParamIndex>13</ExtMethodParamIndex><MappedField>pur_org</MappedField><MappedFieldType>I</MappedFieldType><VariableId>69</VariableId><VarFieldId>0</VarFieldId><DataStructureId>82</DataStructureId>
	</RowData>
	<RowData><ProcessDefId>1</ProcessDefId><ActivityId>3</ActivityId><RuleId>0</RuleId><RuleOperationOrderId>0</RuleOperationOrderId><ExtMethodIndex>35</ExtMethodIndex><MapType>R</MapType><ExtMethodParamIndex>13</ExtMethodParamIndex><MappedField>pur_group</MappedField><MappedFieldType>I</MappedFieldType><VariableId>62</VariableId><VarFieldId>0</VarFieldId><DataStructureId>83</DataStructureId>
	</RowData>
	<RowData><ProcessDefId>1</ProcessDefId><ActivityId>3</ActivityId><RuleId>0</RuleId><RuleOperationOrderId>0</RuleOperationOrderId><ExtMethodIndex>35</ExtMethodIndex><MapType>R</MapType><ExtMethodParamIndex>13</ExtMethodParamIndex><MappedField>po_date</MappedField><MappedFieldType>I</MappedFieldType><VariableId>64</VariableId><VarFieldId>0</VarFieldId><DataStructureId>87</DataStructureId>
	</RowData>
	<RowData><ProcessDefId>1</ProcessDefId><ActivityId>3</ActivityId><RuleId>0</RuleId><RuleOperationOrderId>0</RuleOperationOrderId><ExtMethodIndex>35</ExtMethodIndex><MapType>R</MapType><ExtMethodParamIndex>13</ExtMethodParamIndex><MappedField>vendor_name</MappedField><MappedFieldType>I</MappedFieldType><VariableId>73</VariableId><VarFieldId>0</VarFieldId><DataStructureId>128</DataStructureId>
	</RowData>
	<RowData><ProcessDefId>1</ProcessDefId><ActivityId>3</ActivityId><RuleId>0</RuleId><RuleOperationOrderId>0</RuleOperationOrderId><ExtMethodIndex>35</ExtMethodIndex><MapType>R</MapType><ExtMethodParamIndex>14</ExtMethodParamIndex><MappedField>q_orient_acc_assignment</MappedField><MappedFieldType>I</MappedFieldType><VariableId>135</VariableId><VarFieldId>1</VarFieldId><DataStructureId>132</DataStructureId>
	</RowData>
	<RowData><ProcessDefId>1</ProcessDefId><ActivityId>3</ActivityId><RuleId>0</RuleId><RuleOperationOrderId>0</RuleOperationOrderId><ExtMethodIndex>35</ExtMethodIndex><MapType>R</MapType><ExtMethodParamIndex>16</ExtMethodParamIndex><MappedField>q_orient_po_item</MappedField><MappedFieldType>I</MappedFieldType><VariableId>102</VariableId><VarFieldId>1</VarFieldId><DataStructureId>180</DataStructureId>
	</RowData>
	<RowData><ProcessDefId>1</ProcessDefId><ActivityId>3</ActivityId><RuleId>0</RuleId><RuleOperationOrderId>0</RuleOperationOrderId><ExtMethodIndex>35</ExtMethodIndex><MapType>R</MapType><ExtMethodParamIndex>17</ExtMethodParamIndex><MappedField>q_orient_entry_service</MappedField><MappedFieldType>I</MappedFieldType><VariableId>134</VariableId><VarFieldId>1</VarFieldId><DataStructureId>368</DataStructureId>
	</RowData>
	<RowData><ProcessDefId>1</ProcessDefId><ActivityId>31</ActivityId><RuleId>0</RuleId><RuleOperationOrderId>0</RuleOperationOrderId><ExtMethodIndex>38</ExtMethodIndex><MapType>F</MapType><ExtMethodParamIndex>2</ExtMethodParamIndex><MappedField>vendor_code</MappedField><MappedFieldType>I</MappedFieldType><VariableId>63</VariableId><VarFieldId>0</VarFieldId><DataStructureId>0</DataStructureId>
	</RowData>
	<RowData><ProcessDefId>1</ProcessDefId><ActivityId>31</ActivityId><RuleId>0</RuleId><RuleOperationOrderId>0</RuleOperationOrderId><ExtMethodIndex>38</ExtMethodIndex><MapType>R</MapType><ExtMethodParamIndex>3</ExtMethodParamIndex><MappedField>vendor_city</MappedField><MappedFieldType>I</MappedFieldType><VariableId>98</VariableId><VarFieldId>0</VarFieldId><DataStructureId>7</DataStructureId>
	</RowData>
	<RowData><ProcessDefId>1</ProcessDefId><ActivityId>31</ActivityId><RuleId>0</RuleId><RuleOperationOrderId>0</RuleOperationOrderId><ExtMethodIndex>38</ExtMethodIndex><MapType>R</MapType><ExtMethodParamIndex>3</ExtMethodParamIndex><MappedField>vendor_district</MappedField><MappedFieldType>I</MappedFieldType><VariableId>99</VariableId><VarFieldId>0</VarFieldId><DataStructureId>8</DataStructureId>
	</RowData>
	<RowData><ProcessDefId>1</ProcessDefId><ActivityId>31</ActivityId><RuleId>0</RuleId><RuleOperationOrderId>0</RuleOperationOrderId><ExtMethodIndex>38</ExtMethodIndex><MapType>R</MapType><ExtMethodParamIndex>3</ExtMethodParamIndex><MappedField>vendor_region</MappedField><MappedFieldType>I</MappedFieldType><VariableId>96</VariableId><VarFieldId>0</VarFieldId><DataStructureId>12</DataStructureId>
	</RowData>
	<RowData><ProcessDefId>1</ProcessDefId><ActivityId>31</ActivityId><RuleId>0</RuleId><RuleOperationOrderId>0</RuleOperationOrderId><ExtMethodIndex>38</ExtMethodIndex><MapType>R</MapType><ExtMethodParamIndex>3</ExtMethodParamIndex><MappedField>vendor_street</MappedField><MappedFieldType>I</MappedFieldType><VariableId>97</VariableId><VarFieldId>0</VarFieldId><DataStructureId>13</DataStructureId>
	</RowData>
	<RowData><ProcessDefId>1</ProcessDefId><ActivityId>31</ActivityId><RuleId>0</RuleId><RuleOperationOrderId>0</RuleOperationOrderId><ExtMethodIndex>38</ExtMethodIndex><MapType>R</MapType><ExtMethodParamIndex>3</ExtMethodParamIndex><MappedField>vendor_country</MappedField><MappedFieldType>I</MappedFieldType><VariableId>100</VariableId><VarFieldId>0</VarFieldId><DataStructureId>14</DataStructureId>
	</RowData>
	<RowData><ProcessDefId>1</ProcessDefId><ActivityId>31</ActivityId><RuleId>0</RuleId><RuleOperationOrderId>0</RuleOperationOrderId><ExtMethodIndex>38</ExtMethodIndex><MapType>R</MapType><ExtMethodParamIndex>3</ExtMethodParamIndex><MappedField>vendor_contact</MappedField><MappedFieldType>I</MappedFieldType><VariableId>95</VariableId><VarFieldId>0</VarFieldId><DataStructureId>19</DataStructureId>
	</RowData>
	<RowData><ProcessDefId>1</ProcessDefId><ActivityId>3</ActivityId><RuleId>0</RuleId><RuleOperationOrderId>0</RuleOperationOrderId><ExtMethodIndex>35</ExtMethodIndex><MapType>F</MapType><ExtMethodParamIndex>7</ExtMethodParamIndex><MappedField>X</MappedField><MappedFieldType>C</MappedFieldType><VariableId>0</VariableId><VarFieldId>0</VarFieldId><DataStructureId>0</DataStructureId>
	</RowData>
	<RowData><ProcessDefId>1</ProcessDefId><ActivityId>3</ActivityId><RuleId>0</RuleId><RuleOperationOrderId>0</RuleOperationOrderId><ExtMethodIndex>35</ExtMethodIndex><MapType>F</MapType><ExtMethodParamIndex>9</ExtMethodParamIndex><MappedField>X</MappedField><MappedFieldType>C</MappedFieldType><VariableId>0</VariableId><VarFieldId>0</VarFieldId><DataStructureId>0</DataStructureId>
	</RowData>
	<RowData><ProcessDefId>1</ProcessDefId><ActivityId>3</ActivityId><RuleId>0</RuleId><RuleOperationOrderId>0</RuleOperationOrderId><ExtMethodIndex>35</ExtMethodIndex><MapType>F</MapType><ExtMethodParamIndex>2</ExtMethodParamIndex><MappedField>PurchaseOrderNo</MappedField><MappedFieldType>I</MappedFieldType><VariableId>92</VariableId><VarFieldId>0</VarFieldId><DataStructureId>0</DataStructureId>
	</RowData>
	<RowData><ProcessDefId>1</ProcessDefId><ActivityId>3</ActivityId><RuleId>0</RuleId><RuleOperationOrderId>0</RuleOperationOrderId><ExtMethodIndex>35</ExtMethodIndex><MapType>R</MapType><ExtMethodParamIndex>13</ExtMethodParamIndex><MappedField>currency</MappedField><MappedFieldType>I</MappedFieldType><VariableId>127</VariableId><VarFieldId>0</VarFieldId><DataStructureId>84</DataStructureId>
	</RowData>
</PMWExtMethodParamMappingTable>