<PMWLaneQueueTable>
	<RowData><ProcessDefId>1</ProcessDefId>
		<SwimLaneId>1</SwimLaneId><QueueId>-24</QueueId>
	</RowData>
	<RowData><ProcessDefId>1</ProcessDefId>
		<SwimLaneId>2</SwimLaneId><QueueId>-22</QueueId>
	</RowData>
	<RowData><ProcessDefId>1</ProcessDefId>
		<SwimLaneId>3</SwimLaneId><QueueId>-21</QueueId>
	</RowData>
	<RowData><ProcessDefId>1</ProcessDefId>
		<SwimLaneId>4</SwimLaneId><QueueId>-26</QueueId>
	</RowData>
	<RowData><ProcessDefId>1</ProcessDefId>
		<SwimLaneId>5</SwimLaneId><QueueId>-25</QueueId>
	</RowData>
	<RowData><ProcessDefId>1</ProcessDefId>
		<SwimLaneId>6</SwimLaneId><QueueId>-33</QueueId>
	</RowData>
	<RowData><ProcessDefId>1</ProcessDefId>
		<SwimLaneId>8</SwimLaneId><QueueId>-12</QueueId>
	</RowData>
</PMWLaneQueueTable>