<PMWMAILTRIGGERTABLE>
	<RowData><ProcessDefId>1</ProcessDefId><TriggerID>3</TriggerID><Subject>A new WorkItem (&<WorkItemId>&) is pending for your action.</Subject><FromUser>dms-noreply@orientelectric.com</FromUser><FromUserType>C</FromUserType><ExtObjIDFromUser>0</ExtObjIDFromUser><VariableIdFrom>0</VariableIdFrom><VarFieldIdFrom>0</VarFieldIdFrom><ToUser>email</ToUser><ToType>I</ToType><ExtObjIDTo>1</ExtObjIDTo><VariableIdTo>141</VariableIdTo><VarFieldIdTo>0</VarFieldIdTo><CCUser></CCUser><CCType>C</CCType><ExtObjIDCC>0</ExtObjIDCC><VariableIdCc>0</VariableIdCc><VarFieldIdCc>0</VarFieldIdCc><Message>Hello,

Details of WorkItem No. &<WorkItemId>& :-

PO Number :- &<PurchaseOrderNo>&
PO Date :-  &<po_date>&
Invoice Number :-  &<InvoiceNo>&
Invoice Date :-  &<InvoiceDate>&

Click to open WorkItem :- 
&<mailbody>&

****************************************************************************************************
This is an automatically generated email - please do not reply to it. If you have any queries please email at naveen.kumar@orientelectric.com
****************************************************************************************************</Message><BCCUser></BCCUser><BCCType></BCCType><ExtObjIDBCC>0</ExtObjIDBCC><VariableIdBCC>0</VariableIdBCC><VarFieldIdBCc>0</VarFieldIdBCc><MailPriority></MailPriority><MailPriorityType>C</MailPriorityType><ExtObjIdMailPriority>0</ExtObjIdMailPriority><VariableIdMailPriority>0</VariableIdMailPriority><VarFieldIdMailPriority>0</VarFieldIdMailPriority>
	</RowData>
	<RowData><ProcessDefId>1</ProcessDefId><TriggerID>4</TriggerID><Subject>Serice PO Status Update of &<WorkItemName>&</Subject><FromUser>dmsnoreply@orientelectric.com</FromUser><FromUserType>C</FromUserType><ExtObjIDFromUser>0</ExtObjIDFromUser><VariableIdFrom>0</VariableIdFrom><VarFieldIdFrom>0</VarFieldIdFrom><ToUser>prashant.singh@orientelectric.com</ToUser><ToType>C</ToType><ExtObjIDTo>0</ExtObjIDTo><VariableIdTo>0</VariableIdTo><VarFieldIdTo>0</VarFieldIdTo><CCUser></CCUser><CCType></CCType><ExtObjIDCC>0</ExtObjIDCC><VariableIdCc>0</VariableIdCc><VarFieldIdCc>0</VarFieldIdCc><Message>Hello,

Below is the Status of 
- Registration No : &<WorkItemName>&
- Po Number         : &<PurchaseOrderNo>&
- Invoice No         : &<InvoiceNumber>&
- Pending At         : &<WorkItemId>&</Message><BCCUser></BCCUser><BCCType></BCCType><ExtObjIDBCC>0</ExtObjIDBCC><VariableIdBCC>0</VariableIdBCC><VarFieldIdBCc>0</VarFieldIdBCc><MailPriority></MailPriority><MailPriorityType>C</MailPriorityType><ExtObjIdMailPriority>0</ExtObjIdMailPriority><VariableIdMailPriority>0</VariableIdMailPriority><VarFieldIdMailPriority>0</VarFieldIdMailPriority>
	</RowData>
</PMWMAILTRIGGERTABLE>