<PMWPROCESSDEFTABLE>
	<RowData><ProcessName>OrientAP</ProcessName><ProcessType>S</ProcessType><ProcessState>Enabled</ProcessState><RegPrefix>Account</RegPrefix><RegSuffix>Payable</RegSuffix><RegStartingNo>0</RegStartingNo><ProcessTurnAroundTime>0</ProcessTurnAroundTime><RegSeqLength>26</RegSeqLength><CreatedOn>2018-12-16 12:28:55.133</CreatedOn><LastModifiedOn>2021-11-27 00:35:08.043</LastModifiedOn><WSFont>BookMan Old Style,0,8</WSFont><WSColor>-16777216</WSColor><CommentsFont>BookMan Old Style,0,8</CommentsFont><CommentsColor>-16777077</CommentsColor><Backcolor>-1053713</Backcolor><Description>Default Description</Description><TATCalFlag>Y</TATCalFlag><VersionNo>1</VersionNo><CreatedBy>padmin</CreatedBy><LastModifiedBy>padmin</LastModifiedBy><ProcessShared>N</ProcessShared><ProjectId>2</ProjectId><Cost>0.00</Cost><Duration></Duration><FormViewerApp>J</FormViewerApp><ThresholdRoutingCount>500</ThresholdRoutingCount><CreateWebService>Y</CreateWebService>
	</RowData>
</PMWPROCESSDEFTABLE>