<PMWQUEUESTREAMTABLE>
	<RowData><ProcessDefId>1</ProcessDefId>
		<ActivityID>1</ActivityID>
		<StreamId>1</StreamId><QueueId>-23</QueueId>
	</RowData>
	<RowData><ProcessDefId>1</ProcessDefId>
		<ActivityID>3</ActivityID>
		<StreamId>1</StreamId><QueueId>-5</QueueId>
	</RowData>
	<RowData><ProcessDefId>1</ProcessDefId>
		<ActivityID>7</ActivityID>
		<StreamId>1</StreamId><QueueId>-20</QueueId>
	</RowData>
	<RowData><ProcessDefId>1</ProcessDefId>
		<ActivityID>10</ActivityID>
		<StreamId>1</StreamId><QueueId>-19</QueueId>
	</RowData>
	<RowData><ProcessDefId>1</ProcessDefId>
		<ActivityID>14</ActivityID>
		<StreamId>1</StreamId><QueueId>-30</QueueId>
	</RowData>
	<RowData><ProcessDefId>1</ProcessDefId>
		<ActivityID>16</ActivityID>
		<StreamId>1</StreamId><QueueId>-29</QueueId>
	</RowData>
	<RowData><ProcessDefId>1</ProcessDefId>
		<ActivityID>20</ActivityID>
		<StreamId>1</StreamId><QueueId>-27</QueueId>
	</RowData>
	<RowData><ProcessDefId>1</ProcessDefId>
		<ActivityID>28</ActivityID>
		<StreamId>1</StreamId><QueueId>-31</QueueId>
	</RowData>
	<RowData><ProcessDefId>1</ProcessDefId>
		<ActivityID>30</ActivityID>
		<StreamId>1</StreamId><QueueId>-32</QueueId>
	</RowData>
	<RowData><ProcessDefId>1</ProcessDefId>
		<ActivityID>31</ActivityID>
		<StreamId>1</StreamId><QueueId>-5</QueueId>
	</RowData>
	<RowData><ProcessDefId>1</ProcessDefId>
		<ActivityID>42</ActivityID>
		<StreamId>1</StreamId><QueueId>-18</QueueId>
	</RowData>
	<RowData><ProcessDefId>1</ProcessDefId>
		<ActivityID>44</ActivityID>
		<StreamId>1</StreamId><QueueId>-13</QueueId>
	</RowData>
	<RowData><ProcessDefId>1</ProcessDefId>
		<ActivityID>45</ActivityID>
		<StreamId>1</StreamId><QueueId>-1</QueueId>
	</RowData>
	<RowData><ProcessDefId>1</ProcessDefId>
		<ActivityID>53</ActivityID>
		<StreamId>1</StreamId><QueueId>-22</QueueId>
	</RowData>
	<RowData><ProcessDefId>1</ProcessDefId>
		<ActivityID>54</ActivityID>
		<StreamId>1</StreamId><QueueId>-10</QueueId>
	</RowData>
	<RowData><ProcessDefId>1</ProcessDefId>
		<ActivityID>55</ActivityID>
		<StreamId>1</StreamId><QueueId>-21</QueueId>
	</RowData>
	<RowData><ProcessDefId>1</ProcessDefId>
		<ActivityID>59</ActivityID>
		<StreamId>1</StreamId><QueueId>-8</QueueId>
	</RowData>
	<RowData><ProcessDefId>1</ProcessDefId>
		<ActivityID>60</ActivityID>
		<StreamId>1</StreamId><QueueId>-9</QueueId>
	</RowData>
	<RowData><ProcessDefId>1</ProcessDefId>
		<ActivityID>63</ActivityID>
		<StreamId>1</StreamId><QueueId>-7</QueueId>
	</RowData>
	<RowData><ProcessDefId>1</ProcessDefId>
		<ActivityID>66</ActivityID>
		<StreamId>1</StreamId><QueueId>-59</QueueId>
	</RowData>
	<RowData><ProcessDefId>1</ProcessDefId>
		<ActivityID>67</ActivityID>
		<StreamId>1</StreamId><QueueId>-60</QueueId>
	</RowData>
	<RowData><ProcessDefId>1</ProcessDefId>
		<ActivityID>70</ActivityID>
		<StreamId>1</StreamId><QueueId>-58</QueueId>
	</RowData>
	<RowData><ProcessDefId>1</ProcessDefId>
		<ActivityID>71</ActivityID>
		<StreamId>1</StreamId><QueueId>-57</QueueId>
	</RowData>
	<RowData><ProcessDefId>1</ProcessDefId>
		<ActivityID>73</ActivityID>
		<StreamId>1</StreamId><QueueId>-61</QueueId>
	</RowData>
</PMWQUEUESTREAMTABLE>