<PMWSwimLaneTable>
	<RowData><ProcessDefId>1</ProcessDefId><SwimLaneId>-99</SwimLaneId><SwimLaneWidth>831</SwimLaneWidth><SwimLaneHeight>150</SwimLaneHeight><ITop>0</ITop><ILeft>0</ILeft><BackColor>1234</BackColor><SwimLaneType>H</SwimLaneType><SwimLaneText>TaskLane</SwimLaneText><SwimLaneTextColor>-16777216</SwimLaneTextColor><PoolId>-1</PoolId><IndexInPool>-1</IndexInPool>
	</RowData>
	<RowData><ProcessDefId>1</ProcessDefId><SwimLaneId>1</SwimLaneId><SwimLaneWidth>831</SwimLaneWidth><SwimLaneHeight>395</SwimLaneHeight><ITop>40</ITop><ILeft>0</ILeft><BackColor>1234</BackColor><SwimLaneType>H</SwimLaneType><SwimLaneText>SL_Start</SwimLaneText><SwimLaneTextColor>-16777216</SwimLaneTextColor><PoolId>-1</PoolId><IndexInPool>-1</IndexInPool>
	</RowData>
	<RowData><ProcessDefId>1</ProcessDefId><SwimLaneId>2</SwimLaneId><SwimLaneWidth>831</SwimLaneWidth><SwimLaneHeight>303</SwimLaneHeight><ITop>435</ITop><ILeft>0</ILeft><BackColor>1234</BackColor><SwimLaneType>H</SwimLaneType><SwimLaneText>SL_GateEntry</SwimLaneText><SwimLaneTextColor>-16777216</SwimLaneTextColor><PoolId>-1</PoolId><IndexInPool>-1</IndexInPool>
	</RowData>
	<RowData><ProcessDefId>1</ProcessDefId><SwimLaneId>3</SwimLaneId><SwimLaneWidth>831</SwimLaneWidth><SwimLaneHeight>148</SwimLaneHeight><ITop>2135</ITop><ILeft>0</ILeft><BackColor>1234</BackColor><SwimLaneType>H</SwimLaneType><SwimLaneText>SwimLane_3</SwimLaneText><SwimLaneTextColor>-16777216</SwimLaneTextColor><PoolId>-1</PoolId><IndexInPool>-1</IndexInPool>
	</RowData>
	<RowData><ProcessDefId>1</ProcessDefId><SwimLaneId>4</SwimLaneId><SwimLaneWidth>831</SwimLaneWidth><SwimLaneHeight>275</SwimLaneHeight><ITop>738</ITop><ILeft>0</ILeft><BackColor>1234</BackColor><SwimLaneType>H</SwimLaneType><SwimLaneText>SL_Store</SwimLaneText><SwimLaneTextColor>-16777216</SwimLaneTextColor><PoolId>-1</PoolId><IndexInPool>-1</IndexInPool>
	</RowData>
	<RowData><ProcessDefId>1</ProcessDefId><SwimLaneId>5</SwimLaneId><SwimLaneWidth>831</SwimLaneWidth><SwimLaneHeight>218</SwimLaneHeight><ITop>1013</ITop><ILeft>0</ILeft><BackColor>1234</BackColor><SwimLaneType>H</SwimLaneType><SwimLaneText>SL_Quality</SwimLaneText><SwimLaneTextColor>-16777216</SwimLaneTextColor><PoolId>-1</PoolId><IndexInPool>-1</IndexInPool>
	</RowData>
	<RowData><ProcessDefId>1</ProcessDefId><SwimLaneId>6</SwimLaneId><SwimLaneWidth>831</SwimLaneWidth><SwimLaneHeight>320</SwimLaneHeight><ITop>1231</ITop><ILeft>0</ILeft><BackColor>1234</BackColor><SwimLaneType>H</SwimLaneType><SwimLaneText>SL_Accounts</SwimLaneText><SwimLaneTextColor>-16777216</SwimLaneTextColor><PoolId>-1</PoolId><IndexInPool>-1</IndexInPool>
	</RowData>
	<RowData><ProcessDefId>1</ProcessDefId><SwimLaneId>8</SwimLaneId><SwimLaneWidth>831</SwimLaneWidth><SwimLaneHeight>257</SwimLaneHeight><ITop>1878</ITop><ILeft>0</ILeft><BackColor>1234</BackColor><SwimLaneType>H</SwimLaneType><SwimLaneText>SL_Finance</SwimLaneText><SwimLaneTextColor>-16777216</SwimLaneTextColor><PoolId>-1</PoolId><IndexInPool>-1</IndexInPool>
	</RowData>
	<RowData><ProcessDefId>1</ProcessDefId><SwimLaneId>9</SwimLaneId><SwimLaneWidth>831</SwimLaneWidth><SwimLaneHeight>327</SwimLaneHeight><ITop>1551</ITop><ILeft>0</ILeft><BackColor>1234</BackColor><SwimLaneType>H</SwimLaneType><SwimLaneText>Sh_park_post</SwimLaneText><SwimLaneTextColor>-16777216</SwimLaneTextColor><PoolId>-1</PoolId><IndexInPool>-1</IndexInPool>
	</RowData>
</PMWSwimLaneTable>