<PMWSAPConnectTable>
	<RowData><ProcessDefId>1</ProcessDefId><SAPHostName>oeprdappn1.orient.com</SAPHostName><SAPInstance>01</SAPInstance><SAPClient>800</SAPClient><SAPUserName>DMS</SAPUserName><SAPPassword>e-C;v-C;j2/g:l-D;v-C;Nb-D;m-C;4-C;J-C;R:l-D;U-C;HA-C;6-D;c:m:P-C;s-C;/-C;7</SAPPassword><SAPHttpProtocol>HTTPS</SAPHttpProtocol><SAPITSFlag>E</SAPITSFlag><SAPLanguage>EN</SAPLanguage><SAPHttpPort>8011</SAPHttpPort><ConfigurationID>1</ConfigurationID><RFCHostName>oeprdappn1.orient.com</RFCHostName><ConfigurationName>sapConf</ConfigurationName><SecurityFlag>Y</SecurityFlag>
	</RowData>
</PMWSAPConnectTable>