<PMWSTREAMDEFTABLE>
	<RowData><ProcessDefId>1</ProcessDefId><StreamId>1</StreamId><ActivityId>1</ActivityId><StreamName>Default</StreamName><SortType>A</SortType><SortOn>PriorityLevel</SortOn><StreamCondition>ALWAYS</StreamCondition>
	</RowData>
	<RowData><ProcessDefId>1</ProcessDefId><StreamId>1</StreamId><ActivityId>3</ActivityId><StreamName>Default</StreamName><SortType>A</SortType><SortOn>PriorityLevel</SortOn><StreamCondition>Always</StreamCondition>
	</RowData>
	<RowData><ProcessDefId>1</ProcessDefId><StreamId>1</StreamId><ActivityId>7</ActivityId><StreamName>Default</StreamName><SortType>A</SortType><SortOn>PriorityLevel</SortOn><StreamCondition>ALWAYS</StreamCondition>
	</RowData>
	<RowData><ProcessDefId>1</ProcessDefId><StreamId>1</StreamId><ActivityId>10</ActivityId><StreamName>Default</StreamName><SortType>A</SortType><SortOn>PriorityLevel</SortOn><StreamCondition>Always</StreamCondition>
	</RowData>
	<RowData><ProcessDefId>1</ProcessDefId><StreamId>1</StreamId><ActivityId>14</ActivityId><StreamName>Default</StreamName><SortType>A</SortType><SortOn>PriorityLevel</SortOn><StreamCondition>ALWAYS</StreamCondition>
	</RowData>
	<RowData><ProcessDefId>1</ProcessDefId><StreamId>1</StreamId><ActivityId>16</ActivityId><StreamName>Default</StreamName><SortType>A</SortType><SortOn>PriorityLevel</SortOn><StreamCondition>Always</StreamCondition>
	</RowData>
	<RowData><ProcessDefId>1</ProcessDefId><StreamId>1</StreamId><ActivityId>20</ActivityId><StreamName>Default</StreamName><SortType>A</SortType><SortOn>PriorityLevel</SortOn><StreamCondition>Always</StreamCondition>
	</RowData>
	<RowData><ProcessDefId>1</ProcessDefId><StreamId>1</StreamId><ActivityId>28</ActivityId><StreamName>Default</StreamName><SortType>A</SortType><SortOn>PriorityLevel</SortOn><StreamCondition>Always</StreamCondition>
	</RowData>
	<RowData><ProcessDefId>1</ProcessDefId><StreamId>1</StreamId><ActivityId>30</ActivityId><StreamName>Default</StreamName><SortType>A</SortType><SortOn>PriorityLevel</SortOn><StreamCondition>ALWAYS</StreamCondition>
	</RowData>
	<RowData><ProcessDefId>1</ProcessDefId><StreamId>1</StreamId><ActivityId>31</ActivityId><StreamName>Default</StreamName><SortType>A</SortType><SortOn>PriorityLevel</SortOn><StreamCondition>Always</StreamCondition>
	</RowData>
	<RowData><ProcessDefId>1</ProcessDefId><StreamId>1</StreamId><ActivityId>42</ActivityId><StreamName>Default</StreamName><SortType>A</SortType><SortOn>PriorityLevel</SortOn><StreamCondition>ALWAYS</StreamCondition>
	</RowData>
	<RowData><ProcessDefId>1</ProcessDefId><StreamId>1</StreamId><ActivityId>44</ActivityId><StreamName>Default</StreamName><SortType>A</SortType><SortOn>PriorityLevel</SortOn><StreamCondition>ALWAYS</StreamCondition>
	</RowData>
	<RowData><ProcessDefId>1</ProcessDefId><StreamId>1</StreamId><ActivityId>45</ActivityId><StreamName>Default</StreamName><SortType>A</SortType><SortOn>PriorityLevel</SortOn><StreamCondition>ALWAYS</StreamCondition>
	</RowData>
	<RowData><ProcessDefId>1</ProcessDefId><StreamId>1</StreamId><ActivityId>54</ActivityId><StreamName>Default</StreamName><SortType>A</SortType><SortOn>PriorityLevel</SortOn><StreamCondition>Always</StreamCondition>
	</RowData>
	<RowData><ProcessDefId>1</ProcessDefId><StreamId>1</StreamId><ActivityId>59</ActivityId><StreamName>Default</StreamName><SortType>A</SortType><SortOn>PriorityLevel</SortOn><StreamCondition>Always</StreamCondition>
	</RowData>
	<RowData><ProcessDefId>1</ProcessDefId><StreamId>1</StreamId><ActivityId>60</ActivityId><StreamName>Default</StreamName><SortType>A</SortType><SortOn>PriorityLevel</SortOn><StreamCondition>Always</StreamCondition>
	</RowData>
	<RowData><ProcessDefId>1</ProcessDefId><StreamId>1</StreamId><ActivityId>63</ActivityId><StreamName>Default</StreamName><SortType>A</SortType><SortOn>PriorityLevel</SortOn><StreamCondition>Always</StreamCondition>
	</RowData>
	<RowData><ProcessDefId>1</ProcessDefId><StreamId>1</StreamId><ActivityId>66</ActivityId><StreamName>Default</StreamName><SortType>A</SortType><SortOn>PriorityLevel</SortOn><StreamCondition>ALWAYS</StreamCondition>
	</RowData>
	<RowData><ProcessDefId>1</ProcessDefId><StreamId>1</StreamId><ActivityId>67</ActivityId><StreamName>Default</StreamName><SortType>A</SortType><SortOn>PriorityLevel</SortOn><StreamCondition>ALWAYS</StreamCondition>
	</RowData>
	<RowData><ProcessDefId>1</ProcessDefId><StreamId>1</StreamId><ActivityId>70</ActivityId><StreamName>Default</StreamName><SortType>A</SortType><SortOn>PriorityLevel</SortOn><StreamCondition>ALWAYS</StreamCondition>
	</RowData>
	<RowData><ProcessDefId>1</ProcessDefId><StreamId>1</StreamId><ActivityId>71</ActivityId><StreamName>Default</StreamName><SortType>A</SortType><SortOn>PriorityLevel</SortOn><StreamCondition>ALWAYS</StreamCondition>
	</RowData>
	<RowData><ProcessDefId>1</ProcessDefId><StreamId>1</StreamId><ActivityId>73</ActivityId><StreamName>Default</StreamName><SortType>A</SortType><SortOn>PriorityLevel</SortOn><StreamCondition>ALWAYS</StreamCondition>
	</RowData>
</PMWSTREAMDEFTABLE>