<PMWSAPGUIFieldMappingTable>
	<RowData><ProcessDefId>1</ProcessDefId><DefinitionId>1</DefinitionId><SAPFieldName>GODYNPRO-REFDOC</SAPFieldName><MappedFieldName>R01</MappedFieldName><MappedFieldType>C</MappedFieldType><VariableId>0</VariableId><VarFieldId>0</VarFieldId>
	</RowData>
	<RowData><ProcessDefId>1</ProcessDefId><DefinitionId>1</DefinitionId><SAPFieldName>GOHEAD-LFSNR</SAPFieldName><MappedFieldName>InvoiceNo</MappedFieldName><MappedFieldType>I</MappedFieldType><VariableId>86</VariableId><VarFieldId>0</VarFieldId>
	</RowData>
	<RowData><ProcessDefId>1</ProcessDefId><DefinitionId>1</DefinitionId><SAPFieldName>GODYNPRO-ACTION</SAPFieldName><MappedFieldName>A01</MappedFieldName><MappedFieldType>C</MappedFieldType><VariableId>0</VariableId><VarFieldId>0</VarFieldId>
	</RowData>
	<RowData><ProcessDefId>1</ProcessDefId><DefinitionId>1</DefinitionId><SAPFieldName>GODYNPRO-PO_NUMBER</SAPFieldName><MappedFieldName>PurchaseOrderNo</MappedFieldName><MappedFieldType>I</MappedFieldType><VariableId>92</VariableId><VarFieldId>0</VarFieldId>
	</RowData>
	<RowData><ProcessDefId>1</ProcessDefId><DefinitionId>4</DefinitionId><SAPFieldName>INVFO-XBLNR</SAPFieldName><MappedFieldName>InvoiceNo</MappedFieldName><MappedFieldType>I</MappedFieldType><VariableId>86</VariableId><VarFieldId>0</VarFieldId>
	</RowData>
	<RowData><ProcessDefId>1</ProcessDefId><DefinitionId>4</DefinitionId><SAPFieldName>RBKPV-BELNR</SAPFieldName><MappedFieldName>inv_park</MappedFieldName><MappedFieldType>I</MappedFieldType><VariableId>130</VariableId><VarFieldId>0</VarFieldId>
	</RowData>
	<RowData><ProcessDefId>1</ProcessDefId><DefinitionId>4</DefinitionId><SAPFieldName>BKPF-BUKRS</SAPFieldName><MappedFieldName>1000</MappedFieldName><MappedFieldType>C</MappedFieldType><VariableId>0</VariableId><VarFieldId>0</VarFieldId>
	</RowData>
	<RowData><ProcessDefId>1</ProcessDefId><DefinitionId>5</DefinitionId><SAPFieldName>RBKPV-BELNR</SAPFieldName><MappedFieldName>inv_post</MappedFieldName><MappedFieldType>I</MappedFieldType><VariableId>131</VariableId><VarFieldId>0</VarFieldId>
	</RowData>
	<RowData><ProcessDefId>1</ProcessDefId><DefinitionId>5</DefinitionId><SAPFieldName>BKPF-BUKRS</SAPFieldName><MappedFieldName>1000</MappedFieldName><MappedFieldType>C</MappedFieldType><VariableId>0</VariableId><VarFieldId>0</VarFieldId>
	</RowData>
	<RowData><ProcessDefId>1</ProcessDefId><DefinitionId>5</DefinitionId><SAPFieldName>INVFO-XBLNR</SAPFieldName><MappedFieldName>InvoiceNo</MappedFieldName><MappedFieldType>I</MappedFieldType><VariableId>86</VariableId><VarFieldId>0</VarFieldId>
	</RowData>
	<RowData><ProcessDefId>1</ProcessDefId><DefinitionId>7</DefinitionId><SAPFieldName>RF05V-BUKRS</SAPFieldName><MappedFieldName>1000</MappedFieldName><MappedFieldType>C</MappedFieldType><VariableId>0</VariableId><VarFieldId>0</VarFieldId>
	</RowData>
	<RowData><ProcessDefId>1</ProcessDefId><DefinitionId>7</DefinitionId><SAPFieldName>RF05V-BELNR</SAPFieldName><MappedFieldName>inv_park</MappedFieldName><MappedFieldType>I</MappedFieldType><VariableId>130</VariableId><VarFieldId>0</VarFieldId>
	</RowData>
	<RowData><ProcessDefId>1</ProcessDefId><DefinitionId>8</DefinitionId><SAPFieldName>GODYNPRO-INBOUND_DELIVERY</SAPFieldName><MappedFieldName>asn_number</MappedFieldName><MappedFieldType>I</MappedFieldType><VariableId>167</VariableId><VarFieldId>0</VarFieldId>
	</RowData>
	<RowData><ProcessDefId>1</ProcessDefId><DefinitionId>8</DefinitionId><SAPFieldName>GODYNPRO-REFDOC</SAPFieldName><MappedFieldName>R04</MappedFieldName><MappedFieldType>C</MappedFieldType><VariableId>0</VariableId><VarFieldId>0</VarFieldId>
	</RowData>
	<RowData><ProcessDefId>1</ProcessDefId><DefinitionId>8</DefinitionId><SAPFieldName>GODYNPRO-ACTION</SAPFieldName><MappedFieldName>A01</MappedFieldName><MappedFieldType>C</MappedFieldType><VariableId>0</VariableId><VarFieldId>0</VarFieldId>
	</RowData>
	<RowData><ProcessDefId>1</ProcessDefId><DefinitionId>9</DefinitionId><SAPFieldName>GODYNPRO-MAT_DOC</SAPFieldName><MappedFieldName>grn_number</MappedFieldName><MappedFieldType>I</MappedFieldType><VariableId>66</VariableId><VarFieldId>0</VarFieldId>
	</RowData>
	<RowData><ProcessDefId>1</ProcessDefId><DefinitionId>9</DefinitionId><SAPFieldName>GODYNPRO-ACTION</SAPFieldName><MappedFieldName>A04</MappedFieldName><MappedFieldType>C</MappedFieldType><VariableId>0</VariableId><VarFieldId>0</VarFieldId>
	</RowData>
</PMWSAPGUIFieldMappingTable>