<PMWTypeDefTable_1>
	<RowData><ProcessDefId>1</ProcessDefId><ParentTypeId>2</ParentTypeId><TypeFieldId>144</TypeFieldId><FieldName>REASON_CODE</FieldName><WFType>10</WFType><TypeId>0</TypeId><Unbounded>N</Unbounded><ExtensionTypeId>0</ExtensionTypeId>
	</RowData>
	<RowData><ProcessDefId>1</ProcessDefId><ParentTypeId>2</ParentTypeId><TypeFieldId>145</TypeFieldId><FieldName>FUND_LONG</FieldName><WFType>10</WFType><TypeId>0</TypeId><Unbounded>N</Unbounded><ExtensionTypeId>0</ExtensionTypeId>
	</RowData>
	<RowData><ProcessDefId>1</ProcessDefId><ParentTypeId>2</ParentTypeId><TypeFieldId>146</TypeFieldId><FieldName>LONG_ITEM_NUMBER</FieldName><WFType>10</WFType><TypeId>0</TypeId><Unbounded>N</Unbounded><ExtensionTypeId>0</ExtensionTypeId>
	</RowData>
	<RowData><ProcessDefId>1</ProcessDefId><ParentTypeId>2</ParentTypeId><TypeFieldId>147</TypeFieldId><FieldName>EXTERNAL_SORT_NUMBER</FieldName><WFType>3</WFType><TypeId>0</TypeId><Unbounded>N</Unbounded><ExtensionTypeId>0</ExtensionTypeId>
	</RowData>
	<RowData><ProcessDefId>1</ProcessDefId><ParentTypeId>2</ParentTypeId><TypeFieldId>148</TypeFieldId><FieldName>EXTERNAL_HIERARCHY_TYPE</FieldName><WFType>10</WFType><TypeId>0</TypeId><Unbounded>N</Unbounded><ExtensionTypeId>0</ExtensionTypeId>
	</RowData>
	<RowData><ProcessDefId>1</ProcessDefId><ParentTypeId>2</ParentTypeId><TypeFieldId>149</TypeFieldId><FieldName>RETENTION_PERCENTAGE</FieldName><WFType>6</WFType><TypeId>0</TypeId><Unbounded>N</Unbounded><ExtensionTypeId>0</ExtensionTypeId>
	</RowData>
	<RowData><ProcessDefId>1</ProcessDefId><ParentTypeId>2</ParentTypeId><TypeFieldId>150</TypeFieldId><FieldName>DOWNPAY_TYPE</FieldName><WFType>10</WFType><TypeId>0</TypeId><Unbounded>N</Unbounded><ExtensionTypeId>0</ExtensionTypeId>
	</RowData>
	<RowData><ProcessDefId>1</ProcessDefId><ParentTypeId>2</ParentTypeId><TypeFieldId>151</TypeFieldId><FieldName>DOWNPAY_AMOUNT</FieldName><WFType>6</WFType><TypeId>0</TypeId><Unbounded>N</Unbounded><ExtensionTypeId>0</ExtensionTypeId>
	</RowData>
	<RowData><ProcessDefId>1</ProcessDefId><ParentTypeId>2</ParentTypeId><TypeFieldId>152</TypeFieldId><FieldName>DOWNPAY_PERCENT</FieldName><WFType>6</WFType><TypeId>0</TypeId><Unbounded>N</Unbounded><ExtensionTypeId>0</ExtensionTypeId>
	</RowData>
	<RowData><ProcessDefId>1</ProcessDefId><ParentTypeId>2</ParentTypeId><TypeFieldId>153</TypeFieldId><FieldName>DOWNPAY_DUEDATE</FieldName><WFType>8</WFType><TypeId>0</TypeId><Unbounded>N</Unbounded><ExtensionTypeId>0</ExtensionTypeId>
	</RowData>
	<RowData><ProcessDefId>1</ProcessDefId><ParentTypeId>2</ParentTypeId><TypeFieldId>154</TypeFieldId><FieldName>EXT_RFX_NUMBER</FieldName><WFType>10</WFType><TypeId>0</TypeId><Unbounded>N</Unbounded><ExtensionTypeId>0</ExtensionTypeId>
	</RowData>
	<RowData><ProcessDefId>1</ProcessDefId><ParentTypeId>2</ParentTypeId><TypeFieldId>155</TypeFieldId><FieldName>EXT_RFX_ITEM</FieldName><WFType>10</WFType><TypeId>0</TypeId><Unbounded>N</Unbounded><ExtensionTypeId>0</ExtensionTypeId>
	</RowData>
	<RowData><ProcessDefId>1</ProcessDefId><ParentTypeId>2</ParentTypeId><TypeFieldId>156</TypeFieldId><FieldName>EXT_RFX_SYSTEM</FieldName><WFType>10</WFType><TypeId>0</TypeId><Unbounded>N</Unbounded><ExtensionTypeId>0</ExtensionTypeId>
	</RowData>
	<RowData><ProcessDefId>1</ProcessDefId><ParentTypeId>2</ParentTypeId><TypeFieldId>157</TypeFieldId><FieldName>SRM_CONTRACT_ID</FieldName><WFType>10</WFType><TypeId>0</TypeId><Unbounded>N</Unbounded><ExtensionTypeId>0</ExtensionTypeId>
	</RowData>
	<RowData><ProcessDefId>1</ProcessDefId><ParentTypeId>2</ParentTypeId><TypeFieldId>158</TypeFieldId><FieldName>SRM_CONTRACT_ITM</FieldName><WFType>3</WFType><TypeId>0</TypeId><Unbounded>N</Unbounded><ExtensionTypeId>0</ExtensionTypeId>
	</RowData>
	<RowData><ProcessDefId>1</ProcessDefId><ParentTypeId>2</ParentTypeId><TypeFieldId>159</TypeFieldId><FieldName>BUDGET_PERIOD</FieldName><WFType>10</WFType><TypeId>0</TypeId><Unbounded>N</Unbounded><ExtensionTypeId>0</ExtensionTypeId>
	</RowData>
	<RowData><ProcessDefId>1</ProcessDefId><ParentTypeId>2</ParentTypeId><TypeFieldId>160</TypeFieldId><FieldName>BLOCK_REASON_ID</FieldName><WFType>10</WFType><TypeId>0</TypeId><Unbounded>N</Unbounded><ExtensionTypeId>0</ExtensionTypeId>
	</RowData>
	<RowData><ProcessDefId>1</ProcessDefId><ParentTypeId>2</ParentTypeId><TypeFieldId>161</TypeFieldId><FieldName>BLOCK_REASON_TEXT</FieldName><WFType>10</WFType><TypeId>0</TypeId><Unbounded>N</Unbounded><ExtensionTypeId>0</ExtensionTypeId>
	</RowData>
	<RowData><ProcessDefId>1</ProcessDefId><ParentTypeId>2</ParentTypeId><TypeFieldId>162</TypeFieldId><FieldName>SPE_CRM_FKREL</FieldName><WFType>10</WFType><TypeId>0</TypeId><Unbounded>N</Unbounded><ExtensionTypeId>0</ExtensionTypeId>
	</RowData>
	<RowData><ProcessDefId>1</ProcessDefId><ParentTypeId>2</ParentTypeId><TypeFieldId>163</TypeFieldId><FieldName>DATE_QTY_FIXED</FieldName><WFType>10</WFType><TypeId>0</TypeId><Unbounded>N</Unbounded><ExtensionTypeId>0</ExtensionTypeId>
	</RowData>
	<RowData><ProcessDefId>1</ProcessDefId><ParentTypeId>2</ParentTypeId><TypeFieldId>164</TypeFieldId><FieldName>GI_BASED_GR</FieldName><WFType>10</WFType><TypeId>0</TypeId><Unbounded>N</Unbounded><ExtensionTypeId>0</ExtensionTypeId>
	</RowData>
	<RowData><ProcessDefId>1</ProcessDefId><ParentTypeId>2</ParentTypeId><TypeFieldId>165</TypeFieldId><FieldName>SHIPTYPE</FieldName><WFType>10</WFType><TypeId>0</TypeId><Unbounded>N</Unbounded><ExtensionTypeId>0</ExtensionTypeId>
	</RowData>
	<RowData><ProcessDefId>1</ProcessDefId><ParentTypeId>2</ParentTypeId><TypeFieldId>166</TypeFieldId><FieldName>HANDOVERLOC</FieldName><WFType>10</WFType><TypeId>0</TypeId><Unbounded>N</Unbounded><ExtensionTypeId>0</ExtensionTypeId>
	</RowData>
	<RowData><ProcessDefId>1</ProcessDefId><ParentTypeId>2</ParentTypeId><TypeFieldId>167</TypeFieldId><FieldName>TC_AUT_DET</FieldName><WFType>10</WFType><TypeId>0</TypeId><Unbounded>N</Unbounded><ExtensionTypeId>0</ExtensionTypeId>
	</RowData>
	<RowData><ProcessDefId>1</ProcessDefId><ParentTypeId>2</ParentTypeId><TypeFieldId>168</TypeFieldId><FieldName>MANUAL_TC_REASON</FieldName><WFType>10</WFType><TypeId>0</TypeId><Unbounded>N</Unbounded><ExtensionTypeId>0</ExtensionTypeId>
	</RowData>
	<RowData><ProcessDefId>1</ProcessDefId><ParentTypeId>2</ParentTypeId><TypeFieldId>169</TypeFieldId><FieldName>FISCAL_INCENTIVE</FieldName><WFType>10</WFType><TypeId>0</TypeId><Unbounded>N</Unbounded><ExtensionTypeId>0</ExtensionTypeId>
	</RowData>
	<RowData><ProcessDefId>1</ProcessDefId><ParentTypeId>2</ParentTypeId><TypeFieldId>170</TypeFieldId><FieldName>FISCAL_INCENTIVE_ID</FieldName><WFType>10</WFType><TypeId>0</TypeId><Unbounded>N</Unbounded><ExtensionTypeId>0</ExtensionTypeId>
	</RowData>
	<RowData><ProcessDefId>1</ProcessDefId><ParentTypeId>2</ParentTypeId><TypeFieldId>171</TypeFieldId><FieldName>TAX_SUBJECT_ST</FieldName><WFType>10</WFType><TypeId>0</TypeId><Unbounded>N</Unbounded><ExtensionTypeId>0</ExtensionTypeId>
	</RowData>
	<RowData><ProcessDefId>1</ProcessDefId><ParentTypeId>2</ParentTypeId><TypeFieldId>172</TypeFieldId><FieldName>REQ_SEGMENT</FieldName><WFType>10</WFType><TypeId>0</TypeId><Unbounded>N</Unbounded><ExtensionTypeId>0</ExtensionTypeId>
	</RowData>
	<RowData><ProcessDefId>1</ProcessDefId><ParentTypeId>2</ParentTypeId><TypeFieldId>173</TypeFieldId><FieldName>STK_SEGMENT</FieldName><WFType>10</WFType><TypeId>0</TypeId><Unbounded>N</Unbounded><ExtensionTypeId>0</ExtensionTypeId>
	</RowData>
	<RowData><ProcessDefId>1</ProcessDefId><ParentTypeId>3</ParentTypeId><TypeFieldId>1</TypeFieldId><FieldName>PO_No</FieldName><WFType>10</WFType><TypeId>0</TypeId><Unbounded>N</Unbounded><ExtensionTypeId>0</ExtensionTypeId>
	</RowData>
	<RowData><ProcessDefId>1</ProcessDefId><ParentTypeId>3</ParentTypeId><TypeFieldId>2</TypeFieldId><FieldName>Vendor_Name</FieldName><WFType>10</WFType><TypeId>0</TypeId><Unbounded>N</Unbounded><ExtensionTypeId>0</ExtensionTypeId>
	</RowData>
	<RowData><ProcessDefId>1</ProcessDefId><ParentTypeId>3</ParentTypeId><TypeFieldId>3</TypeFieldId><FieldName>Total_PO_amount_with_Tax</FieldName><WFType>10</WFType><TypeId>0</TypeId><Unbounded>N</Unbounded><ExtensionTypeId>0</ExtensionTypeId>
	</RowData>
	<RowData><ProcessDefId>1</ProcessDefId><ParentTypeId>3</ParentTypeId><TypeFieldId>4</TypeFieldId><FieldName>Purchasing_Org</FieldName><WFType>10</WFType><TypeId>0</TypeId><Unbounded>N</Unbounded><ExtensionTypeId>0</ExtensionTypeId>
	</RowData>
	<RowData><ProcessDefId>1</ProcessDefId><ParentTypeId>3</ParentTypeId><TypeFieldId>5</TypeFieldId><FieldName>Purchasing_Group</FieldName><WFType>10</WFType><TypeId>0</TypeId><Unbounded>N</Unbounded><ExtensionTypeId>0</ExtensionTypeId>
	</RowData>
	<RowData><ProcessDefId>1</ProcessDefId><ParentTypeId>3</ParentTypeId><TypeFieldId>6</TypeFieldId><FieldName>Plant</FieldName><WFType>10</WFType><TypeId>0</TypeId><Unbounded>N</Unbounded><ExtensionTypeId>0</ExtensionTypeId>
	</RowData>
	<RowData><ProcessDefId>1</ProcessDefId><ParentTypeId>3</ParentTypeId><TypeFieldId>7</TypeFieldId><FieldName>PO_Type</FieldName><WFType>10</WFType><TypeId>0</TypeId><Unbounded>N</Unbounded><ExtensionTypeId>0</ExtensionTypeId>
	</RowData>
	<RowData><ProcessDefId>1</ProcessDefId><ParentTypeId>3</ParentTypeId><TypeFieldId>8</TypeFieldId><FieldName>Item</FieldName><WFType>10</WFType><TypeId>0</TypeId><Unbounded>N</Unbounded><ExtensionTypeId>0</ExtensionTypeId>
	</RowData>
	<RowData><ProcessDefId>1</ProcessDefId><ParentTypeId>3</ParentTypeId><TypeFieldId>9</TypeFieldId><FieldName>Item_Description</FieldName><WFType>10</WFType><TypeId>0</TypeId><Unbounded>N</Unbounded><ExtensionTypeId>0</ExtensionTypeId>
	</RowData>
	<RowData><ProcessDefId>1</ProcessDefId><ParentTypeId>3</ParentTypeId><TypeFieldId>10</TypeFieldId><FieldName>Quantity</FieldName><WFType>10</WFType><TypeId>0</TypeId><Unbounded>N</Unbounded><ExtensionTypeId>0</ExtensionTypeId>
	</RowData>
	<RowData><ProcessDefId>1</ProcessDefId><ParentTypeId>3</ParentTypeId><TypeFieldId>11</TypeFieldId><FieldName>Price_per_unit</FieldName><WFType>10</WFType><TypeId>0</TypeId><Unbounded>N</Unbounded><ExtensionTypeId>0</ExtensionTypeId>
	</RowData>
	<RowData><ProcessDefId>1</ProcessDefId><ParentTypeId>3</ParentTypeId><TypeFieldId>12</TypeFieldId><FieldName>Line_Total_with_tax</FieldName><WFType>10</WFType><TypeId>0</TypeId><Unbounded>N</Unbounded><ExtensionTypeId>0</ExtensionTypeId>
	</RowData>
	<RowData><ProcessDefId>1</ProcessDefId><ParentTypeId>3</ParentTypeId><TypeFieldId>13</TypeFieldId><FieldName>UOM</FieldName><WFType>10</WFType><TypeId>0</TypeId><Unbounded>N</Unbounded><ExtensionTypeId>0</ExtensionTypeId>
	</RowData>
	<RowData><ProcessDefId>1</ProcessDefId><ParentTypeId>3</ParentTypeId><TypeFieldId>14</TypeFieldId><FieldName>Currency</FieldName><WFType>10</WFType><TypeId>0</TypeId><Unbounded>N</Unbounded><ExtensionTypeId>0</ExtensionTypeId>
	</RowData>
	<RowData><ProcessDefId>1</ProcessDefId><ParentTypeId>3</ParentTypeId><TypeFieldId>15</TypeFieldId><FieldName>PO_Creation_Date</FieldName><WFType>10</WFType><TypeId>0</TypeId><Unbounded>N</Unbounded><ExtensionTypeId>0</ExtensionTypeId>
	</RowData>
	<RowData><ProcessDefId>1</ProcessDefId><ParentTypeId>4</ParentTypeId><TypeFieldId>1</TypeFieldId><FieldName>PO_ITEM</FieldName><WFType>3</WFType><TypeId>0</TypeId><Unbounded>N</Unbounded><ExtensionTypeId>0</ExtensionTypeId>
	</RowData>
	<RowData><ProcessDefId>1</ProcessDefId><ParentTypeId>4</ParentTypeId><TypeFieldId>2</TypeFieldId><FieldName>SERIAL_NO</FieldName><WFType>3</WFType><TypeId>0</TypeId><Unbounded>N</Unbounded><ExtensionTypeId>0</ExtensionTypeId>
	</RowData>
	<RowData><ProcessDefId>1</ProcessDefId><ParentTypeId>4</ParentTypeId><TypeFieldId>3</TypeFieldId><FieldName>PROCESS_ID</FieldName><WFType>10</WFType><TypeId>0</TypeId><Unbounded>N</Unbounded><ExtensionTypeId>0</ExtensionTypeId>
	</RowData>
	<RowData><ProcessDefId>1</ProcessDefId><ParentTypeId>4</ParentTypeId><TypeFieldId>4</TypeFieldId><FieldName>DOC_YEAR</FieldName><WFType>3</WFType><TypeId>0</TypeId><Unbounded>N</Unbounded><ExtensionTypeId>0</ExtensionTypeId>
	</RowData>
	<RowData><ProcessDefId>1</ProcessDefId><ParentTypeId>4</ParentTypeId><TypeFieldId>5</TypeFieldId><FieldName>MAT_DOC</FieldName><WFType>10</WFType><TypeId>0</TypeId><Unbounded>N</Unbounded><ExtensionTypeId>0</ExtensionTypeId>
	</RowData>
	<RowData><ProcessDefId>1</ProcessDefId><ParentTypeId>4</ParentTypeId><TypeFieldId>6</TypeFieldId><FieldName>MATDOC_ITM</FieldName><WFType>3</WFType><TypeId>0</TypeId><Unbounded>N</Unbounded><ExtensionTypeId>0</ExtensionTypeId>
	</RowData>
	<RowData><ProcessDefId>1</ProcessDefId><ParentTypeId>4</ParentTypeId><TypeFieldId>7</TypeFieldId><FieldName>HIST_TYPE</FieldName><WFType>10</WFType><TypeId>0</TypeId><Unbounded>N</Unbounded><ExtensionTypeId>0</ExtensionTypeId>
	</RowData>
	<RowData><ProcessDefId>1</ProcessDefId><ParentTypeId>4</ParentTypeId><TypeFieldId>8</TypeFieldId><FieldName>MOVE_TYPE</FieldName><WFType>10</WFType><TypeId>0</TypeId><Unbounded>N</Unbounded><ExtensionTypeId>0</ExtensionTypeId>
	</RowData>
	<RowData><ProcessDefId>1</ProcessDefId><ParentTypeId>4</ParentTypeId><TypeFieldId>9</TypeFieldId><FieldName>PSTNG_DATE</FieldName><WFType>8</WFType><TypeId>0</TypeId><Unbounded>N</Unbounded><ExtensionTypeId>0</ExtensionTypeId>
	</RowData>
	<RowData><ProcessDefId>1</ProcessDefId><ParentTypeId>4</ParentTypeId><TypeFieldId>10</TypeFieldId><FieldName>QUANTITY</FieldName><WFType>10</WFType><TypeId>0</TypeId><Unbounded>N</Unbounded><ExtensionTypeId>0</ExtensionTypeId>
	</RowData>
	<RowData><ProcessDefId>1</ProcessDefId><ParentTypeId>4</ParentTypeId><TypeFieldId>11</TypeFieldId><FieldName>VAL_LOCCUR</FieldName><WFType>10</WFType><TypeId>0</TypeId><Unbounded>N</Unbounded><ExtensionTypeId>0</ExtensionTypeId>
	</RowData>
	<RowData><ProcessDefId>1</ProcessDefId><ParentTypeId>4</ParentTypeId><TypeFieldId>12</TypeFieldId><FieldName>VAL_FORCUR</FieldName><WFType>10</WFType><TypeId>0</TypeId><Unbounded>N</Unbounded><ExtensionTypeId>0</ExtensionTypeId>
	</RowData>
	<RowData><ProcessDefId>1</ProcessDefId><ParentTypeId>4</ParentTypeId><TypeFieldId>13</TypeFieldId><FieldName>CURRENCY</FieldName><WFType>10</WFType><TypeId>0</TypeId><Unbounded>N</Unbounded><ExtensionTypeId>0</ExtensionTypeId>
	</RowData>
	<RowData><ProcessDefId>1</ProcessDefId><ParentTypeId>4</ParentTypeId><TypeFieldId>14</TypeFieldId><FieldName>CL_VAL_LOC</FieldName><WFType>10</WFType><TypeId>0</TypeId><Unbounded>N</Unbounded><ExtensionTypeId>0</ExtensionTypeId>
	</RowData>
	<RowData><ProcessDefId>1</ProcessDefId><ParentTypeId>4</ParentTypeId><TypeFieldId>15</TypeFieldId><FieldName>BLOCKED_QY</FieldName><WFType>10</WFType><TypeId>0</TypeId><Unbounded>N</Unbounded><ExtensionTypeId>0</ExtensionTypeId>
	</RowData>
	<RowData><ProcessDefId>1</ProcessDefId><ParentTypeId>4</ParentTypeId><TypeFieldId>16</TypeFieldId><FieldName>BL_QTY</FieldName><WFType>10</WFType><TypeId>0</TypeId><Unbounded>N</Unbounded><ExtensionTypeId>0</ExtensionTypeId>
	</RowData>
	<RowData><ProcessDefId>1</ProcessDefId><ParentTypeId>4</ParentTypeId><TypeFieldId>17</TypeFieldId><FieldName>DB_CR_IND</FieldName><WFType>10</WFType><TypeId>0</TypeId><Unbounded>N</Unbounded><ExtensionTypeId>0</ExtensionTypeId>
	</RowData>
	<RowData><ProcessDefId>1</ProcessDefId><ParentTypeId>4</ParentTypeId><TypeFieldId>18</TypeFieldId><FieldName>VAL_TYPE</FieldName><WFType>10</WFType><TypeId>0</TypeId><Unbounded>N</Unbounded><ExtensionTypeId>0</ExtensionTypeId>
	</RowData>
	<RowData><ProcessDefId>1</ProcessDefId><ParentTypeId>4</ParentTypeId><TypeFieldId>19</TypeFieldId><FieldName>NO_MORE_GR</FieldName><WFType>10</WFType><TypeId>0</TypeId><Unbounded>N</Unbounded><ExtensionTypeId>0</ExtensionTypeId>
	</RowData>
	<RowData><ProcessDefId>1</ProcessDefId><ParentTypeId>4</ParentTypeId><TypeFieldId>20</TypeFieldId><FieldName>REF_DOC_NO</FieldName><WFType>10</WFType><TypeId>0</TypeId><Unbounded>N</Unbounded><ExtensionTypeId>0</ExtensionTypeId>
	</RowData>
	<RowData><ProcessDefId>1</ProcessDefId><ParentTypeId>4</ParentTypeId><TypeFieldId>21</TypeFieldId><FieldName>REF_DOC_YR</FieldName><WFType>3</WFType><TypeId>0</TypeId><Unbounded>N</Unbounded><ExtensionTypeId>0</ExtensionTypeId>
	</RowData>
	<RowData><ProcessDefId>1</ProcessDefId><ParentTypeId>4</ParentTypeId><TypeFieldId>22</TypeFieldId><FieldName>REF_DOC</FieldName><WFType>10</WFType><TypeId>0</TypeId><Unbounded>N</Unbounded><ExtensionTypeId>0</ExtensionTypeId>
	</RowData>
	<RowData><ProcessDefId>1</ProcessDefId><ParentTypeId>4</ParentTypeId><TypeFieldId>23</TypeFieldId><FieldName>REF_DOC_IT</FieldName><WFType>3</WFType><TypeId>0</TypeId><Unbounded>N</Unbounded><ExtensionTypeId>0</ExtensionTypeId>
	</RowData>
	<RowData><ProcessDefId>1</ProcessDefId><ParentTypeId>4</ParentTypeId><TypeFieldId>24</TypeFieldId><FieldName>MOVE_REAS</FieldName><WFType>3</WFType><TypeId>0</TypeId><Unbounded>N</Unbounded><ExtensionTypeId>0</ExtensionTypeId>
	</RowData>
	<RowData><ProcessDefId>1</ProcessDefId><ParentTypeId>4</ParentTypeId><TypeFieldId>25</TypeFieldId><FieldName>ENTRY_DATE</FieldName><WFType>8</WFType><TypeId>0</TypeId><Unbounded>N</Unbounded><ExtensionTypeId>0</ExtensionTypeId>
	</RowData>
	<RowData><ProcessDefId>1</ProcessDefId><ParentTypeId>4</ParentTypeId><TypeFieldId>26</TypeFieldId><FieldName>ENTRY_TIME</FieldName><WFType>10</WFType><TypeId>0</TypeId><Unbounded>N</Unbounded><ExtensionTypeId>0</ExtensionTypeId>
	</RowData>
	<RowData><ProcessDefId>1</ProcessDefId><ParentTypeId>4</ParentTypeId><TypeFieldId>27</TypeFieldId><FieldName>IVVAL_LOC</FieldName><WFType>10</WFType><TypeId>0</TypeId><Unbounded>N</Unbounded><ExtensionTypeId>0</ExtensionTypeId>
	</RowData>
	<RowData><ProcessDefId>1</ProcessDefId><ParentTypeId>4</ParentTypeId><TypeFieldId>28</TypeFieldId><FieldName>IVVAL_FOR</FieldName><WFType>10</WFType><TypeId>0</TypeId><Unbounded>N</Unbounded><ExtensionTypeId>0</ExtensionTypeId>
	</RowData>
	<RowData><ProcessDefId>1</ProcessDefId><ParentTypeId>4</ParentTypeId><TypeFieldId>29</TypeFieldId><FieldName>MATERIAL</FieldName><WFType>10</WFType><TypeId>0</TypeId><Unbounded>N</Unbounded><ExtensionTypeId>0</ExtensionTypeId>
	</RowData>
	<RowData><ProcessDefId>1</ProcessDefId><ParentTypeId>4</ParentTypeId><TypeFieldId>30</TypeFieldId><FieldName>PLANT</FieldName><WFType>10</WFType><TypeId>0</TypeId><Unbounded>N</Unbounded><ExtensionTypeId>0</ExtensionTypeId>
	</RowData>
	<RowData><ProcessDefId>1</ProcessDefId><ParentTypeId>4</ParentTypeId><TypeFieldId>31</TypeFieldId><FieldName>CONF_SER</FieldName><WFType>3</WFType><TypeId>0</TypeId><Unbounded>N</Unbounded><ExtensionTypeId>0</ExtensionTypeId>
	</RowData>
	<RowData><ProcessDefId>1</ProcessDefId><ParentTypeId>4</ParentTypeId><TypeFieldId>32</TypeFieldId><FieldName>CONDITION</FieldName><WFType>10</WFType><TypeId>0</TypeId><Unbounded>N</Unbounded><ExtensionTypeId>0</ExtensionTypeId>
	</RowData>
	<RowData><ProcessDefId>1</ProcessDefId><ParentTypeId>4</ParentTypeId><TypeFieldId>33</TypeFieldId><FieldName>TAX_CODE</FieldName><WFType>10</WFType><TypeId>0</TypeId><Unbounded>N</Unbounded><ExtensionTypeId>0</ExtensionTypeId>
	</RowData>
	<RowData><ProcessDefId>1</ProcessDefId><ParentTypeId>4</ParentTypeId><TypeFieldId>34</TypeFieldId><FieldName>DELIV_QTY</FieldName><WFType>10</WFType><TypeId>0</TypeId><Unbounded>N</Unbounded><ExtensionTypeId>0</ExtensionTypeId>
	</RowData>
	<RowData><ProcessDefId>1</ProcessDefId><ParentTypeId>4</ParentTypeId><TypeFieldId>35</TypeFieldId><FieldName>DELIV_UNIT</FieldName><WFType>10</WFType><TypeId>0</TypeId><Unbounded>N</Unbounded><ExtensionTypeId>0</ExtensionTypeId>
	</RowData>
	<RowData><ProcessDefId>1</ProcessDefId><ParentTypeId>4</ParentTypeId><TypeFieldId>36</TypeFieldId><FieldName>PUR_MAT</FieldName><WFType>10</WFType><TypeId>0</TypeId><Unbounded>N</Unbounded><ExtensionTypeId>0</ExtensionTypeId>
	</RowData>
	<RowData><ProcessDefId>1</ProcessDefId><ParentTypeId>4</ParentTypeId><TypeFieldId>37</TypeFieldId><FieldName>LOC_CURR</FieldName><WFType>10</WFType><TypeId>0</TypeId><Unbounded>N</Unbounded><ExtensionTypeId>0</ExtensionTypeId>
	</RowData>
	<RowData><ProcessDefId>1</ProcessDefId><ParentTypeId>4</ParentTypeId><TypeFieldId>38</TypeFieldId><FieldName>BATCH</FieldName><WFType>10</WFType><TypeId>0</TypeId><Unbounded>N</Unbounded><ExtensionTypeId>0</ExtensionTypeId>
	</RowData>
	<RowData><ProcessDefId>1</ProcessDefId><ParentTypeId>4</ParentTypeId><TypeFieldId>39</TypeFieldId><FieldName>DOC_DATE</FieldName><WFType>8</WFType><TypeId>0</TypeId><Unbounded>N</Unbounded><ExtensionTypeId>0</ExtensionTypeId>
	</RowData>
	<RowData><ProcessDefId>1</ProcessDefId><ParentTypeId>4</ParentTypeId><TypeFieldId>40</TypeFieldId><FieldName>CURRENCY_ISO</FieldName><WFType>10</WFType><TypeId>0</TypeId><Unbounded>N</Unbounded><ExtensionTypeId>0</ExtensionTypeId>
	</RowData>
	<RowData><ProcessDefId>1</ProcessDefId><ParentTypeId>4</ParentTypeId><TypeFieldId>41</TypeFieldId><FieldName>LOC_CURR_ISO</FieldName><WFType>10</WFType><TypeId>0</TypeId><Unbounded>N</Unbounded><ExtensionTypeId>0</ExtensionTypeId>
	</RowData>
	<RowData><ProcessDefId>1</ProcessDefId><ParentTypeId>4</ParentTypeId><TypeFieldId>42</TypeFieldId><FieldName>DELIV_UNIT_ISO</FieldName><WFType>10</WFType><TypeId>0</TypeId><Unbounded>N</Unbounded><ExtensionTypeId>0</ExtensionTypeId>
	</RowData>
	<RowData><ProcessDefId>1</ProcessDefId><ParentTypeId>4</ParentTypeId><TypeFieldId>43</TypeFieldId><FieldName>MATERIAL_EXTERNAL</FieldName><WFType>10</WFType><TypeId>0</TypeId><Unbounded>N</Unbounded><ExtensionTypeId>0</ExtensionTypeId>
	</RowData>
	<RowData><ProcessDefId>1</ProcessDefId><ParentTypeId>4</ParentTypeId><TypeFieldId>44</TypeFieldId><FieldName>MATERIAL_GUID</FieldName><WFType>10</WFType><TypeId>0</TypeId><Unbounded>N</Unbounded><ExtensionTypeId>0</ExtensionTypeId>
	</RowData>
	<RowData><ProcessDefId>1</ProcessDefId><ParentTypeId>4</ParentTypeId><TypeFieldId>45</TypeFieldId><FieldName>MATERIAL_VERSION</FieldName><WFType>10</WFType><TypeId>0</TypeId><Unbounded>N</Unbounded><ExtensionTypeId>0</ExtensionTypeId>
	</RowData>
	<RowData><ProcessDefId>1</ProcessDefId><ParentTypeId>4</ParentTypeId><TypeFieldId>46</TypeFieldId><FieldName>PUR_MAT_EXTERNAL</FieldName><WFType>10</WFType><TypeId>0</TypeId><Unbounded>N</Unbounded><ExtensionTypeId>0</ExtensionTypeId>
	</RowData>
	<RowData><ProcessDefId>1</ProcessDefId><ParentTypeId>4</ParentTypeId><TypeFieldId>47</TypeFieldId><FieldName>PUR_MAT_GUID</FieldName><WFType>10</WFType><TypeId>0</TypeId><Unbounded>N</Unbounded><ExtensionTypeId>0</ExtensionTypeId>
	</RowData>
	<RowData><ProcessDefId>1</ProcessDefId><ParentTypeId>4</ParentTypeId><TypeFieldId>48</TypeFieldId><FieldName>PUR_MAT_VERSION</FieldName><WFType>10</WFType><TypeId>0</TypeId><Unbounded>N</Unbounded><ExtensionTypeId>0</ExtensionTypeId>
	</RowData>
	<RowData><ProcessDefId>1</ProcessDefId><ParentTypeId>4</ParentTypeId><TypeFieldId>49</TypeFieldId><FieldName>REF_DOC_NO_LONG</FieldName><WFType>10</WFType><TypeId>0</TypeId><Unbounded>N</Unbounded><ExtensionTypeId>0</ExtensionTypeId>
	</RowData>
	<RowData><ProcessDefId>1</ProcessDefId><ParentTypeId>4</ParentTypeId><TypeFieldId>50</TypeFieldId><FieldName>STK_SEGMENT</FieldName><WFType>10</WFType><TypeId>0</TypeId><Unbounded>N</Unbounded><ExtensionTypeId>0</ExtensionTypeId>
	</RowData>
	<RowData><ProcessDefId>1</ProcessDefId><ParentTypeId>5</ParentTypeId><TypeFieldId>1</TypeFieldId><FieldName>PO_NUMBER</FieldName><WFType>10</WFType><TypeId>0</TypeId><Unbounded>N</Unbounded><ExtensionTypeId>0</ExtensionTypeId>
	</RowData>
	<RowData><ProcessDefId>1</ProcessDefId><ParentTypeId>5</ParentTypeId><TypeFieldId>2</TypeFieldId><FieldName>PO_ITEM</FieldName><WFType>3</WFType><TypeId>0</TypeId><Unbounded>N</Unbounded><ExtensionTypeId>0</ExtensionTypeId>
	</RowData>
	<RowData><ProcessDefId>1</ProcessDefId><ParentTypeId>5</ParentTypeId><TypeFieldId>3</TypeFieldId><FieldName>DELETE_IND</FieldName><WFType>10</WFType><TypeId>0</TypeId><Unbounded>N</Unbounded><ExtensionTypeId>0</ExtensionTypeId>
	</RowData>
	<RowData><ProcessDefId>1</ProcessDefId><ParentTypeId>5</ParentTypeId><TypeFieldId>4</TypeFieldId><FieldName>STATUS</FieldName><WFType>10</WFType><TypeId>0</TypeId><Unbounded>N</Unbounded><ExtensionTypeId>0</ExtensionTypeId>
	</RowData>
	<RowData><ProcessDefId>1</ProcessDefId><ParentTypeId>5</ParentTypeId><TypeFieldId>5</TypeFieldId><FieldName>CHANGED_ON</FieldName><WFType>8</WFType><TypeId>0</TypeId><Unbounded>N</Unbounded><ExtensionTypeId>0</ExtensionTypeId>
	</RowData>
	<RowData><ProcessDefId>1</ProcessDefId><ParentTypeId>5</ParentTypeId><TypeFieldId>6</TypeFieldId><FieldName>SHORT_TEXT</FieldName><WFType>10</WFType><TypeId>0</TypeId><Unbounded>N</Unbounded><ExtensionTypeId>0</ExtensionTypeId>
	</RowData>
	<RowData><ProcessDefId>1</ProcessDefId><ParentTypeId>5</ParentTypeId><TypeFieldId>7</TypeFieldId><FieldName>MATERIAL</FieldName><WFType>10</WFType><TypeId>0</TypeId><Unbounded>N</Unbounded><ExtensionTypeId>0</ExtensionTypeId>
	</RowData>
	<RowData><ProcessDefId>1</ProcessDefId><ParentTypeId>5</ParentTypeId><TypeFieldId>8</TypeFieldId><FieldName>PUR_MAT</FieldName><WFType>10</WFType><TypeId>0</TypeId><Unbounded>N</Unbounded><ExtensionTypeId>0</ExtensionTypeId>
	</RowData>
	<RowData><ProcessDefId>1</ProcessDefId><ParentTypeId>5</ParentTypeId><TypeFieldId>9</TypeFieldId><FieldName>CO_CODE</FieldName><WFType>10</WFType><TypeId>0</TypeId><Unbounded>N</Unbounded><ExtensionTypeId>0</ExtensionTypeId>
	</RowData>
	<RowData><ProcessDefId>1</ProcessDefId><ParentTypeId>5</ParentTypeId><TypeFieldId>10</TypeFieldId><FieldName>PLANT</FieldName><WFType>10</WFType><TypeId>0</TypeId><Unbounded>N</Unbounded><ExtensionTypeId>0</ExtensionTypeId>
	</RowData>
	<RowData><ProcessDefId>1</ProcessDefId><ParentTypeId>5</ParentTypeId><TypeFieldId>11</TypeFieldId><FieldName>STORE_LOC</FieldName><WFType>10</WFType><TypeId>0</TypeId><Unbounded>N</Unbounded><ExtensionTypeId>0</ExtensionTypeId>
	</RowData>
	<RowData><ProcessDefId>1</ProcessDefId><ParentTypeId>5</ParentTypeId><TypeFieldId>12</TypeFieldId><FieldName>TRACKINGNO</FieldName><WFType>10</WFType><TypeId>0</TypeId><Unbounded>N</Unbounded><ExtensionTypeId>0</ExtensionTypeId>
	</RowData>
	<RowData><ProcessDefId>1</ProcessDefId><ParentTypeId>5</ParentTypeId><TypeFieldId>13</TypeFieldId><FieldName>MAT_GRP</FieldName><WFType>10</WFType><TypeId>0</TypeId><Unbounded>N</Unbounded><ExtensionTypeId>0</ExtensionTypeId>
	</RowData>
	<RowData><ProcessDefId>1</ProcessDefId><ParentTypeId>5</ParentTypeId><TypeFieldId>14</TypeFieldId><FieldName>INFO_REC</FieldName><WFType>10</WFType><TypeId>0</TypeId><Unbounded>N</Unbounded><ExtensionTypeId>0</ExtensionTypeId>
	</RowData>
	<RowData><ProcessDefId>1</ProcessDefId><ParentTypeId>5</ParentTypeId><TypeFieldId>15</TypeFieldId><FieldName>VEND_MAT</FieldName><WFType>10</WFType><TypeId>0</TypeId><Unbounded>N</Unbounded><ExtensionTypeId>0</ExtensionTypeId>
	</RowData>
	<RowData><ProcessDefId>1</ProcessDefId><ParentTypeId>5</ParentTypeId><TypeFieldId>16</TypeFieldId><FieldName>TARGET_QTY</FieldName><WFType>10</WFType><TypeId>0</TypeId><Unbounded>N</Unbounded><ExtensionTypeId>0</ExtensionTypeId>
	</RowData>
	<RowData><ProcessDefId>1</ProcessDefId><ParentTypeId>5</ParentTypeId><TypeFieldId>17</TypeFieldId><FieldName>QUANTITY</FieldName><WFType>10</WFType><TypeId>0</TypeId><Unbounded>N</Unbounded><ExtensionTypeId>0</ExtensionTypeId>
	</RowData>
	<RowData><ProcessDefId>1</ProcessDefId><ParentTypeId>5</ParentTypeId><TypeFieldId>18</TypeFieldId><FieldName>UNIT</FieldName><WFType>10</WFType><TypeId>0</TypeId><Unbounded>N</Unbounded><ExtensionTypeId>0</ExtensionTypeId>
	</RowData>
	<RowData><ProcessDefId>1</ProcessDefId><ParentTypeId>5</ParentTypeId><TypeFieldId>19</TypeFieldId><FieldName>ORDERPR_UN</FieldName><WFType>10</WFType><TypeId>0</TypeId><Unbounded>N</Unbounded><ExtensionTypeId>0</ExtensionTypeId>
	</RowData>
	<RowData><ProcessDefId>1</ProcessDefId><ParentTypeId>5</ParentTypeId><TypeFieldId>20</TypeFieldId><FieldName>CONV_NUM1</FieldName><WFType>10</WFType><TypeId>0</TypeId><Unbounded>N</Unbounded><ExtensionTypeId>0</ExtensionTypeId>
	</RowData>
	<RowData><ProcessDefId>1</ProcessDefId><ParentTypeId>5</ParentTypeId><TypeFieldId>21</TypeFieldId><FieldName>CONV_DEN1</FieldName><WFType>10</WFType><TypeId>0</TypeId><Unbounded>N</Unbounded><ExtensionTypeId>0</ExtensionTypeId>
	</RowData>
	<RowData><ProcessDefId>1</ProcessDefId><ParentTypeId>5</ParentTypeId><TypeFieldId>22</TypeFieldId><FieldName>CONV_NUM2</FieldName><WFType>10</WFType><TypeId>0</TypeId><Unbounded>N</Unbounded><ExtensionTypeId>0</ExtensionTypeId>
	</RowData>
	<RowData><ProcessDefId>1</ProcessDefId><ParentTypeId>5</ParentTypeId><TypeFieldId>23</TypeFieldId><FieldName>CONV_DEN2</FieldName><WFType>10</WFType><TypeId>0</TypeId><Unbounded>N</Unbounded><ExtensionTypeId>0</ExtensionTypeId>
	</RowData>
	<RowData><ProcessDefId>1</ProcessDefId><ParentTypeId>5</ParentTypeId><TypeFieldId>24</TypeFieldId><FieldName>NET_PRICE</FieldName><WFType>10</WFType><TypeId>0</TypeId><Unbounded>N</Unbounded><ExtensionTypeId>0</ExtensionTypeId>
	</RowData>
	<RowData><ProcessDefId>1</ProcessDefId><ParentTypeId>5</ParentTypeId><TypeFieldId>25</TypeFieldId><FieldName>PRICE_UNIT</FieldName><WFType>10</WFType><TypeId>0</TypeId><Unbounded>N</Unbounded><ExtensionTypeId>0</ExtensionTypeId>
	</RowData>
	<RowData><ProcessDefId>1</ProcessDefId><ParentTypeId>5</ParentTypeId><TypeFieldId>26</TypeFieldId><FieldName>NET_VALUE</FieldName><WFType>10</WFType><TypeId>0</TypeId><Unbounded>N</Unbounded><ExtensionTypeId>0</ExtensionTypeId>
	</RowData>
	<RowData><ProcessDefId>1</ProcessDefId><ParentTypeId>5</ParentTypeId><TypeFieldId>27</TypeFieldId><FieldName>GROS_VALUE</FieldName><WFType>10</WFType><TypeId>0</TypeId><Unbounded>N</Unbounded><ExtensionTypeId>0</ExtensionTypeId>
	</RowData>
	<RowData><ProcessDefId>1</ProcessDefId><ParentTypeId>5</ParentTypeId><TypeFieldId>28</TypeFieldId><FieldName>QUOT_DEAD</FieldName><WFType>8</WFType><TypeId>0</TypeId><Unbounded>N</Unbounded><ExtensionTypeId>0</ExtensionTypeId>
	</RowData>
	<RowData><ProcessDefId>1</ProcessDefId><ParentTypeId>5</ParentTypeId><TypeFieldId>29</TypeFieldId><FieldName>GR_PR_TIME</FieldName><WFType>10</WFType><TypeId>0</TypeId><Unbounded>N</Unbounded><ExtensionTypeId>0</ExtensionTypeId>
	</RowData>
	<RowData><ProcessDefId>1</ProcessDefId><ParentTypeId>5</ParentTypeId><TypeFieldId>30</TypeFieldId><FieldName>TAX_CODE</FieldName><WFType>10</WFType><TypeId>0</TypeId><Unbounded>N</Unbounded><ExtensionTypeId>0</ExtensionTypeId>
	</RowData>
	<RowData><ProcessDefId>1</ProcessDefId><ParentTypeId>5</ParentTypeId><TypeFieldId>31</TypeFieldId><FieldName>SETT_GRP1</FieldName><WFType>10</WFType><TypeId>0</TypeId><Unbounded>N</Unbounded><ExtensionTypeId>0</ExtensionTypeId>
	</RowData>
	<RowData><ProcessDefId>1</ProcessDefId><ParentTypeId>5</ParentTypeId><TypeFieldId>32</TypeFieldId><FieldName>QUAL_INSP</FieldName><WFType>10</WFType><TypeId>0</TypeId><Unbounded>N</Unbounded><ExtensionTypeId>0</ExtensionTypeId>
	</RowData>
	<RowData><ProcessDefId>1</ProcessDefId><ParentTypeId>5</ParentTypeId><TypeFieldId>33</TypeFieldId><FieldName>INFO_UPD</FieldName><WFType>10</WFType><TypeId>0</TypeId><Unbounded>N</Unbounded><ExtensionTypeId>0</ExtensionTypeId>
	</RowData>
	<RowData><ProcessDefId>1</ProcessDefId><ParentTypeId>5</ParentTypeId><TypeFieldId>34</TypeFieldId><FieldName>PRNT_PRICE</FieldName><WFType>10</WFType><TypeId>0</TypeId><Unbounded>N</Unbounded><ExtensionTypeId>0</ExtensionTypeId>
	</RowData>
	<RowData><ProcessDefId>1</ProcessDefId><ParentTypeId>5</ParentTypeId><TypeFieldId>35</TypeFieldId><FieldName>EST_PRICE</FieldName><WFType>10</WFType><TypeId>0</TypeId><Unbounded>N</Unbounded><ExtensionTypeId>0</ExtensionTypeId>
	</RowData>
	<RowData><ProcessDefId>1</ProcessDefId><ParentTypeId>5</ParentTypeId><TypeFieldId>36</TypeFieldId><FieldName>NUM_REMIND</FieldName><WFType>10</WFType><TypeId>0</TypeId><Unbounded>N</Unbounded><ExtensionTypeId>0</ExtensionTypeId>
	</RowData>
	<RowData><ProcessDefId>1</ProcessDefId><ParentTypeId>5</ParentTypeId><TypeFieldId>37</TypeFieldId><FieldName>REMINDER1</FieldName><WFType>10</WFType><TypeId>0</TypeId><Unbounded>N</Unbounded><ExtensionTypeId>0</ExtensionTypeId>
	</RowData>
	<RowData><ProcessDefId>1</ProcessDefId><ParentTypeId>5</ParentTypeId><TypeFieldId>38</TypeFieldId><FieldName>REMINDER2</FieldName><WFType>10</WFType><TypeId>0</TypeId><Unbounded>N</Unbounded><ExtensionTypeId>0</ExtensionTypeId>
	</RowData>
	<RowData><ProcessDefId>1</ProcessDefId><ParentTypeId>5</ParentTypeId><TypeFieldId>39</TypeFieldId><FieldName>REMINDER3</FieldName><WFType>10</WFType><TypeId>0</TypeId><Unbounded>N</Unbounded><ExtensionTypeId>0</ExtensionTypeId>
	</RowData>
	<RowData><ProcessDefId>1</ProcessDefId><ParentTypeId>5</ParentTypeId><TypeFieldId>40</TypeFieldId><FieldName>OVERDELTOL</FieldName><WFType>10</WFType><TypeId>0</TypeId><Unbounded>N</Unbounded><ExtensionTypeId>0</ExtensionTypeId>
	</RowData>
	<RowData><ProcessDefId>1</ProcessDefId><ParentTypeId>5</ParentTypeId><TypeFieldId>41</TypeFieldId><FieldName>UNLIMITED</FieldName><WFType>10</WFType><TypeId>0</TypeId><Unbounded>N</Unbounded><ExtensionTypeId>0</ExtensionTypeId>
	</RowData>
	<RowData><ProcessDefId>1</ProcessDefId><ParentTypeId>5</ParentTypeId><TypeFieldId>42</TypeFieldId><FieldName>UNDER_TOL</FieldName><WFType>10</WFType><TypeId>0</TypeId><Unbounded>N</Unbounded><ExtensionTypeId>0</ExtensionTypeId>
	</RowData>
	<RowData><ProcessDefId>1</ProcessDefId><ParentTypeId>5</ParentTypeId><TypeFieldId>43</TypeFieldId><FieldName>VAL_TYPE</FieldName><WFType>10</WFType><TypeId>0</TypeId><Unbounded>N</Unbounded><ExtensionTypeId>0</ExtensionTypeId>
	</RowData>
	<RowData><ProcessDefId>1</ProcessDefId><ParentTypeId>5</ParentTypeId><TypeFieldId>44</TypeFieldId><FieldName>VAL_CAT</FieldName><WFType>10</WFType><TypeId>0</TypeId><Unbounded>N</Unbounded><ExtensionTypeId>0</ExtensionTypeId>
	</RowData>
	<RowData><ProcessDefId>1</ProcessDefId><ParentTypeId>5</ParentTypeId><TypeFieldId>45</TypeFieldId><FieldName>REJ_IND</FieldName><WFType>10</WFType><TypeId>0</TypeId><Unbounded>N</Unbounded><ExtensionTypeId>0</ExtensionTypeId>
	</RowData>
	<RowData><ProcessDefId>1</ProcessDefId><ParentTypeId>5</ParentTypeId><TypeFieldId>46</TypeFieldId><FieldName>COMMENT</FieldName><WFType>10</WFType><TypeId>0</TypeId><Unbounded>N</Unbounded><ExtensionTypeId>0</ExtensionTypeId>
	</RowData>
	<RowData><ProcessDefId>1</ProcessDefId><ParentTypeId>5</ParentTypeId><TypeFieldId>47</TypeFieldId><FieldName>DEL_COMPL</FieldName><WFType>10</WFType><TypeId>0</TypeId><Unbounded>N</Unbounded><ExtensionTypeId>0</ExtensionTypeId>
	</RowData>
	<RowData><ProcessDefId>1</ProcessDefId><ParentTypeId>5</ParentTypeId><TypeFieldId>48</TypeFieldId><FieldName>FINAL_INV</FieldName><WFType>10</WFType><TypeId>0</TypeId><Unbounded>N</Unbounded><ExtensionTypeId>0</ExtensionTypeId>
	</RowData>
	<RowData><ProcessDefId>1</ProcessDefId><ParentTypeId>5</ParentTypeId><TypeFieldId>49</TypeFieldId><FieldName>ITEM_CAT</FieldName><WFType>10</WFType><TypeId>0</TypeId><Unbounded>N</Unbounded><ExtensionTypeId>0</ExtensionTypeId>
	</RowData>
	<RowData><ProcessDefId>1</ProcessDefId><ParentTypeId>5</ParentTypeId><TypeFieldId>50</TypeFieldId><FieldName>ACCTASSCAT</FieldName><WFType>10</WFType><TypeId>0</TypeId><Unbounded>N</Unbounded><ExtensionTypeId>0</ExtensionTypeId>
	</RowData>
	<RowData><ProcessDefId>1</ProcessDefId><ParentTypeId>5</ParentTypeId><TypeFieldId>51</TypeFieldId><FieldName>CONSUMPT</FieldName><WFType>10</WFType><TypeId>0</TypeId><Unbounded>N</Unbounded><ExtensionTypeId>0</ExtensionTypeId>
	</RowData>
	<RowData><ProcessDefId>1</ProcessDefId><ParentTypeId>5</ParentTypeId><TypeFieldId>52</TypeFieldId><FieldName>DISTRIB</FieldName><WFType>10</WFType><TypeId>0</TypeId><Unbounded>N</Unbounded><ExtensionTypeId>0</ExtensionTypeId>
	</RowData>
	<RowData><ProcessDefId>1</ProcessDefId><ParentTypeId>5</ParentTypeId><TypeFieldId>53</TypeFieldId><FieldName>PART_INV</FieldName><WFType>10</WFType><TypeId>0</TypeId><Unbounded>N</Unbounded><ExtensionTypeId>0</ExtensionTypeId>
	</RowData>
	<RowData><ProcessDefId>1</ProcessDefId><ParentTypeId>5</ParentTypeId><TypeFieldId>54</TypeFieldId><FieldName>GR_IND</FieldName><WFType>10</WFType><TypeId>0</TypeId><Unbounded>N</Unbounded><ExtensionTypeId>0</ExtensionTypeId>
	</RowData>
	<RowData><ProcessDefId>1</ProcessDefId><ParentTypeId>5</ParentTypeId><TypeFieldId>55</TypeFieldId><FieldName>GR_NON_VAL</FieldName><WFType>10</WFType><TypeId>0</TypeId><Unbounded>N</Unbounded><ExtensionTypeId>0</ExtensionTypeId>
	</RowData>
</PMWTypeDefTable_1>