<PMWTypeDefTable>
	<RowData><ProcessDefId>1</ProcessDefId><ParentTypeId>1</ParentTypeId><TypeFieldId>1</TypeFieldId><FieldName>PO_ITEM</FieldName><WFType>3</WFType><TypeId>0</TypeId><Unbounded>N</Unbounded><ExtensionTypeId>0</ExtensionTypeId>
	</RowData>
	<RowData><ProcessDefId>1</ProcessDefId><ParentTypeId>1</ParentTypeId><TypeFieldId>2</TypeFieldId><FieldName>MATERIAL</FieldName><WFType>10</WFType><TypeId>0</TypeId><Unbounded>N</Unbounded><ExtensionTypeId>0</ExtensionTypeId>
	</RowData>
	<RowData><ProcessDefId>1</ProcessDefId><ParentTypeId>1</ParentTypeId><TypeFieldId>3</TypeFieldId><FieldName>PLANT</FieldName><WFType>10</WFType><TypeId>0</TypeId><Unbounded>N</Unbounded><ExtensionTypeId>0</ExtensionTypeId>
	</RowData>
	<RowData><ProcessDefId>1</ProcessDefId><ParentTypeId>1</ParentTypeId><TypeFieldId>4</TypeFieldId><FieldName>QUANTITY</FieldName><WFType>10</WFType><TypeId>0</TypeId><Unbounded>N</Unbounded><ExtensionTypeId>0</ExtensionTypeId>
	</RowData>
	<RowData><ProcessDefId>1</ProcessDefId><ParentTypeId>1</ParentTypeId><TypeFieldId>5</TypeFieldId><FieldName>PO_UNIT</FieldName><WFType>10</WFType><TypeId>0</TypeId><Unbounded>N</Unbounded><ExtensionTypeId>0</ExtensionTypeId>
	</RowData>
	<RowData><ProcessDefId>1</ProcessDefId><ParentTypeId>1</ParentTypeId><TypeFieldId>6</TypeFieldId><FieldName>NET_PRICE</FieldName><WFType>6</WFType><TypeId>0</TypeId><Unbounded>N</Unbounded><ExtensionTypeId>0</ExtensionTypeId>
	</RowData>
	<RowData><ProcessDefId>1</ProcessDefId><ParentTypeId>1</ParentTypeId><TypeFieldId>7</TypeFieldId><FieldName>PRICE_UNIT</FieldName><WFType>6</WFType><TypeId>0</TypeId><Unbounded>N</Unbounded><ExtensionTypeId>0</ExtensionTypeId>
	</RowData>
	<RowData><ProcessDefId>1</ProcessDefId><ParentTypeId>2</ParentTypeId><TypeFieldId>1</TypeFieldId><FieldName>PO_ITEM</FieldName><WFType>3</WFType><TypeId>0</TypeId><Unbounded>N</Unbounded><ExtensionTypeId>0</ExtensionTypeId>
	</RowData>
	<RowData><ProcessDefId>1</ProcessDefId><ParentTypeId>2</ParentTypeId><TypeFieldId>2</TypeFieldId><FieldName>DELETE_IND</FieldName><WFType>10</WFType><TypeId>0</TypeId><Unbounded>N</Unbounded><ExtensionTypeId>0</ExtensionTypeId>
	</RowData>
	<RowData><ProcessDefId>1</ProcessDefId><ParentTypeId>2</ParentTypeId><TypeFieldId>3</TypeFieldId><FieldName>SHORT_TEXT</FieldName><WFType>10</WFType><TypeId>0</TypeId><Unbounded>N</Unbounded><ExtensionTypeId>0</ExtensionTypeId>
	</RowData>
	<RowData><ProcessDefId>1</ProcessDefId><ParentTypeId>2</ParentTypeId><TypeFieldId>4</TypeFieldId><FieldName>MATERIAL</FieldName><WFType>10</WFType><TypeId>0</TypeId><Unbounded>N</Unbounded><ExtensionTypeId>0</ExtensionTypeId>
	</RowData>
	<RowData><ProcessDefId>1</ProcessDefId><ParentTypeId>2</ParentTypeId><TypeFieldId>5</TypeFieldId><FieldName>MATERIAL_EXTERNAL</FieldName><WFType>10</WFType><TypeId>0</TypeId><Unbounded>N</Unbounded><ExtensionTypeId>0</ExtensionTypeId>
	</RowData>
	<RowData><ProcessDefId>1</ProcessDefId><ParentTypeId>2</ParentTypeId><TypeFieldId>6</TypeFieldId><FieldName>MATERIAL_GUID</FieldName><WFType>10</WFType><TypeId>0</TypeId><Unbounded>N</Unbounded><ExtensionTypeId>0</ExtensionTypeId>
	</RowData>
	<RowData><ProcessDefId>1</ProcessDefId><ParentTypeId>2</ParentTypeId><TypeFieldId>7</TypeFieldId><FieldName>MATERIAL_VERSION</FieldName><WFType>10</WFType><TypeId>0</TypeId><Unbounded>N</Unbounded><ExtensionTypeId>0</ExtensionTypeId>
	</RowData>
	<RowData><ProcessDefId>1</ProcessDefId><ParentTypeId>2</ParentTypeId><TypeFieldId>8</TypeFieldId><FieldName>EMATERIAL</FieldName><WFType>10</WFType><TypeId>0</TypeId><Unbounded>N</Unbounded><ExtensionTypeId>0</ExtensionTypeId>
	</RowData>
	<RowData><ProcessDefId>1</ProcessDefId><ParentTypeId>2</ParentTypeId><TypeFieldId>9</TypeFieldId><FieldName>EMATERIAL_EXTERNAL</FieldName><WFType>10</WFType><TypeId>0</TypeId><Unbounded>N</Unbounded><ExtensionTypeId>0</ExtensionTypeId>
	</RowData>
	<RowData><ProcessDefId>1</ProcessDefId><ParentTypeId>2</ParentTypeId><TypeFieldId>10</TypeFieldId><FieldName>EMATERIAL_GUID</FieldName><WFType>10</WFType><TypeId>0</TypeId><Unbounded>N</Unbounded><ExtensionTypeId>0</ExtensionTypeId>
	</RowData>
	<RowData><ProcessDefId>1</ProcessDefId><ParentTypeId>2</ParentTypeId><TypeFieldId>11</TypeFieldId><FieldName>EMATERIAL_VERSION</FieldName><WFType>10</WFType><TypeId>0</TypeId><Unbounded>N</Unbounded><ExtensionTypeId>0</ExtensionTypeId>
	</RowData>
	<RowData><ProcessDefId>1</ProcessDefId><ParentTypeId>2</ParentTypeId><TypeFieldId>12</TypeFieldId><FieldName>PLANT</FieldName><WFType>10</WFType><TypeId>0</TypeId><Unbounded>N</Unbounded><ExtensionTypeId>0</ExtensionTypeId>
	</RowData>
	<RowData><ProcessDefId>1</ProcessDefId><ParentTypeId>2</ParentTypeId><TypeFieldId>13</TypeFieldId><FieldName>STGE_LOC</FieldName><WFType>10</WFType><TypeId>0</TypeId><Unbounded>N</Unbounded><ExtensionTypeId>0</ExtensionTypeId>
	</RowData>
	<RowData><ProcessDefId>1</ProcessDefId><ParentTypeId>2</ParentTypeId><TypeFieldId>14</TypeFieldId><FieldName>TRACKINGNO</FieldName><WFType>10</WFType><TypeId>0</TypeId><Unbounded>N</Unbounded><ExtensionTypeId>0</ExtensionTypeId>
	</RowData>
	<RowData><ProcessDefId>1</ProcessDefId><ParentTypeId>2</ParentTypeId><TypeFieldId>15</TypeFieldId><FieldName>MATL_GROUP</FieldName><WFType>10</WFType><TypeId>0</TypeId><Unbounded>N</Unbounded><ExtensionTypeId>0</ExtensionTypeId>
	</RowData>
	<RowData><ProcessDefId>1</ProcessDefId><ParentTypeId>2</ParentTypeId><TypeFieldId>16</TypeFieldId><FieldName>INFO_REC</FieldName><WFType>10</WFType><TypeId>0</TypeId><Unbounded>N</Unbounded><ExtensionTypeId>0</ExtensionTypeId>
	</RowData>
	<RowData><ProcessDefId>1</ProcessDefId><ParentTypeId>2</ParentTypeId><TypeFieldId>17</TypeFieldId><FieldName>VEND_MAT</FieldName><WFType>10</WFType><TypeId>0</TypeId><Unbounded>N</Unbounded><ExtensionTypeId>0</ExtensionTypeId>
	</RowData>
	<RowData><ProcessDefId>1</ProcessDefId><ParentTypeId>2</ParentTypeId><TypeFieldId>18</TypeFieldId><FieldName>QUANTITY</FieldName><WFType>10</WFType><TypeId>0</TypeId><Unbounded>N</Unbounded><ExtensionTypeId>0</ExtensionTypeId>
	</RowData>
	<RowData><ProcessDefId>1</ProcessDefId><ParentTypeId>2</ParentTypeId><TypeFieldId>19</TypeFieldId><FieldName>PO_UNIT</FieldName><WFType>10</WFType><TypeId>0</TypeId><Unbounded>N</Unbounded><ExtensionTypeId>0</ExtensionTypeId>
	</RowData>
	<RowData><ProcessDefId>1</ProcessDefId><ParentTypeId>2</ParentTypeId><TypeFieldId>20</TypeFieldId><FieldName>PO_UNIT_ISO</FieldName><WFType>10</WFType><TypeId>0</TypeId><Unbounded>N</Unbounded><ExtensionTypeId>0</ExtensionTypeId>
	</RowData>
	<RowData><ProcessDefId>1</ProcessDefId><ParentTypeId>2</ParentTypeId><TypeFieldId>21</TypeFieldId><FieldName>ORDERPR_UN</FieldName><WFType>10</WFType><TypeId>0</TypeId><Unbounded>N</Unbounded><ExtensionTypeId>0</ExtensionTypeId>
	</RowData>
	<RowData><ProcessDefId>1</ProcessDefId><ParentTypeId>2</ParentTypeId><TypeFieldId>22</TypeFieldId><FieldName>ORDERPR_UN_ISO</FieldName><WFType>10</WFType><TypeId>0</TypeId><Unbounded>N</Unbounded><ExtensionTypeId>0</ExtensionTypeId>
	</RowData>
	<RowData><ProcessDefId>1</ProcessDefId><ParentTypeId>2</ParentTypeId><TypeFieldId>23</TypeFieldId><FieldName>CONV_NUM1</FieldName><WFType>6</WFType><TypeId>0</TypeId><Unbounded>N</Unbounded><ExtensionTypeId>0</ExtensionTypeId>
	</RowData>
	<RowData><ProcessDefId>1</ProcessDefId><ParentTypeId>2</ParentTypeId><TypeFieldId>24</TypeFieldId><FieldName>CONV_DEN1</FieldName><WFType>6</WFType><TypeId>0</TypeId><Unbounded>N</Unbounded><ExtensionTypeId>0</ExtensionTypeId>
	</RowData>
	<RowData><ProcessDefId>1</ProcessDefId><ParentTypeId>2</ParentTypeId><TypeFieldId>25</TypeFieldId><FieldName>NET_PRICE</FieldName><WFType>6</WFType><TypeId>0</TypeId><Unbounded>N</Unbounded><ExtensionTypeId>0</ExtensionTypeId>
	</RowData>
	<RowData><ProcessDefId>1</ProcessDefId><ParentTypeId>2</ParentTypeId><TypeFieldId>26</TypeFieldId><FieldName>PRICE_UNIT</FieldName><WFType>6</WFType><TypeId>0</TypeId><Unbounded>N</Unbounded><ExtensionTypeId>0</ExtensionTypeId>
	</RowData>
	<RowData><ProcessDefId>1</ProcessDefId><ParentTypeId>2</ParentTypeId><TypeFieldId>27</TypeFieldId><FieldName>GR_PR_TIME</FieldName><WFType>6</WFType><TypeId>0</TypeId><Unbounded>N</Unbounded><ExtensionTypeId>0</ExtensionTypeId>
	</RowData>
	<RowData><ProcessDefId>1</ProcessDefId><ParentTypeId>2</ParentTypeId><TypeFieldId>28</TypeFieldId><FieldName>TAX_CODE</FieldName><WFType>10</WFType><TypeId>0</TypeId><Unbounded>N</Unbounded><ExtensionTypeId>0</ExtensionTypeId>
	</RowData>
	<RowData><ProcessDefId>1</ProcessDefId><ParentTypeId>2</ParentTypeId><TypeFieldId>29</TypeFieldId><FieldName>BON_GRP1</FieldName><WFType>10</WFType><TypeId>0</TypeId><Unbounded>N</Unbounded><ExtensionTypeId>0</ExtensionTypeId>
	</RowData>
	<RowData><ProcessDefId>1</ProcessDefId><ParentTypeId>2</ParentTypeId><TypeFieldId>30</TypeFieldId><FieldName>QUAL_INSP</FieldName><WFType>10</WFType><TypeId>0</TypeId><Unbounded>N</Unbounded><ExtensionTypeId>0</ExtensionTypeId>
	</RowData>
	<RowData><ProcessDefId>1</ProcessDefId><ParentTypeId>2</ParentTypeId><TypeFieldId>31</TypeFieldId><FieldName>INFO_UPD</FieldName><WFType>10</WFType><TypeId>0</TypeId><Unbounded>N</Unbounded><ExtensionTypeId>0</ExtensionTypeId>
	</RowData>
	<RowData><ProcessDefId>1</ProcessDefId><ParentTypeId>2</ParentTypeId><TypeFieldId>32</TypeFieldId><FieldName>PRNT_PRICE</FieldName><WFType>10</WFType><TypeId>0</TypeId><Unbounded>N</Unbounded><ExtensionTypeId>0</ExtensionTypeId>
	</RowData>
	<RowData><ProcessDefId>1</ProcessDefId><ParentTypeId>2</ParentTypeId><TypeFieldId>33</TypeFieldId><FieldName>EST_PRICE</FieldName><WFType>10</WFType><TypeId>0</TypeId><Unbounded>N</Unbounded><ExtensionTypeId>0</ExtensionTypeId>
	</RowData>
	<RowData><ProcessDefId>1</ProcessDefId><ParentTypeId>2</ParentTypeId><TypeFieldId>34</TypeFieldId><FieldName>REMINDER1</FieldName><WFType>6</WFType><TypeId>0</TypeId><Unbounded>N</Unbounded><ExtensionTypeId>0</ExtensionTypeId>
	</RowData>
	<RowData><ProcessDefId>1</ProcessDefId><ParentTypeId>2</ParentTypeId><TypeFieldId>35</TypeFieldId><FieldName>REMINDER2</FieldName><WFType>6</WFType><TypeId>0</TypeId><Unbounded>N</Unbounded><ExtensionTypeId>0</ExtensionTypeId>
	</RowData>
	<RowData><ProcessDefId>1</ProcessDefId><ParentTypeId>2</ParentTypeId><TypeFieldId>36</TypeFieldId><FieldName>REMINDER3</FieldName><WFType>6</WFType><TypeId>0</TypeId><Unbounded>N</Unbounded><ExtensionTypeId>0</ExtensionTypeId>
	</RowData>
	<RowData><ProcessDefId>1</ProcessDefId><ParentTypeId>2</ParentTypeId><TypeFieldId>37</TypeFieldId><FieldName>OVER_DLV_TOL</FieldName><WFType>6</WFType><TypeId>0</TypeId><Unbounded>N</Unbounded><ExtensionTypeId>0</ExtensionTypeId>
	</RowData>
	<RowData><ProcessDefId>1</ProcessDefId><ParentTypeId>2</ParentTypeId><TypeFieldId>38</TypeFieldId><FieldName>UNLIMITED_DLV</FieldName><WFType>10</WFType><TypeId>0</TypeId><Unbounded>N</Unbounded><ExtensionTypeId>0</ExtensionTypeId>
	</RowData>
	<RowData><ProcessDefId>1</ProcessDefId><ParentTypeId>2</ParentTypeId><TypeFieldId>39</TypeFieldId><FieldName>UNDER_DLV_TOL</FieldName><WFType>6</WFType><TypeId>0</TypeId><Unbounded>N</Unbounded><ExtensionTypeId>0</ExtensionTypeId>
	</RowData>
	<RowData><ProcessDefId>1</ProcessDefId><ParentTypeId>2</ParentTypeId><TypeFieldId>40</TypeFieldId><FieldName>VAL_TYPE</FieldName><WFType>10</WFType><TypeId>0</TypeId><Unbounded>N</Unbounded><ExtensionTypeId>0</ExtensionTypeId>
	</RowData>
	<RowData><ProcessDefId>1</ProcessDefId><ParentTypeId>2</ParentTypeId><TypeFieldId>41</TypeFieldId><FieldName>NO_MORE_GR</FieldName><WFType>10</WFType><TypeId>0</TypeId><Unbounded>N</Unbounded><ExtensionTypeId>0</ExtensionTypeId>
	</RowData>
	<RowData><ProcessDefId>1</ProcessDefId><ParentTypeId>2</ParentTypeId><TypeFieldId>42</TypeFieldId><FieldName>FINAL_INV</FieldName><WFType>10</WFType><TypeId>0</TypeId><Unbounded>N</Unbounded><ExtensionTypeId>0</ExtensionTypeId>
	</RowData>
	<RowData><ProcessDefId>1</ProcessDefId><ParentTypeId>2</ParentTypeId><TypeFieldId>43</TypeFieldId><FieldName>ITEM_CAT</FieldName><WFType>10</WFType><TypeId>0</TypeId><Unbounded>N</Unbounded><ExtensionTypeId>0</ExtensionTypeId>
	</RowData>
	<RowData><ProcessDefId>1</ProcessDefId><ParentTypeId>2</ParentTypeId><TypeFieldId>44</TypeFieldId><FieldName>ACCTASSCAT</FieldName><WFType>10</WFType><TypeId>0</TypeId><Unbounded>N</Unbounded><ExtensionTypeId>0</ExtensionTypeId>
	</RowData>
	<RowData><ProcessDefId>1</ProcessDefId><ParentTypeId>2</ParentTypeId><TypeFieldId>45</TypeFieldId><FieldName>DISTRIB</FieldName><WFType>10</WFType><TypeId>0</TypeId><Unbounded>N</Unbounded><ExtensionTypeId>0</ExtensionTypeId>
	</RowData>
	<RowData><ProcessDefId>1</ProcessDefId><ParentTypeId>2</ParentTypeId><TypeFieldId>46</TypeFieldId><FieldName>PART_INV</FieldName><WFType>10</WFType><TypeId>0</TypeId><Unbounded>N</Unbounded><ExtensionTypeId>0</ExtensionTypeId>
	</RowData>
	<RowData><ProcessDefId>1</ProcessDefId><ParentTypeId>2</ParentTypeId><TypeFieldId>47</TypeFieldId><FieldName>GR_IND</FieldName><WFType>10</WFType><TypeId>0</TypeId><Unbounded>N</Unbounded><ExtensionTypeId>0</ExtensionTypeId>
	</RowData>
	<RowData><ProcessDefId>1</ProcessDefId><ParentTypeId>2</ParentTypeId><TypeFieldId>48</TypeFieldId><FieldName>GR_NON_VAL</FieldName><WFType>10</WFType><TypeId>0</TypeId><Unbounded>N</Unbounded><ExtensionTypeId>0</ExtensionTypeId>
	</RowData>
	<RowData><ProcessDefId>1</ProcessDefId><ParentTypeId>2</ParentTypeId><TypeFieldId>49</TypeFieldId><FieldName>IR_IND</FieldName><WFType>10</WFType><TypeId>0</TypeId><Unbounded>N</Unbounded><ExtensionTypeId>0</ExtensionTypeId>
	</RowData>
	<RowData><ProcessDefId>1</ProcessDefId><ParentTypeId>2</ParentTypeId><TypeFieldId>50</TypeFieldId><FieldName>FREE_ITEM</FieldName><WFType>10</WFType><TypeId>0</TypeId><Unbounded>N</Unbounded><ExtensionTypeId>0</ExtensionTypeId>
	</RowData>
	<RowData><ProcessDefId>1</ProcessDefId><ParentTypeId>2</ParentTypeId><TypeFieldId>51</TypeFieldId><FieldName>GR_BASEDIV</FieldName><WFType>10</WFType><TypeId>0</TypeId><Unbounded>N</Unbounded><ExtensionTypeId>0</ExtensionTypeId>
	</RowData>
	<RowData><ProcessDefId>1</ProcessDefId><ParentTypeId>2</ParentTypeId><TypeFieldId>52</TypeFieldId><FieldName>ACKN_REQD</FieldName><WFType>10</WFType><TypeId>0</TypeId><Unbounded>N</Unbounded><ExtensionTypeId>0</ExtensionTypeId>
	</RowData>
	<RowData><ProcessDefId>1</ProcessDefId><ParentTypeId>2</ParentTypeId><TypeFieldId>53</TypeFieldId><FieldName>ACKNOWL_NO</FieldName><WFType>10</WFType><TypeId>0</TypeId><Unbounded>N</Unbounded><ExtensionTypeId>0</ExtensionTypeId>
	</RowData>
	<RowData><ProcessDefId>1</ProcessDefId><ParentTypeId>2</ParentTypeId><TypeFieldId>54</TypeFieldId><FieldName>AGREEMENT</FieldName><WFType>10</WFType><TypeId>0</TypeId><Unbounded>N</Unbounded><ExtensionTypeId>0</ExtensionTypeId>
	</RowData>
	<RowData><ProcessDefId>1</ProcessDefId><ParentTypeId>2</ParentTypeId><TypeFieldId>55</TypeFieldId><FieldName>AGMT_ITEM</FieldName><WFType>3</WFType><TypeId>0</TypeId><Unbounded>N</Unbounded><ExtensionTypeId>0</ExtensionTypeId>
	</RowData>
	<RowData><ProcessDefId>1</ProcessDefId><ParentTypeId>2</ParentTypeId><TypeFieldId>56</TypeFieldId><FieldName>SHIPPING</FieldName><WFType>10</WFType><TypeId>0</TypeId><Unbounded>N</Unbounded><ExtensionTypeId>0</ExtensionTypeId>
	</RowData>
	<RowData><ProcessDefId>1</ProcessDefId><ParentTypeId>2</ParentTypeId><TypeFieldId>57</TypeFieldId><FieldName>CUSTOMER</FieldName><WFType>10</WFType><TypeId>0</TypeId><Unbounded>N</Unbounded><ExtensionTypeId>0</ExtensionTypeId>
	</RowData>
	<RowData><ProcessDefId>1</ProcessDefId><ParentTypeId>2</ParentTypeId><TypeFieldId>58</TypeFieldId><FieldName>COND_GROUP</FieldName><WFType>10</WFType><TypeId>0</TypeId><Unbounded>N</Unbounded><ExtensionTypeId>0</ExtensionTypeId>
	</RowData>
	<RowData><ProcessDefId>1</ProcessDefId><ParentTypeId>2</ParentTypeId><TypeFieldId>59</TypeFieldId><FieldName>NO_DISCT</FieldName><WFType>10</WFType><TypeId>0</TypeId><Unbounded>N</Unbounded><ExtensionTypeId>0</ExtensionTypeId>
	</RowData>
	<RowData><ProcessDefId>1</ProcessDefId><ParentTypeId>2</ParentTypeId><TypeFieldId>60</TypeFieldId><FieldName>PLAN_DEL</FieldName><WFType>6</WFType><TypeId>0</TypeId><Unbounded>N</Unbounded><ExtensionTypeId>0</ExtensionTypeId>
	</RowData>
	<RowData><ProcessDefId>1</ProcessDefId><ParentTypeId>2</ParentTypeId><TypeFieldId>61</TypeFieldId><FieldName>NET_WEIGHT</FieldName><WFType>10</WFType><TypeId>0</TypeId><Unbounded>N</Unbounded><ExtensionTypeId>0</ExtensionTypeId>
	</RowData>
	<RowData><ProcessDefId>1</ProcessDefId><ParentTypeId>2</ParentTypeId><TypeFieldId>62</TypeFieldId><FieldName>WEIGHTUNIT</FieldName><WFType>10</WFType><TypeId>0</TypeId><Unbounded>N</Unbounded><ExtensionTypeId>0</ExtensionTypeId>
	</RowData>
	<RowData><ProcessDefId>1</ProcessDefId><ParentTypeId>2</ParentTypeId><TypeFieldId>63</TypeFieldId><FieldName>WEIGHTUNIT_ISO</FieldName><WFType>10</WFType><TypeId>0</TypeId><Unbounded>N</Unbounded><ExtensionTypeId>0</ExtensionTypeId>
	</RowData>
	<RowData><ProcessDefId>1</ProcessDefId><ParentTypeId>2</ParentTypeId><TypeFieldId>64</TypeFieldId><FieldName>TAXJURCODE</FieldName><WFType>10</WFType><TypeId>0</TypeId><Unbounded>N</Unbounded><ExtensionTypeId>0</ExtensionTypeId>
	</RowData>
	<RowData><ProcessDefId>1</ProcessDefId><ParentTypeId>2</ParentTypeId><TypeFieldId>65</TypeFieldId><FieldName>CTRL_KEY</FieldName><WFType>10</WFType><TypeId>0</TypeId><Unbounded>N</Unbounded><ExtensionTypeId>0</ExtensionTypeId>
	</RowData>
	<RowData><ProcessDefId>1</ProcessDefId><ParentTypeId>2</ParentTypeId><TypeFieldId>66</TypeFieldId><FieldName>CONF_CTRL</FieldName><WFType>10</WFType><TypeId>0</TypeId><Unbounded>N</Unbounded><ExtensionTypeId>0</ExtensionTypeId>
	</RowData>
	<RowData><ProcessDefId>1</ProcessDefId><ParentTypeId>2</ParentTypeId><TypeFieldId>67</TypeFieldId><FieldName>REV_LEV</FieldName><WFType>10</WFType><TypeId>0</TypeId><Unbounded>N</Unbounded><ExtensionTypeId>0</ExtensionTypeId>
	</RowData>
	<RowData><ProcessDefId>1</ProcessDefId><ParentTypeId>2</ParentTypeId><TypeFieldId>68</TypeFieldId><FieldName>FUND</FieldName><WFType>10</WFType><TypeId>0</TypeId><Unbounded>N</Unbounded><ExtensionTypeId>0</ExtensionTypeId>
	</RowData>
	<RowData><ProcessDefId>1</ProcessDefId><ParentTypeId>2</ParentTypeId><TypeFieldId>69</TypeFieldId><FieldName>FUNDS_CTR</FieldName><WFType>10</WFType><TypeId>0</TypeId><Unbounded>N</Unbounded><ExtensionTypeId>0</ExtensionTypeId>
	</RowData>
	<RowData><ProcessDefId>1</ProcessDefId><ParentTypeId>2</ParentTypeId><TypeFieldId>70</TypeFieldId><FieldName>CMMT_ITEM</FieldName><WFType>10</WFType><TypeId>0</TypeId><Unbounded>N</Unbounded><ExtensionTypeId>0</ExtensionTypeId>
	</RowData>
	<RowData><ProcessDefId>1</ProcessDefId><ParentTypeId>2</ParentTypeId><TypeFieldId>71</TypeFieldId><FieldName>PRICEDATE</FieldName><WFType>10</WFType><TypeId>0</TypeId><Unbounded>N</Unbounded><ExtensionTypeId>0</ExtensionTypeId>
	</RowData>
	<RowData><ProcessDefId>1</ProcessDefId><ParentTypeId>2</ParentTypeId><TypeFieldId>72</TypeFieldId><FieldName>PRICE_DATE</FieldName><WFType>8</WFType><TypeId>0</TypeId><Unbounded>N</Unbounded><ExtensionTypeId>0</ExtensionTypeId>
	</RowData>
	<RowData><ProcessDefId>1</ProcessDefId><ParentTypeId>2</ParentTypeId><TypeFieldId>73</TypeFieldId><FieldName>GROSS_WT</FieldName><WFType>10</WFType><TypeId>0</TypeId><Unbounded>N</Unbounded><ExtensionTypeId>0</ExtensionTypeId>
	</RowData>
	<RowData><ProcessDefId>1</ProcessDefId><ParentTypeId>2</ParentTypeId><TypeFieldId>74</TypeFieldId><FieldName>VOLUME</FieldName><WFType>10</WFType><TypeId>0</TypeId><Unbounded>N</Unbounded><ExtensionTypeId>0</ExtensionTypeId>
	</RowData>
	<RowData><ProcessDefId>1</ProcessDefId><ParentTypeId>2</ParentTypeId><TypeFieldId>75</TypeFieldId><FieldName>VOLUMEUNIT</FieldName><WFType>10</WFType><TypeId>0</TypeId><Unbounded>N</Unbounded><ExtensionTypeId>0</ExtensionTypeId>
	</RowData>
	<RowData><ProcessDefId>1</ProcessDefId><ParentTypeId>2</ParentTypeId><TypeFieldId>76</TypeFieldId><FieldName>VOLUMEUNIT_ISO</FieldName><WFType>10</WFType><TypeId>0</TypeId><Unbounded>N</Unbounded><ExtensionTypeId>0</ExtensionTypeId>
	</RowData>
	<RowData><ProcessDefId>1</ProcessDefId><ParentTypeId>2</ParentTypeId><TypeFieldId>77</TypeFieldId><FieldName>INCOTERMS1</FieldName><WFType>10</WFType><TypeId>0</TypeId><Unbounded>N</Unbounded><ExtensionTypeId>0</ExtensionTypeId>
	</RowData>
	<RowData><ProcessDefId>1</ProcessDefId><ParentTypeId>2</ParentTypeId><TypeFieldId>78</TypeFieldId><FieldName>INCOTERMS2</FieldName><WFType>10</WFType><TypeId>0</TypeId><Unbounded>N</Unbounded><ExtensionTypeId>0</ExtensionTypeId>
	</RowData>
	<RowData><ProcessDefId>1</ProcessDefId><ParentTypeId>2</ParentTypeId><TypeFieldId>79</TypeFieldId><FieldName>PRE_VENDOR</FieldName><WFType>10</WFType><TypeId>0</TypeId><Unbounded>N</Unbounded><ExtensionTypeId>0</ExtensionTypeId>
	</RowData>
	<RowData><ProcessDefId>1</ProcessDefId><ParentTypeId>2</ParentTypeId><TypeFieldId>80</TypeFieldId><FieldName>VEND_PART</FieldName><WFType>10</WFType><TypeId>0</TypeId><Unbounded>N</Unbounded><ExtensionTypeId>0</ExtensionTypeId>
	</RowData>
	<RowData><ProcessDefId>1</ProcessDefId><ParentTypeId>2</ParentTypeId><TypeFieldId>81</TypeFieldId><FieldName>HL_ITEM</FieldName><WFType>3</WFType><TypeId>0</TypeId><Unbounded>N</Unbounded><ExtensionTypeId>0</ExtensionTypeId>
	</RowData>
	<RowData><ProcessDefId>1</ProcessDefId><ParentTypeId>2</ParentTypeId><TypeFieldId>82</TypeFieldId><FieldName>GR_TO_DATE</FieldName><WFType>8</WFType><TypeId>0</TypeId><Unbounded>N</Unbounded><ExtensionTypeId>0</ExtensionTypeId>
	</RowData>
	<RowData><ProcessDefId>1</ProcessDefId><ParentTypeId>2</ParentTypeId><TypeFieldId>83</TypeFieldId><FieldName>SUPP_VENDOR</FieldName><WFType>10</WFType><TypeId>0</TypeId><Unbounded>N</Unbounded><ExtensionTypeId>0</ExtensionTypeId>
	</RowData>
	<RowData><ProcessDefId>1</ProcessDefId><ParentTypeId>2</ParentTypeId><TypeFieldId>84</TypeFieldId><FieldName>SC_VENDOR</FieldName><WFType>10</WFType><TypeId>0</TypeId><Unbounded>N</Unbounded><ExtensionTypeId>0</ExtensionTypeId>
	</RowData>
	<RowData><ProcessDefId>1</ProcessDefId><ParentTypeId>2</ParentTypeId><TypeFieldId>85</TypeFieldId><FieldName>KANBAN_IND</FieldName><WFType>10</WFType><TypeId>0</TypeId><Unbounded>N</Unbounded><ExtensionTypeId>0</ExtensionTypeId>
	</RowData>
	<RowData><ProcessDefId>1</ProcessDefId><ParentTypeId>2</ParentTypeId><TypeFieldId>86</TypeFieldId><FieldName>ERS</FieldName><WFType>10</WFType><TypeId>0</TypeId><Unbounded>N</Unbounded><ExtensionTypeId>0</ExtensionTypeId>
	</RowData>
	<RowData><ProcessDefId>1</ProcessDefId><ParentTypeId>2</ParentTypeId><TypeFieldId>87</TypeFieldId><FieldName>R_PROMO</FieldName><WFType>10</WFType><TypeId>0</TypeId><Unbounded>N</Unbounded><ExtensionTypeId>0</ExtensionTypeId>
	</RowData>
	<RowData><ProcessDefId>1</ProcessDefId><ParentTypeId>2</ParentTypeId><TypeFieldId>88</TypeFieldId><FieldName>POINTS</FieldName><WFType>10</WFType><TypeId>0</TypeId><Unbounded>N</Unbounded><ExtensionTypeId>0</ExtensionTypeId>
	</RowData>
	<RowData><ProcessDefId>1</ProcessDefId><ParentTypeId>2</ParentTypeId><TypeFieldId>89</TypeFieldId><FieldName>POINT_UNIT</FieldName><WFType>10</WFType><TypeId>0</TypeId><Unbounded>N</Unbounded><ExtensionTypeId>0</ExtensionTypeId>
	</RowData>
	<RowData><ProcessDefId>1</ProcessDefId><ParentTypeId>2</ParentTypeId><TypeFieldId>90</TypeFieldId><FieldName>POINT_UNIT_ISO</FieldName><WFType>10</WFType><TypeId>0</TypeId><Unbounded>N</Unbounded><ExtensionTypeId>0</ExtensionTypeId>
	</RowData>
	<RowData><ProcessDefId>1</ProcessDefId><ParentTypeId>2</ParentTypeId><TypeFieldId>91</TypeFieldId><FieldName>SEASON</FieldName><WFType>10</WFType><TypeId>0</TypeId><Unbounded>N</Unbounded><ExtensionTypeId>0</ExtensionTypeId>
	</RowData>
	<RowData><ProcessDefId>1</ProcessDefId><ParentTypeId>2</ParentTypeId><TypeFieldId>92</TypeFieldId><FieldName>SEASON_YR</FieldName><WFType>10</WFType><TypeId>0</TypeId><Unbounded>N</Unbounded><ExtensionTypeId>0</ExtensionTypeId>
	</RowData>
	<RowData><ProcessDefId>1</ProcessDefId><ParentTypeId>2</ParentTypeId><TypeFieldId>93</TypeFieldId><FieldName>BON_GRP2</FieldName><WFType>10</WFType><TypeId>0</TypeId><Unbounded>N</Unbounded><ExtensionTypeId>0</ExtensionTypeId>
	</RowData>
	<RowData><ProcessDefId>1</ProcessDefId><ParentTypeId>2</ParentTypeId><TypeFieldId>94</TypeFieldId><FieldName>BON_GRP3</FieldName><WFType>10</WFType><TypeId>0</TypeId><Unbounded>N</Unbounded><ExtensionTypeId>0</ExtensionTypeId>
	</RowData>
	<RowData><ProcessDefId>1</ProcessDefId><ParentTypeId>2</ParentTypeId><TypeFieldId>95</TypeFieldId><FieldName>SETT_ITEM</FieldName><WFType>10</WFType><TypeId>0</TypeId><Unbounded>N</Unbounded><ExtensionTypeId>0</ExtensionTypeId>
	</RowData>
	<RowData><ProcessDefId>1</ProcessDefId><ParentTypeId>2</ParentTypeId><TypeFieldId>96</TypeFieldId><FieldName>MINREMLIFE</FieldName><WFType>6</WFType><TypeId>0</TypeId><Unbounded>N</Unbounded><ExtensionTypeId>0</ExtensionTypeId>
	</RowData>
	<RowData><ProcessDefId>1</ProcessDefId><ParentTypeId>2</ParentTypeId><TypeFieldId>97</TypeFieldId><FieldName>RFQ_NO</FieldName><WFType>10</WFType><TypeId>0</TypeId><Unbounded>N</Unbounded><ExtensionTypeId>0</ExtensionTypeId>
	</RowData>
	<RowData><ProcessDefId>1</ProcessDefId><ParentTypeId>2</ParentTypeId><TypeFieldId>98</TypeFieldId><FieldName>RFQ_ITEM</FieldName><WFType>3</WFType><TypeId>0</TypeId><Unbounded>N</Unbounded><ExtensionTypeId>0</ExtensionTypeId>
	</RowData>
	<RowData><ProcessDefId>1</ProcessDefId><ParentTypeId>2</ParentTypeId><TypeFieldId>99</TypeFieldId><FieldName>PREQ_NO</FieldName><WFType>10</WFType><TypeId>0</TypeId><Unbounded>N</Unbounded><ExtensionTypeId>0</ExtensionTypeId>
	</RowData>
	<RowData><ProcessDefId>1</ProcessDefId><ParentTypeId>2</ParentTypeId><TypeFieldId>100</TypeFieldId><FieldName>PREQ_ITEM</FieldName><WFType>3</WFType><TypeId>0</TypeId><Unbounded>N</Unbounded><ExtensionTypeId>0</ExtensionTypeId>
	</RowData>
	<RowData><ProcessDefId>1</ProcessDefId><ParentTypeId>2</ParentTypeId><TypeFieldId>101</TypeFieldId><FieldName>REF_DOC</FieldName><WFType>10</WFType><TypeId>0</TypeId><Unbounded>N</Unbounded><ExtensionTypeId>0</ExtensionTypeId>
	</RowData>
	<RowData><ProcessDefId>1</ProcessDefId><ParentTypeId>2</ParentTypeId><TypeFieldId>102</TypeFieldId><FieldName>REF_ITEM</FieldName><WFType>3</WFType><TypeId>0</TypeId><Unbounded>N</Unbounded><ExtensionTypeId>0</ExtensionTypeId>
	</RowData>
	<RowData><ProcessDefId>1</ProcessDefId><ParentTypeId>2</ParentTypeId><TypeFieldId>103</TypeFieldId><FieldName>SI_CAT</FieldName><WFType>10</WFType><TypeId>0</TypeId><Unbounded>N</Unbounded><ExtensionTypeId>0</ExtensionTypeId>
	</RowData>
	<RowData><ProcessDefId>1</ProcessDefId><ParentTypeId>2</ParentTypeId><TypeFieldId>104</TypeFieldId><FieldName>RET_ITEM</FieldName><WFType>10</WFType><TypeId>0</TypeId><Unbounded>N</Unbounded><ExtensionTypeId>0</ExtensionTypeId>
	</RowData>
	<RowData><ProcessDefId>1</ProcessDefId><ParentTypeId>2</ParentTypeId><TypeFieldId>105</TypeFieldId><FieldName>AT_RELEV</FieldName><WFType>10</WFType><TypeId>0</TypeId><Unbounded>N</Unbounded><ExtensionTypeId>0</ExtensionTypeId>
	</RowData>
	<RowData><ProcessDefId>1</ProcessDefId><ParentTypeId>2</ParentTypeId><TypeFieldId>106</TypeFieldId><FieldName>ORDER_REASON</FieldName><WFType>10</WFType><TypeId>0</TypeId><Unbounded>N</Unbounded><ExtensionTypeId>0</ExtensionTypeId>
	</RowData>
	<RowData><ProcessDefId>1</ProcessDefId><ParentTypeId>2</ParentTypeId><TypeFieldId>107</TypeFieldId><FieldName>BRAS_NBM</FieldName><WFType>10</WFType><TypeId>0</TypeId><Unbounded>N</Unbounded><ExtensionTypeId>0</ExtensionTypeId>
	</RowData>
	<RowData><ProcessDefId>1</ProcessDefId><ParentTypeId>2</ParentTypeId><TypeFieldId>108</TypeFieldId><FieldName>MATL_USAGE</FieldName><WFType>10</WFType><TypeId>0</TypeId><Unbounded>N</Unbounded><ExtensionTypeId>0</ExtensionTypeId>
	</RowData>
	<RowData><ProcessDefId>1</ProcessDefId><ParentTypeId>2</ParentTypeId><TypeFieldId>109</TypeFieldId><FieldName>MAT_ORIGIN</FieldName><WFType>10</WFType><TypeId>0</TypeId><Unbounded>N</Unbounded><ExtensionTypeId>0</ExtensionTypeId>
	</RowData>
	<RowData><ProcessDefId>1</ProcessDefId><ParentTypeId>2</ParentTypeId><TypeFieldId>110</TypeFieldId><FieldName>IN_HOUSE</FieldName><WFType>10</WFType><TypeId>0</TypeId><Unbounded>N</Unbounded><ExtensionTypeId>0</ExtensionTypeId>
	</RowData>
	<RowData><ProcessDefId>1</ProcessDefId><ParentTypeId>2</ParentTypeId><TypeFieldId>111</TypeFieldId><FieldName>INDUS3</FieldName><WFType>10</WFType><TypeId>0</TypeId><Unbounded>N</Unbounded><ExtensionTypeId>0</ExtensionTypeId>
	</RowData>
	<RowData><ProcessDefId>1</ProcessDefId><ParentTypeId>2</ParentTypeId><TypeFieldId>112</TypeFieldId><FieldName>INF_INDEX</FieldName><WFType>10</WFType><TypeId>0</TypeId><Unbounded>N</Unbounded><ExtensionTypeId>0</ExtensionTypeId>
	</RowData>
	<RowData><ProcessDefId>1</ProcessDefId><ParentTypeId>2</ParentTypeId><TypeFieldId>113</TypeFieldId><FieldName>UNTIL_DATE</FieldName><WFType>8</WFType><TypeId>0</TypeId><Unbounded>N</Unbounded><ExtensionTypeId>0</ExtensionTypeId>
	</RowData>
	<RowData><ProcessDefId>1</ProcessDefId><ParentTypeId>2</ParentTypeId><TypeFieldId>114</TypeFieldId><FieldName>DELIV_COMPL</FieldName><WFType>10</WFType><TypeId>0</TypeId><Unbounded>N</Unbounded><ExtensionTypeId>0</ExtensionTypeId>
	</RowData>
	<RowData><ProcessDefId>1</ProcessDefId><ParentTypeId>2</ParentTypeId><TypeFieldId>115</TypeFieldId><FieldName>PART_DELIV</FieldName><WFType>10</WFType><TypeId>0</TypeId><Unbounded>N</Unbounded><ExtensionTypeId>0</ExtensionTypeId>
	</RowData>
	<RowData><ProcessDefId>1</ProcessDefId><ParentTypeId>2</ParentTypeId><TypeFieldId>116</TypeFieldId><FieldName>SHIP_BLOCKED</FieldName><WFType>10</WFType><TypeId>0</TypeId><Unbounded>N</Unbounded><ExtensionTypeId>0</ExtensionTypeId>
	</RowData>
	<RowData><ProcessDefId>1</ProcessDefId><ParentTypeId>2</ParentTypeId><TypeFieldId>117</TypeFieldId><FieldName>PREQ_NAME</FieldName><WFType>10</WFType><TypeId>0</TypeId><Unbounded>N</Unbounded><ExtensionTypeId>0</ExtensionTypeId>
	</RowData>
	<RowData><ProcessDefId>1</ProcessDefId><ParentTypeId>2</ParentTypeId><TypeFieldId>118</TypeFieldId><FieldName>PERIOD_IND_EXPIRATION_DATE</FieldName><WFType>10</WFType><TypeId>0</TypeId><Unbounded>N</Unbounded><ExtensionTypeId>0</ExtensionTypeId>
	</RowData>
	<RowData><ProcessDefId>1</ProcessDefId><ParentTypeId>2</ParentTypeId><TypeFieldId>119</TypeFieldId><FieldName>INT_OBJ_NO</FieldName><WFType>3</WFType><TypeId>0</TypeId><Unbounded>N</Unbounded><ExtensionTypeId>0</ExtensionTypeId>
	</RowData>
	<RowData><ProcessDefId>1</ProcessDefId><ParentTypeId>2</ParentTypeId><TypeFieldId>120</TypeFieldId><FieldName>PCKG_NO</FieldName><WFType>3</WFType><TypeId>0</TypeId><Unbounded>N</Unbounded><ExtensionTypeId>0</ExtensionTypeId>
	</RowData>
	<RowData><ProcessDefId>1</ProcessDefId><ParentTypeId>2</ParentTypeId><TypeFieldId>121</TypeFieldId><FieldName>BATCH</FieldName><WFType>10</WFType><TypeId>0</TypeId><Unbounded>N</Unbounded><ExtensionTypeId>0</ExtensionTypeId>
	</RowData>
	<RowData><ProcessDefId>1</ProcessDefId><ParentTypeId>2</ParentTypeId><TypeFieldId>122</TypeFieldId><FieldName>VENDRBATCH</FieldName><WFType>10</WFType><TypeId>0</TypeId><Unbounded>N</Unbounded><ExtensionTypeId>0</ExtensionTypeId>
	</RowData>
	<RowData><ProcessDefId>1</ProcessDefId><ParentTypeId>2</ParentTypeId><TypeFieldId>123</TypeFieldId><FieldName>CALCTYPE</FieldName><WFType>10</WFType><TypeId>0</TypeId><Unbounded>N</Unbounded><ExtensionTypeId>0</ExtensionTypeId>
	</RowData>
	<RowData><ProcessDefId>1</ProcessDefId><ParentTypeId>2</ParentTypeId><TypeFieldId>124</TypeFieldId><FieldName>GRANT_NBR</FieldName><WFType>10</WFType><TypeId>0</TypeId><Unbounded>N</Unbounded><ExtensionTypeId>0</ExtensionTypeId>
	</RowData>
	<RowData><ProcessDefId>1</ProcessDefId><ParentTypeId>2</ParentTypeId><TypeFieldId>125</TypeFieldId><FieldName>CMMT_ITEM_LONG</FieldName><WFType>10</WFType><TypeId>0</TypeId><Unbounded>N</Unbounded><ExtensionTypeId>0</ExtensionTypeId>
	</RowData>
	<RowData><ProcessDefId>1</ProcessDefId><ParentTypeId>2</ParentTypeId><TypeFieldId>126</TypeFieldId><FieldName>FUNC_AREA_LONG</FieldName><WFType>10</WFType><TypeId>0</TypeId><Unbounded>N</Unbounded><ExtensionTypeId>0</ExtensionTypeId>
	</RowData>
	<RowData><ProcessDefId>1</ProcessDefId><ParentTypeId>2</ParentTypeId><TypeFieldId>127</TypeFieldId><FieldName>NO_ROUNDING</FieldName><WFType>10</WFType><TypeId>0</TypeId><Unbounded>N</Unbounded><ExtensionTypeId>0</ExtensionTypeId>
	</RowData>
	<RowData><ProcessDefId>1</ProcessDefId><ParentTypeId>2</ParentTypeId><TypeFieldId>128</TypeFieldId><FieldName>PO_PRICE</FieldName><WFType>10</WFType><TypeId>0</TypeId><Unbounded>N</Unbounded><ExtensionTypeId>0</ExtensionTypeId>
	</RowData>
	<RowData><ProcessDefId>1</ProcessDefId><ParentTypeId>2</ParentTypeId><TypeFieldId>129</TypeFieldId><FieldName>SUPPL_STLOC</FieldName><WFType>10</WFType><TypeId>0</TypeId><Unbounded>N</Unbounded><ExtensionTypeId>0</ExtensionTypeId>
	</RowData>
	<RowData><ProcessDefId>1</ProcessDefId><ParentTypeId>2</ParentTypeId><TypeFieldId>130</TypeFieldId><FieldName>SRV_BASED_IV</FieldName><WFType>10</WFType><TypeId>0</TypeId><Unbounded>N</Unbounded><ExtensionTypeId>0</ExtensionTypeId>
	</RowData>
	<RowData><ProcessDefId>1</ProcessDefId><ParentTypeId>2</ParentTypeId><TypeFieldId>131</TypeFieldId><FieldName>FUNDS_RES</FieldName><WFType>10</WFType><TypeId>0</TypeId><Unbounded>N</Unbounded><ExtensionTypeId>0</ExtensionTypeId>
	</RowData>
	<RowData><ProcessDefId>1</ProcessDefId><ParentTypeId>2</ParentTypeId><TypeFieldId>132</TypeFieldId><FieldName>RES_ITEM</FieldName><WFType>3</WFType><TypeId>0</TypeId><Unbounded>N</Unbounded><ExtensionTypeId>0</ExtensionTypeId>
	</RowData>
	<RowData><ProcessDefId>1</ProcessDefId><ParentTypeId>2</ParentTypeId><TypeFieldId>133</TypeFieldId><FieldName>ORIG_ACCEPT</FieldName><WFType>10</WFType><TypeId>0</TypeId><Unbounded>N</Unbounded><ExtensionTypeId>0</ExtensionTypeId>
	</RowData>
	<RowData><ProcessDefId>1</ProcessDefId><ParentTypeId>2</ParentTypeId><TypeFieldId>134</TypeFieldId><FieldName>ALLOC_TBL</FieldName><WFType>10</WFType><TypeId>0</TypeId><Unbounded>N</Unbounded><ExtensionTypeId>0</ExtensionTypeId>
	</RowData>
	<RowData><ProcessDefId>1</ProcessDefId><ParentTypeId>2</ParentTypeId><TypeFieldId>135</TypeFieldId><FieldName>ALLOC_TBL_ITEM</FieldName><WFType>3</WFType><TypeId>0</TypeId><Unbounded>N</Unbounded><ExtensionTypeId>0</ExtensionTypeId>
	</RowData>
	<RowData><ProcessDefId>1</ProcessDefId><ParentTypeId>2</ParentTypeId><TypeFieldId>136</TypeFieldId><FieldName>SRC_STOCK_TYPE</FieldName><WFType>10</WFType><TypeId>0</TypeId><Unbounded>N</Unbounded><ExtensionTypeId>0</ExtensionTypeId>
	</RowData>
	<RowData><ProcessDefId>1</ProcessDefId><ParentTypeId>2</ParentTypeId><TypeFieldId>137</TypeFieldId><FieldName>REASON_REJ</FieldName><WFType>10</WFType><TypeId>0</TypeId><Unbounded>N</Unbounded><ExtensionTypeId>0</ExtensionTypeId>
	</RowData>
	<RowData><ProcessDefId>1</ProcessDefId><ParentTypeId>2</ParentTypeId><TypeFieldId>138</TypeFieldId><FieldName>CRM_SALES_ORDER_NO</FieldName><WFType>10</WFType><TypeId>0</TypeId><Unbounded>N</Unbounded><ExtensionTypeId>0</ExtensionTypeId>
	</RowData>
	<RowData><ProcessDefId>1</ProcessDefId><ParentTypeId>2</ParentTypeId><TypeFieldId>139</TypeFieldId><FieldName>CRM_SALES_ORDER_ITEM_NO</FieldName><WFType>3</WFType><TypeId>0</TypeId><Unbounded>N</Unbounded><ExtensionTypeId>0</ExtensionTypeId>
	</RowData>
	<RowData><ProcessDefId>1</ProcessDefId><ParentTypeId>2</ParentTypeId><TypeFieldId>140</TypeFieldId><FieldName>CRM_REF_SALES_ORDER_NO</FieldName><WFType>10</WFType><TypeId>0</TypeId><Unbounded>N</Unbounded><ExtensionTypeId>0</ExtensionTypeId>
	</RowData>
	<RowData><ProcessDefId>1</ProcessDefId><ParentTypeId>2</ParentTypeId><TypeFieldId>141</TypeFieldId><FieldName>CRM_REF_SO_ITEM_NO</FieldName><WFType>10</WFType><TypeId>0</TypeId><Unbounded>N</Unbounded><ExtensionTypeId>0</ExtensionTypeId>
	</RowData>
	<RowData><ProcessDefId>1</ProcessDefId><ParentTypeId>2</ParentTypeId><TypeFieldId>142</TypeFieldId><FieldName>PRIO_URGENCY</FieldName><WFType>3</WFType><TypeId>0</TypeId><Unbounded>N</Unbounded><ExtensionTypeId>0</ExtensionTypeId>
	</RowData>
	<RowData><ProcessDefId>1</ProcessDefId><ParentTypeId>2</ParentTypeId><TypeFieldId>143</TypeFieldId><FieldName>PRIO_REQUIREMENT</FieldName><WFType>3</WFType><TypeId>0</TypeId><Unbounded>N</Unbounded><ExtensionTypeId>0</ExtensionTypeId>
	</RowData>
</PMWTypeDefTable>