<PMWTypeDefTable_5>
	<RowData><ProcessDefId>1</ProcessDefId><ParentTypeId>9</ParentTypeId><TypeFieldId>60</TypeFieldId><FieldName>EXTPERS_NO</FieldName><WFType>10</WFType><TypeId>0</TypeId><Unbounded>N</Unbounded><ExtensionTypeId>0</ExtensionTypeId>
	</RowData>
	<RowData><ProcessDefId>1</ProcessDefId><ParentTypeId>9</ParentTypeId><TypeFieldId>61</TypeFieldId><FieldName>FORMULA</FieldName><WFType>10</WFType><TypeId>0</TypeId><Unbounded>N</Unbounded><ExtensionTypeId>0</ExtensionTypeId>
	</RowData>
	<RowData><ProcessDefId>1</ProcessDefId><ParentTypeId>9</ParentTypeId><TypeFieldId>62</TypeFieldId><FieldName>FORM_VAL1</FieldName><WFType>10</WFType><TypeId>0</TypeId><Unbounded>N</Unbounded><ExtensionTypeId>0</ExtensionTypeId>
	</RowData>
	<RowData><ProcessDefId>1</ProcessDefId><ParentTypeId>9</ParentTypeId><TypeFieldId>63</TypeFieldId><FieldName>FORM_VAL2</FieldName><WFType>10</WFType><TypeId>0</TypeId><Unbounded>N</Unbounded><ExtensionTypeId>0</ExtensionTypeId>
	</RowData>
	<RowData><ProcessDefId>1</ProcessDefId><ParentTypeId>9</ParentTypeId><TypeFieldId>64</TypeFieldId><FieldName>FORM_VAL3</FieldName><WFType>10</WFType><TypeId>0</TypeId><Unbounded>N</Unbounded><ExtensionTypeId>0</ExtensionTypeId>
	</RowData>
	<RowData><ProcessDefId>1</ProcessDefId><ParentTypeId>9</ParentTypeId><TypeFieldId>65</TypeFieldId><FieldName>FORM_VAL4</FieldName><WFType>10</WFType><TypeId>0</TypeId><Unbounded>N</Unbounded><ExtensionTypeId>0</ExtensionTypeId>
	</RowData>
	<RowData><ProcessDefId>1</ProcessDefId><ParentTypeId>9</ParentTypeId><TypeFieldId>66</TypeFieldId><FieldName>FORM_VAL5</FieldName><WFType>10</WFType><TypeId>0</TypeId><Unbounded>N</Unbounded><ExtensionTypeId>0</ExtensionTypeId>
	</RowData>
	<RowData><ProcessDefId>1</ProcessDefId><ParentTypeId>9</ParentTypeId><TypeFieldId>67</TypeFieldId><FieldName>USERF1_NUM</FieldName><WFType>3</WFType><TypeId>0</TypeId><Unbounded>N</Unbounded><ExtensionTypeId>0</ExtensionTypeId>
	</RowData>
	<RowData><ProcessDefId>1</ProcessDefId><ParentTypeId>9</ParentTypeId><TypeFieldId>68</TypeFieldId><FieldName>USERF2_NUM</FieldName><WFType>10</WFType><TypeId>0</TypeId><Unbounded>N</Unbounded><ExtensionTypeId>0</ExtensionTypeId>
	</RowData>
	<RowData><ProcessDefId>1</ProcessDefId><ParentTypeId>9</ParentTypeId><TypeFieldId>69</TypeFieldId><FieldName>USERF1_TXT</FieldName><WFType>10</WFType><TypeId>0</TypeId><Unbounded>N</Unbounded><ExtensionTypeId>0</ExtensionTypeId>
	</RowData>
	<RowData><ProcessDefId>1</ProcessDefId><ParentTypeId>9</ParentTypeId><TypeFieldId>70</TypeFieldId><FieldName>USERF2_TXT</FieldName><WFType>10</WFType><TypeId>0</TypeId><Unbounded>N</Unbounded><ExtensionTypeId>0</ExtensionTypeId>
	</RowData>
	<RowData><ProcessDefId>1</ProcessDefId><ParentTypeId>9</ParentTypeId><TypeFieldId>71</TypeFieldId><FieldName>GR_PRICE</FieldName><WFType>10</WFType><TypeId>0</TypeId><Unbounded>N</Unbounded><ExtensionTypeId>0</ExtensionTypeId>
	</RowData>
	<RowData><ProcessDefId>1</ProcessDefId><ParentTypeId>9</ParentTypeId><TypeFieldId>72</TypeFieldId><FieldName>HI_LINE_NO</FieldName><WFType>3</WFType><TypeId>0</TypeId><Unbounded>N</Unbounded><ExtensionTypeId>0</ExtensionTypeId>
	</RowData>
	<RowData><ProcessDefId>1</ProcessDefId><ParentTypeId>9</ParentTypeId><TypeFieldId>73</TypeFieldId><FieldName>EXTREFKEY</FieldName><WFType>10</WFType><TypeId>0</TypeId><Unbounded>N</Unbounded><ExtensionTypeId>0</ExtensionTypeId>
	</RowData>
	<RowData><ProcessDefId>1</ProcessDefId><ParentTypeId>9</ParentTypeId><TypeFieldId>74</TypeFieldId><FieldName>PER_SDATE</FieldName><WFType>8</WFType><TypeId>0</TypeId><Unbounded>N</Unbounded><ExtensionTypeId>0</ExtensionTypeId>
	</RowData>
	<RowData><ProcessDefId>1</ProcessDefId><ParentTypeId>9</ParentTypeId><TypeFieldId>75</TypeFieldId><FieldName>PER_EDATE</FieldName><WFType>8</WFType><TypeId>0</TypeId><Unbounded>N</Unbounded><ExtensionTypeId>0</ExtensionTypeId>
	</RowData>
	<RowData><ProcessDefId>1</ProcessDefId><ParentTypeId>9</ParentTypeId><TypeFieldId>76</TypeFieldId><FieldName>EXTERNAL_ITEM_ID</FieldName><WFType>10</WFType><TypeId>0</TypeId><Unbounded>N</Unbounded><ExtensionTypeId>0</ExtensionTypeId>
	</RowData>
	<RowData><ProcessDefId>1</ProcessDefId><ParentTypeId>9</ParentTypeId><TypeFieldId>77</TypeFieldId><FieldName>SERVICE_ITEM_KEY</FieldName><WFType>3</WFType><TypeId>0</TypeId><Unbounded>N</Unbounded><ExtensionTypeId>0</ExtensionTypeId>
	</RowData>
	<RowData><ProcessDefId>1</ProcessDefId><ParentTypeId>11</ParentTypeId><TypeFieldId>1</TypeFieldId><FieldName>PO_ITEM</FieldName><WFType>3</WFType><TypeId>0</TypeId><Unbounded>N</Unbounded><ExtensionTypeId>0</ExtensionTypeId>
	</RowData>
	<RowData><ProcessDefId>1</ProcessDefId><ParentTypeId>11</ParentTypeId><TypeFieldId>2</TypeFieldId><FieldName>SERIAL_NO</FieldName><WFType>3</WFType><TypeId>0</TypeId><Unbounded>N</Unbounded><ExtensionTypeId>0</ExtensionTypeId>
	</RowData>
	<RowData><ProcessDefId>1</ProcessDefId><ParentTypeId>11</ParentTypeId><TypeFieldId>81</TypeFieldId><FieldName>QUANTITY</FieldName><WFType>10</WFType><TypeId>0</TypeId><Unbounded>N</Unbounded><ExtensionTypeId>0</ExtensionTypeId>
	</RowData>
	<RowData><ProcessDefId>1</ProcessDefId><ParentTypeId>11</ParentTypeId><TypeFieldId>82</TypeFieldId><FieldName>DISTR_PERC</FieldName><WFType>10</WFType><TypeId>0</TypeId><Unbounded>N</Unbounded><ExtensionTypeId>0</ExtensionTypeId>
	</RowData>
	<RowData><ProcessDefId>1</ProcessDefId><ParentTypeId>11</ParentTypeId><TypeFieldId>83</TypeFieldId><FieldName>G_L_ACCT</FieldName><WFType>10</WFType><TypeId>0</TypeId><Unbounded>N</Unbounded><ExtensionTypeId>0</ExtensionTypeId>
	</RowData>
	<RowData><ProcessDefId>1</ProcessDefId><ParentTypeId>11</ParentTypeId><TypeFieldId>84</TypeFieldId><FieldName>BUS_AREA</FieldName><WFType>10</WFType><TypeId>0</TypeId><Unbounded>N</Unbounded><ExtensionTypeId>0</ExtensionTypeId>
	</RowData>
	<RowData><ProcessDefId>1</ProcessDefId><ParentTypeId>11</ParentTypeId><TypeFieldId>85</TypeFieldId><FieldName>COST_CTR</FieldName><WFType>10</WFType><TypeId>0</TypeId><Unbounded>N</Unbounded><ExtensionTypeId>0</ExtensionTypeId>
	</RowData>
	<RowData><ProcessDefId>1</ProcessDefId><ParentTypeId>11</ParentTypeId><TypeFieldId>86</TypeFieldId><FieldName>PROJ_EXT</FieldName><WFType>10</WFType><TypeId>0</TypeId><Unbounded>N</Unbounded><ExtensionTypeId>0</ExtensionTypeId>
	</RowData>
	<RowData><ProcessDefId>1</ProcessDefId><ParentTypeId>11</ParentTypeId><TypeFieldId>87</TypeFieldId><FieldName>SD_DOC</FieldName><WFType>10</WFType><TypeId>0</TypeId><Unbounded>N</Unbounded><ExtensionTypeId>0</ExtensionTypeId>
	</RowData>
	<RowData><ProcessDefId>1</ProcessDefId><ParentTypeId>11</ParentTypeId><TypeFieldId>88</TypeFieldId><FieldName>SDOC_ITEM</FieldName><WFType>3</WFType><TypeId>0</TypeId><Unbounded>N</Unbounded><ExtensionTypeId>0</ExtensionTypeId>
	</RowData>
	<RowData><ProcessDefId>1</ProcessDefId><ParentTypeId>11</ParentTypeId><TypeFieldId>89</TypeFieldId><FieldName>SCHED_LINE</FieldName><WFType>3</WFType><TypeId>0</TypeId><Unbounded>N</Unbounded><ExtensionTypeId>0</ExtensionTypeId>
	</RowData>
	<RowData><ProcessDefId>1</ProcessDefId><ParentTypeId>11</ParentTypeId><TypeFieldId>90</TypeFieldId><FieldName>ASSET_NO</FieldName><WFType>10</WFType><TypeId>0</TypeId><Unbounded>N</Unbounded><ExtensionTypeId>0</ExtensionTypeId>
	</RowData>
	<RowData><ProcessDefId>1</ProcessDefId><ParentTypeId>11</ParentTypeId><TypeFieldId>91</TypeFieldId><FieldName>SUB_NUMBER</FieldName><WFType>10</WFType><TypeId>0</TypeId><Unbounded>N</Unbounded><ExtensionTypeId>0</ExtensionTypeId>
	</RowData>
	<RowData><ProcessDefId>1</ProcessDefId><ParentTypeId>11</ParentTypeId><TypeFieldId>92</TypeFieldId><FieldName>ORDER_NO</FieldName><WFType>10</WFType><TypeId>0</TypeId><Unbounded>N</Unbounded><ExtensionTypeId>0</ExtensionTypeId>
	</RowData>
	<RowData><ProcessDefId>1</ProcessDefId><ParentTypeId>11</ParentTypeId><TypeFieldId>93</TypeFieldId><FieldName>GR_RCPT</FieldName><WFType>10</WFType><TypeId>0</TypeId><Unbounded>N</Unbounded><ExtensionTypeId>0</ExtensionTypeId>
	</RowData>
	<RowData><ProcessDefId>1</ProcessDefId><ParentTypeId>11</ParentTypeId><TypeFieldId>94</TypeFieldId><FieldName>UNLOAD_PT</FieldName><WFType>10</WFType><TypeId>0</TypeId><Unbounded>N</Unbounded><ExtensionTypeId>0</ExtensionTypeId>
	</RowData>
	<RowData><ProcessDefId>1</ProcessDefId><ParentTypeId>11</ParentTypeId><TypeFieldId>95</TypeFieldId><FieldName>CO_AREA</FieldName><WFType>10</WFType><TypeId>0</TypeId><Unbounded>N</Unbounded><ExtensionTypeId>0</ExtensionTypeId>
	</RowData>
	<RowData><ProcessDefId>1</ProcessDefId><ParentTypeId>11</ParentTypeId><TypeFieldId>96</TypeFieldId><FieldName>TO_COSTCTR</FieldName><WFType>10</WFType><TypeId>0</TypeId><Unbounded>N</Unbounded><ExtensionTypeId>0</ExtensionTypeId>
	</RowData>
	<RowData><ProcessDefId>1</ProcessDefId><ParentTypeId>11</ParentTypeId><TypeFieldId>97</TypeFieldId><FieldName>TO_ORDER</FieldName><WFType>10</WFType><TypeId>0</TypeId><Unbounded>N</Unbounded><ExtensionTypeId>0</ExtensionTypeId>
	</RowData>
	<RowData><ProcessDefId>1</ProcessDefId><ParentTypeId>11</ParentTypeId><TypeFieldId>98</TypeFieldId><FieldName>TO_PROJECT</FieldName><WFType>10</WFType><TypeId>0</TypeId><Unbounded>N</Unbounded><ExtensionTypeId>0</ExtensionTypeId>
	</RowData>
	<RowData><ProcessDefId>1</ProcessDefId><ParentTypeId>11</ParentTypeId><TypeFieldId>99</TypeFieldId><FieldName>COST_OBJ</FieldName><WFType>10</WFType><TypeId>0</TypeId><Unbounded>N</Unbounded><ExtensionTypeId>0</ExtensionTypeId>
	</RowData>
	<RowData><ProcessDefId>1</ProcessDefId><ParentTypeId>11</ParentTypeId><TypeFieldId>100</TypeFieldId><FieldName>PROF_SEGM</FieldName><WFType>3</WFType><TypeId>0</TypeId><Unbounded>N</Unbounded><ExtensionTypeId>0</ExtensionTypeId>
	</RowData>
	<RowData><ProcessDefId>1</ProcessDefId><ParentTypeId>11</ParentTypeId><TypeFieldId>101</TypeFieldId><FieldName>PROFIT_CTR</FieldName><WFType>10</WFType><TypeId>0</TypeId><Unbounded>N</Unbounded><ExtensionTypeId>0</ExtensionTypeId>
	</RowData>
	<RowData><ProcessDefId>1</ProcessDefId><ParentTypeId>11</ParentTypeId><TypeFieldId>102</TypeFieldId><FieldName>WBS_ELEM_E</FieldName><WFType>10</WFType><TypeId>0</TypeId><Unbounded>N</Unbounded><ExtensionTypeId>0</ExtensionTypeId>
	</RowData>
	<RowData><ProcessDefId>1</ProcessDefId><ParentTypeId>11</ParentTypeId><TypeFieldId>103</TypeFieldId><FieldName>NETWORK</FieldName><WFType>10</WFType><TypeId>0</TypeId><Unbounded>N</Unbounded><ExtensionTypeId>0</ExtensionTypeId>
	</RowData>
	<RowData><ProcessDefId>1</ProcessDefId><ParentTypeId>11</ParentTypeId><TypeFieldId>104</TypeFieldId><FieldName>ROUTING_NO</FieldName><WFType>3</WFType><TypeId>0</TypeId><Unbounded>N</Unbounded><ExtensionTypeId>0</ExtensionTypeId>
	</RowData>
	<RowData><ProcessDefId>1</ProcessDefId><ParentTypeId>11</ParentTypeId><TypeFieldId>105</TypeFieldId><FieldName>RL_EST_KEY</FieldName><WFType>10</WFType><TypeId>0</TypeId><Unbounded>N</Unbounded><ExtensionTypeId>0</ExtensionTypeId>
	</RowData>
	<RowData><ProcessDefId>1</ProcessDefId><ParentTypeId>11</ParentTypeId><TypeFieldId>106</TypeFieldId><FieldName>COUNTER</FieldName><WFType>3</WFType><TypeId>0</TypeId><Unbounded>N</Unbounded><ExtensionTypeId>0</ExtensionTypeId>
	</RowData>
	<RowData><ProcessDefId>1</ProcessDefId><ParentTypeId>11</ParentTypeId><TypeFieldId>107</TypeFieldId><FieldName>PART_ACCT</FieldName><WFType>10</WFType><TypeId>0</TypeId><Unbounded>N</Unbounded><ExtensionTypeId>0</ExtensionTypeId>
	</RowData>
	<RowData><ProcessDefId>1</ProcessDefId><ParentTypeId>11</ParentTypeId><TypeFieldId>108</TypeFieldId><FieldName>CMMT_ITEM</FieldName><WFType>10</WFType><TypeId>0</TypeId><Unbounded>N</Unbounded><ExtensionTypeId>0</ExtensionTypeId>
	</RowData>
	<RowData><ProcessDefId>1</ProcessDefId><ParentTypeId>11</ParentTypeId><TypeFieldId>109</TypeFieldId><FieldName>REC_IND</FieldName><WFType>10</WFType><TypeId>0</TypeId><Unbounded>N</Unbounded><ExtensionTypeId>0</ExtensionTypeId>
	</RowData>
	<RowData><ProcessDefId>1</ProcessDefId><ParentTypeId>11</ParentTypeId><TypeFieldId>110</TypeFieldId><FieldName>FUNDS_CTR</FieldName><WFType>10</WFType><TypeId>0</TypeId><Unbounded>N</Unbounded><ExtensionTypeId>0</ExtensionTypeId>
	</RowData>
	<RowData><ProcessDefId>1</ProcessDefId><ParentTypeId>11</ParentTypeId><TypeFieldId>111</TypeFieldId><FieldName>FUND</FieldName><WFType>10</WFType><TypeId>0</TypeId><Unbounded>N</Unbounded><ExtensionTypeId>0</ExtensionTypeId>
	</RowData>
	<RowData><ProcessDefId>1</ProcessDefId><ParentTypeId>11</ParentTypeId><TypeFieldId>112</TypeFieldId><FieldName>FUNC_AREA</FieldName><WFType>10</WFType><TypeId>0</TypeId><Unbounded>N</Unbounded><ExtensionTypeId>0</ExtensionTypeId>
	</RowData>
	<RowData><ProcessDefId>1</ProcessDefId><ParentTypeId>11</ParentTypeId><TypeFieldId>113</TypeFieldId><FieldName>REF_DATE</FieldName><WFType>8</WFType><TypeId>0</TypeId><Unbounded>N</Unbounded><ExtensionTypeId>0</ExtensionTypeId>
	</RowData>
	<RowData><ProcessDefId>1</ProcessDefId><ParentTypeId>11</ParentTypeId><TypeFieldId>114</TypeFieldId><FieldName>ACTIVITY</FieldName><WFType>10</WFType><TypeId>0</TypeId><Unbounded>N</Unbounded><ExtensionTypeId>0</ExtensionTypeId>
	</RowData>
	<RowData><ProcessDefId>1</ProcessDefId><ParentTypeId>11</ParentTypeId><TypeFieldId>115</TypeFieldId><FieldName>GRANT_NBR</FieldName><WFType>10</WFType><TypeId>0</TypeId><Unbounded>N</Unbounded><ExtensionTypeId>0</ExtensionTypeId>
	</RowData>
	<RowData><ProcessDefId>1</ProcessDefId><ParentTypeId>11</ParentTypeId><TypeFieldId>116</TypeFieldId><FieldName>CMMT_ITEM_LONG</FieldName><WFType>10</WFType><TypeId>0</TypeId><Unbounded>N</Unbounded><ExtensionTypeId>0</ExtensionTypeId>
	</RowData>
	<RowData><ProcessDefId>1</ProcessDefId><ParentTypeId>11</ParentTypeId><TypeFieldId>117</TypeFieldId><FieldName>FUNC_AREA_LONG</FieldName><WFType>10</WFType><TypeId>0</TypeId><Unbounded>N</Unbounded><ExtensionTypeId>0</ExtensionTypeId>
	</RowData>
	<RowData><ProcessDefId>1</ProcessDefId><ParentTypeId>11</ParentTypeId><TypeFieldId>118</TypeFieldId><FieldName>FUNDS_RES</FieldName><WFType>10</WFType><TypeId>0</TypeId><Unbounded>N</Unbounded><ExtensionTypeId>0</ExtensionTypeId>
	</RowData>
	<RowData><ProcessDefId>1</ProcessDefId><ParentTypeId>11</ParentTypeId><TypeFieldId>119</TypeFieldId><FieldName>RES_ITEM</FieldName><WFType>3</WFType><TypeId>0</TypeId><Unbounded>N</Unbounded><ExtensionTypeId>0</ExtensionTypeId>
	</RowData>
	<RowData><ProcessDefId>1</ProcessDefId><ParentTypeId>11</ParentTypeId><TypeFieldId>120</TypeFieldId><FieldName>BUDGET_PERIOD</FieldName><WFType>10</WFType><TypeId>0</TypeId><Unbounded>N</Unbounded><ExtensionTypeId>0</ExtensionTypeId>
	</RowData>
	<RowData><ProcessDefId>1</ProcessDefId><ParentTypeId>12</ParentTypeId><TypeFieldId>1</TypeFieldId><FieldName>actedby</FieldName><WFType>10</WFType><TypeId>0</TypeId><Unbounded>N</Unbounded><ExtensionTypeId>0</ExtensionTypeId>
	</RowData>
	<RowData><ProcessDefId>1</ProcessDefId><ParentTypeId>12</ParentTypeId><TypeFieldId>2</TypeFieldId><FieldName>actedon</FieldName><WFType>8</WFType><TypeId>0</TypeId><Unbounded>N</Unbounded><ExtensionTypeId>0</ExtensionTypeId>
	</RowData>
	<RowData><ProcessDefId>1</ProcessDefId><ParentTypeId>12</ParentTypeId><TypeFieldId>3</TypeFieldId><FieldName>service_status</FieldName><WFType>10</WFType><TypeId>0</TypeId><Unbounded>N</Unbounded><ExtensionTypeId>0</ExtensionTypeId>
	</RowData>
	<RowData><ProcessDefId>1</ProcessDefId><ParentTypeId>12</ParentTypeId><TypeFieldId>4</TypeFieldId><FieldName>remarks</FieldName><WFType>10</WFType><TypeId>0</TypeId><Unbounded>N</Unbounded><ExtensionTypeId>0</ExtensionTypeId>
	</RowData>
	<RowData><ProcessDefId>1</ProcessDefId><ParentTypeId>12</ParentTypeId><TypeFieldId>5</TypeFieldId><FieldName>level</FieldName><WFType>10</WFType><TypeId>0</TypeId><Unbounded>N</Unbounded><ExtensionTypeId>0</ExtensionTypeId>
	</RowData>
	<RowData><ProcessDefId>1</ProcessDefId><ParentTypeId>14</ParentTypeId><TypeFieldId>1</TypeFieldId><FieldName>short_text</FieldName><WFType>10</WFType><TypeId>0</TypeId><Unbounded>N</Unbounded><ExtensionTypeId>0</ExtensionTypeId>
	</RowData>
	<RowData><ProcessDefId>1</ProcessDefId><ParentTypeId>14</ParentTypeId><TypeFieldId>2</TypeFieldId><FieldName>quantity</FieldName><WFType>10</WFType><TypeId>0</TypeId><Unbounded>N</Unbounded><ExtensionTypeId>0</ExtensionTypeId>
	</RowData>
	<RowData><ProcessDefId>1</ProcessDefId><ParentTypeId>14</ParentTypeId><TypeFieldId>3</TypeFieldId><FieldName>gross_price</FieldName><WFType>10</WFType><TypeId>0</TypeId><Unbounded>N</Unbounded><ExtensionTypeId>0</ExtensionTypeId>
	</RowData>
	<RowData><ProcessDefId>1</ProcessDefId><ParentTypeId>14</ParentTypeId><TypeFieldId>4</TypeFieldId><FieldName>line_no</FieldName><WFType>10</WFType><TypeId>0</TypeId><Unbounded>N</Unbounded><ExtensionTypeId>0</ExtensionTypeId>
	</RowData>
	<RowData><ProcessDefId>1</ProcessDefId><ParentTypeId>14</ParentTypeId><TypeFieldId>5</TypeFieldId><FieldName>select_flag</FieldName><WFType>10</WFType><TypeId>0</TypeId><Unbounded>N</Unbounded><ExtensionTypeId>0</ExtensionTypeId>
	</RowData>
	<RowData><ProcessDefId>1</ProcessDefId><ParentTypeId>14</ParentTypeId><TypeFieldId>6</TypeFieldId><FieldName>price_per_unit</FieldName><WFType>10</WFType><TypeId>0</TypeId><Unbounded>N</Unbounded><ExtensionTypeId>0</ExtensionTypeId>
	</RowData>
	<RowData><ProcessDefId>1</ProcessDefId><ParentTypeId>14</ParentTypeId><TypeFieldId>7</TypeFieldId><FieldName>hsn_sac</FieldName><WFType>10</WFType><TypeId>0</TypeId><Unbounded>N</Unbounded><ExtensionTypeId>0</ExtensionTypeId>
	</RowData>
	<RowData><ProcessDefId>1</ProcessDefId><ParentTypeId>15</ParentTypeId><TypeFieldId>1</TypeFieldId><FieldName>ponumber</FieldName><WFType>10</WFType><TypeId>0</TypeId><Unbounded>N</Unbounded><ExtensionTypeId>0</ExtensionTypeId>
	</RowData>
	<RowData><ProcessDefId>1</ProcessDefId><ParentTypeId>16</ParentTypeId><TypeFieldId>1</TypeFieldId><FieldName>pinstanceid</FieldName><WFType>10</WFType><TypeId>0</TypeId><Unbounded>N</Unbounded><ExtensionTypeId>0</ExtensionTypeId>
	</RowData>
	<RowData><ProcessDefId>1</ProcessDefId><ParentTypeId>16</ParentTypeId><TypeFieldId>2</TypeFieldId><FieldName>errormessage</FieldName><WFType>10</WFType><TypeId>0</TypeId><Unbounded>N</Unbounded><ExtensionTypeId>0</ExtensionTypeId>
	</RowData>
	<RowData><ProcessDefId>1</ProcessDefId><ParentTypeId>16</ParentTypeId><TypeFieldId>3</TypeFieldId><FieldName>errordate</FieldName><WFType>10</WFType><TypeId>0</TypeId><Unbounded>N</Unbounded><ExtensionTypeId>0</ExtensionTypeId>
	</RowData>
	<RowData><ProcessDefId>1</ProcessDefId><ParentTypeId>16</ParentTypeId><TypeFieldId>4</TypeFieldId><FieldName>resolutionstatus</FieldName><WFType>10</WFType><TypeId>0</TypeId><Unbounded>N</Unbounded><ExtensionTypeId>0</ExtensionTypeId>
	</RowData>
	<RowData><ProcessDefId>1</ProcessDefId><ParentTypeId>16</ParentTypeId><TypeFieldId>5</TypeFieldId><FieldName>resolutionremarks</FieldName><WFType>10</WFType><TypeId>0</TypeId><Unbounded>N</Unbounded><ExtensionTypeId>0</ExtensionTypeId>
	</RowData>
	<RowData><ProcessDefId>1</ProcessDefId><ParentTypeId>16</ParentTypeId><TypeFieldId>6</TypeFieldId><FieldName>resolvedby</FieldName><WFType>10</WFType><TypeId>0</TypeId><Unbounded>N</Unbounded><ExtensionTypeId>0</ExtensionTypeId>
	</RowData>
	<RowData><ProcessDefId>1</ProcessDefId><ParentTypeId>16</ParentTypeId><TypeFieldId>7</TypeFieldId><FieldName>resolveddate</FieldName><WFType>10</WFType><TypeId>0</TypeId><Unbounded>N</Unbounded><ExtensionTypeId>0</ExtensionTypeId>
	</RowData>
</PMWTypeDefTable_5>