<PMWUDTVarMappingTable>
	<RowData><ProcessDefId>1</ProcessDefId><VariableId>93</VariableId><VarFieldId>1</VarFieldId><TypeId>1</TypeId><TypeFieldId>0</TypeFieldId><ParentVarFieldId>0</ParentVarFieldId><MappedObjectName>complex_polineitem</MappedObjectName><ExtObjId>2</ExtObjId><MappedObjectType>T</MappedObjectType><FieldLength>0</FieldLength><VarPrecision>0</VarPrecision><RelationId>1</RelationId><IsEncrypted>N</IsEncrypted><IsMasked>N</IsMasked><MaskingPattern>X</MaskingPattern>
	</RowData>
	<RowData><ProcessDefId>1</ProcessDefId><VariableId>93</VariableId><VarFieldId>2</VarFieldId><TypeId>1</TypeId><TypeFieldId>1</TypeFieldId><ParentVarFieldId>1</ParentVarFieldId><MappedObjectName>PO_ITEM</MappedObjectName><ExtObjId>2</ExtObjId><MappedObjectType>C</MappedObjectType><FieldLength>2</FieldLength><VarPrecision>0</VarPrecision><RelationId>0</RelationId><IsEncrypted>N</IsEncrypted><IsMasked>N</IsMasked><MaskingPattern>X</MaskingPattern>
	</RowData>
	<RowData><ProcessDefId>1</ProcessDefId><VariableId>93</VariableId><VarFieldId>3</VarFieldId><TypeId>1</TypeId><TypeFieldId>2</TypeFieldId><ParentVarFieldId>1</ParentVarFieldId><MappedObjectName>MATERIAL</MappedObjectName><ExtObjId>2</ExtObjId><MappedObjectType>C</MappedObjectType><FieldLength>18</FieldLength><VarPrecision>0</VarPrecision><RelationId>0</RelationId><IsEncrypted>N</IsEncrypted><IsMasked>N</IsMasked><MaskingPattern>X</MaskingPattern>
	</RowData>
	<RowData><ProcessDefId>1</ProcessDefId><VariableId>93</VariableId><VarFieldId>4</VarFieldId><TypeId>1</TypeId><TypeFieldId>3</TypeFieldId><ParentVarFieldId>1</ParentVarFieldId><MappedObjectName>PLANT</MappedObjectName><ExtObjId>2</ExtObjId><MappedObjectType>C</MappedObjectType><FieldLength>4</FieldLength><VarPrecision>0</VarPrecision><RelationId>0</RelationId><IsEncrypted>N</IsEncrypted><IsMasked>N</IsMasked><MaskingPattern>X</MaskingPattern>
	</RowData>
	<RowData><ProcessDefId>1</ProcessDefId><VariableId>93</VariableId><VarFieldId>5</VarFieldId><TypeId>1</TypeId><TypeFieldId>4</TypeFieldId><ParentVarFieldId>1</ParentVarFieldId><MappedObjectName>QUANTITY</MappedObjectName><ExtObjId>2</ExtObjId><MappedObjectType>C</MappedObjectType><FieldLength>13</FieldLength><VarPrecision>0</VarPrecision><RelationId>0</RelationId><IsEncrypted>N</IsEncrypted><IsMasked>N</IsMasked><MaskingPattern>X</MaskingPattern>
	</RowData>
	<RowData><ProcessDefId>1</ProcessDefId><VariableId>93</VariableId><VarFieldId>6</VarFieldId><TypeId>1</TypeId><TypeFieldId>5</TypeFieldId><ParentVarFieldId>1</ParentVarFieldId><MappedObjectName>PO_UNIT</MappedObjectName><ExtObjId>2</ExtObjId><MappedObjectType>C</MappedObjectType><FieldLength>3</FieldLength><VarPrecision>0</VarPrecision><RelationId>0</RelationId><IsEncrypted>N</IsEncrypted><IsMasked>N</IsMasked><MaskingPattern>X</MaskingPattern>
	</RowData>
	<RowData><ProcessDefId>1</ProcessDefId><VariableId>93</VariableId><VarFieldId>7</VarFieldId><TypeId>1</TypeId><TypeFieldId>6</TypeFieldId><ParentVarFieldId>1</ParentVarFieldId><MappedObjectName>NET_PRICE</MappedObjectName><ExtObjId>2</ExtObjId><MappedObjectType>C</MappedObjectType><FieldLength>28</FieldLength><VarPrecision>9</VarPrecision><RelationId>0</RelationId><IsEncrypted>N</IsEncrypted><IsMasked>N</IsMasked><MaskingPattern>X</MaskingPattern>
	</RowData>
	<RowData><ProcessDefId>1</ProcessDefId><VariableId>93</VariableId><VarFieldId>8</VarFieldId><TypeId>1</TypeId><TypeFieldId>7</TypeFieldId><ParentVarFieldId>1</ParentVarFieldId><MappedObjectName>PRICE_UNIT</MappedObjectName><ExtObjId>2</ExtObjId><MappedObjectType>C</MappedObjectType><FieldLength>5</FieldLength><VarPrecision>0</VarPrecision><RelationId>0</RelationId><IsEncrypted>N</IsEncrypted><IsMasked>N</IsMasked><MaskingPattern>X</MaskingPattern>
	</RowData>
	<RowData><ProcessDefId>1</ProcessDefId><VariableId>94</VariableId><VarFieldId>1</VarFieldId><TypeId>3</TypeId><TypeFieldId>0</TypeFieldId><ParentVarFieldId>0</ParentVarFieldId><MappedObjectName>complex_orient_po_lineitem</MappedObjectName><ExtObjId>4</ExtObjId><MappedObjectType>T</MappedObjectType><FieldLength>0</FieldLength><VarPrecision>0</VarPrecision><RelationId>2</RelationId><IsEncrypted>N</IsEncrypted><IsMasked>N</IsMasked><MaskingPattern>X</MaskingPattern>
	</RowData>
	<RowData><ProcessDefId>1</ProcessDefId><VariableId>94</VariableId><VarFieldId>2</VarFieldId><TypeId>3</TypeId><TypeFieldId>1</TypeFieldId><ParentVarFieldId>1</ParentVarFieldId><MappedObjectName>PO_No</MappedObjectName><ExtObjId>4</ExtObjId><MappedObjectType>C</MappedObjectType><FieldLength>50</FieldLength><VarPrecision>0</VarPrecision><RelationId>0</RelationId><IsEncrypted>N</IsEncrypted><IsMasked>N</IsMasked><MaskingPattern>X</MaskingPattern>
	</RowData>
	<RowData><ProcessDefId>1</ProcessDefId><VariableId>94</VariableId><VarFieldId>3</VarFieldId><TypeId>3</TypeId><TypeFieldId>2</TypeFieldId><ParentVarFieldId>1</ParentVarFieldId><MappedObjectName>Vendor_Name</MappedObjectName><ExtObjId>4</ExtObjId><MappedObjectType>C</MappedObjectType><FieldLength>50</FieldLength><VarPrecision>0</VarPrecision><RelationId>0</RelationId><IsEncrypted>N</IsEncrypted><IsMasked>N</IsMasked><MaskingPattern>X</MaskingPattern>
	</RowData>
	<RowData><ProcessDefId>1</ProcessDefId><VariableId>94</VariableId><VarFieldId>4</VarFieldId><TypeId>3</TypeId><TypeFieldId>3</TypeFieldId><ParentVarFieldId>1</ParentVarFieldId><MappedObjectName>Total_PO_amount_with_Tax</MappedObjectName><ExtObjId>4</ExtObjId><MappedObjectType>C</MappedObjectType><FieldLength>50</FieldLength><VarPrecision>0</VarPrecision><RelationId>0</RelationId><IsEncrypted>N</IsEncrypted><IsMasked>N</IsMasked><MaskingPattern>X</MaskingPattern>
	</RowData>
	<RowData><ProcessDefId>1</ProcessDefId><VariableId>94</VariableId><VarFieldId>5</VarFieldId><TypeId>3</TypeId><TypeFieldId>4</TypeFieldId><ParentVarFieldId>1</ParentVarFieldId><MappedObjectName>Purchasing_Org</MappedObjectName><ExtObjId>4</ExtObjId><MappedObjectType>C</MappedObjectType><FieldLength>50</FieldLength><VarPrecision>0</VarPrecision><RelationId>0</RelationId><IsEncrypted>N</IsEncrypted><IsMasked>N</IsMasked><MaskingPattern>X</MaskingPattern>
	</RowData>
	<RowData><ProcessDefId>1</ProcessDefId><VariableId>94</VariableId><VarFieldId>6</VarFieldId><TypeId>3</TypeId><TypeFieldId>5</TypeFieldId><ParentVarFieldId>1</ParentVarFieldId><MappedObjectName>Purchasing_Group</MappedObjectName><ExtObjId>4</ExtObjId><MappedObjectType>C</MappedObjectType><FieldLength>50</FieldLength><VarPrecision>0</VarPrecision><RelationId>0</RelationId><IsEncrypted>N</IsEncrypted><IsMasked>N</IsMasked><MaskingPattern>X</MaskingPattern>
	</RowData>
	<RowData><ProcessDefId>1</ProcessDefId><VariableId>94</VariableId><VarFieldId>7</VarFieldId><TypeId>3</TypeId><TypeFieldId>6</TypeFieldId><ParentVarFieldId>1</ParentVarFieldId><MappedObjectName>Plant</MappedObjectName><ExtObjId>4</ExtObjId><MappedObjectType>C</MappedObjectType><FieldLength>50</FieldLength><VarPrecision>0</VarPrecision><RelationId>0</RelationId><IsEncrypted>N</IsEncrypted><IsMasked>N</IsMasked><MaskingPattern>X</MaskingPattern>
	</RowData>
	<RowData><ProcessDefId>1</ProcessDefId><VariableId>94</VariableId><VarFieldId>8</VarFieldId><TypeId>3</TypeId><TypeFieldId>7</TypeFieldId><ParentVarFieldId>1</ParentVarFieldId><MappedObjectName>PO_Type</MappedObjectName><ExtObjId>4</ExtObjId><MappedObjectType>C</MappedObjectType><FieldLength>50</FieldLength><VarPrecision>0</VarPrecision><RelationId>0</RelationId><IsEncrypted>N</IsEncrypted><IsMasked>N</IsMasked><MaskingPattern>X</MaskingPattern>
	</RowData>
	<RowData><ProcessDefId>1</ProcessDefId><VariableId>94</VariableId><VarFieldId>9</VarFieldId><TypeId>3</TypeId><TypeFieldId>8</TypeFieldId><ParentVarFieldId>1</ParentVarFieldId><MappedObjectName>Item</MappedObjectName><ExtObjId>4</ExtObjId><MappedObjectType>C</MappedObjectType><FieldLength>50</FieldLength><VarPrecision>0</VarPrecision><RelationId>0</RelationId><IsEncrypted>N</IsEncrypted><IsMasked>N</IsMasked><MaskingPattern>X</MaskingPattern>
	</RowData>
	<RowData><ProcessDefId>1</ProcessDefId><VariableId>94</VariableId><VarFieldId>10</VarFieldId><TypeId>3</TypeId><TypeFieldId>9</TypeFieldId><ParentVarFieldId>1</ParentVarFieldId><MappedObjectName>Item_Description</MappedObjectName><ExtObjId>4</ExtObjId><MappedObjectType>C</MappedObjectType><FieldLength>50</FieldLength><VarPrecision>0</VarPrecision><RelationId>0</RelationId><IsEncrypted>N</IsEncrypted><IsMasked>N</IsMasked><MaskingPattern>X</MaskingPattern>
	</RowData>
	<RowData><ProcessDefId>1</ProcessDefId><VariableId>94</VariableId><VarFieldId>11</VarFieldId><TypeId>3</TypeId><TypeFieldId>10</TypeFieldId><ParentVarFieldId>1</ParentVarFieldId><MappedObjectName>Quantity</MappedObjectName><ExtObjId>4</ExtObjId><MappedObjectType>C</MappedObjectType><FieldLength>50</FieldLength><VarPrecision>0</VarPrecision><RelationId>0</RelationId><IsEncrypted>N</IsEncrypted><IsMasked>N</IsMasked><MaskingPattern>X</MaskingPattern>
	</RowData>
	<RowData><ProcessDefId>1</ProcessDefId><VariableId>94</VariableId><VarFieldId>12</VarFieldId><TypeId>3</TypeId><TypeFieldId>11</TypeFieldId><ParentVarFieldId>1</ParentVarFieldId><MappedObjectName>Price_per_unit</MappedObjectName><ExtObjId>4</ExtObjId><MappedObjectType>C</MappedObjectType><FieldLength>50</FieldLength><VarPrecision>0</VarPrecision><RelationId>0</RelationId><IsEncrypted>N</IsEncrypted><IsMasked>N</IsMasked><MaskingPattern>X</MaskingPattern>
	</RowData>
	<RowData><ProcessDefId>1</ProcessDefId><VariableId>94</VariableId><VarFieldId>13</VarFieldId><TypeId>3</TypeId><TypeFieldId>12</TypeFieldId><ParentVarFieldId>1</ParentVarFieldId><MappedObjectName>Line_Total_with_tax</MappedObjectName><ExtObjId>4</ExtObjId><MappedObjectType>C</MappedObjectType><FieldLength>50</FieldLength><VarPrecision>0</VarPrecision><RelationId>0</RelationId><IsEncrypted>N</IsEncrypted><IsMasked>N</IsMasked><MaskingPattern>X</MaskingPattern>
	</RowData>
	<RowData><ProcessDefId>1</ProcessDefId><VariableId>94</VariableId><VarFieldId>14</VarFieldId><TypeId>3</TypeId><TypeFieldId>13</TypeFieldId><ParentVarFieldId>1</ParentVarFieldId><MappedObjectName>UOM</MappedObjectName><ExtObjId>4</ExtObjId><MappedObjectType>C</MappedObjectType><FieldLength>50</FieldLength><VarPrecision>0</VarPrecision><RelationId>0</RelationId><IsEncrypted>N</IsEncrypted><IsMasked>N</IsMasked><MaskingPattern>X</MaskingPattern>
	</RowData>
	<RowData><ProcessDefId>1</ProcessDefId><VariableId>94</VariableId><VarFieldId>15</VarFieldId><TypeId>3</TypeId><TypeFieldId>14</TypeFieldId><ParentVarFieldId>1</ParentVarFieldId><MappedObjectName>Currency</MappedObjectName><ExtObjId>4</ExtObjId><MappedObjectType>C</MappedObjectType><FieldLength>50</FieldLength><VarPrecision>0</VarPrecision><RelationId>0</RelationId><IsEncrypted>N</IsEncrypted><IsMasked>N</IsMasked><MaskingPattern>X</MaskingPattern>
	</RowData>
	<RowData><ProcessDefId>1</ProcessDefId><VariableId>94</VariableId><VarFieldId>16</VarFieldId><TypeId>3</TypeId><TypeFieldId>15</TypeFieldId><ParentVarFieldId>1</ParentVarFieldId><MappedObjectName>PO_Creation_Date</MappedObjectName><ExtObjId>4</ExtObjId><MappedObjectType>C</MappedObjectType><FieldLength>50</FieldLength><VarPrecision>0</VarPrecision><RelationId>0</RelationId><IsEncrypted>N</IsEncrypted><IsMasked>N</IsMasked><MaskingPattern>X</MaskingPattern>
	</RowData>
	<RowData><ProcessDefId>1</ProcessDefId><VariableId>101</VariableId><VarFieldId>1</VarFieldId><TypeId>4</TypeId><TypeFieldId>0</TypeFieldId><ParentVarFieldId>0</ParentVarFieldId><MappedObjectName>complex_orient_pohistory</MappedObjectName><ExtObjId>5</ExtObjId><MappedObjectType>T</MappedObjectType><FieldLength>0</FieldLength><VarPrecision>0</VarPrecision><RelationId>3</RelationId><IsEncrypted>N</IsEncrypted><IsMasked>N</IsMasked><MaskingPattern>X</MaskingPattern>
	</RowData>
	<RowData><ProcessDefId>1</ProcessDefId><VariableId>101</VariableId><VarFieldId>2</VarFieldId><TypeId>4</TypeId><TypeFieldId>1</TypeFieldId><ParentVarFieldId>1</ParentVarFieldId><MappedObjectName>PO_ITEM</MappedObjectName><ExtObjId>5</ExtObjId><MappedObjectType>C</MappedObjectType><FieldLength>2</FieldLength><VarPrecision>0</VarPrecision><RelationId>0</RelationId><IsEncrypted>N</IsEncrypted><IsMasked>N</IsMasked><MaskingPattern>X</MaskingPattern>
	</RowData>
	<RowData><ProcessDefId>1</ProcessDefId><VariableId>101</VariableId><VarFieldId>3</VarFieldId><TypeId>4</TypeId><TypeFieldId>2</TypeFieldId><ParentVarFieldId>1</ParentVarFieldId><MappedObjectName>SERIAL_NO</MappedObjectName><ExtObjId>5</ExtObjId><MappedObjectType>C</MappedObjectType><FieldLength>2</FieldLength><VarPrecision>0</VarPrecision><RelationId>0</RelationId><IsEncrypted>N</IsEncrypted><IsMasked>N</IsMasked><MaskingPattern>X</MaskingPattern>
	</RowData>
	<RowData><ProcessDefId>1</ProcessDefId><VariableId>101</VariableId><VarFieldId>4</VarFieldId><TypeId>4</TypeId><TypeFieldId>3</TypeFieldId><ParentVarFieldId>1</ParentVarFieldId><MappedObjectName>PROCESS_ID</MappedObjectName><ExtObjId>5</ExtObjId><MappedObjectType>C</MappedObjectType><FieldLength>50</FieldLength><VarPrecision>0</VarPrecision><RelationId>0</RelationId><IsEncrypted>N</IsEncrypted><IsMasked>N</IsMasked><MaskingPattern>X</MaskingPattern>
	</RowData>
	<RowData><ProcessDefId>1</ProcessDefId><VariableId>101</VariableId><VarFieldId>5</VarFieldId><TypeId>4</TypeId><TypeFieldId>4</TypeFieldId><ParentVarFieldId>1</ParentVarFieldId><MappedObjectName>DOC_YEAR</MappedObjectName><ExtObjId>5</ExtObjId><MappedObjectType>C</MappedObjectType><FieldLength>2</FieldLength><VarPrecision>0</VarPrecision><RelationId>0</RelationId><IsEncrypted>N</IsEncrypted><IsMasked>N</IsMasked><MaskingPattern>X</MaskingPattern>
	</RowData>
	<RowData><ProcessDefId>1</ProcessDefId><VariableId>101</VariableId><VarFieldId>6</VarFieldId><TypeId>4</TypeId><TypeFieldId>5</TypeFieldId><ParentVarFieldId>1</ParentVarFieldId><MappedObjectName>MAT_DOC</MappedObjectName><ExtObjId>5</ExtObjId><MappedObjectType>C</MappedObjectType><FieldLength>50</FieldLength><VarPrecision>0</VarPrecision><RelationId>0</RelationId><IsEncrypted>N</IsEncrypted><IsMasked>N</IsMasked><MaskingPattern>X</MaskingPattern>
	</RowData>
	<RowData><ProcessDefId>1</ProcessDefId><VariableId>101</VariableId><VarFieldId>7</VarFieldId><TypeId>4</TypeId><TypeFieldId>6</TypeFieldId><ParentVarFieldId>1</ParentVarFieldId><MappedObjectName>MATDOC_ITM</MappedObjectName><ExtObjId>5</ExtObjId><MappedObjectType>C</MappedObjectType><FieldLength>2</FieldLength><VarPrecision>0</VarPrecision><RelationId>0</RelationId><IsEncrypted>N</IsEncrypted><IsMasked>N</IsMasked><MaskingPattern>X</MaskingPattern>
	</RowData>
	<RowData><ProcessDefId>1</ProcessDefId><VariableId>101</VariableId><VarFieldId>8</VarFieldId><TypeId>4</TypeId><TypeFieldId>7</TypeFieldId><ParentVarFieldId>1</ParentVarFieldId><MappedObjectName>HIST_TYPE</MappedObjectName><ExtObjId>5</ExtObjId><MappedObjectType>C</MappedObjectType><FieldLength>50</FieldLength><VarPrecision>0</VarPrecision><RelationId>0</RelationId><IsEncrypted>N</IsEncrypted><IsMasked>N</IsMasked><MaskingPattern>X</MaskingPattern>
	</RowData>
	<RowData><ProcessDefId>1</ProcessDefId><VariableId>101</VariableId><VarFieldId>9</VarFieldId><TypeId>4</TypeId><TypeFieldId>8</TypeFieldId><ParentVarFieldId>1</ParentVarFieldId><MappedObjectName>MOVE_TYPE</MappedObjectName><ExtObjId>5</ExtObjId><MappedObjectType>C</MappedObjectType><FieldLength>50</FieldLength><VarPrecision>0</VarPrecision><RelationId>0</RelationId><IsEncrypted>N</IsEncrypted><IsMasked>N</IsMasked><MaskingPattern>X</MaskingPattern>
	</RowData>
	<RowData><ProcessDefId>1</ProcessDefId><VariableId>101</VariableId><VarFieldId>10</VarFieldId><TypeId>4</TypeId><TypeFieldId>9</TypeFieldId><ParentVarFieldId>1</ParentVarFieldId><MappedObjectName>PSTNG_DATE</MappedObjectName><ExtObjId>5</ExtObjId><MappedObjectType>C</MappedObjectType><FieldLength>8</FieldLength><VarPrecision>0</VarPrecision><RelationId>0</RelationId><IsEncrypted>N</IsEncrypted><IsMasked>N</IsMasked><MaskingPattern>X</MaskingPattern>
	</RowData>
	<RowData><ProcessDefId>1</ProcessDefId><VariableId>101</VariableId><VarFieldId>11</VarFieldId><TypeId>4</TypeId><TypeFieldId>10</TypeFieldId><ParentVarFieldId>1</ParentVarFieldId><MappedObjectName>QUANTITY</MappedObjectName><ExtObjId>5</ExtObjId><MappedObjectType>C</MappedObjectType><FieldLength>50</FieldLength><VarPrecision>0</VarPrecision><RelationId>0</RelationId><IsEncrypted>N</IsEncrypted><IsMasked>N</IsMasked><MaskingPattern>X</MaskingPattern>
	</RowData>
	<RowData><ProcessDefId>1</ProcessDefId><VariableId>101</VariableId><VarFieldId>12</VarFieldId><TypeId>4</TypeId><TypeFieldId>11</TypeFieldId><ParentVarFieldId>1</ParentVarFieldId><MappedObjectName>VAL_LOCCUR</MappedObjectName><ExtObjId>5</ExtObjId><MappedObjectType>C</MappedObjectType><FieldLength>50</FieldLength><VarPrecision>0</VarPrecision><RelationId>0</RelationId><IsEncrypted>N</IsEncrypted><IsMasked>N</IsMasked><MaskingPattern>X</MaskingPattern>
	</RowData>
	<RowData><ProcessDefId>1</ProcessDefId><VariableId>101</VariableId><VarFieldId>13</VarFieldId><TypeId>4</TypeId><TypeFieldId>12</TypeFieldId><ParentVarFieldId>1</ParentVarFieldId><MappedObjectName>VAL_FORCUR</MappedObjectName><ExtObjId>5</ExtObjId><MappedObjectType>C</MappedObjectType><FieldLength>50</FieldLength><VarPrecision>0</VarPrecision><RelationId>0</RelationId><IsEncrypted>N</IsEncrypted><IsMasked>N</IsMasked><MaskingPattern>X</MaskingPattern>
	</RowData>
	<RowData><ProcessDefId>1</ProcessDefId><VariableId>101</VariableId><VarFieldId>14</VarFieldId><TypeId>4</TypeId><TypeFieldId>13</TypeFieldId><ParentVarFieldId>1</ParentVarFieldId><MappedObjectName>CURRENCY</MappedObjectName><ExtObjId>5</ExtObjId><MappedObjectType>C</MappedObjectType><FieldLength>50</FieldLength><VarPrecision>0</VarPrecision><RelationId>0</RelationId><IsEncrypted>N</IsEncrypted><IsMasked>N</IsMasked><MaskingPattern>X</MaskingPattern>
	</RowData>
	<RowData><ProcessDefId>1</ProcessDefId><VariableId>101</VariableId><VarFieldId>15</VarFieldId><TypeId>4</TypeId><TypeFieldId>14</TypeFieldId><ParentVarFieldId>1</ParentVarFieldId><MappedObjectName>CL_VAL_LOC</MappedObjectName><ExtObjId>5</ExtObjId><MappedObjectType>C</MappedObjectType><FieldLength>50</FieldLength><VarPrecision>0</VarPrecision><RelationId>0</RelationId><IsEncrypted>N</IsEncrypted><IsMasked>N</IsMasked><MaskingPattern>X</MaskingPattern>
	</RowData>
	<RowData><ProcessDefId>1</ProcessDefId><VariableId>101</VariableId><VarFieldId>16</VarFieldId><TypeId>4</TypeId><TypeFieldId>15</TypeFieldId><ParentVarFieldId>1</ParentVarFieldId><MappedObjectName>BLOCKED_QY</MappedObjectName><ExtObjId>5</ExtObjId><MappedObjectType>C</MappedObjectType><FieldLength>50</FieldLength><VarPrecision>0</VarPrecision><RelationId>0</RelationId><IsEncrypted>N</IsEncrypted><IsMasked>N</IsMasked><MaskingPattern>X</MaskingPattern>
	</RowData>
	<RowData><ProcessDefId>1</ProcessDefId><VariableId>101</VariableId><VarFieldId>17</VarFieldId><TypeId>4</TypeId><TypeFieldId>16</TypeFieldId><ParentVarFieldId>1</ParentVarFieldId><MappedObjectName>BL_QTY</MappedObjectName><ExtObjId>5</ExtObjId><MappedObjectType>C</MappedObjectType><FieldLength>50</FieldLength><VarPrecision>0</VarPrecision><RelationId>0</RelationId><IsEncrypted>N</IsEncrypted><IsMasked>N</IsMasked><MaskingPattern>X</MaskingPattern>
	</RowData>
	<RowData><ProcessDefId>1</ProcessDefId><VariableId>101</VariableId><VarFieldId>18</VarFieldId><TypeId>4</TypeId><TypeFieldId>17</TypeFieldId><ParentVarFieldId>1</ParentVarFieldId><MappedObjectName>DB_CR_IND</MappedObjectName><ExtObjId>5</ExtObjId><MappedObjectType>C</MappedObjectType><FieldLength>50</FieldLength><VarPrecision>0</VarPrecision><RelationId>0</RelationId><IsEncrypted>N</IsEncrypted><IsMasked>N</IsMasked><MaskingPattern>X</MaskingPattern>
	</RowData>
	<RowData><ProcessDefId>1</ProcessDefId><VariableId>101</VariableId><VarFieldId>19</VarFieldId><TypeId>4</TypeId><TypeFieldId>18</TypeFieldId><ParentVarFieldId>1</ParentVarFieldId><MappedObjectName>VAL_TYPE</MappedObjectName><ExtObjId>5</ExtObjId><MappedObjectType>C</MappedObjectType><FieldLength>50</FieldLength><VarPrecision>0</VarPrecision><RelationId>0</RelationId><IsEncrypted>N</IsEncrypted><IsMasked>N</IsMasked><MaskingPattern>X</MaskingPattern>
	</RowData>
	<RowData><ProcessDefId>1</ProcessDefId><VariableId>101</VariableId><VarFieldId>20</VarFieldId><TypeId>4</TypeId><TypeFieldId>19</TypeFieldId><ParentVarFieldId>1</ParentVarFieldId><MappedObjectName>NO_MORE_GR</MappedObjectName><ExtObjId>5</ExtObjId><MappedObjectType>C</MappedObjectType><FieldLength>50</FieldLength><VarPrecision>0</VarPrecision><RelationId>0</RelationId><IsEncrypted>N</IsEncrypted><IsMasked>N</IsMasked><MaskingPattern>X</MaskingPattern>
	</RowData>
	<RowData><ProcessDefId>1</ProcessDefId><VariableId>101</VariableId><VarFieldId>21</VarFieldId><TypeId>4</TypeId><TypeFieldId>20</TypeFieldId><ParentVarFieldId>1</ParentVarFieldId><MappedObjectName>REF_DOC_NO</MappedObjectName><ExtObjId>5</ExtObjId><MappedObjectType>C</MappedObjectType><FieldLength>50</FieldLength><VarPrecision>0</VarPrecision><RelationId>0</RelationId><IsEncrypted>N</IsEncrypted><IsMasked>N</IsMasked><MaskingPattern>X</MaskingPattern>
	</RowData>
	<RowData><ProcessDefId>1</ProcessDefId><VariableId>101</VariableId><VarFieldId>22</VarFieldId><TypeId>4</TypeId><TypeFieldId>21</TypeFieldId><ParentVarFieldId>1</ParentVarFieldId><MappedObjectName>REF_DOC_YR</MappedObjectName><ExtObjId>5</ExtObjId><MappedObjectType>C</MappedObjectType><FieldLength>2</FieldLength><VarPrecision>0</VarPrecision><RelationId>0</RelationId><IsEncrypted>N</IsEncrypted><IsMasked>N</IsMasked><MaskingPattern>X</MaskingPattern>
	</RowData>
	<RowData><ProcessDefId>1</ProcessDefId><VariableId>101</VariableId><VarFieldId>23</VarFieldId><TypeId>4</TypeId><TypeFieldId>22</TypeFieldId><ParentVarFieldId>1</ParentVarFieldId><MappedObjectName>REF_DOC</MappedObjectName><ExtObjId>5</ExtObjId><MappedObjectType>C</MappedObjectType><FieldLength>50</FieldLength><VarPrecision>0</VarPrecision><RelationId>0</RelationId><IsEncrypted>N</IsEncrypted><IsMasked>N</IsMasked><MaskingPattern>X</MaskingPattern>
	</RowData>
	<RowData><ProcessDefId>1</ProcessDefId><VariableId>101</VariableId><VarFieldId>24</VarFieldId><TypeId>4</TypeId><TypeFieldId>23</TypeFieldId><ParentVarFieldId>1</ParentVarFieldId><MappedObjectName>REF_DOC_IT</MappedObjectName><ExtObjId>5</ExtObjId><MappedObjectType>C</MappedObjectType><FieldLength>2</FieldLength><VarPrecision>0</VarPrecision><RelationId>0</RelationId><IsEncrypted>N</IsEncrypted><IsMasked>N</IsMasked><MaskingPattern>X</MaskingPattern>
	</RowData>
	<RowData><ProcessDefId>1</ProcessDefId><VariableId>101</VariableId><VarFieldId>25</VarFieldId><TypeId>4</TypeId><TypeFieldId>24</TypeFieldId><ParentVarFieldId>1</ParentVarFieldId><MappedObjectName>MOVE_REAS</MappedObjectName><ExtObjId>5</ExtObjId><MappedObjectType>C</MappedObjectType><FieldLength>2</FieldLength><VarPrecision>0</VarPrecision><RelationId>0</RelationId><IsEncrypted>N</IsEncrypted><IsMasked>N</IsMasked><MaskingPattern>X</MaskingPattern>
	</RowData>
	<RowData><ProcessDefId>1</ProcessDefId><VariableId>101</VariableId><VarFieldId>26</VarFieldId><TypeId>4</TypeId><TypeFieldId>25</TypeFieldId><ParentVarFieldId>1</ParentVarFieldId><MappedObjectName>ENTRY_DATE</MappedObjectName><ExtObjId>5</ExtObjId><MappedObjectType>C</MappedObjectType><FieldLength>8</FieldLength><VarPrecision>0</VarPrecision><RelationId>0</RelationId><IsEncrypted>N</IsEncrypted><IsMasked>N</IsMasked><MaskingPattern>X</MaskingPattern>
	</RowData>
	<RowData><ProcessDefId>1</ProcessDefId><VariableId>101</VariableId><VarFieldId>27</VarFieldId><TypeId>4</TypeId><TypeFieldId>26</TypeFieldId><ParentVarFieldId>1</ParentVarFieldId><MappedObjectName>ENTRY_TIME</MappedObjectName><ExtObjId>5</ExtObjId><MappedObjectType>C</MappedObjectType><FieldLength>50</FieldLength><VarPrecision>0</VarPrecision><RelationId>0</RelationId><IsEncrypted>N</IsEncrypted><IsMasked>N</IsMasked><MaskingPattern>X</MaskingPattern>
	</RowData>
	<RowData><ProcessDefId>1</ProcessDefId><VariableId>101</VariableId><VarFieldId>28</VarFieldId><TypeId>4</TypeId><TypeFieldId>27</TypeFieldId><ParentVarFieldId>1</ParentVarFieldId><MappedObjectName>IVVAL_LOC</MappedObjectName><ExtObjId>5</ExtObjId><MappedObjectType>C</MappedObjectType><FieldLength>50</FieldLength><VarPrecision>0</VarPrecision><RelationId>0</RelationId><IsEncrypted>N</IsEncrypted><IsMasked>N</IsMasked><MaskingPattern>X</MaskingPattern>
	</RowData>
	<RowData><ProcessDefId>1</ProcessDefId><VariableId>101</VariableId><VarFieldId>29</VarFieldId><TypeId>4</TypeId><TypeFieldId>28</TypeFieldId><ParentVarFieldId>1</ParentVarFieldId><MappedObjectName>IVVAL_FOR</MappedObjectName><ExtObjId>5</ExtObjId><MappedObjectType>C</MappedObjectType><FieldLength>50</FieldLength><VarPrecision>0</VarPrecision><RelationId>0</RelationId><IsEncrypted>N</IsEncrypted><IsMasked>N</IsMasked><MaskingPattern>X</MaskingPattern>
	</RowData>
	<RowData><ProcessDefId>1</ProcessDefId><VariableId>101</VariableId><VarFieldId>30</VarFieldId><TypeId>4</TypeId><TypeFieldId>29</TypeFieldId><ParentVarFieldId>1</ParentVarFieldId><MappedObjectName>MATERIAL</MappedObjectName><ExtObjId>5</ExtObjId><MappedObjectType>C</MappedObjectType><FieldLength>50</FieldLength><VarPrecision>0</VarPrecision><RelationId>0</RelationId><IsEncrypted>N</IsEncrypted><IsMasked>N</IsMasked><MaskingPattern>X</MaskingPattern>
	</RowData>
	<RowData><ProcessDefId>1</ProcessDefId><VariableId>101</VariableId><VarFieldId>31</VarFieldId><TypeId>4</TypeId><TypeFieldId>30</TypeFieldId><ParentVarFieldId>1</ParentVarFieldId><MappedObjectName>PLANT</MappedObjectName><ExtObjId>5</ExtObjId><MappedObjectType>C</MappedObjectType><FieldLength>50</FieldLength><VarPrecision>0</VarPrecision><RelationId>0</RelationId><IsEncrypted>N</IsEncrypted><IsMasked>N</IsMasked><MaskingPattern>X</MaskingPattern>
	</RowData>
	<RowData><ProcessDefId>1</ProcessDefId><VariableId>101</VariableId><VarFieldId>32</VarFieldId><TypeId>4</TypeId><TypeFieldId>31</TypeFieldId><ParentVarFieldId>1</ParentVarFieldId><MappedObjectName>CONF_SER</MappedObjectName><ExtObjId>5</ExtObjId><MappedObjectType>C</MappedObjectType><FieldLength>2</FieldLength><VarPrecision>0</VarPrecision><RelationId>0</RelationId><IsEncrypted>N</IsEncrypted><IsMasked>N</IsMasked><MaskingPattern>X</MaskingPattern>
	</RowData>
	<RowData><ProcessDefId>1</ProcessDefId><VariableId>101</VariableId><VarFieldId>33</VarFieldId><TypeId>4</TypeId><TypeFieldId>32</TypeFieldId><ParentVarFieldId>1</ParentVarFieldId><MappedObjectName>CONDITION_1</MappedObjectName><ExtObjId>5</ExtObjId><MappedObjectType>C</MappedObjectType><FieldLength>50</FieldLength><VarPrecision>0</VarPrecision><RelationId>0</RelationId><IsEncrypted>N</IsEncrypted><IsMasked>N</IsMasked><MaskingPattern>X</MaskingPattern>
	</RowData>
	<RowData><ProcessDefId>1</ProcessDefId><VariableId>101</VariableId><VarFieldId>34</VarFieldId><TypeId>4</TypeId><TypeFieldId>33</TypeFieldId><ParentVarFieldId>1</ParentVarFieldId><MappedObjectName>TAX_CODE</MappedObjectName><ExtObjId>5</ExtObjId><MappedObjectType>C</MappedObjectType><FieldLength>50</FieldLength><VarPrecision>0</VarPrecision><RelationId>0</RelationId><IsEncrypted>N</IsEncrypted><IsMasked>N</IsMasked><MaskingPattern>X</MaskingPattern>
	</RowData>
	<RowData><ProcessDefId>1</ProcessDefId><VariableId>101</VariableId><VarFieldId>35</VarFieldId><TypeId>4</TypeId><TypeFieldId>34</TypeFieldId><ParentVarFieldId>1</ParentVarFieldId><MappedObjectName>DELIV_QTY</MappedObjectName><ExtObjId>5</ExtObjId><MappedObjectType>C</MappedObjectType><FieldLength>50</FieldLength><VarPrecision>0</VarPrecision><RelationId>0</RelationId><IsEncrypted>N</IsEncrypted><IsMasked>N</IsMasked><MaskingPattern>X</MaskingPattern>
	</RowData>
	<RowData><ProcessDefId>1</ProcessDefId><VariableId>101</VariableId><VarFieldId>36</VarFieldId><TypeId>4</TypeId><TypeFieldId>35</TypeFieldId><ParentVarFieldId>1</ParentVarFieldId><MappedObjectName>DELIV_UNIT</MappedObjectName><ExtObjId>5</ExtObjId><MappedObjectType>C</MappedObjectType><FieldLength>50</FieldLength><VarPrecision>0</VarPrecision><RelationId>0</RelationId><IsEncrypted>N</IsEncrypted><IsMasked>N</IsMasked><MaskingPattern>X</MaskingPattern>
	</RowData>
	<RowData><ProcessDefId>1</ProcessDefId><VariableId>101</VariableId><VarFieldId>37</VarFieldId><TypeId>4</TypeId><TypeFieldId>36</TypeFieldId><ParentVarFieldId>1</ParentVarFieldId><MappedObjectName>PUR_MAT</MappedObjectName><ExtObjId>5</ExtObjId><MappedObjectType>C</MappedObjectType><FieldLength>50</FieldLength><VarPrecision>0</VarPrecision><RelationId>0</RelationId><IsEncrypted>N</IsEncrypted><IsMasked>N</IsMasked><MaskingPattern>X</MaskingPattern>
	</RowData>
	<RowData><ProcessDefId>1</ProcessDefId><VariableId>101</VariableId><VarFieldId>38</VarFieldId><TypeId>4</TypeId><TypeFieldId>37</TypeFieldId><ParentVarFieldId>1</ParentVarFieldId><MappedObjectName>LOC_CURR</MappedObjectName><ExtObjId>5</ExtObjId><MappedObjectType>C</MappedObjectType><FieldLength>50</FieldLength><VarPrecision>0</VarPrecision><RelationId>0</RelationId><IsEncrypted>N</IsEncrypted><IsMasked>N</IsMasked><MaskingPattern>X</MaskingPattern>
	</RowData>
	<RowData><ProcessDefId>1</ProcessDefId><VariableId>101</VariableId><VarFieldId>39</VarFieldId><TypeId>4</TypeId><TypeFieldId>38</TypeFieldId><ParentVarFieldId>1</ParentVarFieldId><MappedObjectName>BATCH</MappedObjectName><ExtObjId>5</ExtObjId><MappedObjectType>C</MappedObjectType><FieldLength>50</FieldLength><VarPrecision>0</VarPrecision><RelationId>0</RelationId><IsEncrypted>N</IsEncrypted><IsMasked>N</IsMasked><MaskingPattern>X</MaskingPattern>
	</RowData>
	<RowData><ProcessDefId>1</ProcessDefId><VariableId>101</VariableId><VarFieldId>40</VarFieldId><TypeId>4</TypeId><TypeFieldId>39</TypeFieldId><ParentVarFieldId>1</ParentVarFieldId><MappedObjectName>DOC_DATE</MappedObjectName><ExtObjId>5</ExtObjId><MappedObjectType>C</MappedObjectType><FieldLength>8</FieldLength><VarPrecision>0</VarPrecision><RelationId>0</RelationId><IsEncrypted>N</IsEncrypted><IsMasked>N</IsMasked><MaskingPattern>X</MaskingPattern>
	</RowData>
	<RowData><ProcessDefId>1</ProcessDefId><VariableId>101</VariableId><VarFieldId>41</VarFieldId><TypeId>4</TypeId><TypeFieldId>40</TypeFieldId><ParentVarFieldId>1</ParentVarFieldId><MappedObjectName>CURRENCY_ISO</MappedObjectName><ExtObjId>5</ExtObjId><MappedObjectType>C</MappedObjectType><FieldLength>50</FieldLength><VarPrecision>0</VarPrecision><RelationId>0</RelationId><IsEncrypted>N</IsEncrypted><IsMasked>N</IsMasked><MaskingPattern>X</MaskingPattern>
	</RowData>
	<RowData><ProcessDefId>1</ProcessDefId><VariableId>101</VariableId><VarFieldId>42</VarFieldId><TypeId>4</TypeId><TypeFieldId>41</TypeFieldId><ParentVarFieldId>1</ParentVarFieldId><MappedObjectName>LOC_CURR_ISO</MappedObjectName><ExtObjId>5</ExtObjId><MappedObjectType>C</MappedObjectType><FieldLength>50</FieldLength><VarPrecision>0</VarPrecision><RelationId>0</RelationId><IsEncrypted>N</IsEncrypted><IsMasked>N</IsMasked><MaskingPattern>X</MaskingPattern>
	</RowData>
	<RowData><ProcessDefId>1</ProcessDefId><VariableId>101</VariableId><VarFieldId>43</VarFieldId><TypeId>4</TypeId><TypeFieldId>42</TypeFieldId><ParentVarFieldId>1</ParentVarFieldId><MappedObjectName>DELIV_UNIT_ISO</MappedObjectName><ExtObjId>5</ExtObjId><MappedObjectType>C</MappedObjectType><FieldLength>50</FieldLength><VarPrecision>0</VarPrecision><RelationId>0</RelationId><IsEncrypted>N</IsEncrypted><IsMasked>N</IsMasked><MaskingPattern>X</MaskingPattern>
	</RowData>
	<RowData><ProcessDefId>1</ProcessDefId><VariableId>101</VariableId><VarFieldId>44</VarFieldId><TypeId>4</TypeId><TypeFieldId>43</TypeFieldId><ParentVarFieldId>1</ParentVarFieldId><MappedObjectName>MATERIAL_EXTERNAL</MappedObjectName><ExtObjId>5</ExtObjId><MappedObjectType>C</MappedObjectType><FieldLength>50</FieldLength><VarPrecision>0</VarPrecision><RelationId>0</RelationId><IsEncrypted>N</IsEncrypted><IsMasked>N</IsMasked><MaskingPattern>X</MaskingPattern>
	</RowData>
	<RowData><ProcessDefId>1</ProcessDefId><VariableId>101</VariableId><VarFieldId>45</VarFieldId><TypeId>4</TypeId><TypeFieldId>44</TypeFieldId><ParentVarFieldId>1</ParentVarFieldId><MappedObjectName>MATERIAL_GUID</MappedObjectName><ExtObjId>5</ExtObjId><MappedObjectType>C</MappedObjectType><FieldLength>50</FieldLength><VarPrecision>0</VarPrecision><RelationId>0</RelationId><IsEncrypted>N</IsEncrypted><IsMasked>N</IsMasked><MaskingPattern>X</MaskingPattern>
	</RowData>
	<RowData><ProcessDefId>1</ProcessDefId><VariableId>101</VariableId><VarFieldId>46</VarFieldId><TypeId>4</TypeId><TypeFieldId>45</TypeFieldId><ParentVarFieldId>1</ParentVarFieldId><MappedObjectName>MATERIAL_VERSION</MappedObjectName><ExtObjId>5</ExtObjId><MappedObjectType>C</MappedObjectType><FieldLength>50</FieldLength><VarPrecision>0</VarPrecision><RelationId>0</RelationId><IsEncrypted>N</IsEncrypted><IsMasked>N</IsMasked><MaskingPattern>X</MaskingPattern>
	</RowData>
	<RowData><ProcessDefId>1</ProcessDefId><VariableId>101</VariableId><VarFieldId>47</VarFieldId><TypeId>4</TypeId><TypeFieldId>46</TypeFieldId><ParentVarFieldId>1</ParentVarFieldId><MappedObjectName>PUR_MAT_EXTERNAL</MappedObjectName><ExtObjId>5</ExtObjId><MappedObjectType>C</MappedObjectType><FieldLength>50</FieldLength><VarPrecision>0</VarPrecision><RelationId>0</RelationId><IsEncrypted>N</IsEncrypted><IsMasked>N</IsMasked><MaskingPattern>X</MaskingPattern>
	</RowData>
	<RowData><ProcessDefId>1</ProcessDefId><VariableId>101</VariableId><VarFieldId>48</VarFieldId><TypeId>4</TypeId><TypeFieldId>47</TypeFieldId><ParentVarFieldId>1</ParentVarFieldId><MappedObjectName>PUR_MAT_GUID</MappedObjectName><ExtObjId>5</ExtObjId><MappedObjectType>C</MappedObjectType><FieldLength>50</FieldLength><VarPrecision>0</VarPrecision><RelationId>0</RelationId><IsEncrypted>N</IsEncrypted><IsMasked>N</IsMasked><MaskingPattern>X</MaskingPattern>
	</RowData>
	<RowData><ProcessDefId>1</ProcessDefId><VariableId>101</VariableId><VarFieldId>49</VarFieldId><TypeId>4</TypeId><TypeFieldId>48</TypeFieldId><ParentVarFieldId>1</ParentVarFieldId><MappedObjectName>PUR_MAT_VERSION</MappedObjectName><ExtObjId>5</ExtObjId><MappedObjectType>C</MappedObjectType><FieldLength>50</FieldLength><VarPrecision>0</VarPrecision><RelationId>0</RelationId><IsEncrypted>N</IsEncrypted><IsMasked>N</IsMasked><MaskingPattern>X</MaskingPattern>
	</RowData>
	<RowData><ProcessDefId>1</ProcessDefId><VariableId>101</VariableId><VarFieldId>50</VarFieldId><TypeId>4</TypeId><TypeFieldId>49</TypeFieldId><ParentVarFieldId>1</ParentVarFieldId><MappedObjectName>REF_DOC_NO_LONG</MappedObjectName><ExtObjId>5</ExtObjId><MappedObjectType>C</MappedObjectType><FieldLength>50</FieldLength><VarPrecision>0</VarPrecision><RelationId>0</RelationId><IsEncrypted>N</IsEncrypted><IsMasked>N</IsMasked><MaskingPattern>X</MaskingPattern>
	</RowData>
	<RowData><ProcessDefId>1</ProcessDefId><VariableId>101</VariableId><VarFieldId>51</VarFieldId><TypeId>4</TypeId><TypeFieldId>50</TypeFieldId><ParentVarFieldId>1</ParentVarFieldId><MappedObjectName>STK_SEGMENT</MappedObjectName><ExtObjId>5</ExtObjId><MappedObjectType>C</MappedObjectType><FieldLength>50</FieldLength><VarPrecision>0</VarPrecision><RelationId>0</RelationId><IsEncrypted>N</IsEncrypted><IsMasked>N</IsMasked><MaskingPattern>X</MaskingPattern>
	</RowData>
	<RowData><ProcessDefId>1</ProcessDefId><VariableId>102</VariableId><VarFieldId>1</VarFieldId><TypeId>5</TypeId><TypeFieldId>0</TypeFieldId><ParentVarFieldId>0</ParentVarFieldId><MappedObjectName>complex_orient_po_item</MappedObjectName><ExtObjId>6</ExtObjId><MappedObjectType>T</MappedObjectType><FieldLength>0</FieldLength><VarPrecision>0</VarPrecision><RelationId>14</RelationId><IsEncrypted>N</IsEncrypted><IsMasked>N</IsMasked><MaskingPattern>X</MaskingPattern>
	</RowData>
	<RowData><ProcessDefId>1</ProcessDefId><VariableId>102</VariableId><VarFieldId>2</VarFieldId><TypeId>5</TypeId><TypeFieldId>1</TypeFieldId><ParentVarFieldId>1</ParentVarFieldId><MappedObjectName>PO_NUMBER</MappedObjectName><ExtObjId>6</ExtObjId><MappedObjectType>C</MappedObjectType><FieldLength>50</FieldLength><VarPrecision>0</VarPrecision><RelationId>0</RelationId><IsEncrypted>N</IsEncrypted><IsMasked>N</IsMasked><MaskingPattern>X</MaskingPattern>
	</RowData>
	<RowData><ProcessDefId>1</ProcessDefId><VariableId>102</VariableId><VarFieldId>3</VarFieldId><TypeId>5</TypeId><TypeFieldId>2</TypeFieldId><ParentVarFieldId>1</ParentVarFieldId><MappedObjectName>PO_ITEM</MappedObjectName><ExtObjId>6</ExtObjId><MappedObjectType>C</MappedObjectType><FieldLength>2</FieldLength><VarPrecision>0</VarPrecision><RelationId>0</RelationId><IsEncrypted>N</IsEncrypted><IsMasked>N</IsMasked><MaskingPattern>X</MaskingPattern>
	</RowData>
	<RowData><ProcessDefId>1</ProcessDefId><VariableId>102</VariableId><VarFieldId>4</VarFieldId><TypeId>5</TypeId><TypeFieldId>3</TypeFieldId><ParentVarFieldId>1</ParentVarFieldId><MappedObjectName>DELETE_IND</MappedObjectName><ExtObjId>6</ExtObjId><MappedObjectType>C</MappedObjectType><FieldLength>50</FieldLength><VarPrecision>0</VarPrecision><RelationId>0</RelationId><IsEncrypted>N</IsEncrypted><IsMasked>N</IsMasked><MaskingPattern>X</MaskingPattern>
	</RowData>
	<RowData><ProcessDefId>1</ProcessDefId><VariableId>102</VariableId><VarFieldId>5</VarFieldId><TypeId>5</TypeId><TypeFieldId>4</TypeFieldId><ParentVarFieldId>1</ParentVarFieldId><MappedObjectName>STATUS_1</MappedObjectName><ExtObjId>6</ExtObjId><MappedObjectType>C</MappedObjectType><FieldLength>50</FieldLength><VarPrecision>0</VarPrecision><RelationId>0</RelationId><IsEncrypted>N</IsEncrypted><IsMasked>N</IsMasked><MaskingPattern>X</MaskingPattern>
	</RowData>
	<RowData><ProcessDefId>1</ProcessDefId><VariableId>102</VariableId><VarFieldId>6</VarFieldId><TypeId>5</TypeId><TypeFieldId>5</TypeFieldId><ParentVarFieldId>1</ParentVarFieldId><MappedObjectName>CHANGED_ON</MappedObjectName><ExtObjId>6</ExtObjId><MappedObjectType>C</MappedObjectType><FieldLength>8</FieldLength><VarPrecision>0</VarPrecision><RelationId>0</RelationId><IsEncrypted>N</IsEncrypted><IsMasked>N</IsMasked><MaskingPattern>X</MaskingPattern>
	</RowData>
	<RowData><ProcessDefId>1</ProcessDefId><VariableId>102</VariableId><VarFieldId>7</VarFieldId><TypeId>5</TypeId><TypeFieldId>6</TypeFieldId><ParentVarFieldId>1</ParentVarFieldId><MappedObjectName>SHORT_TEXT</MappedObjectName><ExtObjId>6</ExtObjId><MappedObjectType>C</MappedObjectType><FieldLength>50</FieldLength><VarPrecision>0</VarPrecision><RelationId>0</RelationId><IsEncrypted>N</IsEncrypted><IsMasked>N</IsMasked><MaskingPattern>X</MaskingPattern>
	</RowData>
	<RowData><ProcessDefId>1</ProcessDefId><VariableId>102</VariableId><VarFieldId>8</VarFieldId><TypeId>5</TypeId><TypeFieldId>7</TypeFieldId><ParentVarFieldId>1</ParentVarFieldId><MappedObjectName>MATERIAL</MappedObjectName><ExtObjId>6</ExtObjId><MappedObjectType>C</MappedObjectType><FieldLength>50</FieldLength><VarPrecision>0</VarPrecision><RelationId>0</RelationId><IsEncrypted>N</IsEncrypted><IsMasked>N</IsMasked><MaskingPattern>X</MaskingPattern>
	</RowData>
	<RowData><ProcessDefId>1</ProcessDefId><VariableId>102</VariableId><VarFieldId>9</VarFieldId><TypeId>5</TypeId><TypeFieldId>8</TypeFieldId><ParentVarFieldId>1</ParentVarFieldId><MappedObjectName>PUR_MAT</MappedObjectName><ExtObjId>6</ExtObjId><MappedObjectType>C</MappedObjectType><FieldLength>50</FieldLength><VarPrecision>0</VarPrecision><RelationId>0</RelationId><IsEncrypted>N</IsEncrypted><IsMasked>N</IsMasked><MaskingPattern>X</MaskingPattern>
	</RowData>
	<RowData><ProcessDefId>1</ProcessDefId><VariableId>102</VariableId><VarFieldId>10</VarFieldId><TypeId>5</TypeId><TypeFieldId>9</TypeFieldId><ParentVarFieldId>1</ParentVarFieldId><MappedObjectName>CO_CODE</MappedObjectName><ExtObjId>6</ExtObjId><MappedObjectType>C</MappedObjectType><FieldLength>50</FieldLength><VarPrecision>0</VarPrecision><RelationId>0</RelationId><IsEncrypted>N</IsEncrypted><IsMasked>N</IsMasked><MaskingPattern>X</MaskingPattern>
	</RowData>
	<RowData><ProcessDefId>1</ProcessDefId><VariableId>102</VariableId><VarFieldId>11</VarFieldId><TypeId>5</TypeId><TypeFieldId>10</TypeFieldId><ParentVarFieldId>1</ParentVarFieldId><MappedObjectName>PLANT</MappedObjectName><ExtObjId>6</ExtObjId><MappedObjectType>C</MappedObjectType><FieldLength>50</FieldLength><VarPrecision>0</VarPrecision><RelationId>0</RelationId><IsEncrypted>N</IsEncrypted><IsMasked>N</IsMasked><MaskingPattern>X</MaskingPattern>
	</RowData>
	<RowData><ProcessDefId>1</ProcessDefId><VariableId>102</VariableId><VarFieldId>12</VarFieldId><TypeId>5</TypeId><TypeFieldId>11</TypeFieldId><ParentVarFieldId>1</ParentVarFieldId><MappedObjectName>STORE_LOC</MappedObjectName><ExtObjId>6</ExtObjId><MappedObjectType>C</MappedObjectType><FieldLength>50</FieldLength><VarPrecision>0</VarPrecision><RelationId>0</RelationId><IsEncrypted>N</IsEncrypted><IsMasked>N</IsMasked><MaskingPattern>X</MaskingPattern>
	</RowData>
	<RowData><ProcessDefId>1</ProcessDefId><VariableId>102</VariableId><VarFieldId>13</VarFieldId><TypeId>5</TypeId><TypeFieldId>12</TypeFieldId><ParentVarFieldId>1</ParentVarFieldId><MappedObjectName>TRACKINGNO</MappedObjectName><ExtObjId>6</ExtObjId><MappedObjectType>C</MappedObjectType><FieldLength>50</FieldLength><VarPrecision>0</VarPrecision><RelationId>0</RelationId><IsEncrypted>N</IsEncrypted><IsMasked>N</IsMasked><MaskingPattern>X</MaskingPattern>
	</RowData>
	<RowData><ProcessDefId>1</ProcessDefId><VariableId>102</VariableId><VarFieldId>14</VarFieldId><TypeId>5</TypeId><TypeFieldId>13</TypeFieldId><ParentVarFieldId>1</ParentVarFieldId><MappedObjectName>MAT_GRP</MappedObjectName><ExtObjId>6</ExtObjId><MappedObjectType>C</MappedObjectType><FieldLength>50</FieldLength><VarPrecision>0</VarPrecision><RelationId>0</RelationId><IsEncrypted>N</IsEncrypted><IsMasked>N</IsMasked><MaskingPattern>X</MaskingPattern>
	</RowData>
	<RowData><ProcessDefId>1</ProcessDefId><VariableId>102</VariableId><VarFieldId>15</VarFieldId><TypeId>5</TypeId><TypeFieldId>14</TypeFieldId><ParentVarFieldId>1</ParentVarFieldId><MappedObjectName>INFO_REC</MappedObjectName><ExtObjId>6</ExtObjId><MappedObjectType>C</MappedObjectType><FieldLength>50</FieldLength><VarPrecision>0</VarPrecision><RelationId>0</RelationId><IsEncrypted>N</IsEncrypted><IsMasked>N</IsMasked><MaskingPattern>X</MaskingPattern>
	</RowData>
	<RowData><ProcessDefId>1</ProcessDefId><VariableId>102</VariableId><VarFieldId>16</VarFieldId><TypeId>5</TypeId><TypeFieldId>15</TypeFieldId><ParentVarFieldId>1</ParentVarFieldId><MappedObjectName>VEND_MAT</MappedObjectName><ExtObjId>6</ExtObjId><MappedObjectType>C</MappedObjectType><FieldLength>50</FieldLength><VarPrecision>0</VarPrecision><RelationId>0</RelationId><IsEncrypted>N</IsEncrypted><IsMasked>N</IsMasked><MaskingPattern>X</MaskingPattern>
	</RowData>
	<RowData><ProcessDefId>1</ProcessDefId><VariableId>102</VariableId><VarFieldId>17</VarFieldId><TypeId>5</TypeId><TypeFieldId>16</TypeFieldId><ParentVarFieldId>1</ParentVarFieldId><MappedObjectName>TARGET_QTY</MappedObjectName><ExtObjId>6</ExtObjId><MappedObjectType>C</MappedObjectType><FieldLength>50</FieldLength><VarPrecision>0</VarPrecision><RelationId>0</RelationId><IsEncrypted>N</IsEncrypted><IsMasked>N</IsMasked><MaskingPattern>X</MaskingPattern>
	</RowData>
	<RowData><ProcessDefId>1</ProcessDefId><VariableId>102</VariableId><VarFieldId>18</VarFieldId><TypeId>5</TypeId><TypeFieldId>17</TypeFieldId><ParentVarFieldId>1</ParentVarFieldId><MappedObjectName>QUANTITY</MappedObjectName><ExtObjId>6</ExtObjId><MappedObjectType>C</MappedObjectType><FieldLength>50</FieldLength><VarPrecision>0</VarPrecision><RelationId>0</RelationId><IsEncrypted>N</IsEncrypted><IsMasked>N</IsMasked><MaskingPattern>X</MaskingPattern>
	</RowData>
	<RowData><ProcessDefId>1</ProcessDefId><VariableId>102</VariableId><VarFieldId>19</VarFieldId><TypeId>5</TypeId><TypeFieldId>18</TypeFieldId><ParentVarFieldId>1</ParentVarFieldId><MappedObjectName>UNIT</MappedObjectName><ExtObjId>6</ExtObjId><MappedObjectType>C</MappedObjectType><FieldLength>50</FieldLength><VarPrecision>0</VarPrecision><RelationId>0</RelationId><IsEncrypted>N</IsEncrypted><IsMasked>N</IsMasked><MaskingPattern>X</MaskingPattern>
	</RowData>
	<RowData><ProcessDefId>1</ProcessDefId><VariableId>102</VariableId><VarFieldId>20</VarFieldId><TypeId>5</TypeId><TypeFieldId>19</TypeFieldId><ParentVarFieldId>1</ParentVarFieldId><MappedObjectName>ORDERPR_UN</MappedObjectName><ExtObjId>6</ExtObjId><MappedObjectType>C</MappedObjectType><FieldLength>50</FieldLength><VarPrecision>0</VarPrecision><RelationId>0</RelationId><IsEncrypted>N</IsEncrypted><IsMasked>N</IsMasked><MaskingPattern>X</MaskingPattern>
	</RowData>
	<RowData><ProcessDefId>1</ProcessDefId><VariableId>102</VariableId><VarFieldId>21</VarFieldId><TypeId>5</TypeId><TypeFieldId>20</TypeFieldId><ParentVarFieldId>1</ParentVarFieldId><MappedObjectName>CONV_NUM1</MappedObjectName><ExtObjId>6</ExtObjId><MappedObjectType>C</MappedObjectType><FieldLength>50</FieldLength><VarPrecision>0</VarPrecision><RelationId>0</RelationId><IsEncrypted>N</IsEncrypted><IsMasked>N</IsMasked><MaskingPattern>X</MaskingPattern>
	</RowData>
	<RowData><ProcessDefId>1</ProcessDefId><VariableId>102</VariableId><VarFieldId>22</VarFieldId><TypeId>5</TypeId><TypeFieldId>21</TypeFieldId><ParentVarFieldId>1</ParentVarFieldId><MappedObjectName>CONV_DEN1</MappedObjectName><ExtObjId>6</ExtObjId><MappedObjectType>C</MappedObjectType><FieldLength>50</FieldLength><VarPrecision>0</VarPrecision><RelationId>0</RelationId><IsEncrypted>N</IsEncrypted><IsMasked>N</IsMasked><MaskingPattern>X</MaskingPattern>
	</RowData>
	<RowData><ProcessDefId>1</ProcessDefId><VariableId>102</VariableId><VarFieldId>23</VarFieldId><TypeId>5</TypeId><TypeFieldId>22</TypeFieldId><ParentVarFieldId>1</ParentVarFieldId><MappedObjectName>CONV_NUM2</MappedObjectName><ExtObjId>6</ExtObjId><MappedObjectType>C</MappedObjectType><FieldLength>50</FieldLength><VarPrecision>0</VarPrecision><RelationId>0</RelationId><IsEncrypted>N</IsEncrypted><IsMasked>N</IsMasked><MaskingPattern>X</MaskingPattern>
	</RowData>
	<RowData><ProcessDefId>1</ProcessDefId><VariableId>102</VariableId><VarFieldId>24</VarFieldId><TypeId>5</TypeId><TypeFieldId>23</TypeFieldId><ParentVarFieldId>1</ParentVarFieldId><MappedObjectName>CONV_DEN2</MappedObjectName><ExtObjId>6</ExtObjId><MappedObjectType>C</MappedObjectType><FieldLength>50</FieldLength><VarPrecision>0</VarPrecision><RelationId>0</RelationId><IsEncrypted>N</IsEncrypted><IsMasked>N</IsMasked><MaskingPattern>X</MaskingPattern>
	</RowData>
	<RowData><ProcessDefId>1</ProcessDefId><VariableId>102</VariableId><VarFieldId>25</VarFieldId><TypeId>5</TypeId><TypeFieldId>24</TypeFieldId><ParentVarFieldId>1</ParentVarFieldId><MappedObjectName>NET_PRICE</MappedObjectName><ExtObjId>6</ExtObjId><MappedObjectType>C</MappedObjectType><FieldLength>50</FieldLength><VarPrecision>0</VarPrecision><RelationId>0</RelationId><IsEncrypted>N</IsEncrypted><IsMasked>N</IsMasked><MaskingPattern>X</MaskingPattern>
	</RowData>
	<RowData><ProcessDefId>1</ProcessDefId><VariableId>102</VariableId><VarFieldId>26</VarFieldId><TypeId>5</TypeId><TypeFieldId>25</TypeFieldId><ParentVarFieldId>1</ParentVarFieldId><MappedObjectName>PRICE_UNIT</MappedObjectName><ExtObjId>6</ExtObjId><MappedObjectType>C</MappedObjectType><FieldLength>50</FieldLength><VarPrecision>0</VarPrecision><RelationId>0</RelationId><IsEncrypted>N</IsEncrypted><IsMasked>N</IsMasked><MaskingPattern>X</MaskingPattern>
	</RowData>
	<RowData><ProcessDefId>1</ProcessDefId><VariableId>102</VariableId><VarFieldId>27</VarFieldId><TypeId>5</TypeId><TypeFieldId>26</TypeFieldId><ParentVarFieldId>1</ParentVarFieldId><MappedObjectName>NET_VALUE</MappedObjectName><ExtObjId>6</ExtObjId><MappedObjectType>C</MappedObjectType><FieldLength>50</FieldLength><VarPrecision>0</VarPrecision><RelationId>0</RelationId><IsEncrypted>N</IsEncrypted><IsMasked>N</IsMasked><MaskingPattern>X</MaskingPattern>
	</RowData>
	<RowData><ProcessDefId>1</ProcessDefId><VariableId>102</VariableId><VarFieldId>28</VarFieldId><TypeId>5</TypeId><TypeFieldId>27</TypeFieldId><ParentVarFieldId>1</ParentVarFieldId><MappedObjectName>GROS_VALUE</MappedObjectName><ExtObjId>6</ExtObjId><MappedObjectType>C</MappedObjectType><FieldLength>50</FieldLength><VarPrecision>0</VarPrecision><RelationId>0</RelationId><IsEncrypted>N</IsEncrypted><IsMasked>N</IsMasked><MaskingPattern>X</MaskingPattern>
	</RowData>
	<RowData><ProcessDefId>1</ProcessDefId><VariableId>102</VariableId><VarFieldId>29</VarFieldId><TypeId>5</TypeId><TypeFieldId>28</TypeFieldId><ParentVarFieldId>1</ParentVarFieldId><MappedObjectName>QUOT_DEAD</MappedObjectName><ExtObjId>6</ExtObjId><MappedObjectType>C</MappedObjectType><FieldLength>8</FieldLength><VarPrecision>0</VarPrecision><RelationId>0</RelationId><IsEncrypted>N</IsEncrypted><IsMasked>N</IsMasked><MaskingPattern>X</MaskingPattern>
	</RowData>
	<RowData><ProcessDefId>1</ProcessDefId><VariableId>102</VariableId><VarFieldId>30</VarFieldId><TypeId>5</TypeId><TypeFieldId>29</TypeFieldId><ParentVarFieldId>1</ParentVarFieldId><MappedObjectName>GR_PR_TIME</MappedObjectName><ExtObjId>6</ExtObjId><MappedObjectType>C</MappedObjectType><FieldLength>50</FieldLength><VarPrecision>0</VarPrecision><RelationId>0</RelationId><IsEncrypted>N</IsEncrypted><IsMasked>N</IsMasked><MaskingPattern>X</MaskingPattern>
	</RowData>
	<RowData><ProcessDefId>1</ProcessDefId><VariableId>102</VariableId><VarFieldId>31</VarFieldId><TypeId>5</TypeId><TypeFieldId>30</TypeFieldId><ParentVarFieldId>1</ParentVarFieldId><MappedObjectName>TAX_CODE</MappedObjectName><ExtObjId>6</ExtObjId><MappedObjectType>C</MappedObjectType><FieldLength>50</FieldLength><VarPrecision>0</VarPrecision><RelationId>0</RelationId><IsEncrypted>N</IsEncrypted><IsMasked>N</IsMasked><MaskingPattern>X</MaskingPattern>
	</RowData>
	<RowData><ProcessDefId>1</ProcessDefId><VariableId>102</VariableId><VarFieldId>32</VarFieldId><TypeId>5</TypeId><TypeFieldId>31</TypeFieldId><ParentVarFieldId>1</ParentVarFieldId><MappedObjectName>SETT_GRP1</MappedObjectName><ExtObjId>6</ExtObjId><MappedObjectType>C</MappedObjectType><FieldLength>50</FieldLength><VarPrecision>0</VarPrecision><RelationId>0</RelationId><IsEncrypted>N</IsEncrypted><IsMasked>N</IsMasked><MaskingPattern>X</MaskingPattern>
	</RowData>
	<RowData><ProcessDefId>1</ProcessDefId><VariableId>102</VariableId><VarFieldId>33</VarFieldId><TypeId>5</TypeId><TypeFieldId>32</TypeFieldId><ParentVarFieldId>1</ParentVarFieldId><MappedObjectName>QUAL_INSP</MappedObjectName><ExtObjId>6</ExtObjId><MappedObjectType>C</MappedObjectType><FieldLength>50</FieldLength><VarPrecision>0</VarPrecision><RelationId>0</RelationId><IsEncrypted>N</IsEncrypted><IsMasked>N</IsMasked><MaskingPattern>X</MaskingPattern>
	</RowData>
	<RowData><ProcessDefId>1</ProcessDefId><VariableId>102</VariableId><VarFieldId>34</VarFieldId><TypeId>5</TypeId><TypeFieldId>33</TypeFieldId><ParentVarFieldId>1</ParentVarFieldId><MappedObjectName>INFO_UPD</MappedObjectName><ExtObjId>6</ExtObjId><MappedObjectType>C</MappedObjectType><FieldLength>50</FieldLength><VarPrecision>0</VarPrecision><RelationId>0</RelationId><IsEncrypted>N</IsEncrypted><IsMasked>N</IsMasked><MaskingPattern>X</MaskingPattern>
	</RowData>
	<RowData><ProcessDefId>1</ProcessDefId><VariableId>102</VariableId><VarFieldId>35</VarFieldId><TypeId>5</TypeId><TypeFieldId>34</TypeFieldId><ParentVarFieldId>1</ParentVarFieldId><MappedObjectName>PRNT_PRICE</MappedObjectName><ExtObjId>6</ExtObjId><MappedObjectType>C</MappedObjectType><FieldLength>50</FieldLength><VarPrecision>0</VarPrecision><RelationId>0</RelationId><IsEncrypted>N</IsEncrypted><IsMasked>N</IsMasked><MaskingPattern>X</MaskingPattern>
	</RowData>
	<RowData><ProcessDefId>1</ProcessDefId><VariableId>102</VariableId><VarFieldId>36</VarFieldId><TypeId>5</TypeId><TypeFieldId>35</TypeFieldId><ParentVarFieldId>1</ParentVarFieldId><MappedObjectName>EST_PRICE</MappedObjectName><ExtObjId>6</ExtObjId><MappedObjectType>C</MappedObjectType><FieldLength>50</FieldLength><VarPrecision>0</VarPrecision><RelationId>0</RelationId><IsEncrypted>N</IsEncrypted><IsMasked>N</IsMasked><MaskingPattern>X</MaskingPattern>
	</RowData>
	<RowData><ProcessDefId>1</ProcessDefId><VariableId>102</VariableId><VarFieldId>37</VarFieldId><TypeId>5</TypeId><TypeFieldId>36</TypeFieldId><ParentVarFieldId>1</ParentVarFieldId><MappedObjectName>NUM_REMIND</MappedObjectName><ExtObjId>6</ExtObjId><MappedObjectType>C</MappedObjectType><FieldLength>50</FieldLength><VarPrecision>0</VarPrecision><RelationId>0</RelationId><IsEncrypted>N</IsEncrypted><IsMasked>N</IsMasked><MaskingPattern>X</MaskingPattern>
	</RowData>
	<RowData><ProcessDefId>1</ProcessDefId><VariableId>102</VariableId><VarFieldId>38</VarFieldId><TypeId>5</TypeId><TypeFieldId>37</TypeFieldId><ParentVarFieldId>1</ParentVarFieldId><MappedObjectName>REMINDER1</MappedObjectName><ExtObjId>6</ExtObjId><MappedObjectType>C</MappedObjectType><FieldLength>50</FieldLength><VarPrecision>0</VarPrecision><RelationId>0</RelationId><IsEncrypted>N</IsEncrypted><IsMasked>N</IsMasked><MaskingPattern>X</MaskingPattern>
	</RowData>
	<RowData><ProcessDefId>1</ProcessDefId><VariableId>102</VariableId><VarFieldId>39</VarFieldId><TypeId>5</TypeId><TypeFieldId>38</TypeFieldId><ParentVarFieldId>1</ParentVarFieldId><MappedObjectName>REMINDER2</MappedObjectName><ExtObjId>6</ExtObjId><MappedObjectType>C</MappedObjectType><FieldLength>50</FieldLength><VarPrecision>0</VarPrecision><RelationId>0</RelationId><IsEncrypted>N</IsEncrypted><IsMasked>N</IsMasked><MaskingPattern>X</MaskingPattern>
	</RowData>
	<RowData><ProcessDefId>1</ProcessDefId><VariableId>102</VariableId><VarFieldId>40</VarFieldId><TypeId>5</TypeId><TypeFieldId>39</TypeFieldId><ParentVarFieldId>1</ParentVarFieldId><MappedObjectName>REMINDER3</MappedObjectName><ExtObjId>6</ExtObjId><MappedObjectType>C</MappedObjectType><FieldLength>50</FieldLength><VarPrecision>0</VarPrecision><RelationId>0</RelationId><IsEncrypted>N</IsEncrypted><IsMasked>N</IsMasked><MaskingPattern>X</MaskingPattern>
	</RowData>
	<RowData><ProcessDefId>1</ProcessDefId><VariableId>102</VariableId><VarFieldId>41</VarFieldId><TypeId>5</TypeId><TypeFieldId>40</TypeFieldId><ParentVarFieldId>1</ParentVarFieldId><MappedObjectName>OVERDELTOL</MappedObjectName><ExtObjId>6</ExtObjId><MappedObjectType>C</MappedObjectType><FieldLength>50</FieldLength><VarPrecision>0</VarPrecision><RelationId>0</RelationId><IsEncrypted>N</IsEncrypted><IsMasked>N</IsMasked><MaskingPattern>X</MaskingPattern>
	</RowData>
	<RowData><ProcessDefId>1</ProcessDefId><VariableId>102</VariableId><VarFieldId>42</VarFieldId><TypeId>5</TypeId><TypeFieldId>41</TypeFieldId><ParentVarFieldId>1</ParentVarFieldId><MappedObjectName>UNLIMITED</MappedObjectName><ExtObjId>6</ExtObjId><MappedObjectType>C</MappedObjectType><FieldLength>50</FieldLength><VarPrecision>0</VarPrecision><RelationId>0</RelationId><IsEncrypted>N</IsEncrypted><IsMasked>N</IsMasked><MaskingPattern>X</MaskingPattern>
	</RowData>
	<RowData><ProcessDefId>1</ProcessDefId><VariableId>102</VariableId><VarFieldId>43</VarFieldId><TypeId>5</TypeId><TypeFieldId>42</TypeFieldId><ParentVarFieldId>1</ParentVarFieldId><MappedObjectName>UNDER_TOL</MappedObjectName><ExtObjId>6</ExtObjId><MappedObjectType>C</MappedObjectType><FieldLength>50</FieldLength><VarPrecision>0</VarPrecision><RelationId>0</RelationId><IsEncrypted>N</IsEncrypted><IsMasked>N</IsMasked><MaskingPattern>X</MaskingPattern>
	</RowData>
	<RowData><ProcessDefId>1</ProcessDefId><VariableId>102</VariableId><VarFieldId>44</VarFieldId><TypeId>5</TypeId><TypeFieldId>43</TypeFieldId><ParentVarFieldId>1</ParentVarFieldId><MappedObjectName>VAL_TYPE</MappedObjectName><ExtObjId>6</ExtObjId><MappedObjectType>C</MappedObjectType><FieldLength>50</FieldLength><VarPrecision>0</VarPrecision><RelationId>0</RelationId><IsEncrypted>N</IsEncrypted><IsMasked>N</IsMasked><MaskingPattern>X</MaskingPattern>
	</RowData>
	<RowData><ProcessDefId>1</ProcessDefId><VariableId>102</VariableId><VarFieldId>45</VarFieldId><TypeId>5</TypeId><TypeFieldId>44</TypeFieldId><ParentVarFieldId>1</ParentVarFieldId><MappedObjectName>VAL_CAT</MappedObjectName><ExtObjId>6</ExtObjId><MappedObjectType>C</MappedObjectType><FieldLength>50</FieldLength><VarPrecision>0</VarPrecision><RelationId>0</RelationId><IsEncrypted>N</IsEncrypted><IsMasked>N</IsMasked><MaskingPattern>X</MaskingPattern>
	</RowData>
	<RowData><ProcessDefId>1</ProcessDefId><VariableId>102</VariableId><VarFieldId>46</VarFieldId><TypeId>5</TypeId><TypeFieldId>45</TypeFieldId><ParentVarFieldId>1</ParentVarFieldId><MappedObjectName>REJ_IND</MappedObjectName><ExtObjId>6</ExtObjId><MappedObjectType>C</MappedObjectType><FieldLength>50</FieldLength><VarPrecision>0</VarPrecision><RelationId>0</RelationId><IsEncrypted>N</IsEncrypted><IsMasked>N</IsMasked><MaskingPattern>X</MaskingPattern>
	</RowData>
	<RowData><ProcessDefId>1</ProcessDefId><VariableId>102</VariableId><VarFieldId>47</VarFieldId><TypeId>5</TypeId><TypeFieldId>46</TypeFieldId><ParentVarFieldId>1</ParentVarFieldId><MappedObjectName>COMMENT_1</MappedObjectName><ExtObjId>6</ExtObjId><MappedObjectType>C</MappedObjectType><FieldLength>50</FieldLength><VarPrecision>0</VarPrecision><RelationId>0</RelationId><IsEncrypted>N</IsEncrypted><IsMasked>N</IsMasked><MaskingPattern>X</MaskingPattern>
	</RowData>
	<RowData><ProcessDefId>1</ProcessDefId><VariableId>102</VariableId><VarFieldId>48</VarFieldId><TypeId>5</TypeId><TypeFieldId>47</TypeFieldId><ParentVarFieldId>1</ParentVarFieldId><MappedObjectName>DEL_COMPL</MappedObjectName><ExtObjId>6</ExtObjId><MappedObjectType>C</MappedObjectType><FieldLength>50</FieldLength><VarPrecision>0</VarPrecision><RelationId>0</RelationId><IsEncrypted>N</IsEncrypted><IsMasked>N</IsMasked><MaskingPattern>X</MaskingPattern>
	</RowData>
	<RowData><ProcessDefId>1</ProcessDefId><VariableId>102</VariableId><VarFieldId>49</VarFieldId><TypeId>5</TypeId><TypeFieldId>48</TypeFieldId><ParentVarFieldId>1</ParentVarFieldId><MappedObjectName>FINAL_INV</MappedObjectName><ExtObjId>6</ExtObjId><MappedObjectType>C</MappedObjectType><FieldLength>50</FieldLength><VarPrecision>0</VarPrecision><RelationId>0</RelationId><IsEncrypted>N</IsEncrypted><IsMasked>N</IsMasked><MaskingPattern>X</MaskingPattern>
	</RowData>
	<RowData><ProcessDefId>1</ProcessDefId><VariableId>102</VariableId><VarFieldId>50</VarFieldId><TypeId>5</TypeId><TypeFieldId>49</TypeFieldId><ParentVarFieldId>1</ParentVarFieldId><MappedObjectName>ITEM_CAT</MappedObjectName><ExtObjId>6</ExtObjId><MappedObjectType>C</MappedObjectType><FieldLength>50</FieldLength><VarPrecision>0</VarPrecision><RelationId>0</RelationId><IsEncrypted>N</IsEncrypted><IsMasked>N</IsMasked><MaskingPattern>X</MaskingPattern>
	</RowData>
	<RowData><ProcessDefId>1</ProcessDefId><VariableId>102</VariableId><VarFieldId>51</VarFieldId><TypeId>5</TypeId><TypeFieldId>50</TypeFieldId><ParentVarFieldId>1</ParentVarFieldId><MappedObjectName>ACCTASSCAT</MappedObjectName><ExtObjId>6</ExtObjId><MappedObjectType>C</MappedObjectType><FieldLength>50</FieldLength><VarPrecision>0</VarPrecision><RelationId>0</RelationId><IsEncrypted>N</IsEncrypted><IsMasked>N</IsMasked><MaskingPattern>X</MaskingPattern>
	</RowData>
	<RowData><ProcessDefId>1</ProcessDefId><VariableId>102</VariableId><VarFieldId>52</VarFieldId><TypeId>5</TypeId><TypeFieldId>51</TypeFieldId><ParentVarFieldId>1</ParentVarFieldId><MappedObjectName>CONSUMPT</MappedObjectName><ExtObjId>6</ExtObjId><MappedObjectType>C</MappedObjectType><FieldLength>50</FieldLength><VarPrecision>0</VarPrecision><RelationId>0</RelationId><IsEncrypted>N</IsEncrypted><IsMasked>N</IsMasked><MaskingPattern>X</MaskingPattern>
	</RowData>
	<RowData><ProcessDefId>1</ProcessDefId><VariableId>102</VariableId><VarFieldId>53</VarFieldId><TypeId>5</TypeId><TypeFieldId>52</TypeFieldId><ParentVarFieldId>1</ParentVarFieldId><MappedObjectName>DISTRIB</MappedObjectName><ExtObjId>6</ExtObjId><MappedObjectType>C</MappedObjectType><FieldLength>50</FieldLength><VarPrecision>0</VarPrecision><RelationId>0</RelationId><IsEncrypted>N</IsEncrypted><IsMasked>N</IsMasked><MaskingPattern>X</MaskingPattern>
	</RowData>
	<RowData><ProcessDefId>1</ProcessDefId><VariableId>102</VariableId><VarFieldId>54</VarFieldId><TypeId>5</TypeId><TypeFieldId>53</TypeFieldId><ParentVarFieldId>1</ParentVarFieldId><MappedObjectName>PART_INV</MappedObjectName><ExtObjId>6</ExtObjId><MappedObjectType>C</MappedObjectType><FieldLength>50</FieldLength><VarPrecision>0</VarPrecision><RelationId>0</RelationId><IsEncrypted>N</IsEncrypted><IsMasked>N</IsMasked><MaskingPattern>X</MaskingPattern>
	</RowData>
	<RowData><ProcessDefId>1</ProcessDefId><VariableId>102</VariableId><VarFieldId>55</VarFieldId><TypeId>5</TypeId><TypeFieldId>54</TypeFieldId><ParentVarFieldId>1</ParentVarFieldId><MappedObjectName>GR_IND</MappedObjectName><ExtObjId>6</ExtObjId><MappedObjectType>C</MappedObjectType><FieldLength>50</FieldLength><VarPrecision>0</VarPrecision><RelationId>0</RelationId><IsEncrypted>N</IsEncrypted><IsMasked>N</IsMasked><MaskingPattern>X</MaskingPattern>
	</RowData>
	<RowData><ProcessDefId>1</ProcessDefId><VariableId>102</VariableId><VarFieldId>56</VarFieldId><TypeId>5</TypeId><TypeFieldId>55</TypeFieldId><ParentVarFieldId>1</ParentVarFieldId><MappedObjectName>GR_NON_VAL</MappedObjectName><ExtObjId>6</ExtObjId><MappedObjectType>C</MappedObjectType><FieldLength>50</FieldLength><VarPrecision>0</VarPrecision><RelationId>0</RelationId><IsEncrypted>N</IsEncrypted><IsMasked>N</IsMasked><MaskingPattern>X</MaskingPattern>
	</RowData>
	<RowData><ProcessDefId>1</ProcessDefId><VariableId>102</VariableId><VarFieldId>57</VarFieldId><TypeId>5</TypeId><TypeFieldId>56</TypeFieldId><ParentVarFieldId>1</ParentVarFieldId><MappedObjectName>IR_IND</MappedObjectName><ExtObjId>6</ExtObjId><MappedObjectType>C</MappedObjectType><FieldLength>50</FieldLength><VarPrecision>0</VarPrecision><RelationId>0</RelationId><IsEncrypted>N</IsEncrypted><IsMasked>N</IsMasked><MaskingPattern>X</MaskingPattern>
	</RowData>
	<RowData><ProcessDefId>1</ProcessDefId><VariableId>102</VariableId><VarFieldId>58</VarFieldId><TypeId>5</TypeId><TypeFieldId>57</TypeFieldId><ParentVarFieldId>1</ParentVarFieldId><MappedObjectName>GR_BASEDIV</MappedObjectName><ExtObjId>6</ExtObjId><MappedObjectType>C</MappedObjectType><FieldLength>50</FieldLength><VarPrecision>0</VarPrecision><RelationId>0</RelationId><IsEncrypted>N</IsEncrypted><IsMasked>N</IsMasked><MaskingPattern>X</MaskingPattern>
	</RowData>
	<RowData><ProcessDefId>1</ProcessDefId><VariableId>102</VariableId><VarFieldId>59</VarFieldId><TypeId>5</TypeId><TypeFieldId>58</TypeFieldId><ParentVarFieldId>1</ParentVarFieldId><MappedObjectName>ACKN_REQD</MappedObjectName><ExtObjId>6</ExtObjId><MappedObjectType>C</MappedObjectType><FieldLength>50</FieldLength><VarPrecision>0</VarPrecision><RelationId>0</RelationId><IsEncrypted>N</IsEncrypted><IsMasked>N</IsMasked><MaskingPattern>X</MaskingPattern>
	</RowData>
	<RowData><ProcessDefId>1</ProcessDefId><VariableId>102</VariableId><VarFieldId>60</VarFieldId><TypeId>5</TypeId><TypeFieldId>59</TypeFieldId><ParentVarFieldId>1</ParentVarFieldId><MappedObjectName>ACKNOWL_NO</MappedObjectName><ExtObjId>6</ExtObjId><MappedObjectType>C</MappedObjectType><FieldLength>50</FieldLength><VarPrecision>0</VarPrecision><RelationId>0</RelationId><IsEncrypted>N</IsEncrypted><IsMasked>N</IsMasked><MaskingPattern>X</MaskingPattern>
	</RowData>
	<RowData><ProcessDefId>1</ProcessDefId><VariableId>102</VariableId><VarFieldId>61</VarFieldId><TypeId>5</TypeId><TypeFieldId>60</TypeFieldId><ParentVarFieldId>1</ParentVarFieldId><MappedObjectName>AGREEMENT</MappedObjectName><ExtObjId>6</ExtObjId><MappedObjectType>C</MappedObjectType><FieldLength>50</FieldLength><VarPrecision>0</VarPrecision><RelationId>0</RelationId><IsEncrypted>N</IsEncrypted><IsMasked>N</IsMasked><MaskingPattern>X</MaskingPattern>
	</RowData>
	<RowData><ProcessDefId>1</ProcessDefId><VariableId>102</VariableId><VarFieldId>62</VarFieldId><TypeId>5</TypeId><TypeFieldId>61</TypeFieldId><ParentVarFieldId>1</ParentVarFieldId><MappedObjectName>AGMT_ITEM</MappedObjectName><ExtObjId>6</ExtObjId><MappedObjectType>C</MappedObjectType><FieldLength>2</FieldLength><VarPrecision>0</VarPrecision><RelationId>0</RelationId><IsEncrypted>N</IsEncrypted><IsMasked>N</IsMasked><MaskingPattern>X</MaskingPattern>
	</RowData>
	<RowData><ProcessDefId>1</ProcessDefId><VariableId>102</VariableId><VarFieldId>63</VarFieldId><TypeId>5</TypeId><TypeFieldId>62</TypeFieldId><ParentVarFieldId>1</ParentVarFieldId><MappedObjectName>RECON_DATE</MappedObjectName><ExtObjId>6</ExtObjId><MappedObjectType>C</MappedObjectType><FieldLength>8</FieldLength><VarPrecision>0</VarPrecision><RelationId>0</RelationId><IsEncrypted>N</IsEncrypted><IsMasked>N</IsMasked><MaskingPattern>X</MaskingPattern>
	</RowData>
	<RowData><ProcessDefId>1</ProcessDefId><VariableId>102</VariableId><VarFieldId>64</VarFieldId><TypeId>5</TypeId><TypeFieldId>63</TypeFieldId><ParentVarFieldId>1</ParentVarFieldId><MappedObjectName>AGRCUMQTY</MappedObjectName><ExtObjId>6</ExtObjId><MappedObjectType>C</MappedObjectType><FieldLength>50</FieldLength><VarPrecision>0</VarPrecision><RelationId>0</RelationId><IsEncrypted>N</IsEncrypted><IsMasked>N</IsMasked><MaskingPattern>X</MaskingPattern>
	</RowData>
	<RowData><ProcessDefId>1</ProcessDefId><VariableId>102</VariableId><VarFieldId>65</VarFieldId><TypeId>5</TypeId><TypeFieldId>64</TypeFieldId><ParentVarFieldId>1</ParentVarFieldId><MappedObjectName>FIRM_ZONE</MappedObjectName><ExtObjId>6</ExtObjId><MappedObjectType>C</MappedObjectType><FieldLength>50</FieldLength><VarPrecision>0</VarPrecision><RelationId>0</RelationId><IsEncrypted>N</IsEncrypted><IsMasked>N</IsMasked><MaskingPattern>X</MaskingPattern>
	</RowData>
	<RowData><ProcessDefId>1</ProcessDefId><VariableId>102</VariableId><VarFieldId>66</VarFieldId><TypeId>5</TypeId><TypeFieldId>65</TypeFieldId><ParentVarFieldId>1</ParentVarFieldId><MappedObjectName>TRADE_OFF</MappedObjectName><ExtObjId>6</ExtObjId><MappedObjectType>C</MappedObjectType><FieldLength>50</FieldLength><VarPrecision>0</VarPrecision><RelationId>0</RelationId><IsEncrypted>N</IsEncrypted><IsMasked>N</IsMasked><MaskingPattern>X</MaskingPattern>
	</RowData>
	<RowData><ProcessDefId>1</ProcessDefId><VariableId>102</VariableId><VarFieldId>67</VarFieldId><TypeId>5</TypeId><TypeFieldId>66</TypeFieldId><ParentVarFieldId>1</ParentVarFieldId><MappedObjectName>BOM_EXPL</MappedObjectName><ExtObjId>6</ExtObjId><MappedObjectType>C</MappedObjectType><FieldLength>50</FieldLength><VarPrecision>0</VarPrecision><RelationId>0</RelationId><IsEncrypted>N</IsEncrypted><IsMasked>N</IsMasked><MaskingPattern>X</MaskingPattern>
	</RowData>
	<RowData><ProcessDefId>1</ProcessDefId><VariableId>102</VariableId><VarFieldId>68</VarFieldId><TypeId>5</TypeId><TypeFieldId>67</TypeFieldId><ParentVarFieldId>1</ParentVarFieldId><MappedObjectName>EXCLUSION</MappedObjectName><ExtObjId>6</ExtObjId><MappedObjectType>C</MappedObjectType><FieldLength>50</FieldLength><VarPrecision>0</VarPrecision><RelationId>0</RelationId><IsEncrypted>N</IsEncrypted><IsMasked>N</IsMasked><MaskingPattern>X</MaskingPattern>
	</RowData>
	<RowData><ProcessDefId>1</ProcessDefId><VariableId>102</VariableId><VarFieldId>69</VarFieldId><TypeId>5</TypeId><TypeFieldId>68</TypeFieldId><ParentVarFieldId>1</ParentVarFieldId><MappedObjectName>BASE_UNIT</MappedObjectName><ExtObjId>6</ExtObjId><MappedObjectType>C</MappedObjectType><FieldLength>50</FieldLength><VarPrecision>0</VarPrecision><RelationId>0</RelationId><IsEncrypted>N</IsEncrypted><IsMasked>N</IsMasked><MaskingPattern>X</MaskingPattern>
	</RowData>
	<RowData><ProcessDefId>1</ProcessDefId><VariableId>102</VariableId><VarFieldId>70</VarFieldId><TypeId>5</TypeId><TypeFieldId>69</TypeFieldId><ParentVarFieldId>1</ParentVarFieldId><MappedObjectName>SHIPPING</MappedObjectName><ExtObjId>6</ExtObjId><MappedObjectType>C</MappedObjectType><FieldLength>50</FieldLength><VarPrecision>0</VarPrecision><RelationId>0</RelationId><IsEncrypted>N</IsEncrypted><IsMasked>N</IsMasked><MaskingPattern>X</MaskingPattern>
	</RowData>
	<RowData><ProcessDefId>1</ProcessDefId><VariableId>102</VariableId><VarFieldId>71</VarFieldId><TypeId>5</TypeId><TypeFieldId>70</TypeFieldId><ParentVarFieldId>1</ParentVarFieldId><MappedObjectName>OUTL_TARGV</MappedObjectName><ExtObjId>6</ExtObjId><MappedObjectType>C</MappedObjectType><FieldLength>50</FieldLength><VarPrecision>0</VarPrecision><RelationId>0</RelationId><IsEncrypted>N</IsEncrypted><IsMasked>N</IsMasked><MaskingPattern>X</MaskingPattern>
	</RowData>
	<RowData><ProcessDefId>1</ProcessDefId><VariableId>102</VariableId><VarFieldId>72</VarFieldId><TypeId>5</TypeId><TypeFieldId>71</TypeFieldId><ParentVarFieldId>1</ParentVarFieldId><MappedObjectName>NOND_ITAX</MappedObjectName><ExtObjId>6</ExtObjId><MappedObjectType>C</MappedObjectType><FieldLength>50</FieldLength><VarPrecision>0</VarPrecision><RelationId>0</RelationId><IsEncrypted>N</IsEncrypted><IsMasked>N</IsMasked><MaskingPattern>X</MaskingPattern>
	</RowData>
	<RowData><ProcessDefId>1</ProcessDefId><VariableId>102</VariableId><VarFieldId>73</VarFieldId><TypeId>5</TypeId><TypeFieldId>72</TypeFieldId><ParentVarFieldId>1</ParentVarFieldId><MappedObjectName>RELORD_QTY</MappedObjectName><ExtObjId>6</ExtObjId><MappedObjectType>C</MappedObjectType><FieldLength>50</FieldLength><VarPrecision>0</VarPrecision><RelationId>0</RelationId><IsEncrypted>N</IsEncrypted><IsMasked>N</IsMasked><MaskingPattern>X</MaskingPattern>
	</RowData>
	<RowData><ProcessDefId>1</ProcessDefId><VariableId>102</VariableId><VarFieldId>74</VarFieldId><TypeId>5</TypeId><TypeFieldId>73</TypeFieldId><ParentVarFieldId>1</ParentVarFieldId><MappedObjectName>PRICE_DATE</MappedObjectName><ExtObjId>6</ExtObjId><MappedObjectType>C</MappedObjectType><FieldLength>8</FieldLength><VarPrecision>0</VarPrecision><RelationId>0</RelationId><IsEncrypted>N</IsEncrypted><IsMasked>N</IsMasked><MaskingPattern>X</MaskingPattern>
	</RowData>
	<RowData><ProcessDefId>1</ProcessDefId><VariableId>102</VariableId><VarFieldId>75</VarFieldId><TypeId>5</TypeId><TypeFieldId>74</TypeFieldId><ParentVarFieldId>1</ParentVarFieldId><MappedObjectName>DOC_CAT</MappedObjectName><ExtObjId>6</ExtObjId><MappedObjectType>C</MappedObjectType><FieldLength>50</FieldLength><VarPrecision>0</VarPrecision><RelationId>0</RelationId><IsEncrypted>N</IsEncrypted><IsMasked>N</IsMasked><MaskingPattern>X</MaskingPattern>
	</RowData>
</PMWUDTVarMappingTable>