<PMWVARMAPPINGTABLE>
	<RowData><ProcessDefId>1</ProcessDefId><VariableId>1</VariableId><SystemDefinedName>VAR_INT1</SystemDefinedName><UserDefinedName>Plant</UserDefinedName><VariableType>3</VariableType><VariableScope>U</VariableScope><ExtObjId>0</ExtObjId><VariableLength>2</VariableLength><VarPrecision>0</VarPrecision><Unbounded>N</Unbounded><IsEncrypted>N</IsEncrypted><IsMasked>N</IsMasked><MaskingPattern>X</MaskingPattern>
	</RowData>
	<RowData><ProcessDefId>1</ProcessDefId><VariableId>2</VariableId><SystemDefinedName>VAR_INT2</SystemDefinedName><UserDefinedName>ProfitCentre</UserDefinedName><VariableType>3</VariableType><VariableScope>U</VariableScope><ExtObjId>0</ExtObjId><VariableLength>2</VariableLength><VarPrecision>0</VarPrecision><Unbounded>N</Unbounded><IsEncrypted>N</IsEncrypted><IsMasked>N</IsMasked><MaskingPattern>X</MaskingPattern>
	</RowData>
	<RowData><ProcessDefId>1</ProcessDefId><VariableId>3</VariableId><SystemDefinedName>VAR_INT3</SystemDefinedName><VariableType>3</VariableType><VariableScope>U</VariableScope><ExtObjId>0</ExtObjId><VarPrecision>0</VarPrecision><Unbounded>N</Unbounded><IsEncrypted>N</IsEncrypted><IsMasked>N</IsMasked><MaskingPattern>X</MaskingPattern>
	</RowData>
	<RowData><ProcessDefId>1</ProcessDefId><VariableId>4</VariableId><SystemDefinedName>VAR_INT4</SystemDefinedName><VariableType>3</VariableType><VariableScope>U</VariableScope><ExtObjId>0</ExtObjId><VarPrecision>0</VarPrecision><Unbounded>N</Unbounded><IsEncrypted>N</IsEncrypted><IsMasked>N</IsMasked><MaskingPattern>X</MaskingPattern>
	</RowData>
	<RowData><ProcessDefId>1</ProcessDefId><VariableId>5</VariableId><SystemDefinedName>VAR_INT5</SystemDefinedName><VariableType>3</VariableType><VariableScope>U</VariableScope><ExtObjId>0</ExtObjId><VarPrecision>0</VarPrecision><Unbounded>N</Unbounded><IsEncrypted>N</IsEncrypted><IsMasked>N</IsMasked><MaskingPattern>X</MaskingPattern>
	</RowData>
	<RowData><ProcessDefId>1</ProcessDefId><VariableId>6</VariableId><SystemDefinedName>VAR_INT6</SystemDefinedName><VariableType>3</VariableType><VariableScope>U</VariableScope><ExtObjId>0</ExtObjId><VarPrecision>0</VarPrecision><Unbounded>N</Unbounded><IsEncrypted>N</IsEncrypted><IsMasked>N</IsMasked><MaskingPattern>X</MaskingPattern>
	</RowData>
	<RowData><ProcessDefId>1</ProcessDefId><VariableId>7</VariableId><SystemDefinedName>VAR_INT7</SystemDefinedName><VariableType>3</VariableType><VariableScope>U</VariableScope><ExtObjId>0</ExtObjId><VarPrecision>0</VarPrecision><Unbounded>N</Unbounded><IsEncrypted>N</IsEncrypted><IsMasked>N</IsMasked><MaskingPattern>X</MaskingPattern>
	</RowData>
	<RowData><ProcessDefId>1</ProcessDefId><VariableId>8</VariableId><SystemDefinedName>VAR_INT8</SystemDefinedName><VariableType>3</VariableType><VariableScope>U</VariableScope><ExtObjId>0</ExtObjId><VarPrecision>0</VarPrecision><Unbounded>N</Unbounded><IsEncrypted>N</IsEncrypted><IsMasked>N</IsMasked><MaskingPattern>X</MaskingPattern>
	</RowData>
	<RowData><ProcessDefId>1</ProcessDefId><VariableId>9</VariableId><SystemDefinedName>VAR_FLOAT1</SystemDefinedName><VariableType>6</VariableType><VariableScope>U</VariableScope><ExtObjId>0</ExtObjId><VarPrecision>0</VarPrecision><Unbounded>N</Unbounded><IsEncrypted>N</IsEncrypted><IsMasked>N</IsMasked><MaskingPattern>X</MaskingPattern>
	</RowData>
	<RowData><ProcessDefId>1</ProcessDefId><VariableId>10</VariableId><SystemDefinedName>VAR_FLOAT2</SystemDefinedName><VariableType>6</VariableType><VariableScope>U</VariableScope><ExtObjId>0</ExtObjId><VarPrecision>0</VarPrecision><Unbounded>N</Unbounded><IsEncrypted>N</IsEncrypted><IsMasked>N</IsMasked><MaskingPattern>X</MaskingPattern>
	</RowData>
	<RowData><ProcessDefId>1</ProcessDefId><VariableId>11</VariableId><SystemDefinedName>VAR_DATE1</SystemDefinedName><UserDefinedName>InvoiceDt</UserDefinedName><VariableType>8</VariableType><VariableScope>U</VariableScope><ExtObjId>0</ExtObjId><VariableLength>8</VariableLength><VarPrecision>0</VarPrecision><Unbounded>N</Unbounded><IsEncrypted>N</IsEncrypted><IsMasked>N</IsMasked><MaskingPattern>X</MaskingPattern>
	</RowData>
	<RowData><ProcessDefId>1</ProcessDefId><VariableId>12</VariableId><SystemDefinedName>VAR_DATE2</SystemDefinedName><VariableType>8</VariableType><VariableScope>U</VariableScope><ExtObjId>0</ExtObjId><VarPrecision>0</VarPrecision><Unbounded>N</Unbounded><IsEncrypted>N</IsEncrypted><IsMasked>N</IsMasked><MaskingPattern>X</MaskingPattern>
	</RowData>
	<RowData><ProcessDefId>1</ProcessDefId><VariableId>13</VariableId><SystemDefinedName>VAR_DATE3</SystemDefinedName><VariableType>8</VariableType><VariableScope>U</VariableScope><ExtObjId>0</ExtObjId><VarPrecision>0</VarPrecision><Unbounded>N</Unbounded><IsEncrypted>N</IsEncrypted><IsMasked>N</IsMasked><MaskingPattern>X</MaskingPattern>
	</RowData>
	<RowData><ProcessDefId>1</ProcessDefId><VariableId>14</VariableId><SystemDefinedName>VAR_DATE4</SystemDefinedName><VariableType>8</VariableType><VariableScope>U</VariableScope><ExtObjId>0</ExtObjId><VarPrecision>0</VarPrecision><Unbounded>N</Unbounded><IsEncrypted>N</IsEncrypted><IsMasked>N</IsMasked><MaskingPattern>X</MaskingPattern>
	</RowData>
	<RowData><ProcessDefId>1</ProcessDefId><VariableId>15</VariableId><SystemDefinedName>VAR_LONG1</SystemDefinedName><VariableType>4</VariableType><VariableScope>U</VariableScope><ExtObjId>0</ExtObjId><VarPrecision>0</VarPrecision><Unbounded>N</Unbounded><IsEncrypted>N</IsEncrypted><IsMasked>N</IsMasked><MaskingPattern>X</MaskingPattern>
	</RowData>
	<RowData><ProcessDefId>1</ProcessDefId><VariableId>16</VariableId><SystemDefinedName>VAR_LONG2</SystemDefinedName><VariableType>4</VariableType><VariableScope>U</VariableScope><ExtObjId>0</ExtObjId><VarPrecision>0</VarPrecision><Unbounded>N</Unbounded><IsEncrypted>N</IsEncrypted><IsMasked>N</IsMasked><MaskingPattern>X</MaskingPattern>
	</RowData>
	<RowData><ProcessDefId>1</ProcessDefId><VariableId>17</VariableId><SystemDefinedName>VAR_LONG3</SystemDefinedName><VariableType>4</VariableType><VariableScope>U</VariableScope><ExtObjId>0</ExtObjId><VarPrecision>0</VarPrecision><Unbounded>N</Unbounded><IsEncrypted>N</IsEncrypted><IsMasked>N</IsMasked><MaskingPattern>X</MaskingPattern>
	</RowData>
	<RowData><ProcessDefId>1</ProcessDefId><VariableId>18</VariableId><SystemDefinedName>VAR_LONG4</SystemDefinedName><VariableType>4</VariableType><VariableScope>U</VariableScope><ExtObjId>0</ExtObjId><VarPrecision>0</VarPrecision><Unbounded>N</Unbounded><IsEncrypted>N</IsEncrypted><IsMasked>N</IsMasked><MaskingPattern>X</MaskingPattern>
	</RowData>
	<RowData><ProcessDefId>1</ProcessDefId><VariableId>19</VariableId><SystemDefinedName>VAR_STR1</SystemDefinedName><UserDefinedName>q_store_childwiFlag</UserDefinedName><VariableType>10</VariableType><VariableScope>U</VariableScope><ExtObjId>0</ExtObjId><DefaultValue>N</DefaultValue><VariableLength>255</VariableLength><VarPrecision>0</VarPrecision><Unbounded>N</Unbounded><IsEncrypted>N</IsEncrypted><IsMasked>N</IsMasked><MaskingPattern>X</MaskingPattern>
	</RowData>
	<RowData><ProcessDefId>1</ProcessDefId><VariableId>20</VariableId><SystemDefinedName>VAR_STR2</SystemDefinedName><UserDefinedName>q_quality_childwiFlag</UserDefinedName><VariableType>10</VariableType><VariableScope>U</VariableScope><ExtObjId>0</ExtObjId><VariableLength>255</VariableLength><VarPrecision>0</VarPrecision><Unbounded>N</Unbounded><IsEncrypted>N</IsEncrypted><IsMasked>N</IsMasked><MaskingPattern>X</MaskingPattern>
	</RowData>
	<RowData><ProcessDefId>1</ProcessDefId><VariableId>21</VariableId><SystemDefinedName>VAR_STR3</SystemDefinedName><UserDefinedName>PurchaseOrder</UserDefinedName><VariableType>10</VariableType><VariableScope>U</VariableScope><ExtObjId>0</ExtObjId><VariableLength>255</VariableLength><VarPrecision>0</VarPrecision><Unbounded>N</Unbounded><IsEncrypted>N</IsEncrypted><IsMasked>N</IsMasked><MaskingPattern>X</MaskingPattern>
	</RowData>
	<RowData><ProcessDefId>1</ProcessDefId><VariableId>22</VariableId><SystemDefinedName>VAR_STR4</SystemDefinedName><UserDefinedName>InvoiceNumber</UserDefinedName><VariableType>10</VariableType><VariableScope>U</VariableScope><ExtObjId>0</ExtObjId><VariableLength>255</VariableLength><VarPrecision>0</VarPrecision><Unbounded>N</Unbounded><IsEncrypted>N</IsEncrypted><IsMasked>N</IsMasked><MaskingPattern>X</MaskingPattern>
	</RowData>
	<RowData><ProcessDefId>1</ProcessDefId><VariableId>23</VariableId><SystemDefinedName>VAR_STR5</SystemDefinedName><UserDefinedName>VendorName</UserDefinedName><VariableType>10</VariableType><VariableScope>U</VariableScope><ExtObjId>0</ExtObjId><VariableLength>255</VariableLength><VarPrecision>0</VarPrecision><Unbounded>N</Unbounded><IsEncrypted>N</IsEncrypted><IsMasked>N</IsMasked><MaskingPattern>X</MaskingPattern>
	</RowData>
	<RowData><ProcessDefId>1</ProcessDefId><VariableId>24</VariableId><SystemDefinedName>VAR_STR6</SystemDefinedName><VariableType>10</VariableType><VariableScope>U</VariableScope><ExtObjId>0</ExtObjId><VariableLength>255</VariableLength><VarPrecision>0</VarPrecision><Unbounded>N</Unbounded><IsEncrypted>N</IsEncrypted><IsMasked>N</IsMasked><MaskingPattern>X</MaskingPattern>
	</RowData>
	<RowData><ProcessDefId>1</ProcessDefId><VariableId>25</VariableId><SystemDefinedName>VAR_STR7</SystemDefinedName><VariableType>10</VariableType><VariableScope>U</VariableScope><ExtObjId>0</ExtObjId><VariableLength>255</VariableLength><VarPrecision>0</VarPrecision><Unbounded>N</Unbounded><IsEncrypted>N</IsEncrypted><IsMasked>N</IsMasked><MaskingPattern>X</MaskingPattern>
	</RowData>
	<RowData><ProcessDefId>1</ProcessDefId><VariableId>26</VariableId><SystemDefinedName>VAR_STR8</SystemDefinedName><VariableType>10</VariableType><VariableScope>U</VariableScope><ExtObjId>0</ExtObjId><VariableLength>255</VariableLength><VarPrecision>0</VarPrecision><Unbounded>N</Unbounded><IsEncrypted>N</IsEncrypted><IsMasked>N</IsMasked><MaskingPattern>X</MaskingPattern>
	</RowData>
	<RowData><ProcessDefId>1</ProcessDefId><VariableId>27</VariableId><SystemDefinedName>getDate()</SystemDefinedName><UserDefinedName>CurrentDateTime</UserDefinedName><VariableType>8</VariableType><VariableScope>S</VariableScope><ExtObjId>0</ExtObjId><VarPrecision>0</VarPrecision><Unbounded>N</Unbounded><IsEncrypted>N</IsEncrypted><IsMasked>N</IsMasked><MaskingPattern>X</MaskingPattern>
	</RowData>
	<RowData><ProcessDefId>1</ProcessDefId><VariableId>28</VariableId><SystemDefinedName>CreatedDateTime</SystemDefinedName><UserDefinedName>CreatedDateTime</UserDefinedName><VariableType>8</VariableType><VariableScope>S</VariableScope><ExtObjId>0</ExtObjId><VarPrecision>0</VarPrecision><Unbounded>N</Unbounded><IsEncrypted>N</IsEncrypted><IsMasked>N</IsMasked><MaskingPattern>X</MaskingPattern>
	</RowData>
	<RowData><ProcessDefId>1</ProcessDefId><VariableId>29</VariableId><SystemDefinedName>EntryDateTime</SystemDefinedName><UserDefinedName>EntryDateTime</UserDefinedName><VariableType>8</VariableType><VariableScope>S</VariableScope><ExtObjId>0</ExtObjId><VarPrecision>0</VarPrecision><Unbounded>N</Unbounded><IsEncrypted>N</IsEncrypted><IsMasked>N</IsMasked><MaskingPattern>X</MaskingPattern>
	</RowData>
	<RowData><ProcessDefId>1</ProcessDefId><VariableId>30</VariableId><SystemDefinedName>ValidTill</SystemDefinedName><UserDefinedName>ValidTillDateTime</UserDefinedName><VariableType>8</VariableType><VariableScope>S</VariableScope><ExtObjId>0</ExtObjId><VarPrecision>0</VarPrecision><Unbounded>N</Unbounded><IsEncrypted>N</IsEncrypted><IsMasked>N</IsMasked><MaskingPattern>X</MaskingPattern>
	</RowData>
	<RowData><ProcessDefId>1</ProcessDefId><VariableId>31</VariableId><SystemDefinedName>ProcessInstanceName</SystemDefinedName><UserDefinedName>WorkItemName</UserDefinedName><VariableType>10</VariableType><VariableScope>S</VariableScope><ExtObjId>0</ExtObjId><VarPrecision>0</VarPrecision><Unbounded>N</Unbounded><IsEncrypted>N</IsEncrypted><IsMasked>N</IsMasked><MaskingPattern>X</MaskingPattern>
	</RowData>
	<RowData><ProcessDefId>1</ProcessDefId><VariableId>32</VariableId><SystemDefinedName>CreatedByName</SystemDefinedName><UserDefinedName>CreatedByName</UserDefinedName><VariableType>10</VariableType><VariableScope>S</VariableScope><ExtObjId>0</ExtObjId><VarPrecision>0</VarPrecision><Unbounded>N</Unbounded><IsEncrypted>N</IsEncrypted><IsMasked>N</IsMasked><MaskingPattern>X</MaskingPattern>
	</RowData>
	<RowData><ProcessDefId>1</ProcessDefId><VariableId>33</VariableId><SystemDefinedName>PreviousStage</SystemDefinedName><UserDefinedName>PreviousStage</UserDefinedName><VariableType>10</VariableType><VariableScope>S</VariableScope><ExtObjId>0</ExtObjId><VarPrecision>0</VarPrecision><Unbounded>N</Unbounded><IsEncrypted>N</IsEncrypted><IsMasked>N</IsMasked><MaskingPattern>X</MaskingPattern>
	</RowData>
	<RowData><ProcessDefId>1</ProcessDefId><VariableId>34</VariableId><SystemDefinedName>SaveStage</SystemDefinedName><UserDefinedName>SaveStage</UserDefinedName><VariableType>10</VariableType><VariableScope>S</VariableScope><ExtObjId>0</ExtObjId><VarPrecision>0</VarPrecision><Unbounded>N</Unbounded><IsEncrypted>N</IsEncrypted><IsMasked>N</IsMasked><MaskingPattern>X</MaskingPattern>
	</RowData>
	<RowData><ProcessDefId>1</ProcessDefId><VariableId>35</VariableId><SystemDefinedName>IntroductionDateTime</SystemDefinedName><UserDefinedName>IntroductionDateTime</UserDefinedName><VariableType>8</VariableType><VariableScope>S</VariableScope><ExtObjId>0</ExtObjId><VarPrecision>0</VarPrecision><Unbounded>N</Unbounded><IsEncrypted>N</IsEncrypted><IsMasked>N</IsMasked><MaskingPattern>X</MaskingPattern>
	</RowData>
	<RowData><ProcessDefId>1</ProcessDefId><VariableId>36</VariableId><SystemDefinedName>IntroducedBy</SystemDefinedName><UserDefinedName>IntroducedBy</UserDefinedName><VariableType>10</VariableType><VariableScope>S</VariableScope><ExtObjId>0</ExtObjId><VarPrecision>0</VarPrecision><Unbounded>N</Unbounded><IsEncrypted>N</IsEncrypted><IsMasked>N</IsMasked><MaskingPattern>X</MaskingPattern>
	</RowData>
	<RowData><ProcessDefId>1</ProcessDefId><VariableId>37</VariableId><SystemDefinedName>InstrumentStatus</SystemDefinedName><UserDefinedName>InstrumentStatus</UserDefinedName><VariableType>10</VariableType><VariableScope>S</VariableScope><ExtObjId>0</ExtObjId><VarPrecision>0</VarPrecision><Unbounded>N</Unbounded><IsEncrypted>N</IsEncrypted><IsMasked>N</IsMasked><MaskingPattern>X</MaskingPattern>
	</RowData>
	<RowData><ProcessDefId>1</ProcessDefId><VariableId>38</VariableId><SystemDefinedName>PriorityLevel</SystemDefinedName><UserDefinedName>PriorityLevel</UserDefinedName><VariableType>3</VariableType><VariableScope>M</VariableScope><ExtObjId>0</ExtObjId><DefaultValue>1</DefaultValue><VarPrecision>0</VarPrecision><Unbounded>N</Unbounded><IsEncrypted>N</IsEncrypted><IsMasked>N</IsMasked><MaskingPattern>X</MaskingPattern>
	</RowData>
	<RowData><ProcessDefId>1</ProcessDefId><VariableId>39</VariableId><SystemDefinedName>HoldStatus</SystemDefinedName><UserDefinedName>HoldStatus</UserDefinedName><VariableType>3</VariableType><VariableScope>M</VariableScope><ExtObjId>0</ExtObjId><VarPrecision>0</VarPrecision><Unbounded>N</Unbounded><IsEncrypted>N</IsEncrypted><IsMasked>N</IsMasked><MaskingPattern>X</MaskingPattern>
	</RowData>
	<RowData><ProcessDefId>1</ProcessDefId><VariableId>40</VariableId><SystemDefinedName>ProcessInstanceState</SystemDefinedName><UserDefinedName>ProcessInstanceState</UserDefinedName><VariableType>3</VariableType><VariableScope>M</VariableScope><ExtObjId>0</ExtObjId><VarPrecision>0</VarPrecision><Unbounded>N</Unbounded><IsEncrypted>N</IsEncrypted><IsMasked>N</IsMasked><MaskingPattern>X</MaskingPattern>
	</RowData>
	<RowData><ProcessDefId>1</ProcessDefId><VariableId>41</VariableId><SystemDefinedName>WorkItemState</SystemDefinedName><UserDefinedName>WorkItemState</UserDefinedName><VariableType>3</VariableType><VariableScope>M</VariableScope><ExtObjId>0</ExtObjId><VarPrecision>0</VarPrecision><Unbounded>N</Unbounded><IsEncrypted>N</IsEncrypted><IsMasked>N</IsMasked><MaskingPattern>X</MaskingPattern>
	</RowData>
	<RowData><ProcessDefId>1</ProcessDefId><VariableId>42</VariableId><SystemDefinedName>Status</SystemDefinedName><UserDefinedName>Status</UserDefinedName><VariableType>10</VariableType><VariableScope>M</VariableScope><ExtObjId>0</ExtObjId><VarPrecision>0</VarPrecision><Unbounded>N</Unbounded><IsEncrypted>N</IsEncrypted><IsMasked>N</IsMasked><MaskingPattern>X</MaskingPattern>
	</RowData>
	<RowData><ProcessDefId>1</ProcessDefId><VariableId>43</VariableId><SystemDefinedName>ActivityId</SystemDefinedName><UserDefinedName>ActivityId</UserDefinedName><VariableType>3</VariableType><VariableScope>M</VariableScope><ExtObjId>0</ExtObjId><VarPrecision>0</VarPrecision><Unbounded>N</Unbounded><IsEncrypted>N</IsEncrypted><IsMasked>N</IsMasked><MaskingPattern>X</MaskingPattern>
	</RowData>
	<RowData><ProcessDefId>1</ProcessDefId><VariableId>44</VariableId><SystemDefinedName>QueueType</SystemDefinedName><UserDefinedName>QueueType</UserDefinedName><VariableType>10</VariableType><VariableScope>M</VariableScope><ExtObjId>0</ExtObjId><VarPrecision>0</VarPrecision><Unbounded>N</Unbounded><IsEncrypted>N</IsEncrypted><IsMasked>N</IsMasked><MaskingPattern>X</MaskingPattern>
	</RowData>
	<RowData><ProcessDefId>1</ProcessDefId><VariableId>45</VariableId><SystemDefinedName>QueueName</SystemDefinedName><UserDefinedName>QueueName</UserDefinedName><VariableType>10</VariableType><VariableScope>M</VariableScope><ExtObjId>0</ExtObjId><VarPrecision>0</VarPrecision><Unbounded>N</Unbounded><IsEncrypted>N</IsEncrypted><IsMasked>N</IsMasked><MaskingPattern>X</MaskingPattern>
	</RowData>
	<RowData><ProcessDefId>1</ProcessDefId><VariableId>46</VariableId><SystemDefinedName>LockedByName</SystemDefinedName><UserDefinedName>LockedByName</UserDefinedName><VariableType>10</VariableType><VariableScope>M</VariableScope><ExtObjId>0</ExtObjId><VarPrecision>0</VarPrecision><Unbounded>N</Unbounded><IsEncrypted>N</IsEncrypted><IsMasked>N</IsMasked><MaskingPattern>X</MaskingPattern>
	</RowData>
	<RowData><ProcessDefId>1</ProcessDefId><VariableId>47</VariableId><SystemDefinedName>LockedTime</SystemDefinedName><UserDefinedName>LockedTime</UserDefinedName><VariableType>8</VariableType><VariableScope>M</VariableScope><ExtObjId>0</ExtObjId><VarPrecision>0</VarPrecision><Unbounded>N</Unbounded><IsEncrypted>N</IsEncrypted><IsMasked>N</IsMasked><MaskingPattern>X</MaskingPattern>
	</RowData>
	<RowData><ProcessDefId>1</ProcessDefId><VariableId>48</VariableId><SystemDefinedName>LockStatus</SystemDefinedName><UserDefinedName>LockStatus</UserDefinedName><VariableType>10</VariableType><VariableScope>M</VariableScope><ExtObjId>0</ExtObjId><VarPrecision>0</VarPrecision><Unbounded>N</Unbounded><IsEncrypted>N</IsEncrypted><IsMasked>N</IsMasked><MaskingPattern>X</MaskingPattern>
	</RowData>
	<RowData><ProcessDefId>1</ProcessDefId><VariableId>49</VariableId><SystemDefinedName>ActivityName</SystemDefinedName><UserDefinedName>ActivityName</UserDefinedName><VariableType>10</VariableType><VariableScope>M</VariableScope><ExtObjId>0</ExtObjId><VarPrecision>0</VarPrecision><Unbounded>N</Unbounded><IsEncrypted>N</IsEncrypted><IsMasked>N</IsMasked><MaskingPattern>X</MaskingPattern>
	</RowData>
	<RowData><ProcessDefId>1</ProcessDefId><VariableId>50</VariableId><SystemDefinedName>CheckListCompleteFlag</SystemDefinedName><UserDefinedName>CheckListCompleteFlag</UserDefinedName><VariableType>10</VariableType><VariableScope>M</VariableScope><ExtObjId>0</ExtObjId><VarPrecision>0</VarPrecision><Unbounded>N</Unbounded><IsEncrypted>N</IsEncrypted><IsMasked>N</IsMasked><MaskingPattern>X</MaskingPattern>
	</RowData>
	<RowData><ProcessDefId>1</ProcessDefId><VariableId>51</VariableId><SystemDefinedName>AssignmentType</SystemDefinedName><UserDefinedName>AssignmentType</UserDefinedName><VariableType>10</VariableType><VariableScope>S</VariableScope><ExtObjId>0</ExtObjId><VarPrecision>0</VarPrecision><Unbounded>N</Unbounded><IsEncrypted>N</IsEncrypted><IsMasked>N</IsMasked><MaskingPattern>X</MaskingPattern>
	</RowData>
	<RowData><ProcessDefId>1</ProcessDefId><VariableId>52</VariableId><SystemDefinedName>ProcessedBy</SystemDefinedName><UserDefinedName>ProcessedBy</UserDefinedName><VariableType>10</VariableType><VariableScope>S</VariableScope><ExtObjId>0</ExtObjId><VarPrecision>0</VarPrecision><Unbounded>N</Unbounded><IsEncrypted>N</IsEncrypted><IsMasked>N</IsMasked><MaskingPattern>X</MaskingPattern>
	</RowData>
	<RowData><ProcessDefId>1</ProcessDefId><VariableId>53</VariableId><SystemDefinedName>VAR_REC_1</SystemDefinedName><UserDefinedName>itemindex</UserDefinedName><VariableType>10</VariableType><VariableScope>M</VariableScope><ExtObjId>0</ExtObjId><VariableLength>255</VariableLength><VarPrecision>0</VarPrecision><Unbounded>N</Unbounded><IsEncrypted>N</IsEncrypted><IsMasked>N</IsMasked><MaskingPattern>X</MaskingPattern>
	</RowData>
	<RowData><ProcessDefId>1</ProcessDefId><VariableId>54</VariableId><SystemDefinedName>VAR_REC_2</SystemDefinedName><UserDefinedName>itemtype</UserDefinedName><VariableType>10</VariableType><VariableScope>M</VariableScope><ExtObjId>0</ExtObjId><VariableLength>255</VariableLength><VarPrecision>0</VarPrecision><Unbounded>N</Unbounded><IsEncrypted>N</IsEncrypted><IsMasked>N</IsMasked><MaskingPattern>X</MaskingPattern>
	</RowData>
	<RowData><ProcessDefId>1</ProcessDefId><VariableId>55</VariableId><SystemDefinedName>VAR_REC_3</SystemDefinedName><UserDefinedName>VAR_REC_3</UserDefinedName><VariableType>10</VariableType><VariableScope>M</VariableScope><ExtObjId>0</ExtObjId><VariableLength>255</VariableLength><VarPrecision>0</VarPrecision><Unbounded>N</Unbounded><IsEncrypted>N</IsEncrypted><IsMasked>N</IsMasked><MaskingPattern>X</MaskingPattern>
	</RowData>
	<RowData><ProcessDefId>1</ProcessDefId><VariableId>56</VariableId><SystemDefinedName>VAR_REC_4</SystemDefinedName><UserDefinedName>EventName</UserDefinedName><VariableType>10</VariableType><VariableScope>M</VariableScope><ExtObjId>0</ExtObjId><VariableLength>255</VariableLength><VarPrecision>0</VarPrecision><Unbounded>N</Unbounded><IsEncrypted>N</IsEncrypted><IsMasked>N</IsMasked><MaskingPattern>X</MaskingPattern>
	</RowData>
	<RowData><ProcessDefId>1</ProcessDefId><VariableId>57</VariableId><SystemDefinedName>VAR_REC_5</SystemDefinedName><UserDefinedName>RoutingCount</UserDefinedName><VariableType>10</VariableType><VariableScope>M</VariableScope><ExtObjId>0</ExtObjId><VariableLength>255</VariableLength><VarPrecision>0</VarPrecision><Unbounded>N</Unbounded><IsEncrypted>N</IsEncrypted><IsMasked>N</IsMasked><MaskingPattern>X</MaskingPattern>
	</RowData>
	<RowData><ProcessDefId>1</ProcessDefId><VariableId>58</VariableId><SystemDefinedName>qualityChildWIFlag</SystemDefinedName><UserDefinedName>qualityChildWIFlag</UserDefinedName><VariableType>10</VariableType><VariableScope>I</VariableScope><ExtObjId>1</ExtObjId><VariableLength>50</VariableLength><VarPrecision>0</VarPrecision><Unbounded>N</Unbounded><IsEncrypted>N</IsEncrypted><IsMasked>N</IsMasked><MaskingPattern>X</MaskingPattern>
	</RowData>
	<RowData><ProcessDefId>1</ProcessDefId><VariableId>59</VariableId><SystemDefinedName>errordesc</SystemDefinedName><UserDefinedName>errordesc</UserDefinedName><VariableType>10</VariableType><VariableScope>I</VariableScope><ExtObjId>1</ExtObjId><VariableLength>250</VariableLength><VarPrecision>0</VarPrecision><Unbounded>N</Unbounded><IsEncrypted>N</IsEncrypted><IsMasked>N</IsMasked><MaskingPattern>X</MaskingPattern>
	</RowData>
	<RowData><ProcessDefId>1</ProcessDefId><VariableId>62</VariableId><SystemDefinedName>pur_group</SystemDefinedName><UserDefinedName>pur_group</UserDefinedName><VariableType>10</VariableType><VariableScope>I</VariableScope><ExtObjId>1</ExtObjId><VariableLength>50</VariableLength><VarPrecision>0</VarPrecision><Unbounded>N</Unbounded><IsEncrypted>N</IsEncrypted><IsMasked>N</IsMasked><MaskingPattern>X</MaskingPattern>
	</RowData>
	<RowData><ProcessDefId>1</ProcessDefId><VariableId>63</VariableId><SystemDefinedName>vendor_code</SystemDefinedName><UserDefinedName>vendor_code</UserDefinedName><VariableType>10</VariableType><VariableScope>I</VariableScope><ExtObjId>1</ExtObjId><VariableLength>50</VariableLength><VarPrecision>0</VarPrecision><Unbounded>N</Unbounded><IsEncrypted>N</IsEncrypted><IsMasked>N</IsMasked><MaskingPattern>X</MaskingPattern>
	</RowData>
	<RowData><ProcessDefId>1</ProcessDefId><VariableId>64</VariableId><SystemDefinedName>po_date</SystemDefinedName><UserDefinedName>po_date</UserDefinedName><VariableType>8</VariableType><VariableScope>I</VariableScope><ExtObjId>1</ExtObjId><VariableLength>8</VariableLength><VarPrecision>0</VarPrecision><Unbounded>N</Unbounded><IsEncrypted>N</IsEncrypted><IsMasked>N</IsMasked><MaskingPattern>X</MaskingPattern>
	</RowData>
	<RowData><ProcessDefId>1</ProcessDefId><VariableId>65</VariableId><SystemDefinedName>duplicateCheck</SystemDefinedName><UserDefinedName>duplicateCheck</UserDefinedName><VariableType>10</VariableType><VariableScope>I</VariableScope><ExtObjId>1</ExtObjId><VariableLength>50</VariableLength><VarPrecision>0</VarPrecision><Unbounded>N</Unbounded><IsEncrypted>N</IsEncrypted><IsMasked>N</IsMasked><MaskingPattern>X</MaskingPattern>
	</RowData>
	<RowData><ProcessDefId>1</ProcessDefId><VariableId>66</VariableId><SystemDefinedName>grn_number</SystemDefinedName><UserDefinedName>grn_number</UserDefinedName><VariableType>10</VariableType><VariableScope>I</VariableScope><ExtObjId>1</ExtObjId><VariableLength>50</VariableLength><VarPrecision>0</VarPrecision><Unbounded>N</Unbounded><IsEncrypted>N</IsEncrypted><IsMasked>N</IsMasked><MaskingPattern>X</MaskingPattern>
	</RowData>
	<RowData><ProcessDefId>1</ProcessDefId><VariableId>67</VariableId><SystemDefinedName>delete_storeChildWI</SystemDefinedName><UserDefinedName>delete_storeChildWI</UserDefinedName><VariableType>3</VariableType><VariableScope>I</VariableScope><ExtObjId>1</ExtObjId><VariableLength>2</VariableLength><VarPrecision>0</VarPrecision><Unbounded>N</Unbounded><IsEncrypted>N</IsEncrypted><IsMasked>N</IsMasked><MaskingPattern>X</MaskingPattern>
	</RowData>
	<RowData><ProcessDefId>1</ProcessDefId><VariableId>68</VariableId><SystemDefinedName>remarks_storehold</SystemDefinedName><UserDefinedName>remarks_storehold</UserDefinedName><VariableType>10</VariableType><VariableScope>I</VariableScope><ExtObjId>1</ExtObjId><VariableLength>50</VariableLength><VarPrecision>0</VarPrecision><Unbounded>N</Unbounded><IsEncrypted>N</IsEncrypted><IsMasked>N</IsMasked><MaskingPattern>X</MaskingPattern>
	</RowData>
	<RowData><ProcessDefId>1</ProcessDefId><VariableId>69</VariableId><SystemDefinedName>pur_org</SystemDefinedName><UserDefinedName>pur_org</UserDefinedName><VariableType>10</VariableType><VariableScope>I</VariableScope><ExtObjId>1</ExtObjId><VariableLength>50</VariableLength><VarPrecision>0</VarPrecision><Unbounded>N</Unbounded><IsEncrypted>N</IsEncrypted><IsMasked>N</IsMasked><MaskingPattern>X</MaskingPattern>
	</RowData>
	<RowData><ProcessDefId>1</ProcessDefId><VariableId>70</VariableId><SystemDefinedName>po_type</SystemDefinedName><UserDefinedName>po_type</UserDefinedName><VariableType>10</VariableType><VariableScope>I</VariableScope><ExtObjId>1</ExtObjId><VariableLength>50</VariableLength><VarPrecision>0</VarPrecision><Unbounded>N</Unbounded><IsEncrypted>N</IsEncrypted><IsMasked>N</IsMasked><MaskingPattern>X</MaskingPattern>
	</RowData>
	<RowData><ProcessDefId>1</ProcessDefId><VariableId>71</VariableId><SystemDefinedName>storeChildWIFlag</SystemDefinedName><UserDefinedName>storeChildWIFlag</UserDefinedName><VariableType>10</VariableType><VariableScope>I</VariableScope><ExtObjId>1</ExtObjId><DefaultValue>N</DefaultValue><VariableLength>50</VariableLength><VarPrecision>0</VarPrecision><Unbounded>N</Unbounded><IsEncrypted>N</IsEncrypted><IsMasked>N</IsMasked><MaskingPattern>X</MaskingPattern>
	</RowData>
	<RowData><ProcessDefId>1</ProcessDefId><VariableId>72</VariableId><SystemDefinedName>qualityhold_decision</SystemDefinedName><UserDefinedName>qualityhold_decision</UserDefinedName><VariableType>10</VariableType><VariableScope>I</VariableScope><ExtObjId>1</ExtObjId><VariableLength>50</VariableLength><VarPrecision>0</VarPrecision><Unbounded>N</Unbounded><IsEncrypted>N</IsEncrypted><IsMasked>N</IsMasked><MaskingPattern>X</MaskingPattern>
	</RowData>
	<RowData><ProcessDefId>1</ProcessDefId><VariableId>73</VariableId><SystemDefinedName>vendor_name</SystemDefinedName><UserDefinedName>vendor_name</UserDefinedName><VariableType>10</VariableType><VariableScope>I</VariableScope><ExtObjId>1</ExtObjId><VariableLength>50</VariableLength><VarPrecision>0</VarPrecision><Unbounded>N</Unbounded><IsEncrypted>N</IsEncrypted><IsMasked>N</IsMasked><MaskingPattern>X</MaskingPattern>
	</RowData>
	<RowData><ProcessDefId>1</ProcessDefId><VariableId>74</VariableId><SystemDefinedName>quality_decision</SystemDefinedName><UserDefinedName>quality_decision</UserDefinedName><VariableType>10</VariableType><VariableScope>I</VariableScope><ExtObjId>1</ExtObjId><VariableLength>50</VariableLength><VarPrecision>0</VarPrecision><Unbounded>N</Unbounded><IsEncrypted>N</IsEncrypted><IsMasked>N</IsMasked><MaskingPattern>X</MaskingPattern>
	</RowData>
	<RowData><ProcessDefId>1</ProcessDefId><VariableId>75</VariableId><SystemDefinedName>remarks_gateentry</SystemDefinedName><UserDefinedName>remarks_gateentry</UserDefinedName><VariableType>10</VariableType><VariableScope>I</VariableScope><ExtObjId>1</ExtObjId><VariableLength>50</VariableLength><VarPrecision>0</VarPrecision><Unbounded>N</Unbounded><IsEncrypted>N</IsEncrypted><IsMasked>N</IsMasked><MaskingPattern>X</MaskingPattern>
	</RowData>
	<RowData><ProcessDefId>1</ProcessDefId><VariableId>76</VariableId><SystemDefinedName>remarks_store</SystemDefinedName><UserDefinedName>remarks_store</UserDefinedName><VariableType>10</VariableType><VariableScope>I</VariableScope><ExtObjId>1</ExtObjId><VariableLength>50</VariableLength><VarPrecision>0</VarPrecision><Unbounded>N</Unbounded><IsEncrypted>N</IsEncrypted><IsMasked>N</IsMasked><MaskingPattern>X</MaskingPattern>
	</RowData>
	<RowData><ProcessDefId>1</ProcessDefId><VariableId>78</VariableId><SystemDefinedName>store_decision</SystemDefinedName><UserDefinedName>store_decision</UserDefinedName><VariableType>10</VariableType><VariableScope>I</VariableScope><ExtObjId>1</ExtObjId><VariableLength>50</VariableLength><VarPrecision>0</VarPrecision><Unbounded>N</Unbounded><IsEncrypted>N</IsEncrypted><IsMasked>N</IsMasked><MaskingPattern>X</MaskingPattern>
	</RowData>
	<RowData><ProcessDefId>1</ProcessDefId><VariableId>79</VariableId><SystemDefinedName>pr_number</SystemDefinedName><UserDefinedName>pr_number</UserDefinedName><VariableType>10</VariableType><VariableScope>I</VariableScope><ExtObjId>1</ExtObjId><VariableLength>50</VariableLength><VarPrecision>0</VarPrecision><Unbounded>N</Unbounded><IsEncrypted>N</IsEncrypted><IsMasked>N</IsMasked><MaskingPattern>X</MaskingPattern>
	</RowData>
	<RowData><ProcessDefId>1</ProcessDefId><VariableId>80</VariableId><SystemDefinedName>storehold_decsion</SystemDefinedName><UserDefinedName>storehold_decsion</UserDefinedName><VariableType>10</VariableType><VariableScope>I</VariableScope><ExtObjId>1</ExtObjId><VariableLength>50</VariableLength><VarPrecision>0</VarPrecision><Unbounded>N</Unbounded><IsEncrypted>N</IsEncrypted><IsMasked>N</IsMasked><MaskingPattern>X</MaskingPattern>
	</RowData>
	<RowData><ProcessDefId>1</ProcessDefId><VariableId>81</VariableId><SystemDefinedName>errorcode</SystemDefinedName><UserDefinedName>errorcode</UserDefinedName><VariableType>3</VariableType><VariableScope>I</VariableScope><ExtObjId>1</ExtObjId><VariableLength>2</VariableLength><VarPrecision>0</VarPrecision><Unbounded>N</Unbounded><IsEncrypted>N</IsEncrypted><IsMasked>N</IsMasked><MaskingPattern>X</MaskingPattern>
	</RowData>
	<RowData><ProcessDefId>1</ProcessDefId><VariableId>82</VariableId><SystemDefinedName>processid</SystemDefinedName><UserDefinedName>processid</UserDefinedName><VariableType>10</VariableType><VariableScope>I</VariableScope><ExtObjId>1</ExtObjId><VariableLength>50</VariableLength><VarPrecision>0</VarPrecision><Unbounded>N</Unbounded><IsEncrypted>N</IsEncrypted><IsMasked>N</IsMasked><MaskingPattern>X</MaskingPattern>
	</RowData>
	<RowData><ProcessDefId>1</ProcessDefId><VariableId>83</VariableId><SystemDefinedName>output_po_number</SystemDefinedName><UserDefinedName>output_po_number</UserDefinedName><VariableType>10</VariableType><VariableScope>I</VariableScope><ExtObjId>1</ExtObjId><VariableLength>50</VariableLength><VarPrecision>0</VarPrecision><Unbounded>N</Unbounded><IsEncrypted>N</IsEncrypted><IsMasked>N</IsMasked><MaskingPattern>X</MaskingPattern>
	</RowData>
	<RowData><ProcessDefId>1</ProcessDefId><VariableId>84</VariableId><SystemDefinedName>InvoiceAmount</SystemDefinedName><UserDefinedName>InvoiceAmount</UserDefinedName><VariableType>10</VariableType><VariableScope>I</VariableScope><ExtObjId>1</ExtObjId><VariableLength>50</VariableLength><VarPrecision>0</VarPrecision><Unbounded>N</Unbounded><IsEncrypted>N</IsEncrypted><IsMasked>N</IsMasked><MaskingPattern>X</MaskingPattern>
	</RowData>
	<RowData><ProcessDefId>1</ProcessDefId><VariableId>85</VariableId><SystemDefinedName>InvoiceDate</SystemDefinedName><UserDefinedName>InvoiceDate</UserDefinedName><VariableType>8</VariableType><VariableScope>I</VariableScope><ExtObjId>1</ExtObjId><VariableLength>23</VariableLength><VarPrecision>0</VarPrecision><Unbounded>N</Unbounded><IsEncrypted>N</IsEncrypted><IsMasked>N</IsMasked><MaskingPattern>X</MaskingPattern>
	</RowData>
	<RowData><ProcessDefId>1</ProcessDefId><VariableId>86</VariableId><SystemDefinedName>InvoiceNo</SystemDefinedName><UserDefinedName>InvoiceNo</UserDefinedName><VariableType>10</VariableType><VariableScope>I</VariableScope><ExtObjId>1</ExtObjId><VariableLength>50</VariableLength><VarPrecision>0</VarPrecision><Unbounded>N</Unbounded><IsEncrypted>N</IsEncrypted><IsMasked>N</IsMasked><MaskingPattern>X</MaskingPattern>
	</RowData>
	<RowData><ProcessDefId>1</ProcessDefId><VariableId>87</VariableId><SystemDefinedName>InvoiceTax</SystemDefinedName><UserDefinedName>InvoiceTax</UserDefinedName><VariableType>10</VariableType><VariableScope>I</VariableScope><ExtObjId>1</ExtObjId><VariableLength>50</VariableLength><VarPrecision>0</VarPrecision><Unbounded>N</Unbounded><IsEncrypted>N</IsEncrypted><IsMasked>N</IsMasked><MaskingPattern>X</MaskingPattern>
	</RowData>
	<RowData><ProcessDefId>1</ProcessDefId><VariableId>88</VariableId><SystemDefinedName>GateEntryNo</SystemDefinedName><UserDefinedName>GateEntryNo</UserDefinedName><VariableType>10</VariableType><VariableScope>I</VariableScope><ExtObjId>1</ExtObjId><VariableLength>50</VariableLength><VarPrecision>0</VarPrecision><Unbounded>N</Unbounded><IsEncrypted>N</IsEncrypted><IsMasked>N</IsMasked><MaskingPattern>X</MaskingPattern>
	</RowData>
	<RowData><ProcessDefId>1</ProcessDefId><VariableId>89</VariableId><SystemDefinedName>GSTN</SystemDefinedName><UserDefinedName>GSTN</UserDefinedName><VariableType>10</VariableType><VariableScope>I</VariableScope><ExtObjId>1</ExtObjId><VariableLength>50</VariableLength><VarPrecision>0</VarPrecision><Unbounded>N</Unbounded><IsEncrypted>N</IsEncrypted><IsMasked>N</IsMasked><MaskingPattern>X</MaskingPattern>
	</RowData>
	<RowData><ProcessDefId>1</ProcessDefId><VariableId>90</VariableId><SystemDefinedName>PAN</SystemDefinedName><UserDefinedName>PAN</UserDefinedName><VariableType>10</VariableType><VariableScope>I</VariableScope><ExtObjId>1</ExtObjId><VariableLength>50</VariableLength><VarPrecision>0</VarPrecision><Unbounded>N</Unbounded><IsEncrypted>N</IsEncrypted><IsMasked>N</IsMasked><MaskingPattern>X</MaskingPattern>
	</RowData>
	<RowData><ProcessDefId>1</ProcessDefId><VariableId>91</VariableId><SystemDefinedName>TransporterName</SystemDefinedName><UserDefinedName>TransporterName</UserDefinedName><VariableType>10</VariableType><VariableScope>I</VariableScope><ExtObjId>1</ExtObjId><VariableLength>50</VariableLength><VarPrecision>0</VarPrecision><Unbounded>N</Unbounded><IsEncrypted>N</IsEncrypted><IsMasked>N</IsMasked><MaskingPattern>X</MaskingPattern>
	</RowData>
	<RowData><ProcessDefId>1</ProcessDefId><VariableId>92</VariableId><SystemDefinedName>PurchaseOrderNo</SystemDefinedName><UserDefinedName>PurchaseOrderNo</UserDefinedName><VariableType>10</VariableType><VariableScope>I</VariableScope><ExtObjId>1</ExtObjId><VariableLength>50</VariableLength><VarPrecision>0</VarPrecision><Unbounded>N</Unbounded><IsEncrypted>N</IsEncrypted><IsMasked>N</IsMasked><MaskingPattern>X</MaskingPattern>
	</RowData>
	<RowData><ProcessDefId>1</ProcessDefId><VariableId>93</VariableId><SystemDefinedName>complex_polineitem</SystemDefinedName><UserDefinedName>q_polineitem</UserDefinedName><VariableType>11</VariableType><VariableScope>I</VariableScope><ExtObjId>2</ExtObjId><VariableLength>2</VariableLength><VarPrecision>0</VarPrecision><Unbounded>Y</Unbounded><IsEncrypted>N</IsEncrypted><IsMasked>N</IsMasked><MaskingPattern>X</MaskingPattern>
	</RowData>
	<RowData><ProcessDefId>1</ProcessDefId><VariableId>94</VariableId><SystemDefinedName>complex_orient_po_lineitem</SystemDefinedName><UserDefinedName>q_orient_po_lineitem</UserDefinedName><VariableType>11</VariableType><VariableScope>I</VariableScope><ExtObjId>4</ExtObjId><VariableLength>2</VariableLength><VarPrecision>0</VarPrecision><Unbounded>Y</Unbounded><IsEncrypted>N</IsEncrypted><IsMasked>N</IsMasked><MaskingPattern>X</MaskingPattern>
	</RowData>
	<RowData><ProcessDefId>1</ProcessDefId><VariableId>95</VariableId><SystemDefinedName>vendor_contact</SystemDefinedName><UserDefinedName>vendor_contact</UserDefinedName><VariableType>10</VariableType><VariableScope>I</VariableScope><ExtObjId>1</ExtObjId><VariableLength>50</VariableLength><VarPrecision>0</VarPrecision><Unbounded>N</Unbounded><IsEncrypted>N</IsEncrypted><IsMasked>N</IsMasked><MaskingPattern>X</MaskingPattern>
	</RowData>
	<RowData><ProcessDefId>1</ProcessDefId><VariableId>96</VariableId><SystemDefinedName>vendor_region</SystemDefinedName><UserDefinedName>vendor_region</UserDefinedName><VariableType>10</VariableType><VariableScope>I</VariableScope><ExtObjId>1</ExtObjId><VariableLength>50</VariableLength><VarPrecision>0</VarPrecision><Unbounded>N</Unbounded><IsEncrypted>N</IsEncrypted><IsMasked>N</IsMasked><MaskingPattern>X</MaskingPattern>
	</RowData>
	<RowData><ProcessDefId>1</ProcessDefId><VariableId>97</VariableId><SystemDefinedName>vendor_street</SystemDefinedName><UserDefinedName>vendor_street</UserDefinedName><VariableType>10</VariableType><VariableScope>I</VariableScope><ExtObjId>1</ExtObjId><VariableLength>250</VariableLength><VarPrecision>0</VarPrecision><Unbounded>N</Unbounded><IsEncrypted>N</IsEncrypted><IsMasked>N</IsMasked><MaskingPattern>X</MaskingPattern>
	</RowData>
	<RowData><ProcessDefId>1</ProcessDefId><VariableId>98</VariableId><SystemDefinedName>vendor_city</SystemDefinedName><UserDefinedName>vendor_city</UserDefinedName><VariableType>10</VariableType><VariableScope>I</VariableScope><ExtObjId>1</ExtObjId><VariableLength>50</VariableLength><VarPrecision>0</VarPrecision><Unbounded>N</Unbounded><IsEncrypted>N</IsEncrypted><IsMasked>N</IsMasked><MaskingPattern>X</MaskingPattern>
	</RowData>
	<RowData><ProcessDefId>1</ProcessDefId><VariableId>99</VariableId><SystemDefinedName>vendor_district</SystemDefinedName><UserDefinedName>vendor_district</UserDefinedName><VariableType>10</VariableType><VariableScope>I</VariableScope><ExtObjId>1</ExtObjId><VariableLength>50</VariableLength><VarPrecision>0</VarPrecision><Unbounded>N</Unbounded><IsEncrypted>N</IsEncrypted><IsMasked>N</IsMasked><MaskingPattern>X</MaskingPattern>
	</RowData>
	<RowData><ProcessDefId>1</ProcessDefId><VariableId>100</VariableId><SystemDefinedName>vendor_country</SystemDefinedName><UserDefinedName>vendor_country</UserDefinedName><VariableType>10</VariableType><VariableScope>I</VariableScope><ExtObjId>1</ExtObjId><VariableLength>50</VariableLength><VarPrecision>0</VarPrecision><Unbounded>N</Unbounded><IsEncrypted>N</IsEncrypted><IsMasked>N</IsMasked><MaskingPattern>X</MaskingPattern>
	</RowData>
	<RowData><ProcessDefId>1</ProcessDefId><VariableId>101</VariableId><SystemDefinedName>complex_pohistory</SystemDefinedName><UserDefinedName>q_orient_pohistory</UserDefinedName><VariableType>11</VariableType><VariableScope>I</VariableScope><ExtObjId>5</ExtObjId><VariableLength>2</VariableLength><VarPrecision>0</VarPrecision><Unbounded>Y</Unbounded><IsEncrypted>N</IsEncrypted><IsMasked>N</IsMasked><MaskingPattern>X</MaskingPattern>
	</RowData>
	<RowData><ProcessDefId>1</ProcessDefId><VariableId>102</VariableId><SystemDefinedName>complex_orient_po_item</SystemDefinedName><UserDefinedName>q_orient_po_item</UserDefinedName><VariableType>11</VariableType><VariableScope>I</VariableScope><ExtObjId>6</ExtObjId><VariableLength>19</VariableLength><VarPrecision>0</VarPrecision><Unbounded>Y</Unbounded><IsEncrypted>N</IsEncrypted><IsMasked>N</IsMasked><MaskingPattern>X</MaskingPattern>
	</RowData>
	<RowData><ProcessDefId>1</ProcessDefId><VariableId>103</VariableId><SystemDefinedName>complex_orient_poitem_history</SystemDefinedName><UserDefinedName>q_orient_poitem_history</UserDefinedName><VariableType>11</VariableType><VariableScope>I</VariableScope><ExtObjId>7</ExtObjId><VariableLength>50</VariableLength><VarPrecision>0</VarPrecision><Unbounded>Y</Unbounded><IsEncrypted>N</IsEncrypted><IsMasked>N</IsMasked><MaskingPattern>X</MaskingPattern>
	</RowData>
	<RowData><ProcessDefId>1</ProcessDefId><VariableId>104</VariableId><SystemDefinedName>complex_orient_pr_item</SystemDefinedName><UserDefinedName>q_orient_pr_item</UserDefinedName><VariableType>11</VariableType><VariableScope>I</VariableScope><ExtObjId>8</ExtObjId><VariableLength>50</VariableLength><VarPrecision>0</VarPrecision><Unbounded>Y</Unbounded><IsEncrypted>N</IsEncrypted><IsMasked>N</IsMasked><MaskingPattern>X</MaskingPattern>
	</RowData>
	<RowData><ProcessDefId>1</ProcessDefId><VariableId>105</VariableId><SystemDefinedName>remarks_l1</SystemDefinedName><UserDefinedName>remarks_l1</UserDefinedName><VariableType>10</VariableType><VariableScope>I</VariableScope><ExtObjId>1</ExtObjId><VariableLength>250</VariableLength><VarPrecision>0</VarPrecision><Unbounded>N</Unbounded><IsEncrypted>N</IsEncrypted><IsMasked>N</IsMasked><MaskingPattern>X</MaskingPattern>
	</RowData>
	<RowData><ProcessDefId>1</ProcessDefId><VariableId>106</VariableId><SystemDefinedName>remarks_l2</SystemDefinedName><UserDefinedName>remarks_l2</UserDefinedName><VariableType>10</VariableType><VariableScope>I</VariableScope><ExtObjId>1</ExtObjId><VariableLength>250</VariableLength><VarPrecision>0</VarPrecision><Unbounded>N</Unbounded><IsEncrypted>N</IsEncrypted><IsMasked>N</IsMasked><MaskingPattern>X</MaskingPattern>
	</RowData>
	<RowData><ProcessDefId>1</ProcessDefId><VariableId>107</VariableId><SystemDefinedName>remarks_l3</SystemDefinedName><UserDefinedName>remarks_l3</UserDefinedName><VariableType>10</VariableType><VariableScope>I</VariableScope><ExtObjId>1</ExtObjId><VariableLength>250</VariableLength><VarPrecision>0</VarPrecision><Unbounded>N</Unbounded><IsEncrypted>N</IsEncrypted><IsMasked>N</IsMasked><MaskingPattern>X</MaskingPattern>
	</RowData>
	<RowData><ProcessDefId>1</ProcessDefId><VariableId>108</VariableId><SystemDefinedName>remarks_l4</SystemDefinedName><UserDefinedName>remarks_l4</UserDefinedName><VariableType>10</VariableType><VariableScope>I</VariableScope><ExtObjId>1</ExtObjId><VariableLength>250</VariableLength><VarPrecision>0</VarPrecision><Unbounded>N</Unbounded><IsEncrypted>N</IsEncrypted><IsMasked>N</IsMasked><MaskingPattern>X</MaskingPattern>
	</RowData>
	<RowData><ProcessDefId>1</ProcessDefId><VariableId>109</VariableId><SystemDefinedName>decision_l1</SystemDefinedName><UserDefinedName>decision_l1</UserDefinedName><VariableType>10</VariableType><VariableScope>I</VariableScope><ExtObjId>1</ExtObjId><VariableLength>250</VariableLength><VarPrecision>0</VarPrecision><Unbounded>N</Unbounded><IsEncrypted>N</IsEncrypted><IsMasked>N</IsMasked><MaskingPattern>X</MaskingPattern>
	</RowData>
	<RowData><ProcessDefId>1</ProcessDefId><VariableId>110</VariableId><SystemDefinedName>decision_l2</SystemDefinedName><UserDefinedName>decision_l2</UserDefinedName><VariableType>10</VariableType><VariableScope>I</VariableScope><ExtObjId>1</ExtObjId><VariableLength>250</VariableLength><VarPrecision>0</VarPrecision><Unbounded>N</Unbounded><IsEncrypted>N</IsEncrypted><IsMasked>N</IsMasked><MaskingPattern>X</MaskingPattern>
	</RowData>
	<RowData><ProcessDefId>1</ProcessDefId><VariableId>111</VariableId><SystemDefinedName>decision_l3</SystemDefinedName><UserDefinedName>decision_l3</UserDefinedName><VariableType>10</VariableType><VariableScope>I</VariableScope><ExtObjId>1</ExtObjId><VariableLength>250</VariableLength><VarPrecision>0</VarPrecision><Unbounded>N</Unbounded><IsEncrypted>N</IsEncrypted><IsMasked>N</IsMasked><MaskingPattern>X</MaskingPattern>
	</RowData>
	<RowData><ProcessDefId>1</ProcessDefId><VariableId>112</VariableId><SystemDefinedName>decision_l4</SystemDefinedName><UserDefinedName>decision_l4</UserDefinedName><VariableType>10</VariableType><VariableScope>I</VariableScope><ExtObjId>1</ExtObjId><VariableLength>250</VariableLength><VarPrecision>0</VarPrecision><Unbounded>N</Unbounded><IsEncrypted>N</IsEncrypted><IsMasked>N</IsMasked><MaskingPattern>X</MaskingPattern>
	</RowData>
	<RowData><ProcessDefId>1</ProcessDefId><VariableId>113</VariableId><SystemDefinedName>po_year</SystemDefinedName><UserDefinedName>po_year</UserDefinedName><VariableType>3</VariableType><VariableScope>I</VariableScope><ExtObjId>1</ExtObjId><VariableLength>6</VariableLength><VarPrecision>0</VarPrecision><Unbounded>N</Unbounded><IsEncrypted>N</IsEncrypted><IsMasked>N</IsMasked><MaskingPattern>X</MaskingPattern>
	</RowData>
	<RowData><ProcessDefId>1</ProcessDefId><VariableId>114</VariableId><SystemDefinedName>po_year1</SystemDefinedName><UserDefinedName>po_year1</UserDefinedName><VariableType>3</VariableType><VariableScope>I</VariableScope><ExtObjId>1</ExtObjId><VariableLength>6</VariableLength><VarPrecision>0</VarPrecision><Unbounded>N</Unbounded><IsEncrypted>N</IsEncrypted><IsMasked>N</IsMasked><MaskingPattern>X</MaskingPattern>
	</RowData>
	<RowData><ProcessDefId>1</ProcessDefId><VariableId>115</VariableId><SystemDefinedName>ScanUserComment</SystemDefinedName><UserDefinedName>ScanUserComment</UserDefinedName><VariableType>10</VariableType><VariableScope>I</VariableScope><ExtObjId>1</ExtObjId><VariableLength>250</VariableLength><VarPrecision>0</VarPrecision><Unbounded>N</Unbounded><IsEncrypted>N</IsEncrypted><IsMasked>N</IsMasked><MaskingPattern>X</MaskingPattern>
	</RowData>
	<RowData><ProcessDefId>1</ProcessDefId><VariableId>116</VariableId><SystemDefinedName>remarks_accounts</SystemDefinedName><UserDefinedName>remarks_accounts</UserDefinedName><VariableType>10</VariableType><VariableScope>I</VariableScope><ExtObjId>1</ExtObjId><VariableLength>250</VariableLength><VarPrecision>0</VarPrecision><Unbounded>N</Unbounded><IsEncrypted>N</IsEncrypted><IsMasked>N</IsMasked><MaskingPattern>X</MaskingPattern>
	</RowData>
	<RowData><ProcessDefId>1</ProcessDefId><VariableId>117</VariableId><SystemDefinedName>remarks_finance</SystemDefinedName><UserDefinedName>remarks_finance</UserDefinedName><VariableType>10</VariableType><VariableScope>I</VariableScope><ExtObjId>1</ExtObjId><VariableLength>250</VariableLength><VarPrecision>0</VarPrecision><Unbounded>N</Unbounded><IsEncrypted>N</IsEncrypted><IsMasked>N</IsMasked><MaskingPattern>X</MaskingPattern>
	</RowData>
	<RowData><ProcessDefId>1</ProcessDefId><VariableId>118</VariableId><SystemDefinedName>claiminsurance</SystemDefinedName><UserDefinedName>claiminsurance</UserDefinedName><VariableType>10</VariableType><VariableScope>I</VariableScope><ExtObjId>1</ExtObjId><VariableLength>250</VariableLength><VarPrecision>0</VarPrecision><Unbounded>N</Unbounded><IsEncrypted>N</IsEncrypted><IsMasked>N</IsMasked><MaskingPattern>X</MaskingPattern>
	</RowData>
	<RowData><ProcessDefId>1</ProcessDefId><VariableId>119</VariableId><SystemDefinedName>scanuserdate</SystemDefinedName><UserDefinedName>scanuserdate</UserDefinedName><VariableType>8</VariableType><VariableScope>I</VariableScope><ExtObjId>1</ExtObjId><VariableLength>8</VariableLength><VarPrecision>0</VarPrecision><Unbounded>N</Unbounded><IsEncrypted>N</IsEncrypted><IsMasked>N</IsMasked><MaskingPattern>X</MaskingPattern>
	</RowData>
	<RowData><ProcessDefId>1</ProcessDefId><VariableId>120</VariableId><SystemDefinedName>scanusername</SystemDefinedName><UserDefinedName>scanusername</UserDefinedName><VariableType>10</VariableType><VariableScope>I</VariableScope><ExtObjId>1</ExtObjId><VariableLength>250</VariableLength><VarPrecision>0</VarPrecision><Unbounded>N</Unbounded><IsEncrypted>N</IsEncrypted><IsMasked>N</IsMasked><MaskingPattern>X</MaskingPattern>
	</RowData>
	<RowData><ProcessDefId>1</ProcessDefId><VariableId>121</VariableId><SystemDefinedName>complex_orient_invoice_item</SystemDefinedName><UserDefinedName>q_orient_invoice_item</UserDefinedName><VariableType>11</VariableType><VariableScope>I</VariableScope><ExtObjId>9</ExtObjId><VariableLength>77</VariableLength><VarPrecision>0</VarPrecision><Unbounded>Y</Unbounded><IsEncrypted>N</IsEncrypted><IsMasked>N</IsMasked><MaskingPattern>X</MaskingPattern>
	</RowData>
	<RowData><ProcessDefId>1</ProcessDefId><VariableId>122</VariableId><SystemDefinedName>remarks_quality</SystemDefinedName><UserDefinedName>remarks_quality</UserDefinedName><VariableType>10</VariableType><VariableScope>I</VariableScope><ExtObjId>1</ExtObjId><VariableLength>250</VariableLength><VarPrecision>0</VarPrecision><Unbounded>N</Unbounded><IsEncrypted>N</IsEncrypted><IsMasked>N</IsMasked><MaskingPattern>X</MaskingPattern>
	</RowData>
	<RowData><ProcessDefId>1</ProcessDefId><VariableId>123</VariableId><SystemDefinedName>remarks_qualityhold</SystemDefinedName><UserDefinedName>remarks_qualityhold</UserDefinedName><VariableType>10</VariableType><VariableScope>I</VariableScope><ExtObjId>1</ExtObjId><VariableLength>250</VariableLength><VarPrecision>0</VarPrecision><Unbounded>N</Unbounded><IsEncrypted>N</IsEncrypted><IsMasked>N</IsMasked><MaskingPattern>X</MaskingPattern>
	</RowData>
	<RowData><ProcessDefId>1</ProcessDefId><VariableId>124</VariableId><SystemDefinedName>comp_code</SystemDefinedName><UserDefinedName>comp_code</UserDefinedName><VariableType>10</VariableType><VariableScope>I</VariableScope><ExtObjId>1</ExtObjId><VariableLength>50</VariableLength><VarPrecision>0</VarPrecision><Unbounded>N</Unbounded><IsEncrypted>N</IsEncrypted><IsMasked>N</IsMasked><MaskingPattern>X</MaskingPattern>
	</RowData>
	<RowData><ProcessDefId>1</ProcessDefId><VariableId>125</VariableId><SystemDefinedName>doc_type</SystemDefinedName><UserDefinedName>doc_type</UserDefinedName><VariableType>10</VariableType><VariableScope>I</VariableScope><ExtObjId>1</ExtObjId><VariableLength>50</VariableLength><VarPrecision>0</VarPrecision><Unbounded>N</Unbounded><IsEncrypted>N</IsEncrypted><IsMasked>N</IsMasked><MaskingPattern>X</MaskingPattern>
	</RowData>
	<RowData><ProcessDefId>1</ProcessDefId><VariableId>126</VariableId><SystemDefinedName>tax_code</SystemDefinedName><UserDefinedName>tax_code</UserDefinedName><VariableType>10</VariableType><VariableScope>I</VariableScope><ExtObjId>1</ExtObjId><VariableLength>50</VariableLength><VarPrecision>0</VarPrecision><Unbounded>N</Unbounded><IsEncrypted>N</IsEncrypted><IsMasked>N</IsMasked><MaskingPattern>X</MaskingPattern>
	</RowData>
	<RowData><ProcessDefId>1</ProcessDefId><VariableId>127</VariableId><SystemDefinedName>currency</SystemDefinedName><UserDefinedName>currency</UserDefinedName><VariableType>10</VariableType><VariableScope>I</VariableScope><ExtObjId>1</ExtObjId><VariableLength>50</VariableLength><VarPrecision>0</VarPrecision><Unbounded>N</Unbounded><IsEncrypted>N</IsEncrypted><IsMasked>N</IsMasked><MaskingPattern>X</MaskingPattern>
	</RowData>
	<RowData><ProcessDefId>1</ProcessDefId><VariableId>128</VariableId><SystemDefinedName>mdoc103</SystemDefinedName><UserDefinedName>mdoc103</UserDefinedName><VariableType>10</VariableType><VariableScope>I</VariableScope><ExtObjId>1</ExtObjId><VariableLength>50</VariableLength><VarPrecision>0</VarPrecision><Unbounded>N</Unbounded><IsEncrypted>N</IsEncrypted><IsMasked>N</IsMasked><MaskingPattern>X</MaskingPattern>
	</RowData>
	<RowData><ProcessDefId>1</ProcessDefId><VariableId>129</VariableId><SystemDefinedName>mdoc105</SystemDefinedName><UserDefinedName>mdoc105</UserDefinedName><VariableType>10</VariableType><VariableScope>I</VariableScope><ExtObjId>1</ExtObjId><VariableLength>50</VariableLength><VarPrecision>0</VarPrecision><Unbounded>N</Unbounded><IsEncrypted>N</IsEncrypted><IsMasked>N</IsMasked><MaskingPattern>X</MaskingPattern>
	</RowData>
	<RowData><ProcessDefId>1</ProcessDefId><VariableId>130</VariableId><SystemDefinedName>inv_park</SystemDefinedName><UserDefinedName>inv_park</UserDefinedName><VariableType>10</VariableType><VariableScope>I</VariableScope><ExtObjId>1</ExtObjId><VariableLength>50</VariableLength><VarPrecision>0</VarPrecision><Unbounded>N</Unbounded><IsEncrypted>N</IsEncrypted><IsMasked>N</IsMasked><MaskingPattern>X</MaskingPattern>
	</RowData>
	<RowData><ProcessDefId>1</ProcessDefId><VariableId>131</VariableId><SystemDefinedName>inv_post</SystemDefinedName><UserDefinedName>inv_post</UserDefinedName><VariableType>10</VariableType><VariableScope>I</VariableScope><ExtObjId>1</ExtObjId><VariableLength>50</VariableLength><VarPrecision>0</VarPrecision><Unbounded>N</Unbounded><IsEncrypted>N</IsEncrypted><IsMasked>N</IsMasked><MaskingPattern>X</MaskingPattern>
	</RowData>
	<RowData><ProcessDefId>1</ProcessDefId><VariableId>132</VariableId><SystemDefinedName>dmspath</SystemDefinedName><UserDefinedName>dmspath</UserDefinedName><VariableType>10</VariableType><VariableScope>I</VariableScope><ExtObjId>1</ExtObjId><VariableLength>250</VariableLength><VarPrecision>0</VarPrecision><Unbounded>N</Unbounded><IsEncrypted>N</IsEncrypted><IsMasked>N</IsMasked><MaskingPattern>X</MaskingPattern>
	</RowData>
	<RowData><ProcessDefId>1</ProcessDefId><VariableId>133</VariableId><SystemDefinedName>qa_required</SystemDefinedName><UserDefinedName>qa_required</UserDefinedName><VariableType>10</VariableType><VariableScope>I</VariableScope><ExtObjId>1</ExtObjId><DefaultValue>N</DefaultValue><VariableLength>50</VariableLength><VarPrecision>0</VarPrecision><Unbounded>N</Unbounded><IsEncrypted>N</IsEncrypted><IsMasked>N</IsMasked><MaskingPattern>X</MaskingPattern>
	</RowData>
	<RowData><ProcessDefId>1</ProcessDefId><VariableId>134</VariableId><SystemDefinedName>complex_orient_entry_service</SystemDefinedName><UserDefinedName>q_orient_entry_service</UserDefinedName><VariableType>11</VariableType><VariableScope>I</VariableScope><ExtObjId>10</ExtObjId><VarPrecision>0</VarPrecision><Unbounded>Y</Unbounded><IsEncrypted>N</IsEncrypted><IsMasked>N</IsMasked><MaskingPattern>X</MaskingPattern>
	</RowData>
	<RowData><ProcessDefId>1</ProcessDefId><VariableId>135</VariableId><SystemDefinedName>complex_orient_acc_assignment</SystemDefinedName><UserDefinedName>q_orient_acc_assignment</UserDefinedName><VariableType>11</VariableType><VariableScope>I</VariableScope><ExtObjId>11</ExtObjId><VarPrecision>0</VarPrecision><Unbounded>Y</Unbounded><IsEncrypted>N</IsEncrypted><IsMasked>N</IsMasked><MaskingPattern>X</MaskingPattern>
	</RowData>
	<RowData><ProcessDefId>1</ProcessDefId><VariableId>136</VariableId><SystemDefinedName>invdate_sap</SystemDefinedName><UserDefinedName>invdate_sap</UserDefinedName><VariableType>10</VariableType><VariableScope>I</VariableScope><ExtObjId>1</ExtObjId><VariableLength>50</VariableLength><VarPrecision>0</VarPrecision><Unbounded>N</Unbounded><IsEncrypted>N</IsEncrypted><IsMasked>N</IsMasked><MaskingPattern>X</MaskingPattern>
	</RowData>
	<RowData><ProcessDefId>1</ProcessDefId><VariableId>137</VariableId><SystemDefinedName>remarks_service</SystemDefinedName><UserDefinedName>remarks_service</UserDefinedName><VariableType>10</VariableType><VariableScope>I</VariableScope><ExtObjId>1</ExtObjId><VariableLength>250</VariableLength><VarPrecision>0</VarPrecision><Unbounded>N</Unbounded><IsEncrypted>N</IsEncrypted><IsMasked>N</IsMasked><MaskingPattern>X</MaskingPattern>
	</RowData>
	<RowData><ProcessDefId>1</ProcessDefId><VariableId>138</VariableId><SystemDefinedName>entrysheet_no</SystemDefinedName><UserDefinedName>entrysheet_no</UserDefinedName><VariableType>10</VariableType><VariableScope>I</VariableScope><ExtObjId>1</ExtObjId><VariableLength>50</VariableLength><VarPrecision>0</VarPrecision><Unbounded>N</Unbounded><IsEncrypted>N</IsEncrypted><IsMasked>N</IsMasked><MaskingPattern>X</MaskingPattern>
	</RowData>
	<RowData><ProcessDefId>1</ProcessDefId><VariableId>139</VariableId><SystemDefinedName>po_createdby</SystemDefinedName><UserDefinedName>po_createdby</UserDefinedName><VariableType>10</VariableType><VariableScope>I</VariableScope><ExtObjId>1</ExtObjId><VariableLength>100</VariableLength><VarPrecision>0</VarPrecision><Unbounded>N</Unbounded><IsEncrypted>N</IsEncrypted><IsMasked>N</IsMasked><MaskingPattern>X</MaskingPattern>
	</RowData>
	<RowData><ProcessDefId>1</ProcessDefId><VariableId>140</VariableId><SystemDefinedName>assignedTo</SystemDefinedName><UserDefinedName>assignedTo</UserDefinedName><VariableType>10</VariableType><VariableScope>I</VariableScope><ExtObjId>1</ExtObjId><VariableLength>50</VariableLength><VarPrecision>0</VarPrecision><Unbounded>N</Unbounded><IsEncrypted>N</IsEncrypted><IsMasked>N</IsMasked><MaskingPattern>X</MaskingPattern>
	</RowData>
	<RowData><ProcessDefId>1</ProcessDefId><VariableId>141</VariableId><SystemDefinedName>email</SystemDefinedName><UserDefinedName>email</UserDefinedName><VariableType>10</VariableType><VariableScope>I</VariableScope><ExtObjId>1</ExtObjId><VariableLength>250</VariableLength><VarPrecision>0</VarPrecision><Unbounded>N</Unbounded><IsEncrypted>N</IsEncrypted><IsMasked>N</IsMasked><MaskingPattern>X</MaskingPattern>
	</RowData>
	<RowData><ProcessDefId>1</ProcessDefId><VariableId>142</VariableId><SystemDefinedName>postingDate</SystemDefinedName><UserDefinedName>postingDate</UserDefinedName><VariableType>8</VariableType><VariableScope>I</VariableScope><ExtObjId>1</ExtObjId><VariableLength>8</VariableLength><VarPrecision>0</VarPrecision><Unbounded>N</Unbounded><IsEncrypted>N</IsEncrypted><IsMasked>N</IsMasked><MaskingPattern>X</MaskingPattern>
	</RowData>
	<RowData><ProcessDefId>1</ProcessDefId><VariableId>143</VariableId><SystemDefinedName>mailbody</SystemDefinedName><UserDefinedName>mailbody</UserDefinedName><VariableType>10</VariableType><VariableScope>I</VariableScope><ExtObjId>1</ExtObjId><VariableLength>250</VariableLength><VarPrecision>0</VarPrecision><Unbounded>N</Unbounded><IsEncrypted>N</IsEncrypted><IsMasked>N</IsMasked><MaskingPattern>X</MaskingPattern>
	</RowData>
	<RowData><ProcessDefId>1</ProcessDefId><VariableId>144</VariableId><SystemDefinedName>replacement</SystemDefinedName><UserDefinedName>replacement</UserDefinedName><VariableType>10</VariableType><VariableScope>I</VariableScope><ExtObjId>1</ExtObjId><VariableLength>50</VariableLength><VarPrecision>0</VarPrecision><Unbounded>N</Unbounded><IsEncrypted>N</IsEncrypted><IsMasked>N</IsMasked><MaskingPattern>X</MaskingPattern>
	</RowData>
	<RowData><ProcessDefId>1</ProcessDefId><VariableId>145</VariableId><SystemDefinedName>debit_to_transport</SystemDefinedName><UserDefinedName>debit_to_transport</UserDefinedName><VariableType>10</VariableType><VariableScope>I</VariableScope><ExtObjId>1</ExtObjId><VariableLength>50</VariableLength><VarPrecision>0</VarPrecision><Unbounded>N</Unbounded><IsEncrypted>N</IsEncrypted><IsMasked>N</IsMasked><MaskingPattern>X</MaskingPattern>
	</RowData>
	<RowData><ProcessDefId>1</ProcessDefId><VariableId>146</VariableId><SystemDefinedName>complex_orient_serviceapproval</SystemDefinedName><UserDefinedName>q_serviceapproval</UserDefinedName><VariableType>11</VariableType><VariableScope>I</VariableScope><ExtObjId>12</ExtObjId><VariableLength>7</VariableLength><VarPrecision>0</VarPrecision><Unbounded>Y</Unbounded><IsEncrypted>N</IsEncrypted><IsMasked>N</IsMasked><MaskingPattern>X</MaskingPattern>
	</RowData>
	<RowData><ProcessDefId>1</ProcessDefId><VariableId>147</VariableId><SystemDefinedName>service_status</SystemDefinedName><UserDefinedName>service_status</UserDefinedName><VariableType>10</VariableType><VariableScope>I</VariableScope><ExtObjId>1</ExtObjId><VariableLength>50</VariableLength><VarPrecision>0</VarPrecision><Unbounded>N</Unbounded><IsEncrypted>N</IsEncrypted><IsMasked>N</IsMasked><MaskingPattern>X</MaskingPattern>
	</RowData>
	<RowData><ProcessDefId>1</ProcessDefId><VariableId>148</VariableId><SystemDefinedName>route_to</SystemDefinedName><UserDefinedName>route_to</UserDefinedName><VariableType>10</VariableType><VariableScope>I</VariableScope><ExtObjId>1</ExtObjId><VariableLength>50</VariableLength><VarPrecision>0</VarPrecision><Unbounded>N</Unbounded><IsEncrypted>N</IsEncrypted><IsMasked>N</IsMasked><MaskingPattern>X</MaskingPattern>
	</RowData>
	<RowData><ProcessDefId>1</ProcessDefId><VariableId>149</VariableId><SystemDefinedName>profit_center</SystemDefinedName><UserDefinedName>ProfitCenter</UserDefinedName><VariableType>10</VariableType><VariableScope>I</VariableScope><ExtObjId>1</ExtObjId><VariableLength>50</VariableLength><VarPrecision>0</VarPrecision><Unbounded>N</Unbounded><IsEncrypted>N</IsEncrypted><IsMasked>N</IsMasked><MaskingPattern>X</MaskingPattern>
	</RowData>
	<RowData><ProcessDefId>1</ProcessDefId><VariableId>150</VariableId><SystemDefinedName>reversal_req</SystemDefinedName><UserDefinedName>reversal_req</UserDefinedName><VariableType>10</VariableType><VariableScope>I</VariableScope><ExtObjId>1</ExtObjId><VariableLength>50</VariableLength><VarPrecision>0</VarPrecision><Unbounded>N</Unbounded><IsEncrypted>N</IsEncrypted><IsMasked>N</IsMasked><MaskingPattern>X</MaskingPattern>
	</RowData>
	<RowData><ProcessDefId>1</ProcessDefId><VariableId>151</VariableId><SystemDefinedName>remarks_audit</SystemDefinedName><UserDefinedName>remarks_audit</UserDefinedName><VariableType>10</VariableType><VariableScope>I</VariableScope><ExtObjId>1</ExtObjId><VariableLength>250</VariableLength><VarPrecision>0</VarPrecision><Unbounded>N</Unbounded><IsEncrypted>N</IsEncrypted><IsMasked>N</IsMasked><MaskingPattern>X</MaskingPattern>
	</RowData>
	<RowData><ProcessDefId>1</ProcessDefId><VariableId>152</VariableId><SystemDefinedName>reversal_reason</SystemDefinedName><UserDefinedName>reversal_reason</UserDefinedName><VariableType>10</VariableType><VariableScope>I</VariableScope><ExtObjId>1</ExtObjId><VariableLength>50</VariableLength><VarPrecision>0</VarPrecision><Unbounded>N</Unbounded><IsEncrypted>N</IsEncrypted><IsMasked>N</IsMasked><MaskingPattern>X</MaskingPattern>
	</RowData>
	<RowData><ProcessDefId>1</ProcessDefId><VariableId>153</VariableId><SystemDefinedName>gate_decision</SystemDefinedName><UserDefinedName>gate_decision</UserDefinedName><VariableType>10</VariableType><VariableScope>I</VariableScope><ExtObjId>1</ExtObjId><VariableLength>50</VariableLength><VarPrecision>0</VarPrecision><Unbounded>N</Unbounded><IsEncrypted>N</IsEncrypted><IsMasked>N</IsMasked><MaskingPattern>X</MaskingPattern>
	</RowData>
</PMWVARMAPPINGTABLE>