<Tables>
	<TableInfo>
		<Name>complex_orient_po_item</Name>
		<ColumnInfo><Name>pinstanceid</Name><Type>-9</Type><Length>50</Length><Precision>50</Precision><Scale>0</Scale><DefaultValue></DefaultValue></ColumnInfo>
		<ColumnInfo><Name>PO_NUMBER</Name><Type>-9</Type><Length>50</Length><Precision>50</Precision><Scale>0</Scale><DefaultValue></DefaultValue></ColumnInfo>
		<ColumnInfo><Name>PO_ITEM</Name><Type>2016</Type><Length>6</Length><Precision>2</Precision><Scale>0</Scale><DefaultValue></DefaultValue></ColumnInfo>
		<ColumnInfo><Name>DELETE_IND</Name><Type>-9</Type><Length>50</Length><Precision>50</Precision><Scale>0</Scale><DefaultValue></DefaultValue></ColumnInfo>
		<ColumnInfo><Name>STATUS_1</Name><Type>-9</Type><Length>50</Length><Precision>50</Precision><Scale>0</Scale><DefaultValue></DefaultValue></ColumnInfo>
		<ColumnInfo><Name>CHANGED_ON</Name><Type>91</Type><Length>23</Length><Precision>8</Precision><Scale>0</Scale><DefaultValue></DefaultValue></ColumnInfo>
		<ColumnInfo><Name>SHORT_TEXT</Name><Type>-9</Type><Length>50</Length><Precision>50</Precision><Scale>0</Scale><DefaultValue></DefaultValue></ColumnInfo>
		<ColumnInfo><Name>MATERIAL</Name><Type>-9</Type><Length>50</Length><Precision>50</Precision><Scale>0</Scale><DefaultValue></DefaultValue></ColumnInfo>
		<ColumnInfo><Name>PUR_MAT</Name><Type>-9</Type><Length>50</Length><Precision>50</Precision><Scale>0</Scale><DefaultValue></DefaultValue></ColumnInfo>
		<ColumnInfo><Name>CO_CODE</Name><Type>-9</Type><Length>50</Length><Precision>50</Precision><Scale>0</Scale><DefaultValue></DefaultValue></ColumnInfo>
		<ColumnInfo><Name>PLANT</Name><Type>-9</Type><Length>50</Length><Precision>50</Precision><Scale>0</Scale><DefaultValue></DefaultValue></ColumnInfo>
		<ColumnInfo><Name>STORE_LOC</Name><Type>-9</Type><Length>50</Length><Precision>50</Precision><Scale>0</Scale><DefaultValue></DefaultValue></ColumnInfo>
		<ColumnInfo><Name>TRACKINGNO</Name><Type>-9</Type><Length>50</Length><Precision>50</Precision><Scale>0</Scale><DefaultValue></DefaultValue></ColumnInfo>
		<ColumnInfo><Name>MAT_GRP</Name><Type>-9</Type><Length>50</Length><Precision>50</Precision><Scale>0</Scale><DefaultValue></DefaultValue></ColumnInfo>
		<ColumnInfo><Name>INFO_REC</Name><Type>-9</Type><Length>50</Length><Precision>50</Precision><Scale>0</Scale><DefaultValue></DefaultValue></ColumnInfo>
		<ColumnInfo><Name>VEND_MAT</Name><Type>-9</Type><Length>50</Length><Precision>50</Precision><Scale>0</Scale><DefaultValue></DefaultValue></ColumnInfo>
		<ColumnInfo><Name>TARGET_QTY</Name><Type>-9</Type><Length>50</Length><Precision>50</Precision><Scale>0</Scale><DefaultValue></DefaultValue></ColumnInfo>
		<ColumnInfo><Name>QUANTITY</Name><Type>-9</Type><Length>50</Length><Precision>50</Precision><Scale>0</Scale><DefaultValue></DefaultValue></ColumnInfo>
		<ColumnInfo><Name>UNIT</Name><Type>-9</Type><Length>50</Length><Precision>50</Precision><Scale>0</Scale><DefaultValue></DefaultValue></ColumnInfo>
		<ColumnInfo><Name>ORDERPR_UN</Name><Type>-9</Type><Length>50</Length><Precision>50</Precision><Scale>0</Scale><DefaultValue></DefaultValue></ColumnInfo>
		<ColumnInfo><Name>CONV_NUM1</Name><Type>-9</Type><Length>50</Length><Precision>50</Precision><Scale>0</Scale><DefaultValue></DefaultValue></ColumnInfo>
		<ColumnInfo><Name>CONV_DEN1</Name><Type>-9</Type><Length>50</Length><Precision>50</Precision><Scale>0</Scale><DefaultValue></DefaultValue></ColumnInfo>
		<ColumnInfo><Name>CONV_NUM2</Name><Type>-9</Type><Length>50</Length><Precision>50</Precision><Scale>0</Scale><DefaultValue></DefaultValue></ColumnInfo>
		<ColumnInfo><Name>CONV_DEN2</Name><Type>-9</Type><Length>50</Length><Precision>50</Precision><Scale>0</Scale><DefaultValue></DefaultValue></ColumnInfo>
		<ColumnInfo><Name>NET_PRICE</Name><Type>-9</Type><Length>50</Length><Precision>50</Precision><Scale>0</Scale><DefaultValue></DefaultValue></ColumnInfo>
		<ColumnInfo><Name>PRICE_UNIT</Name><Type>-9</Type><Length>50</Length><Precision>50</Precision><Scale>0</Scale><DefaultValue></DefaultValue></ColumnInfo>
		<ColumnInfo><Name>NET_VALUE</Name><Type>-9</Type><Length>50</Length><Precision>50</Precision><Scale>0</Scale><DefaultValue></DefaultValue></ColumnInfo>
		<ColumnInfo><Name>GROS_VALUE</Name><Type>-9</Type><Length>50</Length><Precision>50</Precision><Scale>0</Scale><DefaultValue></DefaultValue></ColumnInfo>
		<ColumnInfo><Name>QUOT_DEAD</Name><Type>91</Type><Length>23</Length><Precision>8</Precision><Scale>0</Scale><DefaultValue></DefaultValue></ColumnInfo>
		<ColumnInfo><Name>GR_PR_TIME</Name><Type>-9</Type><Length>50</Length><Precision>50</Precision><Scale>0</Scale><DefaultValue></DefaultValue></ColumnInfo>
		<ColumnInfo><Name>TAX_CODE</Name><Type>-9</Type><Length>50</Length><Precision>50</Precision><Scale>0</Scale><DefaultValue></DefaultValue></ColumnInfo>
		<ColumnInfo><Name>SETT_GRP1</Name><Type>-9</Type><Length>50</Length><Precision>50</Precision><Scale>0</Scale><DefaultValue></DefaultValue></ColumnInfo>
		<ColumnInfo><Name>QUAL_INSP</Name><Type>-9</Type><Length>50</Length><Precision>50</Precision><Scale>0</Scale><DefaultValue></DefaultValue></ColumnInfo>
		<ColumnInfo><Name>INFO_UPD</Name><Type>-9</Type><Length>50</Length><Precision>50</Precision><Scale>0</Scale><DefaultValue></DefaultValue></ColumnInfo>
		<ColumnInfo><Name>PRNT_PRICE</Name><Type>-9</Type><Length>50</Length><Precision>50</Precision><Scale>0</Scale><DefaultValue></DefaultValue></ColumnInfo>
		<ColumnInfo><Name>NUM_REMIND</Name><Type>-9</Type><Length>50</Length><Precision>50</Precision><Scale>0</Scale><DefaultValue></DefaultValue></ColumnInfo>
		<ColumnInfo><Name>EST_PRICE</Name><Type>-9</Type><Length>50</Length><Precision>50</Precision><Scale>0</Scale><DefaultValue></DefaultValue></ColumnInfo>
		<ColumnInfo><Name>REMINDER1</Name><Type>-9</Type><Length>50</Length><Precision>50</Precision><Scale>0</Scale><DefaultValue></DefaultValue></ColumnInfo>
		<ColumnInfo><Name>REMINDER2</Name><Type>-9</Type><Length>50</Length><Precision>50</Precision><Scale>0</Scale><DefaultValue></DefaultValue></ColumnInfo>
		<ColumnInfo><Name>REMINDER3</Name><Type>-9</Type><Length>50</Length><Precision>50</Precision><Scale>0</Scale><DefaultValue></DefaultValue></ColumnInfo>
		<ColumnInfo><Name>OVERDELTOL</Name><Type>-9</Type><Length>50</Length><Precision>50</Precision><Scale>0</Scale><DefaultValue></DefaultValue></ColumnInfo>
		<ColumnInfo><Name>UNLIMITED</Name><Type>-9</Type><Length>50</Length><Precision>50</Precision><Scale>0</Scale><DefaultValue></DefaultValue></ColumnInfo>
		<ColumnInfo><Name>UNDER_TOL</Name><Type>-9</Type><Length>50</Length><Precision>50</Precision><Scale>0</Scale><DefaultValue></DefaultValue></ColumnInfo>
		<ColumnInfo><Name>VAL_TYPE</Name><Type>-9</Type><Length>50</Length><Precision>50</Precision><Scale>0</Scale><DefaultValue></DefaultValue></ColumnInfo>
		<ColumnInfo><Name>VAL_CAT</Name><Type>-9</Type><Length>50</Length><Precision>50</Precision><Scale>0</Scale><DefaultValue></DefaultValue></ColumnInfo>
		<ColumnInfo><Name>REJ_IND</Name><Type>-9</Type><Length>50</Length><Precision>50</Precision><Scale>0</Scale><DefaultValue></DefaultValue></ColumnInfo>
		<ColumnInfo><Name>COMMENT_1</Name><Type>-9</Type><Length>50</Length><Precision>50</Precision><Scale>0</Scale><DefaultValue></DefaultValue></ColumnInfo>
		<ColumnInfo><Name>DEL_COMPL</Name><Type>-9</Type><Length>50</Length><Precision>50</Precision><Scale>0</Scale><DefaultValue></DefaultValue></ColumnInfo>
		<ColumnInfo><Name>FINAL_INV</Name><Type>-9</Type><Length>50</Length><Precision>50</Precision><Scale>0</Scale><DefaultValue></DefaultValue></ColumnInfo>
		<ColumnInfo><Name>ITEM_CAT</Name><Type>-9</Type><Length>50</Length><Precision>50</Precision><Scale>0</Scale><DefaultValue></DefaultValue></ColumnInfo>
		<ColumnInfo><Name>ACCTASSCAT</Name><Type>-9</Type><Length>50</Length><Precision>50</Precision><Scale>0</Scale><DefaultValue></DefaultValue></ColumnInfo>
		<ColumnInfo><Name>CONSUMPT</Name><Type>-9</Type><Length>50</Length><Precision>50</Precision><Scale>0</Scale><DefaultValue></DefaultValue></ColumnInfo>
		<ColumnInfo><Name>DISTRIB</Name><Type>-9</Type><Length>50</Length><Precision>50</Precision><Scale>0</Scale><DefaultValue></DefaultValue></ColumnInfo>
		<ColumnInfo><Name>PART_INV</Name><Type>-9</Type><Length>50</Length><Precision>50</Precision><Scale>0</Scale><DefaultValue></DefaultValue></ColumnInfo>
		<ColumnInfo><Name>GR_IND</Name><Type>-9</Type><Length>50</Length><Precision>50</Precision><Scale>0</Scale><DefaultValue></DefaultValue></ColumnInfo>
		<ColumnInfo><Name>GR_NON_VAL</Name><Type>-9</Type><Length>50</Length><Precision>50</Precision><Scale>0</Scale><DefaultValue></DefaultValue></ColumnInfo>
		<ColumnInfo><Name>IR_IND</Name><Type>-9</Type><Length>50</Length><Precision>50</Precision><Scale>0</Scale><DefaultValue></DefaultValue></ColumnInfo>
		<ColumnInfo><Name>GR_BASEDIV</Name><Type>-9</Type><Length>50</Length><Precision>50</Precision><Scale>0</Scale><DefaultValue></DefaultValue></ColumnInfo>
		<ColumnInfo><Name>ACKN_REQD</Name><Type>-9</Type><Length>50</Length><Precision>50</Precision><Scale>0</Scale><DefaultValue></DefaultValue></ColumnInfo>
		<ColumnInfo><Name>ACKNOWL_NO</Name><Type>-9</Type><Length>50</Length><Precision>50</Precision><Scale>0</Scale><DefaultValue></DefaultValue></ColumnInfo>
		<ColumnInfo><Name>AGREEMENT</Name><Type>-9</Type><Length>50</Length><Precision>50</Precision><Scale>0</Scale><DefaultValue></DefaultValue></ColumnInfo>
		<ColumnInfo><Name>AGMT_ITEM</Name><Type>2016</Type><Length>6</Length><Precision>2</Precision><Scale>0</Scale><DefaultValue></DefaultValue></ColumnInfo>
		<ColumnInfo><Name>RECON_DATE</Name><Type>91</Type><Length>23</Length><Precision>8</Precision><Scale>0</Scale><DefaultValue></DefaultValue></ColumnInfo>
		<ColumnInfo><Name>AGRCUMQTY</Name><Type>-9</Type><Length>50</Length><Precision>50</Precision><Scale>0</Scale><DefaultValue></DefaultValue></ColumnInfo>
		<ColumnInfo><Name>FIRM_ZONE</Name><Type>-9</Type><Length>50</Length><Precision>50</Precision><Scale>0</Scale><DefaultValue></DefaultValue></ColumnInfo>
		<ColumnInfo><Name>TRADE_OFF</Name><Type>-9</Type><Length>50</Length><Precision>50</Precision><Scale>0</Scale><DefaultValue></DefaultValue></ColumnInfo>
		<ColumnInfo><Name>BOM_EXPL</Name><Type>-9</Type><Length>50</Length><Precision>50</Precision><Scale>0</Scale><DefaultValue></DefaultValue></ColumnInfo>
		<ColumnInfo><Name>EXCLUSION</Name><Type>-9</Type><Length>50</Length><Precision>50</Precision><Scale>0</Scale><DefaultValue></DefaultValue></ColumnInfo>
		<ColumnInfo><Name>BASE_UNIT</Name><Type>-9</Type><Length>50</Length><Precision>50</Precision><Scale>0</Scale><DefaultValue></DefaultValue></ColumnInfo>
		<ColumnInfo><Name>SHIPPING</Name><Type>-9</Type><Length>50</Length><Precision>50</Precision><Scale>0</Scale><DefaultValue></DefaultValue></ColumnInfo>
		<ColumnInfo><Name>OUTL_TARGV</Name><Type>-9</Type><Length>50</Length><Precision>50</Precision><Scale>0</Scale><DefaultValue></DefaultValue></ColumnInfo>
		<ColumnInfo><Name>NOND_ITAX</Name><Type>-9</Type><Length>50</Length><Precision>50</Precision><Scale>0</Scale><DefaultValue></DefaultValue></ColumnInfo>
		<ColumnInfo><Name>RELORD_QTY</Name><Type>-9</Type><Length>50</Length><Precision>50</Precision><Scale>0</Scale><DefaultValue></DefaultValue></ColumnInfo>
		<ColumnInfo><Name>PRICE_DATE</Name><Type>91</Type><Length>23</Length><Precision>8</Precision><Scale>0</Scale><DefaultValue></DefaultValue></ColumnInfo>
		<ColumnInfo><Name>DOC_CAT</Name><Type>-9</Type><Length>50</Length><Precision>50</Precision><Scale>0</Scale><DefaultValue></DefaultValue></ColumnInfo>
		<ColumnInfo><Name>EFF_VALUE</Name><Type>-9</Type><Length>50</Length><Precision>50</Precision><Scale>0</Scale><DefaultValue></DefaultValue></ColumnInfo>
		<ColumnInfo><Name>COMMITMENT</Name><Type>-9</Type><Length>50</Length><Precision>50</Precision><Scale>0</Scale><DefaultValue></DefaultValue></ColumnInfo>
		<ColumnInfo><Name>CUSTOMER</Name><Type>-9</Type><Length>50</Length><Precision>50</Precision><Scale>0</Scale><DefaultValue></DefaultValue></ColumnInfo>
		<ColumnInfo><Name>ADDRESS</Name><Type>-9</Type><Length>50</Length><Precision>50</Precision><Scale>0</Scale><DefaultValue></DefaultValue></ColumnInfo>
		<ColumnInfo><Name>COND_GROUP</Name><Type>-9</Type><Length>50</Length><Precision>50</Precision><Scale>0</Scale><DefaultValue></DefaultValue></ColumnInfo>
		<ColumnInfo><Name>NO_C_DISC</Name><Type>-9</Type><Length>50</Length><Precision>50</Precision><Scale>0</Scale><DefaultValue></DefaultValue></ColumnInfo>
		<ColumnInfo><Name>UPDATE_GRP</Name><Type>-9</Type><Length>50</Length><Precision>50</Precision><Scale>0</Scale><DefaultValue></DefaultValue></ColumnInfo>
		<ColumnInfo><Name>PLAN_DEL</Name><Type>-9</Type><Length>50</Length><Precision>50</Precision><Scale>0</Scale><DefaultValue></DefaultValue></ColumnInfo>
		<ColumnInfo><Name>NET_WEIGHT</Name><Type>-9</Type><Length>50</Length><Precision>50</Precision><Scale>0</Scale><DefaultValue></DefaultValue></ColumnInfo>
		<ColumnInfo><Name>WEIGHTUNIT</Name><Type>-9</Type><Length>50</Length><Precision>50</Precision><Scale>0</Scale><DefaultValue></DefaultValue></ColumnInfo>
		<ColumnInfo><Name>TAX_JUR_CD</Name><Type>-9</Type><Length>50</Length><Precision>50</Precision><Scale>0</Scale><DefaultValue></DefaultValue></ColumnInfo>
		<ColumnInfo><Name>PRINT_REL</Name><Type>-9</Type><Length>50</Length><Precision>50</Precision><Scale>0</Scale><DefaultValue></DefaultValue></ColumnInfo>
		<ColumnInfo><Name>SPEC_STOCK</Name><Type>-9</Type><Length>50</Length><Precision>50</Precision><Scale>0</Scale><DefaultValue></DefaultValue></ColumnInfo>
		<ColumnInfo><Name>SETRESERNO</Name><Type>2016</Type><Length>6</Length><Precision>2</Precision><Scale>0</Scale><DefaultValue></DefaultValue></ColumnInfo>
		<ColumnInfo><Name>SETTLITMNO</Name><Type>2016</Type><Length>6</Length><Precision>2</Precision><Scale>0</Scale><DefaultValue></DefaultValue></ColumnInfo>
		<ColumnInfo><Name>NOT_CHGBL</Name><Type>-9</Type><Length>50</Length><Precision>50</Precision><Scale>0</Scale><DefaultValue></DefaultValue></ColumnInfo>
		<ColumnInfo><Name>CTR_KEY_QM</Name><Type>-9</Type><Length>50</Length><Precision>50</Precision><Scale>0</Scale><DefaultValue></DefaultValue></ColumnInfo>
		<ColumnInfo><Name>CERT_TYPE</Name><Type>-9</Type><Length>50</Length><Precision>50</Precision><Scale>0</Scale><DefaultValue></DefaultValue></ColumnInfo>
		<ColumnInfo><Name>EAN_UPC</Name><Type>-9</Type><Length>50</Length><Precision>50</Precision><Scale>0</Scale><DefaultValue></DefaultValue></ColumnInfo>
		<ColumnInfo><Name>CONF_CTRL</Name><Type>-9</Type><Length>50</Length><Precision>50</Precision><Scale>0</Scale><DefaultValue></DefaultValue></ColumnInfo>
		<ColumnInfo><Name>REV_LEV</Name><Type>-9</Type><Length>50</Length><Precision>50</Precision><Scale>0</Scale><DefaultValue></DefaultValue></ColumnInfo>
		<ColumnInfo><Name>FUND</Name><Type>-9</Type><Length>50</Length><Precision>50</Precision><Scale>0</Scale><DefaultValue></DefaultValue></ColumnInfo>
		<ColumnInfo><Name>FUNDS_CTR</Name><Type>-9</Type><Length>50</Length><Precision>50</Precision><Scale>0</Scale><DefaultValue></DefaultValue></ColumnInfo>
		<ColumnInfo><Name>CMMT_ITEM</Name><Type>-9</Type><Length>50</Length><Precision>50</Precision><Scale>0</Scale><DefaultValue></DefaultValue></ColumnInfo>
		<ColumnInfo><Name>BA_PARTNER</Name><Type>-9</Type><Length>50</Length><Precision>50</Precision><Scale>0</Scale><DefaultValue></DefaultValue></ColumnInfo>
		<ColumnInfo><Name>PTR_ASS_BA</Name><Type>-9</Type><Length>50</Length><Precision>50</Precision><Scale>0</Scale><DefaultValue></DefaultValue></ColumnInfo>
		<ColumnInfo><Name>PROFIT_CTR</Name><Type>-9</Type><Length>50</Length><Precision>50</Precision><Scale>0</Scale><DefaultValue></DefaultValue></ColumnInfo>
		<ColumnInfo><Name>PARTNER_PC</Name><Type>-9</Type><Length>50</Length><Precision>50</Precision><Scale>0</Scale><DefaultValue></DefaultValue></ColumnInfo>
		<ColumnInfo><Name>PRICE_CTR</Name><Type>-9</Type><Length>50</Length><Precision>50</Precision><Scale>0</Scale><DefaultValue></DefaultValue></ColumnInfo>
		<ColumnInfo><Name>GROSS_WGHT</Name><Type>-9</Type><Length>50</Length><Precision>50</Precision><Scale>0</Scale><DefaultValue></DefaultValue></ColumnInfo>
		<ColumnInfo><Name>VOLUME</Name><Type>-9</Type><Length>50</Length><Precision>50</Precision><Scale>0</Scale><DefaultValue></DefaultValue></ColumnInfo>
		<ColumnInfo><Name>VOLUMEUNIT</Name><Type>-9</Type><Length>50</Length><Precision>50</Precision><Scale>0</Scale><DefaultValue></DefaultValue></ColumnInfo>
		<ColumnInfo><Name>INCOTERMS1</Name><Type>-9</Type><Length>50</Length><Precision>50</Precision><Scale>0</Scale><DefaultValue></DefaultValue></ColumnInfo>
		<ColumnInfo><Name>INCOTERMS2</Name><Type>-9</Type><Length>50</Length><Precision>50</Precision><Scale>0</Scale><DefaultValue></DefaultValue></ColumnInfo>
		<ColumnInfo><Name>ADVANCE</Name><Type>-9</Type><Length>50</Length><Precision>50</Precision><Scale>0</Scale><DefaultValue></DefaultValue></ColumnInfo>
		<ColumnInfo><Name>PRIOR_VEND</Name><Type>-9</Type><Length>50</Length><Precision>50</Precision><Scale>0</Scale><DefaultValue></DefaultValue></ColumnInfo>
		<ColumnInfo><Name>SUB_RANGE</Name><Type>-9</Type><Length>50</Length><Precision>50</Precision><Scale>0</Scale><DefaultValue></DefaultValue></ColumnInfo>
		<ColumnInfo><Name>PCKG_NO</Name><Type>2016</Type><Length>6</Length><Precision>2</Precision><Scale>0</Scale><DefaultValue></DefaultValue></ColumnInfo>
		<ColumnInfo><Name>STATISTIC</Name><Type>-9</Type><Length>50</Length><Precision>50</Precision><Scale>0</Scale><DefaultValue></DefaultValue></ColumnInfo>
		<ColumnInfo><Name>HL_ITEM</Name><Type>2016</Type><Length>6</Length><Precision>2</Precision><Scale>0</Scale><DefaultValue></DefaultValue></ColumnInfo>
		<ColumnInfo><Name>GR_TO_DATE</Name><Type>91</Type><Length>23</Length><Precision>8</Precision><Scale>0</Scale><DefaultValue></DefaultValue></ColumnInfo>
		<ColumnInfo><Name>SUPPL_VEND</Name><Type>-9</Type><Length>50</Length><Precision>50</Precision><Scale>0</Scale><DefaultValue></DefaultValue></ColumnInfo>
		<ColumnInfo><Name>SC_VENDOR</Name><Type>-9</Type><Length>50</Length><Precision>50</Precision><Scale>0</Scale><DefaultValue></DefaultValue></ColumnInfo>
		<ColumnInfo><Name>CONF_MATL</Name><Type>-9</Type><Length>50</Length><Precision>50</Precision><Scale>0</Scale><DefaultValue></DefaultValue></ColumnInfo>
		<ColumnInfo><Name>MAT_CAT</Name><Type>-9</Type><Length>50</Length><Precision>50</Precision><Scale>0</Scale><DefaultValue></DefaultValue></ColumnInfo>
		<ColumnInfo><Name>KANBAN_IND</Name><Type>-9</Type><Length>50</Length><Precision>50</Precision><Scale>0</Scale><DefaultValue></DefaultValue></ColumnInfo>
		<ColumnInfo><Name>ADDRESS2</Name><Type>-9</Type><Length>50</Length><Precision>50</Precision><Scale>0</Scale><DefaultValue></DefaultValue></ColumnInfo>
		<ColumnInfo><Name>INT_OBJ_NO</Name><Type>2016</Type><Length>6</Length><Precision>2</Precision><Scale>0</Scale><DefaultValue></DefaultValue></ColumnInfo>
		<ColumnInfo><Name>ERS</Name><Type>-9</Type><Length>50</Length><Precision>50</Precision><Scale>0</Scale><DefaultValue></DefaultValue></ColumnInfo>
		<ColumnInfo><Name>GRSETTFROM</Name><Type>-9</Type><Length>50</Length><Precision>50</Precision><Scale>0</Scale><DefaultValue></DefaultValue></ColumnInfo>
		<ColumnInfo><Name>LAST_TRANS</Name><Type>-9</Type><Length>50</Length><Precision>50</Precision><Scale>0</Scale><DefaultValue></DefaultValue></ColumnInfo>
		<ColumnInfo><Name>TRANS_TIME</Name><Type>-9</Type><Length>50</Length><Precision>50</Precision><Scale>0</Scale><DefaultValue></DefaultValue></ColumnInfo>
		<ColumnInfo><Name>SER_NO</Name><Type>2016</Type><Length>6</Length><Precision>2</Precision><Scale>0</Scale><DefaultValue></DefaultValue></ColumnInfo>
		<ColumnInfo><Name>PROMOTION</Name><Type>-9</Type><Length>50</Length><Precision>50</Precision><Scale>0</Scale><DefaultValue></DefaultValue></ColumnInfo>
		<ColumnInfo><Name>ALLOC_TBL</Name><Type>-9</Type><Length>50</Length><Precision>50</Precision><Scale>0</Scale><DefaultValue></DefaultValue></ColumnInfo>
		<ColumnInfo><Name>AT_ITEM</Name><Type>2016</Type><Length>6</Length><Precision>2</Precision><Scale>0</Scale><DefaultValue></DefaultValue></ColumnInfo>
		<ColumnInfo><Name>POINTS</Name><Type>-9</Type><Length>50</Length><Precision>50</Precision><Scale>0</Scale><DefaultValue></DefaultValue></ColumnInfo>
		<ColumnInfo><Name>POINTS_UN</Name><Type>-9</Type><Length>50</Length><Precision>50</Precision><Scale>0</Scale><DefaultValue></DefaultValue></ColumnInfo>
		<ColumnInfo><Name>SEASON_TY</Name><Type>-9</Type><Length>50</Length><Precision>50</Precision><Scale>0</Scale><DefaultValue></DefaultValue></ColumnInfo>
		<ColumnInfo><Name>SEASON_YR</Name><Type>-9</Type><Length>50</Length><Precision>50</Precision><Scale>0</Scale><DefaultValue></DefaultValue></ColumnInfo>
		<ColumnInfo><Name>SETT_GRP_2</Name><Type>-9</Type><Length>50</Length><Precision>50</Precision><Scale>0</Scale><DefaultValue></DefaultValue></ColumnInfo>
		<ColumnInfo><Name>SETT_GRP_3</Name><Type>-9</Type><Length>50</Length><Precision>50</Precision><Scale>0</Scale><DefaultValue></DefaultValue></ColumnInfo>
		<ColumnInfo><Name>SETT_ITEM</Name><Type>-9</Type><Length>50</Length><Precision>50</Precision><Scale>0</Scale><DefaultValue></DefaultValue></ColumnInfo>
		<ColumnInfo><Name>ML_AKT</Name><Type>-9</Type><Length>50</Length><Precision>50</Precision><Scale>0</Scale><DefaultValue></DefaultValue></ColumnInfo>
		<ColumnInfo><Name>REMSHLIFE</Name><Type>-9</Type><Length>50</Length><Precision>50</Precision><Scale>0</Scale><DefaultValue></DefaultValue></ColumnInfo>
		<ColumnInfo><Name>RFQ</Name><Type>-9</Type><Length>50</Length><Precision>50</Precision><Scale>0</Scale><DefaultValue></DefaultValue></ColumnInfo>
		<ColumnInfo><Name>RFQ_ITEM</Name><Type>2016</Type><Length>6</Length><Precision>2</Precision><Scale>0</Scale><DefaultValue></DefaultValue></ColumnInfo>
		<ColumnInfo><Name>CONFIG_ORG</Name><Type>-9</Type><Length>50</Length><Precision>50</Precision><Scale>0</Scale><DefaultValue></DefaultValue></ColumnInfo>
		<ColumnInfo><Name>QUOTAUSAGE</Name><Type>-9</Type><Length>50</Length><Precision>50</Precision><Scale>0</Scale><DefaultValue></DefaultValue></ColumnInfo>
		<ColumnInfo><Name>SPSTCK_PHY</Name><Type>-9</Type><Length>50</Length><Precision>50</Precision><Scale>0</Scale><DefaultValue></DefaultValue></ColumnInfo>
		<ColumnInfo><Name>PREQ_NO</Name><Type>-9</Type><Length>50</Length><Precision>50</Precision><Scale>0</Scale><DefaultValue></DefaultValue></ColumnInfo>
		<ColumnInfo><Name>PREQ_ITEM</Name><Type>2016</Type><Length>6</Length><Precision>2</Precision><Scale>0</Scale><DefaultValue></DefaultValue></ColumnInfo>
		<ColumnInfo><Name>MAT_TYPE</Name><Type>-9</Type><Length>50</Length><Precision>50</Precision><Scale>0</Scale><DefaultValue></DefaultValue></ColumnInfo>
		<ColumnInfo><Name>SI_CAT</Name><Type>-9</Type><Length>50</Length><Precision>50</Precision><Scale>0</Scale><DefaultValue></DefaultValue></ColumnInfo>
		<ColumnInfo><Name>SUB_ITEMS</Name><Type>-9</Type><Length>50</Length><Precision>50</Precision><Scale>0</Scale><DefaultValue></DefaultValue></ColumnInfo>
		<ColumnInfo><Name>SUBTOTAL_1</Name><Type>-9</Type><Length>50</Length><Precision>50</Precision><Scale>0</Scale><DefaultValue></DefaultValue></ColumnInfo>
		<ColumnInfo><Name>SUBTOTAL_2</Name><Type>-9</Type><Length>50</Length><Precision>50</Precision><Scale>0</Scale><DefaultValue></DefaultValue></ColumnInfo>
		<ColumnInfo><Name>SUBTOTAL_3</Name><Type>-9</Type><Length>50</Length><Precision>50</Precision><Scale>0</Scale><DefaultValue></DefaultValue></ColumnInfo>
		<ColumnInfo><Name>SUBTOTAL_4</Name><Type>-9</Type><Length>50</Length><Precision>50</Precision><Scale>0</Scale><DefaultValue></DefaultValue></ColumnInfo>
		<ColumnInfo><Name>SUBTOTAL_5</Name><Type>-9</Type><Length>50</Length><Precision>50</Precision><Scale>0</Scale><DefaultValue></DefaultValue></ColumnInfo>
		<ColumnInfo><Name>SUBTOTAL_6</Name><Type>-9</Type><Length>50</Length><Precision>50</Precision><Scale>0</Scale><DefaultValue></DefaultValue></ColumnInfo>
		<ColumnInfo><Name>SUBITM_KEY</Name><Type>-9</Type><Length>50</Length><Precision>50</Precision><Scale>0</Scale><DefaultValue></DefaultValue></ColumnInfo>
		<ColumnInfo><Name>MAX_CMG</Name><Type>-9</Type><Length>50</Length><Precision>50</Precision><Scale>0</Scale><DefaultValue></DefaultValue></ColumnInfo>
		<ColumnInfo><Name>MAX_CPGO</Name><Type>-9</Type><Length>50</Length><Precision>50</Precision><Scale>0</Scale><DefaultValue></DefaultValue></ColumnInfo>
		<ColumnInfo><Name>RET_ITEM</Name><Type>-9</Type><Length>50</Length><Precision>50</Precision><Scale>0</Scale><DefaultValue></DefaultValue></ColumnInfo>
		<ColumnInfo><Name>AT_RELEV</Name><Type>-9</Type><Length>50</Length><Precision>50</Precision><Scale>0</Scale><DefaultValue></DefaultValue></ColumnInfo>
		<ColumnInfo><Name>ORD_REAS</Name><Type>-9</Type><Length>50</Length><Precision>50</Precision><Scale>0</Scale><DefaultValue></DefaultValue></ColumnInfo>
		<ColumnInfo><Name>DEL_TYP_RT</Name><Type>-9</Type><Length>50</Length><Precision>50</Precision><Scale>0</Scale><DefaultValue></DefaultValue></ColumnInfo>
		<ColumnInfo><Name>PRDTE_CTRL</Name><Type>-9</Type><Length>50</Length><Precision>50</Precision><Scale>0</Scale><DefaultValue></DefaultValue></ColumnInfo>
		<ColumnInfo><Name>MANUF_PROF</Name><Type>-9</Type><Length>50</Length><Precision>50</Precision><Scale>0</Scale><DefaultValue></DefaultValue></ColumnInfo>
		<ColumnInfo><Name>MANU_MAT</Name><Type>-9</Type><Length>50</Length><Precision>50</Precision><Scale>0</Scale><DefaultValue></DefaultValue></ColumnInfo>
		<ColumnInfo><Name>MFR_NO</Name><Type>-9</Type><Length>50</Length><Precision>50</Precision><Scale>0</Scale><DefaultValue></DefaultValue></ColumnInfo>
		<ColumnInfo><Name>MFR_NO_EXT</Name><Type>-9</Type><Length>50</Length><Precision>50</Precision><Scale>0</Scale><DefaultValue></DefaultValue></ColumnInfo>
		<ColumnInfo><Name>ITEM_CAT_EXT</Name><Type>-9</Type><Length>50</Length><Precision>50</Precision><Scale>0</Scale><DefaultValue></DefaultValue></ColumnInfo>
		<ColumnInfo><Name>PO_UNIT_ISO</Name><Type>-9</Type><Length>50</Length><Precision>50</Precision><Scale>0</Scale><DefaultValue></DefaultValue></ColumnInfo>
		<ColumnInfo><Name>ORDERPR_UN_ISO</Name><Type>-9</Type><Length>50</Length><Precision>50</Precision><Scale>0</Scale><DefaultValue></DefaultValue></ColumnInfo>
		<ColumnInfo><Name>BASE_UOM_ISO</Name><Type>-9</Type><Length>50</Length><Precision>50</Precision><Scale>0</Scale><DefaultValue></DefaultValue></ColumnInfo>
		<ColumnInfo><Name>WEIGHTUNIT_ISO</Name><Type>-9</Type><Length>50</Length><Precision>50</Precision><Scale>0</Scale><DefaultValue></DefaultValue></ColumnInfo>
		<ColumnInfo><Name>VOLUMEUNIT_ISO</Name><Type>-9</Type><Length>50</Length><Precision>50</Precision><Scale>0</Scale><DefaultValue></DefaultValue></ColumnInfo>
		<ColumnInfo><Name>POINTS_UN_ISO</Name><Type>-9</Type><Length>50</Length><Precision>50</Precision><Scale>0</Scale><DefaultValue></DefaultValue></ColumnInfo>
		<ColumnInfo><Name>CONF_MATL_EXTERNAL</Name><Type>-9</Type><Length>50</Length><Precision>50</Precision><Scale>0</Scale><DefaultValue></DefaultValue></ColumnInfo>
		<ColumnInfo><Name>CONF_MATL_GUID</Name><Type>-9</Type><Length>50</Length><Precision>50</Precision><Scale>0</Scale><DefaultValue></DefaultValue></ColumnInfo>
		<ColumnInfo><Name>CONF_MATL_VERSION</Name><Type>-9</Type><Length>50</Length><Precision>50</Precision><Scale>0</Scale><DefaultValue></DefaultValue></ColumnInfo>
		<ColumnInfo><Name>MATERIAL_EXTERNAL</Name><Type>-9</Type><Length>50</Length><Precision>50</Precision><Scale>0</Scale><DefaultValue></DefaultValue></ColumnInfo>
		<ColumnInfo><Name>MATERIAL_GUID</Name><Type>-9</Type><Length>50</Length><Precision>50</Precision><Scale>0</Scale><DefaultValue></DefaultValue></ColumnInfo>
		<ColumnInfo><Name>MATERIAL_VERSION</Name><Type>-9</Type><Length>50</Length><Precision>50</Precision><Scale>0</Scale><DefaultValue></DefaultValue></ColumnInfo>
		<ColumnInfo><Name>PUR_MAT_EXTERNAL</Name><Type>-9</Type><Length>50</Length><Precision>50</Precision><Scale>0</Scale><DefaultValue></DefaultValue></ColumnInfo>
		<ColumnInfo><Name>PUR_MAT_GUID</Name><Type>-9</Type><Length>50</Length><Precision>50</Precision><Scale>0</Scale><DefaultValue></DefaultValue></ColumnInfo>
		<ColumnInfo><Name>PUR_MAT_VERSION</Name><Type>-9</Type><Length>50</Length><Precision>50</Precision><Scale>0</Scale><DefaultValue></DefaultValue></ColumnInfo>
		<ColumnInfo><Name>GRANT_NBR</Name><Type>-9</Type><Length>50</Length><Precision>50</Precision><Scale>0</Scale><DefaultValue></DefaultValue></ColumnInfo>
		<ColumnInfo><Name>CMMT_ITEM_LONG</Name><Type>-9</Type><Length>50</Length><Precision>50</Precision><Scale>0</Scale><DefaultValue></DefaultValue></ColumnInfo>
		<ColumnInfo><Name>FUNC_AREA_LONG</Name><Type>-9</Type><Length>50</Length><Precision>50</Precision><Scale>0</Scale><DefaultValue></DefaultValue></ColumnInfo>
		<ColumnInfo><Name>BUDGET_PERIOD</Name><Type>-9</Type><Length>50</Length><Precision>50</Precision><Scale>0</Scale><DefaultValue></DefaultValue></ColumnInfo>
		<ColumnInfo><Name>insertionOrderId</Name><Type>2017</Type><Length>20</Length><Precision>4</Precision><Scale>0</Scale><Identity>true</Identity><DefaultValue></DefaultValue><Primary>true</Primary></ColumnInfo>
		<ColumnInfo><Name>GRSETTFROM_1</Name><Type>91</Type><Length>23</Length><Precision>8</Precision><Scale>0</Scale><DefaultValue></DefaultValue></ColumnInfo>
		<ColumnInfo><Name>LAST_TRANS_1</Name><Type>91</Type><Length>23</Length><Precision>8</Precision><Scale>0</Scale><DefaultValue></DefaultValue></ColumnInfo>
		<ColumnInfo><Name>PURCHASEORDER</Name><Type>-9</Type><Length>50</Length><Precision>50</Precision><Scale>0</Scale><DefaultValue></DefaultValue></ColumnInfo>
		<ColumnInfo><Name>PCKG_NO1</Name><Type>-9</Type><Length>100</Length><Precision>100</Precision><Scale>0</Scale><DefaultValue></DefaultValue></ColumnInfo>
	</TableInfo>

	<TableInfo>
		<Name>complex_orient_acc_assignment</Name>
		<ColumnInfo><Name>pinstanceid</Name><Type>-9</Type><Length>50</Length><Precision>50</Precision><Scale>0</Scale><DefaultValue></DefaultValue></ColumnInfo>
		<ColumnInfo><Name>PO_ITEM</Name><Type>2016</Type><Length>6</Length><Precision>2</Precision><Scale>0</Scale><DefaultValue></DefaultValue></ColumnInfo>
		<ColumnInfo><Name>SERIAL_NO</Name><Type>2016</Type><Length>6</Length><Precision>50</Precision><Scale>0</Scale><DefaultValue></DefaultValue></ColumnInfo>
		<ColumnInfo><Name>CHARTITY</Name><Type>-9</Type><Length>50</Length><Precision>50</Precision><Scale>0</Scale><DefaultValue></DefaultValue></ColumnInfo>
		<ColumnInfo><Name>DISTR_PERC</Name><Type>-9</Type><Length>50</Length><Precision>50</Precision><Scale>0</Scale><DefaultValue></DefaultValue></ColumnInfo>
		<ColumnInfo><Name>G_L_ACCT</Name><Type>-9</Type><Length>50</Length><Precision>50</Precision><Scale>0</Scale><DefaultValue></DefaultValue></ColumnInfo>
		<ColumnInfo><Name>BUS_AREA</Name><Type>-9</Type><Length>50</Length><Precision>50</Precision><Scale>0</Scale><DefaultValue></DefaultValue></ColumnInfo>
		<ColumnInfo><Name>COST_CTR</Name><Type>-9</Type><Length>50</Length><Precision>50</Precision><Scale>0</Scale><DefaultValue></DefaultValue></ColumnInfo>
		<ColumnInfo><Name>PROJ_EXT</Name><Type>-9</Type><Length>50</Length><Precision>50</Precision><Scale>0</Scale><DefaultValue></DefaultValue></ColumnInfo>
		<ColumnInfo><Name>SD_DOC</Name><Type>-9</Type><Length>50</Length><Precision>50</Precision><Scale>0</Scale><DefaultValue></DefaultValue></ColumnInfo>
		<ColumnInfo><Name>SDOC_ITEM</Name><Type>2016</Type><Length>6</Length><Precision>2</Precision><Scale>0</Scale><DefaultValue></DefaultValue></ColumnInfo>
		<ColumnInfo><Name>SCHED_LINE</Name><Type>2016</Type><Length>6</Length><Precision>50</Precision><Scale>0</Scale><DefaultValue></DefaultValue></ColumnInfo>
		<ColumnInfo><Name>ASSET_NO</Name><Type>-9</Type><Length>50</Length><Precision>50</Precision><Scale>0</Scale><DefaultValue></DefaultValue></ColumnInfo>
		<ColumnInfo><Name>SUB_NUMBER</Name><Type>-9</Type><Length>50</Length><Precision>50</Precision><Scale>0</Scale><DefaultValue></DefaultValue></ColumnInfo>
		<ColumnInfo><Name>ORDER_NO</Name><Type>-9</Type><Length>50</Length><Precision>50</Precision><Scale>0</Scale><DefaultValue></DefaultValue></ColumnInfo>
		<ColumnInfo><Name>GR_RCPT</Name><Type>-9</Type><Length>50</Length><Precision>50</Precision><Scale>0</Scale><DefaultValue></DefaultValue></ColumnInfo>
		<ColumnInfo><Name>UNLOAD_PT</Name><Type>-9</Type><Length>50</Length><Precision>50</Precision><Scale>0</Scale><DefaultValue></DefaultValue></ColumnInfo>
		<ColumnInfo><Name>CO_AREA</Name><Type>-9</Type><Length>50</Length><Precision>50</Precision><Scale>0</Scale><DefaultValue></DefaultValue></ColumnInfo>
		<ColumnInfo><Name>TO_COSTCTR</Name><Type>-9</Type><Length>50</Length><Precision>50</Precision><Scale>0</Scale><DefaultValue></DefaultValue></ColumnInfo>
		<ColumnInfo><Name>TO_ORDER</Name><Type>-9</Type><Length>50</Length><Precision>50</Precision><Scale>0</Scale><DefaultValue></DefaultValue></ColumnInfo>
		<ColumnInfo><Name>TO_PROJECT</Name><Type>-9</Type><Length>50</Length><Precision>50</Precision><Scale>0</Scale><DefaultValue></DefaultValue></ColumnInfo>
		<ColumnInfo><Name>COST_OBJ</Name><Type>-9</Type><Length>50</Length><Precision>50</Precision><Scale>0</Scale><DefaultValue></DefaultValue></ColumnInfo>
		<ColumnInfo><Name>PROF_SEGM</Name><Type>2016</Type><Length>6</Length><Precision>50</Precision><Scale>0</Scale><DefaultValue></DefaultValue></ColumnInfo>
		<ColumnInfo><Name>PROFIT_CTR</Name><Type>-9</Type><Length>50</Length><Precision>50</Precision><Scale>0</Scale><DefaultValue></DefaultValue></ColumnInfo>
		<ColumnInfo><Name>WBS_ELEM_E</Name><Type>-9</Type><Length>50</Length><Precision>50</Precision><Scale>0</Scale><DefaultValue></DefaultValue></ColumnInfo>
		<ColumnInfo><Name>NETWORK</Name><Type>-9</Type><Length>50</Length><Precision>50</Precision><Scale>0</Scale><DefaultValue></DefaultValue></ColumnInfo>
		<ColumnInfo><Name>ROUTING_NO</Name><Type>2016</Type><Length>6</Length><Precision>50</Precision><Scale>0</Scale><DefaultValue></DefaultValue></ColumnInfo>
		<ColumnInfo><Name>RL_EST_KEY</Name><Type>-9</Type><Length>50</Length><Precision>50</Precision><Scale>0</Scale><DefaultValue></DefaultValue></ColumnInfo>
		<ColumnInfo><Name>COUNTER</Name><Type>2016</Type><Length>6</Length><Precision>50</Precision><Scale>0</Scale><DefaultValue></DefaultValue></ColumnInfo>
		<ColumnInfo><Name>PART_ACCT</Name><Type>-9</Type><Length>50</Length><Precision>50</Precision><Scale>0</Scale><DefaultValue></DefaultValue></ColumnInfo>
		<ColumnInfo><Name>CMMT_ITEM</Name><Type>-9</Type><Length>50</Length><Precision>50</Precision><Scale>0</Scale><DefaultValue></DefaultValue></ColumnInfo>
		<ColumnInfo><Name>REC_IND</Name><Type>-9</Type><Length>50</Length><Precision>50</Precision><Scale>0</Scale><DefaultValue></DefaultValue></ColumnInfo>
		<ColumnInfo><Name>FUNDS_CTR</Name><Type>-9</Type><Length>50</Length><Precision>50</Precision><Scale>0</Scale><DefaultValue></DefaultValue></ColumnInfo>
		<ColumnInfo><Name>FUND</Name><Type>-9</Type><Length>50</Length><Precision>50</Precision><Scale>0</Scale><DefaultValue></DefaultValue></ColumnInfo>
		<ColumnInfo><Name>FUNC_AREA</Name><Type>-9</Type><Length>50</Length><Precision>50</Precision><Scale>0</Scale><DefaultValue></DefaultValue></ColumnInfo>
		<ColumnInfo><Name>REF_DATE</Name><Type>91</Type><Length>23</Length><Precision>8</Precision><Scale>0</Scale><DefaultValue></DefaultValue></ColumnInfo>
		<ColumnInfo><Name>ACTIVITY</Name><Type>-9</Type><Length>50</Length><Precision>50</Precision><Scale>0</Scale><DefaultValue></DefaultValue></ColumnInfo>
		<ColumnInfo><Name>GRANT_NBR</Name><Type>-9</Type><Length>50</Length><Precision>50</Precision><Scale>0</Scale><DefaultValue></DefaultValue></ColumnInfo>
		<ColumnInfo><Name>CMMT_ITEM_LONG</Name><Type>-9</Type><Length>50</Length><Precision>50</Precision><Scale>0</Scale><DefaultValue></DefaultValue></ColumnInfo>
		<ColumnInfo><Name>FUNC_AREA_LONG</Name><Type>-9</Type><Length>50</Length><Precision>50</Precision><Scale>0</Scale><DefaultValue></DefaultValue></ColumnInfo>
		<ColumnInfo><Name>FUNDS_RES</Name><Type>-9</Type><Length>50</Length><Precision>50</Precision><Scale>0</Scale><DefaultValue></DefaultValue></ColumnInfo>
		<ColumnInfo><Name>RES_ITEM</Name><Type>2016</Type><Length>6</Length><Precision>2</Precision><Scale>0</Scale><DefaultValue></DefaultValue></ColumnInfo>
		<ColumnInfo><Name>BUDGET_PERIOD</Name><Type>-9</Type><Length>50</Length><Precision>50</Precision><Scale>0</Scale><DefaultValue></DefaultValue></ColumnInfo>
		<ColumnInfo><Name>insertionOrderId</Name><Type>2017</Type><Length>20</Length><Precision>4</Precision><Scale>0</Scale><Identity>true</Identity><DefaultValue></DefaultValue><Primary>true</Primary></ColumnInfo>
		<ColumnInfo><Name>QUANTITY</Name><Type>-9</Type><Length>50</Length><Precision>50</Precision><Scale>0</Scale><DefaultValue></DefaultValue></ColumnInfo>
	</TableInfo>

	<TableInfo>
		<Name>complex_orient_pohistory</Name>
		<ColumnInfo><Name>pinstanceid</Name><Type>-9</Type><Length>50</Length><Precision>50</Precision><Scale>0</Scale><DefaultValue></DefaultValue></ColumnInfo>
		<ColumnInfo><Name>PO_ITEM</Name><Type>2016</Type><Length>6</Length><Precision>2</Precision><Scale>0</Scale><DefaultValue></DefaultValue></ColumnInfo>
		<ColumnInfo><Name>SERIAL_NO</Name><Type>2016</Type><Length>6</Length><Precision>2</Precision><Scale>0</Scale><DefaultValue></DefaultValue></ColumnInfo>
		<ColumnInfo><Name>PROCESS_ID</Name><Type>-9</Type><Length>50</Length><Precision>50</Precision><Scale>0</Scale><DefaultValue></DefaultValue></ColumnInfo>
		<ColumnInfo><Name>DOC_YEAR</Name><Type>2016</Type><Length>6</Length><Precision>2</Precision><Scale>0</Scale><DefaultValue></DefaultValue></ColumnInfo>
		<ColumnInfo><Name>MAT_DOC</Name><Type>-9</Type><Length>50</Length><Precision>50</Precision><Scale>0</Scale><DefaultValue></DefaultValue></ColumnInfo>
		<ColumnInfo><Name>MATDOC_ITM</Name><Type>2016</Type><Length>6</Length><Precision>2</Precision><Scale>0</Scale><DefaultValue></DefaultValue></ColumnInfo>
		<ColumnInfo><Name>HIST_TYPE</Name><Type>-9</Type><Length>50</Length><Precision>50</Precision><Scale>0</Scale><DefaultValue></DefaultValue></ColumnInfo>
		<ColumnInfo><Name>MOVE_TYPE</Name><Type>-9</Type><Length>50</Length><Precision>50</Precision><Scale>0</Scale><DefaultValue></DefaultValue></ColumnInfo>
		<ColumnInfo><Name>PSTNG_DATE</Name><Type>91</Type><Length>23</Length><Precision>8</Precision><Scale>0</Scale><DefaultValue></DefaultValue></ColumnInfo>
		<ColumnInfo><Name>QUANTITY</Name><Type>-9</Type><Length>50</Length><Precision>50</Precision><Scale>0</Scale><DefaultValue></DefaultValue></ColumnInfo>
		<ColumnInfo><Name>VAL_LOCCUR</Name><Type>-9</Type><Length>50</Length><Precision>50</Precision><Scale>0</Scale><DefaultValue></DefaultValue></ColumnInfo>
		<ColumnInfo><Name>VAL_FORCUR</Name><Type>-9</Type><Length>50</Length><Precision>50</Precision><Scale>0</Scale><DefaultValue></DefaultValue></ColumnInfo>
		<ColumnInfo><Name>CURRENCY</Name><Type>-9</Type><Length>50</Length><Precision>50</Precision><Scale>0</Scale><DefaultValue></DefaultValue></ColumnInfo>
		<ColumnInfo><Name>CL_VAL_LOC</Name><Type>-9</Type><Length>50</Length><Precision>50</Precision><Scale>0</Scale><DefaultValue></DefaultValue></ColumnInfo>
		<ColumnInfo><Name>BLOCKED_QY</Name><Type>-9</Type><Length>50</Length><Precision>50</Precision><Scale>0</Scale><DefaultValue></DefaultValue></ColumnInfo>
		<ColumnInfo><Name>BL_QTY</Name><Type>-9</Type><Length>50</Length><Precision>50</Precision><Scale>0</Scale><DefaultValue></DefaultValue></ColumnInfo>
		<ColumnInfo><Name>DB_CR_IND</Name><Type>-9</Type><Length>50</Length><Precision>50</Precision><Scale>0</Scale><DefaultValue></DefaultValue></ColumnInfo>
		<ColumnInfo><Name>VAL_TYPE</Name><Type>-9</Type><Length>50</Length><Precision>50</Precision><Scale>0</Scale><DefaultValue></DefaultValue></ColumnInfo>
		<ColumnInfo><Name>NO_MORE_GR</Name><Type>-9</Type><Length>50</Length><Precision>50</Precision><Scale>0</Scale><DefaultValue></DefaultValue></ColumnInfo>
		<ColumnInfo><Name>REF_DOC_NO</Name><Type>-9</Type><Length>50</Length><Precision>50</Precision><Scale>0</Scale><DefaultValue></DefaultValue></ColumnInfo>
		<ColumnInfo><Name>REF_DOC_YR</Name><Type>2016</Type><Length>6</Length><Precision>2</Precision><Scale>0</Scale><DefaultValue></DefaultValue></ColumnInfo>
		<ColumnInfo><Name>REF_DOC</Name><Type>-9</Type><Length>50</Length><Precision>50</Precision><Scale>0</Scale><DefaultValue></DefaultValue></ColumnInfo>
		<ColumnInfo><Name>REF_DOC_IT</Name><Type>2016</Type><Length>6</Length><Precision>2</Precision><Scale>0</Scale><DefaultValue></DefaultValue></ColumnInfo>
		<ColumnInfo><Name>MOVE_REAS</Name><Type>2016</Type><Length>6</Length><Precision>2</Precision><Scale>0</Scale><DefaultValue></DefaultValue></ColumnInfo>
		<ColumnInfo><Name>ENTRY_DATE</Name><Type>91</Type><Length>23</Length><Precision>8</Precision><Scale>0</Scale><DefaultValue></DefaultValue></ColumnInfo>
		<ColumnInfo><Name>ENTRY_TIME</Name><Type>-9</Type><Length>50</Length><Precision>50</Precision><Scale>0</Scale><DefaultValue></DefaultValue></ColumnInfo>
		<ColumnInfo><Name>IVVAL_LOC</Name><Type>-9</Type><Length>50</Length><Precision>50</Precision><Scale>0</Scale><DefaultValue></DefaultValue></ColumnInfo>
		<ColumnInfo><Name>IVVAL_FOR</Name><Type>-9</Type><Length>50</Length><Precision>50</Precision><Scale>0</Scale><DefaultValue></DefaultValue></ColumnInfo>
		<ColumnInfo><Name>MATERIAL</Name><Type>-9</Type><Length>50</Length><Precision>50</Precision><Scale>0</Scale><DefaultValue></DefaultValue></ColumnInfo>
		<ColumnInfo><Name>PLANT</Name><Type>-9</Type><Length>50</Length><Precision>50</Precision><Scale>0</Scale><DefaultValue></DefaultValue></ColumnInfo>
		<ColumnInfo><Name>CONF_SER</Name><Type>2016</Type><Length>6</Length><Precision>2</Precision><Scale>0</Scale><DefaultValue></DefaultValue></ColumnInfo>
		<ColumnInfo><Name>CONDITION_1</Name><Type>-9</Type><Length>50</Length><Precision>50</Precision><Scale>0</Scale><DefaultValue></DefaultValue></ColumnInfo>
		<ColumnInfo><Name>TAX_CODE</Name><Type>-9</Type><Length>50</Length><Precision>50</Precision><Scale>0</Scale><DefaultValue></DefaultValue></ColumnInfo>
		<ColumnInfo><Name>DELIV_QTY</Name><Type>-9</Type><Length>50</Length><Precision>50</Precision><Scale>0</Scale><DefaultValue></DefaultValue></ColumnInfo>
		<ColumnInfo><Name>DELIV_UNIT</Name><Type>-9</Type><Length>50</Length><Precision>50</Precision><Scale>0</Scale><DefaultValue></DefaultValue></ColumnInfo>
		<ColumnInfo><Name>PUR_MAT</Name><Type>-9</Type><Length>50</Length><Precision>50</Precision><Scale>0</Scale><DefaultValue></DefaultValue></ColumnInfo>
		<ColumnInfo><Name>LOC_CURR</Name><Type>-9</Type><Length>50</Length><Precision>50</Precision><Scale>0</Scale><DefaultValue></DefaultValue></ColumnInfo>
		<ColumnInfo><Name>BATCH</Name><Type>-9</Type><Length>50</Length><Precision>50</Precision><Scale>0</Scale><DefaultValue></DefaultValue></ColumnInfo>
		<ColumnInfo><Name>DOC_DATE</Name><Type>91</Type><Length>23</Length><Precision>8</Precision><Scale>0</Scale><DefaultValue></DefaultValue></ColumnInfo>
		<ColumnInfo><Name>CURRENCY_ISO</Name><Type>-9</Type><Length>50</Length><Precision>50</Precision><Scale>0</Scale><DefaultValue></DefaultValue></ColumnInfo>
		<ColumnInfo><Name>LOC_CURR_ISO</Name><Type>-9</Type><Length>50</Length><Precision>50</Precision><Scale>0</Scale><DefaultValue></DefaultValue></ColumnInfo>
		<ColumnInfo><Name>DELIV_UNIT_ISO</Name><Type>-9</Type><Length>50</Length><Precision>50</Precision><Scale>0</Scale><DefaultValue></DefaultValue></ColumnInfo>
		<ColumnInfo><Name>MATERIAL_EXTERNAL</Name><Type>-9</Type><Length>50</Length><Precision>50</Precision><Scale>0</Scale><DefaultValue></DefaultValue></ColumnInfo>
		<ColumnInfo><Name>MATERIAL_GUID</Name><Type>-9</Type><Length>50</Length><Precision>50</Precision><Scale>0</Scale><DefaultValue></DefaultValue></ColumnInfo>
		<ColumnInfo><Name>MATERIAL_VERSION</Name><Type>-9</Type><Length>50</Length><Precision>50</Precision><Scale>0</Scale><DefaultValue></DefaultValue></ColumnInfo>
		<ColumnInfo><Name>PUR_MAT_EXTERNAL</Name><Type>-9</Type><Length>50</Length><Precision>50</Precision><Scale>0</Scale><DefaultValue></DefaultValue></ColumnInfo>
		<ColumnInfo><Name>PUR_MAT_GUID</Name><Type>-9</Type><Length>50</Length><Precision>50</Precision><Scale>0</Scale><DefaultValue></DefaultValue></ColumnInfo>
		<ColumnInfo><Name>PUR_MAT_VERSION</Name><Type>-9</Type><Length>50</Length><Precision>50</Precision><Scale>0</Scale><DefaultValue></DefaultValue></ColumnInfo>
		<ColumnInfo><Name>REF_DOC_NO_LONG</Name><Type>-9</Type><Length>50</Length><Precision>50</Precision><Scale>0</Scale><DefaultValue></DefaultValue></ColumnInfo>
		<ColumnInfo><Name>STK_SEGMENT</Name><Type>-9</Type><Length>50</Length><Precision>50</Precision><Scale>0</Scale><DefaultValue></DefaultValue></ColumnInfo>
		<ColumnInfo><Name>insertionOrderId</Name><Type>2017</Type><Length>20</Length><Precision>4</Precision><Scale>0</Scale><Identity>true</Identity><DefaultValue></DefaultValue><Primary>true</Primary></ColumnInfo>
	</TableInfo>

	<TableInfo>
		<Name>complex_orient_serviceapproval</Name>
		<ColumnInfo><Name>pinstanceid</Name><Type>-9</Type><Length>50</Length><Precision>50</Precision><Scale>0</Scale><DefaultValue></DefaultValue></ColumnInfo>
		<ColumnInfo><Name>actedby</Name><Type>-9</Type><Length>150</Length><Precision>150</Precision><Scale>0</Scale><DefaultValue></DefaultValue></ColumnInfo>
		<ColumnInfo><Name>actedon</Name><Type>91</Type><Length>23</Length><Precision>23</Precision><Scale>0</Scale><DefaultValue></DefaultValue></ColumnInfo>
		<ColumnInfo><Name>service_status</Name><Type>-9</Type><Length>50</Length><Precision>50</Precision><Scale>0</Scale><DefaultValue></DefaultValue></ColumnInfo>
		<ColumnInfo><Name>remarks</Name><Type>-9</Type><Length>250</Length><Precision>250</Precision><Scale>0</Scale><DefaultValue></DefaultValue></ColumnInfo>
		<ColumnInfo><Name>level</Name><Type>-9</Type><Length>50</Length><Precision>50</Precision><Scale>0</Scale><DefaultValue></DefaultValue></ColumnInfo>
		<ColumnInfo><Name>insertionOrderId</Name><Type>2017</Type><Length>20</Length><Precision>20</Precision><Scale>0</Scale><Identity>true</Identity><DefaultValue></DefaultValue><Primary>true</Primary></ColumnInfo>
	</TableInfo>

	<TableInfo>
		<Name>complex_orient_entrysheet_sel</Name>
		<ColumnInfo><Name>entrysheet_no</Name><Type>-9</Type><Length>50</Length><Precision>50</Precision><Scale>0</Scale><DefaultValue></DefaultValue></ColumnInfo>
		<ColumnInfo><Name>pinstanceid</Name><Type>-9</Type><Length>50</Length><Precision>50</Precision><Scale>0</Scale><DefaultValue></DefaultValue></ColumnInfo>
		<ColumnInfo><Name>insertionOrderId</Name><Type>2017</Type><Length>20</Length><Precision>4</Precision><Scale>0</Scale><Identity>true</Identity><DefaultValue></DefaultValue><Primary>true</Primary></ColumnInfo>
	</TableInfo>

	<TableInfo>
		<Name>complex_orient_witholding</Name>
		<ColumnInfo><Name>pinstanceid</Name><Type>-9</Type><Length>255</Length><Precision>255</Precision><Scale>0</Scale><DefaultValue></DefaultValue></ColumnInfo>
		<ColumnInfo><Name>country</Name><Type>-9</Type><Length>50</Length><Precision>50</Precision><Scale>0</Scale><DefaultValue></DefaultValue></ColumnInfo>
		<ColumnInfo><Name>tax_type</Name><Type>-9</Type><Length>50</Length><Precision>50</Precision><Scale>0</Scale><DefaultValue></DefaultValue></ColumnInfo>
		<ColumnInfo><Name>tax_code</Name><Type>-9</Type><Length>50</Length><Precision>50</Precision><Scale>0</Scale><DefaultValue></DefaultValue></ColumnInfo>
		<ColumnInfo><Name>tax</Name><Type>-9</Type><Length>50</Length><Precision>50</Precision><Scale>0</Scale><DefaultValue></DefaultValue></ColumnInfo>
		<ColumnInfo><Name>description</Name><Type>-9</Type><Length>255</Length><Precision>255</Precision><Scale>0</Scale><DefaultValue></DefaultValue></ColumnInfo>
		<ColumnInfo><Name>insertionOrderId</Name><Type>2017</Type><Length>20</Length><Precision>4</Precision><Scale>0</Scale><Identity>true</Identity><DefaultValue></DefaultValue><Primary>true</Primary></ColumnInfo>
		<ColumnInfo><Name>applied</Name><Type>-9</Type><Length>50</Length><Precision>50</Precision><Scale>0</Scale><DefaultValue></DefaultValue></ColumnInfo>
		<ColumnInfo><Name>amount</Name><Type>-9</Type><Length>255</Length><Precision>255</Precision><Scale>0</Scale><DefaultValue></DefaultValue></ColumnInfo>
	</TableInfo>

	<TableInfo>
		<Name>complex_orient_service_po_item</Name>
		<ColumnInfo><Name>pinstanceid</Name><Type>-9</Type><Length>50</Length><Precision>50</Precision><Scale>0</Scale><DefaultValue></DefaultValue></ColumnInfo>
		<ColumnInfo><Name>ACCTASSCAT</Name><Type>-9</Type><Length>50</Length><Precision>50</Precision><Scale>0</Scale><DefaultValue></DefaultValue></ColumnInfo>
		<ColumnInfo><Name>ACKN_REQD</Name><Type>-9</Type><Length>50</Length><Precision>50</Precision><Scale>0</Scale><DefaultValue></DefaultValue></ColumnInfo>
		<ColumnInfo><Name>ACKNOWL_NO</Name><Type>-9</Type><Length>50</Length><Precision>50</Precision><Scale>0</Scale><DefaultValue></DefaultValue></ColumnInfo>
		<ColumnInfo><Name>ADDRESS</Name><Type>-9</Type><Length>50</Length><Precision>50</Precision><Scale>0</Scale><DefaultValue></DefaultValue></ColumnInfo>
		<ColumnInfo><Name>ADDRESS2</Name><Type>-9</Type><Length>50</Length><Precision>50</Precision><Scale>0</Scale><DefaultValue></DefaultValue></ColumnInfo>
		<ColumnInfo><Name>ADVANCE</Name><Type>-9</Type><Length>50</Length><Precision>50</Precision><Scale>0</Scale><DefaultValue></DefaultValue></ColumnInfo>
		<ColumnInfo><Name>AGMT_ITEM</Name><Type>2016</Type><Length>6</Length><Precision>2</Precision><Scale>0</Scale><DefaultValue></DefaultValue></ColumnInfo>
		<ColumnInfo><Name>AGRCUMQTY</Name><Type>-9</Type><Length>50</Length><Precision>50</Precision><Scale>0</Scale><DefaultValue></DefaultValue></ColumnInfo>
		<ColumnInfo><Name>AGREEMENT</Name><Type>-9</Type><Length>50</Length><Precision>50</Precision><Scale>0</Scale><DefaultValue></DefaultValue></ColumnInfo>
		<ColumnInfo><Name>ALLOC_TBL</Name><Type>-9</Type><Length>50</Length><Precision>50</Precision><Scale>0</Scale><DefaultValue></DefaultValue></ColumnInfo>
		<ColumnInfo><Name>AT_ITEM</Name><Type>2016</Type><Length>6</Length><Precision>2</Precision><Scale>0</Scale><DefaultValue></DefaultValue></ColumnInfo>
		<ColumnInfo><Name>AT_RELEV</Name><Type>-9</Type><Length>50</Length><Precision>50</Precision><Scale>0</Scale><DefaultValue></DefaultValue></ColumnInfo>
		<ColumnInfo><Name>BA_PARTNER</Name><Type>-9</Type><Length>50</Length><Precision>50</Precision><Scale>0</Scale><DefaultValue></DefaultValue></ColumnInfo>
		<ColumnInfo><Name>BASE_UNIT</Name><Type>-9</Type><Length>50</Length><Precision>50</Precision><Scale>0</Scale><DefaultValue></DefaultValue></ColumnInfo>
		<ColumnInfo><Name>BASE_UOM_ISO</Name><Type>-9</Type><Length>50</Length><Precision>50</Precision><Scale>0</Scale><DefaultValue></DefaultValue></ColumnInfo>
		<ColumnInfo><Name>BOM_EXPL</Name><Type>-9</Type><Length>50</Length><Precision>50</Precision><Scale>0</Scale><DefaultValue></DefaultValue></ColumnInfo>
		<ColumnInfo><Name>BUDGET_PERIOD</Name><Type>-9</Type><Length>50</Length><Precision>50</Precision><Scale>0</Scale><DefaultValue></DefaultValue></ColumnInfo>
		<ColumnInfo><Name>CERT_TYPE</Name><Type>-9</Type><Length>50</Length><Precision>50</Precision><Scale>0</Scale><DefaultValue></DefaultValue></ColumnInfo>
		<ColumnInfo><Name>CMMT_ITEM</Name><Type>-9</Type><Length>50</Length><Precision>50</Precision><Scale>0</Scale><DefaultValue></DefaultValue></ColumnInfo>
		<ColumnInfo><Name>CMMT_ITEM_LONG</Name><Type>-9</Type><Length>50</Length><Precision>50</Precision><Scale>0</Scale><DefaultValue></DefaultValue></ColumnInfo>
		<ColumnInfo><Name>CHANGED_ON</Name><Type>91</Type><Length>23</Length><Precision>8</Precision><Scale>0</Scale><DefaultValue></DefaultValue></ColumnInfo>
		<ColumnInfo><Name>CO_CODE</Name><Type>-9</Type><Length>50</Length><Precision>50</Precision><Scale>0</Scale><DefaultValue></DefaultValue></ColumnInfo>
		<ColumnInfo><Name>COMMENT_1</Name><Type>-9</Type><Length>50</Length><Precision>50</Precision><Scale>0</Scale><DefaultValue></DefaultValue></ColumnInfo>
		<ColumnInfo><Name>COMMITMENT</Name><Type>-9</Type><Length>50</Length><Precision>50</Precision><Scale>0</Scale><DefaultValue></DefaultValue></ColumnInfo>
		<ColumnInfo><Name>COND_GROUP</Name><Type>-9</Type><Length>50</Length><Precision>50</Precision><Scale>0</Scale><DefaultValue></DefaultValue></ColumnInfo>
		<ColumnInfo><Name>CONF_CTRL</Name><Type>-9</Type><Length>50</Length><Precision>50</Precision><Scale>0</Scale><DefaultValue></DefaultValue></ColumnInfo>
		<ColumnInfo><Name>CONF_MATL</Name><Type>-9</Type><Length>50</Length><Precision>50</Precision><Scale>0</Scale><DefaultValue></DefaultValue></ColumnInfo>
		<ColumnInfo><Name>CONF_MATL_EXTERNAL</Name><Type>-9</Type><Length>50</Length><Precision>50</Precision><Scale>0</Scale><DefaultValue></DefaultValue></ColumnInfo>
		<ColumnInfo><Name>CONF_MATL_GUID</Name><Type>-9</Type><Length>50</Length><Precision>50</Precision><Scale>0</Scale><DefaultValue></DefaultValue></ColumnInfo>
		<ColumnInfo><Name>CONF_MATL_VERSION</Name><Type>-9</Type><Length>50</Length><Precision>50</Precision><Scale>0</Scale><DefaultValue></DefaultValue></ColumnInfo>
		<ColumnInfo><Name>CONFIG_ORG</Name><Type>-9</Type><Length>50</Length><Precision>50</Precision><Scale>0</Scale><DefaultValue></DefaultValue></ColumnInfo>
		<ColumnInfo><Name>CONSUMPT</Name><Type>-9</Type><Length>50</Length><Precision>50</Precision><Scale>0</Scale><DefaultValue></DefaultValue></ColumnInfo>
		<ColumnInfo><Name>CONV_DEN1</Name><Type>-9</Type><Length>50</Length><Precision>50</Precision><Scale>0</Scale><DefaultValue></DefaultValue></ColumnInfo>
		<ColumnInfo><Name>CONV_DEN2</Name><Type>-9</Type><Length>50</Length><Precision>50</Precision><Scale>0</Scale><DefaultValue></DefaultValue></ColumnInfo>
		<ColumnInfo><Name>CONV_NUM1</Name><Type>-9</Type><Length>50</Length><Precision>50</Precision><Scale>0</Scale><DefaultValue></DefaultValue></ColumnInfo>
		<ColumnInfo><Name>CONV_NUM2</Name><Type>-9</Type><Length>50</Length><Precision>50</Precision><Scale>0</Scale><DefaultValue></DefaultValue></ColumnInfo>
		<ColumnInfo><Name>CTR_KEY_QM</Name><Type>-9</Type><Length>50</Length><Precision>50</Precision><Scale>0</Scale><DefaultValue></DefaultValue></ColumnInfo>
		<ColumnInfo><Name>CUSTOMER</Name><Type>-9</Type><Length>50</Length><Precision>50</Precision><Scale>0</Scale><DefaultValue></DefaultValue></ColumnInfo>
		<ColumnInfo><Name>DEL_COMPL</Name><Type>-9</Type><Length>50</Length><Precision>50</Precision><Scale>0</Scale><DefaultValue></DefaultValue></ColumnInfo>
		<ColumnInfo><Name>DEL_TYP_RT</Name><Type>-9</Type><Length>50</Length><Precision>50</Precision><Scale>0</Scale><DefaultValue></DefaultValue></ColumnInfo>
		<ColumnInfo><Name>DELETE_IND</Name><Type>-9</Type><Length>50</Length><Precision>50</Precision><Scale>0</Scale><DefaultValue></DefaultValue></ColumnInfo>
		<ColumnInfo><Name>DISTRIB</Name><Type>-9</Type><Length>50</Length><Precision>50</Precision><Scale>0</Scale><DefaultValue></DefaultValue></ColumnInfo>
		<ColumnInfo><Name>DOC_CAT</Name><Type>-9</Type><Length>50</Length><Precision>50</Precision><Scale>0</Scale><DefaultValue></DefaultValue></ColumnInfo>
		<ColumnInfo><Name>EAN_UPC</Name><Type>-9</Type><Length>50</Length><Precision>50</Precision><Scale>0</Scale><DefaultValue></DefaultValue></ColumnInfo>
		<ColumnInfo><Name>EFF_VALUE</Name><Type>-9</Type><Length>50</Length><Precision>50</Precision><Scale>0</Scale><DefaultValue></DefaultValue></ColumnInfo>
		<ColumnInfo><Name>ERS</Name><Type>-9</Type><Length>50</Length><Precision>50</Precision><Scale>0</Scale><DefaultValue></DefaultValue></ColumnInfo>
		<ColumnInfo><Name>EST_PRICE</Name><Type>-9</Type><Length>50</Length><Precision>50</Precision><Scale>0</Scale><DefaultValue></DefaultValue></ColumnInfo>
		<ColumnInfo><Name>EXCLUSION</Name><Type>-9</Type><Length>50</Length><Precision>50</Precision><Scale>0</Scale><DefaultValue></DefaultValue></ColumnInfo>
		<ColumnInfo><Name>FINAL_INV</Name><Type>-9</Type><Length>50</Length><Precision>50</Precision><Scale>0</Scale><DefaultValue></DefaultValue></ColumnInfo>
		<ColumnInfo><Name>FIRM_ZONE</Name><Type>-9</Type><Length>50</Length><Precision>50</Precision><Scale>0</Scale><DefaultValue></DefaultValue></ColumnInfo>
		<ColumnInfo><Name>FUNC_AREA_LONG</Name><Type>-9</Type><Length>50</Length><Precision>50</Precision><Scale>0</Scale><DefaultValue></DefaultValue></ColumnInfo>
		<ColumnInfo><Name>FUND</Name><Type>-9</Type><Length>50</Length><Precision>50</Precision><Scale>0</Scale><DefaultValue></DefaultValue></ColumnInfo>
		<ColumnInfo><Name>FUNDS_CTR</Name><Type>-9</Type><Length>50</Length><Precision>50</Precision><Scale>0</Scale><DefaultValue></DefaultValue></ColumnInfo>
		<ColumnInfo><Name>GR_BASEDIV</Name><Type>-9</Type><Length>50</Length><Precision>50</Precision><Scale>0</Scale><DefaultValue></DefaultValue></ColumnInfo>
		<ColumnInfo><Name>GR_IND</Name><Type>-9</Type><Length>50</Length><Precision>50</Precision><Scale>0</Scale><DefaultValue></DefaultValue></ColumnInfo>
		<ColumnInfo><Name>GR_NON_VAL</Name><Type>-9</Type><Length>50</Length><Precision>50</Precision><Scale>0</Scale><DefaultValue></DefaultValue></ColumnInfo>
		<ColumnInfo><Name>GR_PR_TIME</Name><Type>-9</Type><Length>50</Length><Precision>50</Precision><Scale>0</Scale><DefaultValue></DefaultValue></ColumnInfo>
		<ColumnInfo><Name>GR_TO_DATE</Name><Type>91</Type><Length>23</Length><Precision>8</Precision><Scale>0</Scale><DefaultValue></DefaultValue></ColumnInfo>
		<ColumnInfo><Name>GRANT_NBR</Name><Type>-9</Type><Length>50</Length><Precision>50</Precision><Scale>0</Scale><DefaultValue></DefaultValue></ColumnInfo>
		<ColumnInfo><Name>GROS_VALUE</Name><Type>-9</Type><Length>50</Length><Precision>50</Precision><Scale>0</Scale><DefaultValue></DefaultValue></ColumnInfo>
		<ColumnInfo><Name>GROSS_WGHT</Name><Type>-9</Type><Length>50</Length><Precision>50</Precision><Scale>0</Scale><DefaultValue></DefaultValue></ColumnInfo>
		<ColumnInfo><Name>GRSETTFROM</Name><Type>-9</Type><Length>50</Length><Precision>50</Precision><Scale>0</Scale><DefaultValue></DefaultValue></ColumnInfo>
		<ColumnInfo><Name>GRSETTFROM_1</Name><Type>91</Type><Length>23</Length><Precision>8</Precision><Scale>0</Scale><DefaultValue></DefaultValue></ColumnInfo>
		<ColumnInfo><Name>HL_ITEM</Name><Type>2016</Type><Length>6</Length><Precision>2</Precision><Scale>0</Scale><DefaultValue></DefaultValue></ColumnInfo>
		<ColumnInfo><Name>INCOTERMS1</Name><Type>-9</Type><Length>50</Length><Precision>50</Precision><Scale>0</Scale><DefaultValue></DefaultValue></ColumnInfo>
		<ColumnInfo><Name>INCOTERMS2</Name><Type>-9</Type><Length>50</Length><Precision>50</Precision><Scale>0</Scale><DefaultValue></DefaultValue></ColumnInfo>
		<ColumnInfo><Name>INFO_REC</Name><Type>-9</Type><Length>50</Length><Precision>50</Precision><Scale>0</Scale><DefaultValue></DefaultValue></ColumnInfo>
		<ColumnInfo><Name>INFO_UPD</Name><Type>-9</Type><Length>50</Length><Precision>50</Precision><Scale>0</Scale><DefaultValue></DefaultValue></ColumnInfo>
		<ColumnInfo><Name>INT_OBJ_NO</Name><Type>2016</Type><Length>6</Length><Precision>2</Precision><Scale>0</Scale><DefaultValue></DefaultValue></ColumnInfo>
		<ColumnInfo><Name>IR_IND</Name><Type>-9</Type><Length>50</Length><Precision>50</Precision><Scale>0</Scale><DefaultValue></DefaultValue></ColumnInfo>
		<ColumnInfo><Name>ITEM_CAT</Name><Type>-9</Type><Length>50</Length><Precision>50</Precision><Scale>0</Scale><DefaultValue></DefaultValue></ColumnInfo>
		<ColumnInfo><Name>ITEM_CAT_EXT</Name><Type>-9</Type><Length>50</Length><Precision>50</Precision><Scale>0</Scale><DefaultValue></DefaultValue></ColumnInfo>
		<ColumnInfo><Name>KANBAN_IND</Name><Type>-9</Type><Length>50</Length><Precision>50</Precision><Scale>0</Scale><DefaultValue></DefaultValue></ColumnInfo>
		<ColumnInfo><Name>LAST_TRANS</Name><Type>-9</Type><Length>50</Length><Precision>50</Precision><Scale>0</Scale><DefaultValue></DefaultValue></ColumnInfo>
		<ColumnInfo><Name>LAST_TRANS_1</Name><Type>91</Type><Length>23</Length><Precision>8</Precision><Scale>0</Scale><DefaultValue></DefaultValue></ColumnInfo>
		<ColumnInfo><Name>MANU_MAT</Name><Type>-9</Type><Length>50</Length><Precision>50</Precision><Scale>0</Scale><DefaultValue></DefaultValue></ColumnInfo>
		<ColumnInfo><Name>MANUF_PROF</Name><Type>-9</Type><Length>50</Length><Precision>50</Precision><Scale>0</Scale><DefaultValue></DefaultValue></ColumnInfo>
		<ColumnInfo><Name>MAT_CAT</Name><Type>-9</Type><Length>50</Length><Precision>50</Precision><Scale>0</Scale><DefaultValue></DefaultValue></ColumnInfo>
		<ColumnInfo><Name>MAT_GRP</Name><Type>-9</Type><Length>50</Length><Precision>50</Precision><Scale>0</Scale><DefaultValue></DefaultValue></ColumnInfo>
		<ColumnInfo><Name>MAT_TYPE</Name><Type>-9</Type><Length>50</Length><Precision>50</Precision><Scale>0</Scale><DefaultValue></DefaultValue></ColumnInfo>
		<ColumnInfo><Name>MATERIAL</Name><Type>-9</Type><Length>50</Length><Precision>50</Precision><Scale>0</Scale><DefaultValue></DefaultValue></ColumnInfo>
		<ColumnInfo><Name>MATERIAL_EXTERNAL</Name><Type>-9</Type><Length>50</Length><Precision>50</Precision><Scale>0</Scale><DefaultValue></DefaultValue></ColumnInfo>
		<ColumnInfo><Name>MATERIAL_GUID</Name><Type>-9</Type><Length>50</Length><Precision>50</Precision><Scale>0</Scale><DefaultValue></DefaultValue></ColumnInfo>
		<ColumnInfo><Name>MATERIAL_VERSION</Name><Type>-9</Type><Length>50</Length><Precision>50</Precision><Scale>0</Scale><DefaultValue></DefaultValue></ColumnInfo>
		<ColumnInfo><Name>MAX_CMG</Name><Type>-9</Type><Length>50</Length><Precision>50</Precision><Scale>0</Scale><DefaultValue></DefaultValue></ColumnInfo>
		<ColumnInfo><Name>MAX_CPGO</Name><Type>-9</Type><Length>50</Length><Precision>50</Precision><Scale>0</Scale><DefaultValue></DefaultValue></ColumnInfo>
		<ColumnInfo><Name>MFR_NO</Name><Type>-9</Type><Length>50</Length><Precision>50</Precision><Scale>0</Scale><DefaultValue></DefaultValue></ColumnInfo>
		<ColumnInfo><Name>MFR_NO_EXT</Name><Type>-9</Type><Length>50</Length><Precision>50</Precision><Scale>0</Scale><DefaultValue></DefaultValue></ColumnInfo>
		<ColumnInfo><Name>ML_AKT</Name><Type>-9</Type><Length>50</Length><Precision>50</Precision><Scale>0</Scale><DefaultValue></DefaultValue></ColumnInfo>
		<ColumnInfo><Name>NET_PRICE</Name><Type>-9</Type><Length>50</Length><Precision>50</Precision><Scale>0</Scale><DefaultValue></DefaultValue></ColumnInfo>
		<ColumnInfo><Name>NET_VALUE</Name><Type>-9</Type><Length>50</Length><Precision>50</Precision><Scale>0</Scale><DefaultValue></DefaultValue></ColumnInfo>
		<ColumnInfo><Name>NET_WEIGHT</Name><Type>-9</Type><Length>50</Length><Precision>50</Precision><Scale>0</Scale><DefaultValue></DefaultValue></ColumnInfo>
		<ColumnInfo><Name>NO_C_DISC</Name><Type>-9</Type><Length>50</Length><Precision>50</Precision><Scale>0</Scale><DefaultValue></DefaultValue></ColumnInfo>
		<ColumnInfo><Name>NOND_ITAX</Name><Type>-9</Type><Length>50</Length><Precision>50</Precision><Scale>0</Scale><DefaultValue></DefaultValue></ColumnInfo>
		<ColumnInfo><Name>NOT_CHGBL</Name><Type>-9</Type><Length>50</Length><Precision>50</Precision><Scale>0</Scale><DefaultValue></DefaultValue></ColumnInfo>
		<ColumnInfo><Name>NUM_REMIND</Name><Type>-9</Type><Length>50</Length><Precision>50</Precision><Scale>0</Scale><DefaultValue></DefaultValue></ColumnInfo>
		<ColumnInfo><Name>ORD_REAS</Name><Type>-9</Type><Length>50</Length><Precision>50</Precision><Scale>0</Scale><DefaultValue></DefaultValue></ColumnInfo>
		<ColumnInfo><Name>ORDERPR_UN</Name><Type>-9</Type><Length>50</Length><Precision>50</Precision><Scale>0</Scale><DefaultValue></DefaultValue></ColumnInfo>
		<ColumnInfo><Name>ORDERPR_UN_ISO</Name><Type>-9</Type><Length>50</Length><Precision>50</Precision><Scale>0</Scale><DefaultValue></DefaultValue></ColumnInfo>
		<ColumnInfo><Name>OUTL_TARGV</Name><Type>-9</Type><Length>50</Length><Precision>50</Precision><Scale>0</Scale><DefaultValue></DefaultValue></ColumnInfo>
		<ColumnInfo><Name>OVERDELTOL</Name><Type>-9</Type><Length>50</Length><Precision>50</Precision><Scale>0</Scale><DefaultValue></DefaultValue></ColumnInfo>
		<ColumnInfo><Name>PART_INV</Name><Type>-9</Type><Length>50</Length><Precision>50</Precision><Scale>0</Scale><DefaultValue></DefaultValue></ColumnInfo>
		<ColumnInfo><Name>PARTNER_PC</Name><Type>-9</Type><Length>50</Length><Precision>50</Precision><Scale>0</Scale><DefaultValue></DefaultValue></ColumnInfo>
		<ColumnInfo><Name>PCKG_NO</Name><Type>2016</Type><Length>100</Length><Precision>2</Precision><Scale>0</Scale><DefaultValue></DefaultValue></ColumnInfo>
		<ColumnInfo><Name>PCKG_NO1</Name><Type>-9</Type><Length>50</Length><Precision>50</Precision><Scale>0</Scale><DefaultValue></DefaultValue></ColumnInfo>
		<ColumnInfo><Name>PLAN_DEL</Name><Type>-9</Type><Length>50</Length><Precision>50</Precision><Scale>0</Scale><DefaultValue></DefaultValue></ColumnInfo>
		<ColumnInfo><Name>PLANT</Name><Type>-9</Type><Length>50</Length><Precision>50</Precision><Scale>0</Scale><DefaultValue></DefaultValue></ColumnInfo>
		<ColumnInfo><Name>PO_ITEM</Name><Type>2016</Type><Length>6</Length><Precision>2</Precision><Scale>0</Scale><DefaultValue></DefaultValue></ColumnInfo>
		<ColumnInfo><Name>PO_NUMBER</Name><Type>-9</Type><Length>50</Length><Precision>50</Precision><Scale>0</Scale><DefaultValue></DefaultValue></ColumnInfo>
		<ColumnInfo><Name>PO_UNIT_ISO</Name><Type>-9</Type><Length>50</Length><Precision>50</Precision><Scale>0</Scale><DefaultValue></DefaultValue></ColumnInfo>
		<ColumnInfo><Name>POINTS</Name><Type>-9</Type><Length>50</Length><Precision>50</Precision><Scale>0</Scale><DefaultValue></DefaultValue></ColumnInfo>
		<ColumnInfo><Name>POINTS_UN</Name><Type>-9</Type><Length>50</Length><Precision>50</Precision><Scale>0</Scale><DefaultValue></DefaultValue></ColumnInfo>
		<ColumnInfo><Name>POINTS_UN_ISO</Name><Type>-9</Type><Length>50</Length><Precision>50</Precision><Scale>0</Scale><DefaultValue></DefaultValue></ColumnInfo>
		<ColumnInfo><Name>PRDTE_CTRL</Name><Type>-9</Type><Length>50</Length><Precision>50</Precision><Scale>0</Scale><DefaultValue></DefaultValue></ColumnInfo>
		<ColumnInfo><Name>PREQ_ITEM</Name><Type>2016</Type><Length>6</Length><Precision>2</Precision><Scale>0</Scale><DefaultValue></DefaultValue></ColumnInfo>
		<ColumnInfo><Name>PREQ_NO</Name><Type>-9</Type><Length>50</Length><Precision>50</Precision><Scale>0</Scale><DefaultValue></DefaultValue></ColumnInfo>
		<ColumnInfo><Name>PRICE_CTR</Name><Type>-9</Type><Length>50</Length><Precision>50</Precision><Scale>0</Scale><DefaultValue></DefaultValue></ColumnInfo>
		<ColumnInfo><Name>PRICE_DATE</Name><Type>91</Type><Length>23</Length><Precision>8</Precision><Scale>0</Scale><DefaultValue></DefaultValue></ColumnInfo>
		<ColumnInfo><Name>PRICE_UNIT</Name><Type>-9</Type><Length>50</Length><Precision>50</Precision><Scale>0</Scale><DefaultValue></DefaultValue></ColumnInfo>
		<ColumnInfo><Name>PRINT_REL</Name><Type>-9</Type><Length>50</Length><Precision>50</Precision><Scale>0</Scale><DefaultValue></DefaultValue></ColumnInfo>
		<ColumnInfo><Name>PRIOR_VEND</Name><Type>-9</Type><Length>50</Length><Precision>50</Precision><Scale>0</Scale><DefaultValue></DefaultValue></ColumnInfo>
		<ColumnInfo><Name>PRNT_PRICE</Name><Type>-9</Type><Length>50</Length><Precision>50</Precision><Scale>0</Scale><DefaultValue></DefaultValue></ColumnInfo>
		<ColumnInfo><Name>PROFIT_CTR</Name><Type>-9</Type><Length>50</Length><Precision>50</Precision><Scale>0</Scale><DefaultValue></DefaultValue></ColumnInfo>
		<ColumnInfo><Name>PROMOTION</Name><Type>-9</Type><Length>50</Length><Precision>50</Precision><Scale>0</Scale><DefaultValue></DefaultValue></ColumnInfo>
		<ColumnInfo><Name>PTR_ASS_BA</Name><Type>-9</Type><Length>50</Length><Precision>50</Precision><Scale>0</Scale><DefaultValue></DefaultValue></ColumnInfo>
		<ColumnInfo><Name>PUR_MAT</Name><Type>-9</Type><Length>50</Length><Precision>50</Precision><Scale>0</Scale><DefaultValue></DefaultValue></ColumnInfo>
		<ColumnInfo><Name>PUR_MAT_EXTERNAL</Name><Type>-9</Type><Length>50</Length><Precision>50</Precision><Scale>0</Scale><DefaultValue></DefaultValue></ColumnInfo>
		<ColumnInfo><Name>PUR_MAT_GUID</Name><Type>-9</Type><Length>50</Length><Precision>50</Precision><Scale>0</Scale><DefaultValue></DefaultValue></ColumnInfo>
		<ColumnInfo><Name>PUR_MAT_VERSION</Name><Type>-9</Type><Length>50</Length><Precision>50</Precision><Scale>0</Scale><DefaultValue></DefaultValue></ColumnInfo>
		<ColumnInfo><Name>purchaseorder</Name><Type>-9</Type><Length>50</Length><Precision>50</Precision><Scale>0</Scale><DefaultValue></DefaultValue></ColumnInfo>
		<ColumnInfo><Name>QUAL_INSP</Name><Type>-9</Type><Length>50</Length><Precision>50</Precision><Scale>0</Scale><DefaultValue></DefaultValue></ColumnInfo>
		<ColumnInfo><Name>QUANTITY</Name><Type>-9</Type><Length>50</Length><Precision>50</Precision><Scale>0</Scale><DefaultValue></DefaultValue></ColumnInfo>
		<ColumnInfo><Name>QUOT_DEAD</Name><Type>91</Type><Length>23</Length><Precision>8</Precision><Scale>0</Scale><DefaultValue></DefaultValue></ColumnInfo>
		<ColumnInfo><Name>QUOTAUSAGE</Name><Type>-9</Type><Length>50</Length><Precision>50</Precision><Scale>0</Scale><DefaultValue></DefaultValue></ColumnInfo>
		<ColumnInfo><Name>RECON_DATE</Name><Type>91</Type><Length>23</Length><Precision>8</Precision><Scale>0</Scale><DefaultValue></DefaultValue></ColumnInfo>
		<ColumnInfo><Name>REJ_IND</Name><Type>-9</Type><Length>50</Length><Precision>50</Precision><Scale>0</Scale><DefaultValue></DefaultValue></ColumnInfo>
		<ColumnInfo><Name>RELORD_QTY</Name><Type>-9</Type><Length>50</Length><Precision>50</Precision><Scale>0</Scale><DefaultValue></DefaultValue></ColumnInfo>
		<ColumnInfo><Name>REMINDER1</Name><Type>-9</Type><Length>50</Length><Precision>50</Precision><Scale>0</Scale><DefaultValue></DefaultValue></ColumnInfo>
		<ColumnInfo><Name>REMINDER2</Name><Type>-9</Type><Length>50</Length><Precision>50</Precision><Scale>0</Scale><DefaultValue></DefaultValue></ColumnInfo>
		<ColumnInfo><Name>REMINDER3</Name><Type>-9</Type><Length>50</Length><Precision>50</Precision><Scale>0</Scale><DefaultValue></DefaultValue></ColumnInfo>
		<ColumnInfo><Name>REMSHLIFE</Name><Type>-9</Type><Length>50</Length><Precision>50</Precision><Scale>0</Scale><DefaultValue></DefaultValue></ColumnInfo>
		<ColumnInfo><Name>RET_ITEM</Name><Type>-9</Type><Length>50</Length><Precision>50</Precision><Scale>0</Scale><DefaultValue></DefaultValue></ColumnInfo>
		<ColumnInfo><Name>REV_LEV</Name><Type>-9</Type><Length>50</Length><Precision>50</Precision><Scale>0</Scale><DefaultValue></DefaultValue></ColumnInfo>
		<ColumnInfo><Name>RFQ</Name><Type>-9</Type><Length>50</Length><Precision>50</Precision><Scale>0</Scale><DefaultValue></DefaultValue></ColumnInfo>
		<ColumnInfo><Name>RFQ_ITEM</Name><Type>2016</Type><Length>6</Length><Precision>2</Precision><Scale>0</Scale><DefaultValue></DefaultValue></ColumnInfo>
		<ColumnInfo><Name>SC_VENDOR</Name><Type>-9</Type><Length>50</Length><Precision>50</Precision><Scale>0</Scale><DefaultValue></DefaultValue></ColumnInfo>
		<ColumnInfo><Name>SEASON_TY</Name><Type>-9</Type><Length>50</Length><Precision>50</Precision><Scale>0</Scale><DefaultValue></DefaultValue></ColumnInfo>
		<ColumnInfo><Name>SEASON_YR</Name><Type>-9</Type><Length>50</Length><Precision>50</Precision><Scale>0</Scale><DefaultValue></DefaultValue></ColumnInfo>
		<ColumnInfo><Name>SER_NO</Name><Type>2016</Type><Length>6</Length><Precision>2</Precision><Scale>0</Scale><DefaultValue></DefaultValue></ColumnInfo>
		<ColumnInfo><Name>SETRESERNO</Name><Type>2016</Type><Length>6</Length><Precision>2</Precision><Scale>0</Scale><DefaultValue></DefaultValue></ColumnInfo>
		<ColumnInfo><Name>SETT_GRP_2</Name><Type>-9</Type><Length>50</Length><Precision>50</Precision><Scale>0</Scale><DefaultValue></DefaultValue></ColumnInfo>
		<ColumnInfo><Name>SETT_GRP_3</Name><Type>-9</Type><Length>50</Length><Precision>50</Precision><Scale>0</Scale><DefaultValue></DefaultValue></ColumnInfo>
		<ColumnInfo><Name>SETT_GRP1</Name><Type>-9</Type><Length>50</Length><Precision>50</Precision><Scale>0</Scale><DefaultValue></DefaultValue></ColumnInfo>
		<ColumnInfo><Name>SETT_ITEM</Name><Type>-9</Type><Length>50</Length><Precision>50</Precision><Scale>0</Scale><DefaultValue></DefaultValue></ColumnInfo>
		<ColumnInfo><Name>SETTLITMNO</Name><Type>2016</Type><Length>6</Length><Precision>2</Precision><Scale>0</Scale><DefaultValue></DefaultValue></ColumnInfo>
		<ColumnInfo><Name>SHIPPING</Name><Type>-9</Type><Length>50</Length><Precision>50</Precision><Scale>0</Scale><DefaultValue></DefaultValue></ColumnInfo>
		<ColumnInfo><Name>SHORT_TEXT</Name><Type>-9</Type><Length>50</Length><Precision>50</Precision><Scale>0</Scale><DefaultValue></DefaultValue></ColumnInfo>
		<ColumnInfo><Name>SI_CAT</Name><Type>-9</Type><Length>50</Length><Precision>50</Precision><Scale>0</Scale><DefaultValue></DefaultValue></ColumnInfo>
		<ColumnInfo><Name>SPEC_STOCK</Name><Type>-9</Type><Length>50</Length><Precision>50</Precision><Scale>0</Scale><DefaultValue></DefaultValue></ColumnInfo>
		<ColumnInfo><Name>SPSTCK_PHY</Name><Type>-9</Type><Length>50</Length><Precision>50</Precision><Scale>0</Scale><DefaultValue></DefaultValue></ColumnInfo>
		<ColumnInfo><Name>STATISTIC</Name><Type>-9</Type><Length>50</Length><Precision>50</Precision><Scale>0</Scale><DefaultValue></DefaultValue></ColumnInfo>
		<ColumnInfo><Name>STATUS_1</Name><Type>-9</Type><Length>50</Length><Precision>50</Precision><Scale>0</Scale><DefaultValue></DefaultValue></ColumnInfo>
		<ColumnInfo><Name>STORE_LOC</Name><Type>-9</Type><Length>50</Length><Precision>50</Precision><Scale>0</Scale><DefaultValue></DefaultValue></ColumnInfo>
		<ColumnInfo><Name>SUB_ITEMS</Name><Type>-9</Type><Length>50</Length><Precision>50</Precision><Scale>0</Scale><DefaultValue></DefaultValue></ColumnInfo>
		<ColumnInfo><Name>SUB_RANGE</Name><Type>-9</Type><Length>50</Length><Precision>50</Precision><Scale>0</Scale><DefaultValue></DefaultValue></ColumnInfo>
		<ColumnInfo><Name>SUBITM_KEY</Name><Type>-9</Type><Length>50</Length><Precision>50</Precision><Scale>0</Scale><DefaultValue></DefaultValue></ColumnInfo>
		<ColumnInfo><Name>SUBTOTAL_1</Name><Type>-9</Type><Length>50</Length><Precision>50</Precision><Scale>0</Scale><DefaultValue></DefaultValue></ColumnInfo>
		<ColumnInfo><Name>SUBTOTAL_2</Name><Type>-9</Type><Length>50</Length><Precision>50</Precision><Scale>0</Scale><DefaultValue></DefaultValue></ColumnInfo>
		<ColumnInfo><Name>SUBTOTAL_3</Name><Type>-9</Type><Length>50</Length><Precision>50</Precision><Scale>0</Scale><DefaultValue></DefaultValue></ColumnInfo>
		<ColumnInfo><Name>SUBTOTAL_4</Name><Type>-9</Type><Length>50</Length><Precision>50</Precision><Scale>0</Scale><DefaultValue></DefaultValue></ColumnInfo>
		<ColumnInfo><Name>SUBTOTAL_5</Name><Type>-9</Type><Length>50</Length><Precision>50</Precision><Scale>0</Scale><DefaultValue></DefaultValue></ColumnInfo>
		<ColumnInfo><Name>SUBTOTAL_6</Name><Type>-9</Type><Length>50</Length><Precision>50</Precision><Scale>0</Scale><DefaultValue></DefaultValue></ColumnInfo>
		<ColumnInfo><Name>SUPPL_VEND</Name><Type>-9</Type><Length>50</Length><Precision>50</Precision><Scale>0</Scale><DefaultValue></DefaultValue></ColumnInfo>
		<ColumnInfo><Name>TARGET_QTY</Name><Type>-9</Type><Length>50</Length><Precision>50</Precision><Scale>0</Scale><DefaultValue></DefaultValue></ColumnInfo>
		<ColumnInfo><Name>TAX_CODE</Name><Type>-9</Type><Length>50</Length><Precision>50</Precision><Scale>0</Scale><DefaultValue></DefaultValue></ColumnInfo>
		<ColumnInfo><Name>TAX_JUR_CD</Name><Type>-9</Type><Length>50</Length><Precision>50</Precision><Scale>0</Scale><DefaultValue></DefaultValue></ColumnInfo>
		<ColumnInfo><Name>TRACKINGNO</Name><Type>-9</Type><Length>50</Length><Precision>50</Precision><Scale>0</Scale><DefaultValue></DefaultValue></ColumnInfo>
		<ColumnInfo><Name>TRADE_OFF</Name><Type>-9</Type><Length>50</Length><Precision>50</Precision><Scale>0</Scale><DefaultValue></DefaultValue></ColumnInfo>
		<ColumnInfo><Name>TRANS_TIME</Name><Type>-9</Type><Length>50</Length><Precision>50</Precision><Scale>0</Scale><DefaultValue></DefaultValue></ColumnInfo>
		<ColumnInfo><Name>UNDER_TOL</Name><Type>-9</Type><Length>50</Length><Precision>50</Precision><Scale>0</Scale><DefaultValue></DefaultValue></ColumnInfo>
		<ColumnInfo><Name>UNIT</Name><Type>-9</Type><Length>50</Length><Precision>50</Precision><Scale>0</Scale><DefaultValue></DefaultValue></ColumnInfo>
		<ColumnInfo><Name>UNLIMITED</Name><Type>-9</Type><Length>50</Length><Precision>50</Precision><Scale>0</Scale><DefaultValue></DefaultValue></ColumnInfo>
		<ColumnInfo><Name>UPDATE_GRP</Name><Type>-9</Type><Length>50</Length><Precision>50</Precision><Scale>0</Scale><DefaultValue></DefaultValue></ColumnInfo>
		<ColumnInfo><Name>VAL_CAT</Name><Type>-9</Type><Length>50</Length><Precision>50</Precision><Scale>0</Scale><DefaultValue></DefaultValue></ColumnInfo>
		<ColumnInfo><Name>VAL_TYPE</Name><Type>-9</Type><Length>50</Length><Precision>50</Precision><Scale>0</Scale><DefaultValue></DefaultValue></ColumnInfo>
		<ColumnInfo><Name>VEND_MAT</Name><Type>-9</Type><Length>50</Length><Precision>50</Precision><Scale>0</Scale><DefaultValue></DefaultValue></ColumnInfo>
		<ColumnInfo><Name>VOLUME</Name><Type>-9</Type><Length>50</Length><Precision>50</Precision><Scale>0</Scale><DefaultValue></DefaultValue></ColumnInfo>
		<ColumnInfo><Name>VOLUMEUNIT</Name><Type>-9</Type><Length>50</Length><Precision>50</Precision><Scale>0</Scale><DefaultValue></DefaultValue></ColumnInfo>
		<ColumnInfo><Name>VOLUMEUNIT_ISO</Name><Type>-9</Type><Length>50</Length><Precision>50</Precision><Scale>0</Scale><DefaultValue></DefaultValue></ColumnInfo>
		<ColumnInfo><Name>WEIGHTUNIT</Name><Type>-9</Type><Length>50</Length><Precision>50</Precision><Scale>0</Scale><DefaultValue></DefaultValue></ColumnInfo>
		<ColumnInfo><Name>WEIGHTUNIT_ISO</Name><Type>-9</Type><Length>50</Length><Precision>50</Precision><Scale>0</Scale><DefaultValue></DefaultValue></ColumnInfo>
		<ColumnInfo><Name>insertionOrderId</Name><Type>2017</Type><Length>20</Length><Precision>4</Precision><Scale>0</Scale><Identity>true</Identity><DefaultValue></DefaultValue><Primary>true</Primary></ColumnInfo>
	</TableInfo>

	<TableInfo>
		<Name>complex_exception_details</Name>
		<ColumnInfo><Name>pinstanceid</Name><Type>-9</Type><Length>50</Length><Precision>50</Precision><Scale>0</Scale><DefaultValue></DefaultValue></ColumnInfo>
		<ColumnInfo><Name>errormessage</Name><Type>-9</Type><Length>255</Length><Precision>255</Precision><Scale>0</Scale><DefaultValue></DefaultValue></ColumnInfo>
		<ColumnInfo><Name>errordate</Name><Type>-9</Type><Length>50</Length><Precision>50</Precision><Scale>0</Scale><DefaultValue></DefaultValue></ColumnInfo>
		<ColumnInfo><Name>resolutionstatus</Name><Type>-9</Type><Length>50</Length><Precision>50</Precision><Scale>0</Scale><DefaultValue></DefaultValue></ColumnInfo>
		<ColumnInfo><Name>resolutionremarks</Name><Type>-9</Type><Length>255</Length><Precision>255</Precision><Scale>0</Scale><DefaultValue></DefaultValue></ColumnInfo>
		<ColumnInfo><Name>resolvedby</Name><Type>-9</Type><Length>50</Length><Precision>50</Precision><Scale>0</Scale><DefaultValue></DefaultValue></ColumnInfo>
		<ColumnInfo><Name>resolveddate</Name><Type>-9</Type><Length>50</Length><Precision>50</Precision><Scale>0</Scale><DefaultValue></DefaultValue></ColumnInfo>
		<ColumnInfo><Name>insertionOrderId</Name><Type>2017</Type><Length>20</Length><Precision>20</Precision><Scale>0</Scale><Identity>true</Identity><DefaultValue></DefaultValue><Primary>true</Primary></ColumnInfo>
	</TableInfo>

	<TableInfo>
		<Name>complex_service_SheetDetails</Name>
		<ColumnInfo><Name>pistanceid</Name><Type>-9</Type><Length>252</Length><Precision>252</Precision><Scale>0</Scale><DefaultValue></DefaultValue></ColumnInfo>
		<ColumnInfo><Name>po_item</Name><Type>-9</Type><Length>50</Length><Precision>50</Precision><Scale>0</Scale><DefaultValue></DefaultValue></ColumnInfo>
		<ColumnInfo><Name>MAT_DOC</Name><Type>-9</Type><Length>50</Length><Precision>50</Precision><Scale>0</Scale><DefaultValue></DefaultValue></ColumnInfo>
		<ColumnInfo><Name>PSTNG_DATE</Name><Type>-9</Type><Length>50</Length><Precision>50</Precision><Scale>0</Scale><DefaultValue></DefaultValue></ColumnInfo>
		<ColumnInfo><Name>QUANTITY</Name><Type>-9</Type><Length>50</Length><Precision>50</Precision><Scale>0</Scale><DefaultValue></DefaultValue></ColumnInfo>
		<ColumnInfo><Name>VAL_LOCCUR</Name><Type>-9</Type><Length>50</Length><Precision>50</Precision><Scale>0</Scale><DefaultValue></DefaultValue></ColumnInfo>
		<ColumnInfo><Name>CURRENCY</Name><Type>-9</Type><Length>50</Length><Precision>50</Precision><Scale>0</Scale><DefaultValue></DefaultValue></ColumnInfo>
		<ColumnInfo><Name>insertionOrderId</Name><Type>2017</Type><Length>20</Length><Precision>4</Precision><Scale>0</Scale><Identity>true</Identity><DefaultValue></DefaultValue><Primary>true</Primary></ColumnInfo>
		<ColumnInfo><Name>VAl_LOCCUR_TDSBASE</Name><Type>-9</Type><Length>50</Length><Precision>50</Precision><Scale>0</Scale><DefaultValue></DefaultValue></ColumnInfo>
		<ColumnInfo><Name>EXT_LINE</Name><Type>-9</Type><Length>255</Length><Precision>255</Precision><Scale>0</Scale><DefaultValue></DefaultValue></ColumnInfo>
		<ColumnInfo><Name>BASE_UOM</Name><Type>-9</Type><Length>50</Length><Precision>50</Precision><Scale>0</Scale><DefaultValue></DefaultValue></ColumnInfo>
		<ColumnInfo><Name>UOM_ISO</Name><Type>-9</Type><Length>50</Length><Precision>50</Precision><Scale>0</Scale><DefaultValue></DefaultValue></ColumnInfo>
	</TableInfo>

	<TableInfo>
		<Name>complex_tds_calculation</Name>
		<ColumnInfo><Name>pinstanceid</Name><Type>-9</Type><Length>255</Length><Precision>255</Precision><Scale>0</Scale><DefaultValue></DefaultValue></ColumnInfo>
		<ColumnInfo><Name>applied</Name><Type>-9</Type><Length>50</Length><Precision>50</Precision><Scale>0</Scale><DefaultValue></DefaultValue></ColumnInfo>
		<ColumnInfo><Name>country</Name><Type>-9</Type><Length>50</Length><Precision>50</Precision><Scale>0</Scale><DefaultValue></DefaultValue></ColumnInfo>
		<ColumnInfo><Name>description</Name><Type>-9</Type><Length>255</Length><Precision>255</Precision><Scale>0</Scale><DefaultValue></DefaultValue></ColumnInfo>
		<ColumnInfo><Name>tax</Name><Type>-9</Type><Length>50</Length><Precision>50</Precision><Scale>0</Scale><DefaultValue></DefaultValue></ColumnInfo>
		<ColumnInfo><Name>tax_code</Name><Type>-9</Type><Length>50</Length><Precision>50</Precision><Scale>0</Scale><DefaultValue></DefaultValue></ColumnInfo>
		<ColumnInfo><Name>tax_type</Name><Type>-9</Type><Length>50</Length><Precision>50</Precision><Scale>0</Scale><DefaultValue></DefaultValue></ColumnInfo>
		<ColumnInfo><Name>po_item</Name><Type>-9</Type><Length>50</Length><Precision>50</Precision><Scale>0</Scale><DefaultValue></DefaultValue></ColumnInfo>
		<ColumnInfo><Name>tds_amount</Name><Type>-9</Type><Length>255</Length><Precision>255</Precision><Scale>0</Scale><DefaultValue></DefaultValue></ColumnInfo>
		<ColumnInfo><Name>insertionOrderId</Name><Type>2017</Type><Length>20</Length><Precision>4</Precision><Scale>0</Scale><Identity>true</Identity><DefaultValue></DefaultValue><Primary>true</Primary></ColumnInfo>
		<ColumnInfo><Name>amount</Name><Type>-9</Type><Length>255</Length><Precision>255</Precision><Scale>0</Scale><DefaultValue></DefaultValue></ColumnInfo>
	</TableInfo>
</Tables>