<PMWACTIVITYINTERFACEASSOCTABLE>
	<RowData><ProcessDefId>3</ProcessDefId><ActivityId>28</ActivityId><ActivityName>Query_28</ActivityName><InterfaceElementId>1</InterfaceElementId><InterfaceType>D</InterfaceType><Attribute>V</Attribute><TriggerName></TriggerName>
	</RowData>
	<RowData><ProcessDefId>3</ProcessDefId><ActivityId>23</ActivityId><ActivityName>ParkingException</ActivityName><InterfaceElementId>1</InterfaceElementId><InterfaceType>F</InterfaceType><Attribute></Attribute><TriggerName></TriggerName>
	</RowData>
	<RowData><ProcessDefId>3</ProcessDefId><ActivityId>30</ActivityId><ActivityName>Discard</ActivityName><InterfaceElementId>1</InterfaceElementId><InterfaceType>D</InterfaceType><Attribute>V</Attribute><TriggerName></TriggerName>
	</RowData>
	<RowData><ProcessDefId>3</ProcessDefId><ActivityId>3</ActivityId><ActivityName>Finance</ActivityName><InterfaceElementId>1</InterfaceElementId><InterfaceType>D</InterfaceType><Attribute>T</Attribute><TriggerName></TriggerName>
	</RowData>
	<RowData><ProcessDefId>3</ProcessDefId><ActivityId>3</ActivityId><ActivityName>Finance</ActivityName><InterfaceElementId>1</InterfaceElementId><InterfaceType>F</InterfaceType><Attribute></Attribute><TriggerName></TriggerName>
	</RowData>
	<RowData><ProcessDefId>3</ProcessDefId><ActivityId>27</ActivityId><ActivityName>PostingException</ActivityName><InterfaceElementId>1</InterfaceElementId><InterfaceType>D</InterfaceType><Attribute>T</Attribute><TriggerName></TriggerName>
	</RowData>
	<RowData><ProcessDefId>3</ProcessDefId><ActivityId>25</ActivityId><ActivityName>SchedulerPosting</ActivityName><InterfaceElementId>1</InterfaceElementId><InterfaceType>D</InterfaceType><Attribute>T</Attribute><TriggerName></TriggerName>
	</RowData>
	<RowData><ProcessDefId>3</ProcessDefId><ActivityId>2</ActivityId><ActivityName>Accounts</ActivityName><InterfaceElementId>1</InterfaceElementId><InterfaceType>D</InterfaceType><Attribute>T</Attribute><TriggerName></TriggerName>
	</RowData>
	<RowData><ProcessDefId>3</ProcessDefId><ActivityId>2</ActivityId><ActivityName>Accounts</ActivityName><InterfaceElementId>1</InterfaceElementId><InterfaceType>F</InterfaceType><Attribute></Attribute><TriggerName></TriggerName>
	</RowData>
	<RowData><ProcessDefId>3</ProcessDefId><ActivityId>10</ActivityId><ActivityName>End</ActivityName><InterfaceElementId>1</InterfaceElementId><InterfaceType>D</InterfaceType><Attribute>V</Attribute><TriggerName></TriggerName>
	</RowData>
	<RowData><ProcessDefId>3</ProcessDefId><ActivityId>10</ActivityId><ActivityName>End</ActivityName><InterfaceElementId>1</InterfaceElementId><InterfaceType>F</InterfaceType><Attribute></Attribute><TriggerName></TriggerName>
	</RowData>
	<RowData><ProcessDefId>3</ProcessDefId><ActivityId>1</ActivityId><ActivityName>ServiceUpload</ActivityName><InterfaceElementId>1</InterfaceElementId><InterfaceType>D</InterfaceType><Attribute>T</Attribute><TriggerName></TriggerName>
	</RowData>
	<RowData><ProcessDefId>3</ProcessDefId><ActivityId>1</ActivityId><ActivityName>ServiceUpload</ActivityName><InterfaceElementId>1</InterfaceElementId><InterfaceType>F</InterfaceType><Attribute></Attribute><TriggerName></TriggerName>
	</RowData>
	<RowData><ProcessDefId>3</ProcessDefId><ActivityId>16</ActivityId><ActivityName>Audit</ActivityName><InterfaceElementId>1</InterfaceElementId><InterfaceType>D</InterfaceType><Attribute>T</Attribute><TriggerName></TriggerName>
	</RowData>
	<RowData><ProcessDefId>3</ProcessDefId><ActivityId>25</ActivityId><ActivityName>SchedulerPosting</ActivityName><InterfaceElementId>1</InterfaceElementId><InterfaceType>F</InterfaceType><Attribute></Attribute><TriggerName></TriggerName>
	</RowData>
	<RowData><ProcessDefId>3</ProcessDefId><ActivityId>27</ActivityId><ActivityName>PostingException</ActivityName><InterfaceElementId>1</InterfaceElementId><InterfaceType>F</InterfaceType><Attribute></Attribute><TriggerName></TriggerName>
	</RowData>
	<RowData><ProcessDefId>3</ProcessDefId><ActivityId>28</ActivityId><ActivityName>Query_28</ActivityName><InterfaceElementId>1</InterfaceElementId><InterfaceType>F</InterfaceType>
	</RowData>
	<RowData><ProcessDefId>3</ProcessDefId><ActivityId>30</ActivityId><ActivityName>Discard</ActivityName><InterfaceElementId>1</InterfaceElementId><InterfaceType>F</InterfaceType><Attribute></Attribute><TriggerName></TriggerName>
	</RowData>
	<RowData><ProcessDefId>3</ProcessDefId><ActivityId>16</ActivityId><ActivityName>Audit</ActivityName><InterfaceElementId>1</InterfaceElementId><InterfaceType>F</InterfaceType><Attribute></Attribute><TriggerName></TriggerName>
	</RowData>
	<RowData><ProcessDefId>3</ProcessDefId><ActivityId>23</ActivityId><ActivityName>ParkingException</ActivityName><InterfaceElementId>1</InterfaceElementId><InterfaceType>D</InterfaceType><Attribute>T</Attribute><TriggerName></TriggerName>
	</RowData>
</PMWACTIVITYINTERFACEASSOCTABLE>