<PMWActivitySequenceTABLE>
	<RowData><ProcessDefId>3</ProcessDefId><MileStoneId>1</MileStoneId><ActivityId>31</ActivityId><SequenceId>-11</SequenceId><SubSequenceId>0</SubSequenceId>
	</RowData>
	<RowData><ProcessDefId>3</ProcessDefId><MileStoneId>1</MileStoneId><ActivityId>29</ActivityId><SequenceId>-10</SequenceId><SubSequenceId>0</SubSequenceId>
	</RowData>
	<RowData><ProcessDefId>3</ProcessDefId><MileStoneId>1</MileStoneId><ActivityId>26</ActivityId><SequenceId>-9</SequenceId><SubSequenceId>0</SubSequenceId>
	</RowData>
	<RowData><ProcessDefId>3</ProcessDefId><MileStoneId>1</MileStoneId><ActivityId>24</ActivityId><SequenceId>-8</SequenceId><SubSequenceId>0</SubSequenceId>
	</RowData>
	<RowData><ProcessDefId>3</ProcessDefId><MileStoneId>1</MileStoneId><ActivityId>17</ActivityId><SequenceId>-5</SequenceId><SubSequenceId>0</SubSequenceId>
	</RowData>
	<RowData><ProcessDefId>3</ProcessDefId><MileStoneId>1</MileStoneId><ActivityId>1</ActivityId><SequenceId>1</SequenceId><SubSequenceId>0</SubSequenceId>
	</RowData>
	<RowData><ProcessDefId>3</ProcessDefId><MileStoneId>1</MileStoneId><ActivityId>2</ActivityId><SequenceId>2</SequenceId><SubSequenceId>0</SubSequenceId>
	</RowData>
	<RowData><ProcessDefId>3</ProcessDefId><MileStoneId>1</MileStoneId><ActivityId>3</ActivityId><SequenceId>3</SequenceId><SubSequenceId>0</SubSequenceId>
	</RowData>
	<RowData><ProcessDefId>3</ProcessDefId><MileStoneId>1</MileStoneId><ActivityId>10</ActivityId><SequenceId>6</SequenceId><SubSequenceId>0</SubSequenceId>
	</RowData>
	<RowData><ProcessDefId>3</ProcessDefId><MileStoneId>1</MileStoneId><ActivityId>16</ActivityId><SequenceId>7</SequenceId><SubSequenceId>0</SubSequenceId>
	</RowData>
	<RowData><ProcessDefId>3</ProcessDefId><MileStoneId>1</MileStoneId><ActivityId>23</ActivityId><SequenceId>16</SequenceId><SubSequenceId>0</SubSequenceId>
	</RowData>
	<RowData><ProcessDefId>3</ProcessDefId><MileStoneId>1</MileStoneId><ActivityId>25</ActivityId><SequenceId>17</SequenceId><SubSequenceId>0</SubSequenceId>
	</RowData>
	<RowData><ProcessDefId>3</ProcessDefId><MileStoneId>1</MileStoneId><ActivityId>27</ActivityId><SequenceId>18</SequenceId><SubSequenceId>0</SubSequenceId>
	</RowData>
	<RowData><ProcessDefId>3</ProcessDefId><MileStoneId>1</MileStoneId><ActivityId>28</ActivityId><SequenceId>19</SequenceId><SubSequenceId>0</SubSequenceId>
	</RowData>
	<RowData><ProcessDefId>3</ProcessDefId><MileStoneId>1</MileStoneId><ActivityId>30</ActivityId><SequenceId>20</SequenceId><SubSequenceId>0</SubSequenceId>
	</RowData>
</PMWActivitySequenceTABLE>