<PMWCalendarAssocTable>
	<RowData><CalId>1</CalId><ProcessDefId>3</ProcessDefId><ActivityId>0</ActivityId><CalType>G</CalType>
	</RowData>
	<RowData><CalId>1</CalId><ProcessDefId>3</ProcessDefId><ActivityId>1</ActivityId><CalType>G</CalType>
	</RowData>
	<RowData><CalId>1</CalId><ProcessDefId>3</ProcessDefId><ActivityId>2</ActivityId><CalType>G</CalType>
	</RowData>
	<RowData><CalId>1</CalId><ProcessDefId>3</ProcessDefId><ActivityId>3</ActivityId><CalType>G</CalType>
	</RowData>
	<RowData><CalId>1</CalId><ProcessDefId>3</ProcessDefId><ActivityId>16</ActivityId><CalType>G</CalType>
	</RowData>
	<RowData><CalId>1</CalId><ProcessDefId>3</ProcessDefId><ActivityId>17</ActivityId><CalType>G</CalType>
	</RowData>
	<RowData><CalId>1</CalId><ProcessDefId>3</ProcessDefId><ActivityId>23</ActivityId><CalType>G</CalType>
	</RowData>
	<RowData><CalId>1</CalId><ProcessDefId>3</ProcessDefId><ActivityId>24</ActivityId><CalType>G</CalType>
	</RowData>
	<RowData><CalId>1</CalId><ProcessDefId>3</ProcessDefId><ActivityId>25</ActivityId><CalType>G</CalType>
	</RowData>
	<RowData><CalId>1</CalId><ProcessDefId>3</ProcessDefId><ActivityId>26</ActivityId><CalType>G</CalType>
	</RowData>
	<RowData><CalId>1</CalId><ProcessDefId>3</ProcessDefId><ActivityId>27</ActivityId><CalType>G</CalType>
	</RowData>
	<RowData><CalId>1</CalId><ProcessDefId>3</ProcessDefId><ActivityId>28</ActivityId><CalType>G</CalType>
	</RowData>
	<RowData><CalId>1</CalId><ProcessDefId>3</ProcessDefId><ActivityId>29</ActivityId><CalType>G</CalType>
	</RowData>
	<RowData><CalId>1</CalId><ProcessDefId>3</ProcessDefId><ActivityId>31</ActivityId><CalType>G</CalType>
	</RowData>
</PMWCalendarAssocTable>