<PMWExtInterfaceOperationTable>
	<RowData><ProcessDefId>3</ProcessDefId><ActivityId>0</ActivityId><InterFaceType>I</InterFaceType><RuleId>1</RuleId><InterfaceElementId>91</InterfaceElementId>
	</RowData>
	<RowData><ProcessDefId>3</ProcessDefId><ActivityId>0</ActivityId><InterFaceType>I</InterFaceType><RuleId>3</RuleId><InterfaceElementId>113</InterfaceElementId>
	</RowData>
	<RowData><ProcessDefId>3</ProcessDefId><ActivityId>0</ActivityId><InterFaceType>I</InterFaceType><RuleId>4</RuleId><InterfaceElementId>115</InterfaceElementId>
	</RowData>
	<RowData><ProcessDefId>3</ProcessDefId><ActivityId>0</ActivityId><InterFaceType>I</InterFaceType><RuleId>8</RuleId><InterfaceElementId>130</InterfaceElementId>
	</RowData>
	<RowData><ProcessDefId>3</ProcessDefId><ActivityId>0</ActivityId><InterFaceType>I</InterFaceType><RuleId>9</RuleId><InterfaceElementId>112</InterfaceElementId>
	</RowData>
	<RowData><ProcessDefId>3</ProcessDefId><ActivityId>0</ActivityId><InterFaceType>I</InterFaceType><RuleId>10</RuleId><InterfaceElementId>116</InterfaceElementId>
	</RowData>
</PMWExtInterfaceOperationTable>