<PMWEXTMETHODDEFTABLE>
	<RowData><ProcessDefId>3</ProcessDefId><ExtMethodIndex>1</ExtMethodIndex><ExtAppName>System</ExtAppName><ExtAppType>S</ExtAppType><ExtMethodName>contains</ExtMethodName><SearchMethod></SearchMethod><ReturnType>12</ReturnType><MappingFile></MappingFile><ConfigurationID>0</ConfigurationID>
	</RowData>
	<RowData><ProcessDefId>3</ProcessDefId><ExtMethodIndex>2</ExtMethodIndex><ExtAppName>System</ExtAppName><ExtAppType>S</ExtAppType><ExtMethodName>normalizeSpace</ExtMethodName><SearchMethod></SearchMethod><ReturnType>10</ReturnType><MappingFile></MappingFile><ConfigurationID>0</ConfigurationID>
	</RowData>
	<RowData><ProcessDefId>3</ProcessDefId><ExtMethodIndex>3</ExtMethodIndex><ExtAppName>System</ExtAppName><ExtAppType>S</ExtAppType><ExtMethodName>stringValue</ExtMethodName><SearchMethod></SearchMethod><ReturnType>10</ReturnType><MappingFile></MappingFile><ConfigurationID>0</ConfigurationID>
	</RowData>
	<RowData><ProcessDefId>3</ProcessDefId><ExtMethodIndex>4</ExtMethodIndex><ExtAppName>System</ExtAppName><ExtAppType>S</ExtAppType><ExtMethodName>stringValue</ExtMethodName><SearchMethod></SearchMethod><ReturnType>10</ReturnType><MappingFile></MappingFile><ConfigurationID>0</ConfigurationID>
	</RowData>
	<RowData><ProcessDefId>3</ProcessDefId><ExtMethodIndex>5</ExtMethodIndex><ExtAppName>System</ExtAppName><ExtAppType>S</ExtAppType><ExtMethodName>stringValue</ExtMethodName><SearchMethod></SearchMethod><ReturnType>10</ReturnType><MappingFile></MappingFile><ConfigurationID>0</ConfigurationID>
	</RowData>
	<RowData><ProcessDefId>3</ProcessDefId><ExtMethodIndex>6</ExtMethodIndex><ExtAppName>System</ExtAppName><ExtAppType>S</ExtAppType><ExtMethodName>stringValue</ExtMethodName><SearchMethod></SearchMethod><ReturnType>10</ReturnType><MappingFile></MappingFile><ConfigurationID>0</ConfigurationID>
	</RowData>
	<RowData><ProcessDefId>3</ProcessDefId><ExtMethodIndex>7</ExtMethodIndex><ExtAppName>System</ExtAppName><ExtAppType>S</ExtAppType><ExtMethodName>stringValue</ExtMethodName><SearchMethod></SearchMethod><ReturnType>10</ReturnType><MappingFile></MappingFile><ConfigurationID>0</ConfigurationID>
	</RowData>
	<RowData><ProcessDefId>3</ProcessDefId><ExtMethodIndex>8</ExtMethodIndex><ExtAppName>System</ExtAppName><ExtAppType>S</ExtAppType><ExtMethodName>stringValue</ExtMethodName><SearchMethod></SearchMethod><ReturnType>10</ReturnType><MappingFile></MappingFile><ConfigurationID>0</ConfigurationID>
	</RowData>
	<RowData><ProcessDefId>3</ProcessDefId><ExtMethodIndex>9</ExtMethodIndex><ExtAppName>System</ExtAppName><ExtAppType>S</ExtAppType><ExtMethodName>booleanValue</ExtMethodName><SearchMethod></SearchMethod><ReturnType>12</ReturnType><MappingFile></MappingFile><ConfigurationID>0</ConfigurationID>
	</RowData>
	<RowData><ProcessDefId>3</ProcessDefId><ExtMethodIndex>10</ExtMethodIndex><ExtAppName>System</ExtAppName><ExtAppType>S</ExtAppType><ExtMethodName>booleanValue</ExtMethodName><SearchMethod></SearchMethod><ReturnType>12</ReturnType><MappingFile></MappingFile><ConfigurationID>0</ConfigurationID>
	</RowData>
	<RowData><ProcessDefId>3</ProcessDefId><ExtMethodIndex>11</ExtMethodIndex><ExtAppName>System</ExtAppName><ExtAppType>S</ExtAppType><ExtMethodName>startsWith</ExtMethodName><SearchMethod></SearchMethod><ReturnType>12</ReturnType><MappingFile></MappingFile><ConfigurationID>0</ConfigurationID>
	</RowData>
	<RowData><ProcessDefId>3</ProcessDefId><ExtMethodIndex>12</ExtMethodIndex><ExtAppName>System</ExtAppName><ExtAppType>S</ExtAppType><ExtMethodName>stringLength</ExtMethodName><SearchMethod></SearchMethod><ReturnType>3</ReturnType><MappingFile></MappingFile><ConfigurationID>0</ConfigurationID>
	</RowData>
	<RowData><ProcessDefId>3</ProcessDefId><ExtMethodIndex>13</ExtMethodIndex><ExtAppName>System</ExtAppName><ExtAppType>S</ExtAppType><ExtMethodName>subString</ExtMethodName><SearchMethod></SearchMethod><ReturnType>10</ReturnType><MappingFile></MappingFile><ConfigurationID>0</ConfigurationID>
	</RowData>
	<RowData><ProcessDefId>3</ProcessDefId><ExtMethodIndex>14</ExtMethodIndex><ExtAppName>System</ExtAppName><ExtAppType>S</ExtAppType><ExtMethodName>subStringBefore</ExtMethodName><SearchMethod></SearchMethod><ReturnType>10</ReturnType><MappingFile></MappingFile><ConfigurationID>0</ConfigurationID>
	</RowData>
	<RowData><ProcessDefId>3</ProcessDefId><ExtMethodIndex>15</ExtMethodIndex><ExtAppName>System</ExtAppName><ExtAppType>S</ExtAppType><ExtMethodName>subStringAfter</ExtMethodName><SearchMethod></SearchMethod><ReturnType>10</ReturnType><MappingFile></MappingFile><ConfigurationID>0</ConfigurationID>
	</RowData>
	<RowData><ProcessDefId>3</ProcessDefId><ExtMethodIndex>16</ExtMethodIndex><ExtAppName>System</ExtAppName><ExtAppType>S</ExtAppType><ExtMethodName>translate</ExtMethodName><SearchMethod></SearchMethod><ReturnType>10</ReturnType><MappingFile></MappingFile><ConfigurationID>0</ConfigurationID>
	</RowData>
	<RowData><ProcessDefId>3</ProcessDefId><ExtMethodIndex>17</ExtMethodIndex><ExtAppName>System</ExtAppName><ExtAppType>S</ExtAppType><ExtMethodName>concat</ExtMethodName><SearchMethod></SearchMethod><ReturnType>10</ReturnType><MappingFile></MappingFile><ConfigurationID>0</ConfigurationID>
	</RowData>
	<RowData><ProcessDefId>3</ProcessDefId><ExtMethodIndex>18</ExtMethodIndex><ExtAppName>System</ExtAppName><ExtAppType>S</ExtAppType><ExtMethodName>numberValue</ExtMethodName><SearchMethod></SearchMethod><ReturnType>6</ReturnType><MappingFile></MappingFile><ConfigurationID>0</ConfigurationID>
	</RowData>
	<RowData><ProcessDefId>3</ProcessDefId><ExtMethodIndex>19</ExtMethodIndex><ExtAppName>System</ExtAppName><ExtAppType>S</ExtAppType><ExtMethodName>numberValue</ExtMethodName><SearchMethod></SearchMethod><ReturnType>6</ReturnType><MappingFile></MappingFile><ConfigurationID>0</ConfigurationID>
	</RowData>
	<RowData><ProcessDefId>3</ProcessDefId><ExtMethodIndex>20</ExtMethodIndex><ExtAppName>System</ExtAppName><ExtAppType>S</ExtAppType><ExtMethodName>numberValue</ExtMethodName><SearchMethod></SearchMethod><ReturnType>6</ReturnType><MappingFile></MappingFile><ConfigurationID>0</ConfigurationID>
	</RowData>
	<RowData><ProcessDefId>3</ProcessDefId><ExtMethodIndex>21</ExtMethodIndex><ExtAppName>System</ExtAppName><ExtAppType>S</ExtAppType><ExtMethodName>numberValue</ExtMethodName><SearchMethod></SearchMethod><ReturnType>6</ReturnType><MappingFile></MappingFile><ConfigurationID>0</ConfigurationID>
	</RowData>
	<RowData><ProcessDefId>3</ProcessDefId><ExtMethodIndex>22</ExtMethodIndex><ExtAppName>System</ExtAppName><ExtAppType>S</ExtAppType><ExtMethodName>numberValue</ExtMethodName><SearchMethod></SearchMethod><ReturnType>6</ReturnType><MappingFile></MappingFile><ConfigurationID>0</ConfigurationID>
	</RowData>
	<RowData><ProcessDefId>3</ProcessDefId><ExtMethodIndex>23</ExtMethodIndex><ExtAppName>System</ExtAppName><ExtAppType>S</ExtAppType><ExtMethodName>round</ExtMethodName><SearchMethod></SearchMethod><ReturnType>4</ReturnType><MappingFile></MappingFile><ConfigurationID>0</ConfigurationID>
	</RowData>
	<RowData><ProcessDefId>3</ProcessDefId><ExtMethodIndex>24</ExtMethodIndex><ExtAppName>System</ExtAppName><ExtAppType>S</ExtAppType><ExtMethodName>floor</ExtMethodName><SearchMethod></SearchMethod><ReturnType>4</ReturnType><MappingFile></MappingFile><ConfigurationID>0</ConfigurationID>
	</RowData>
	<RowData><ProcessDefId>3</ProcessDefId><ExtMethodIndex>25</ExtMethodIndex><ExtAppName>System</ExtAppName><ExtAppType>S</ExtAppType><ExtMethodName>ceiling</ExtMethodName><SearchMethod></SearchMethod><ReturnType>4</ReturnType><MappingFile></MappingFile><ConfigurationID>0</ConfigurationID>
	</RowData>
	<RowData><ProcessDefId>3</ProcessDefId><ExtMethodIndex>26</ExtMethodIndex><ExtAppName>System</ExtAppName><ExtAppType>S</ExtAppType><ExtMethodName>getCurrentDate</ExtMethodName><SearchMethod></SearchMethod><ReturnType>15</ReturnType><MappingFile></MappingFile><ConfigurationID>0</ConfigurationID>
	</RowData>
	<RowData><ProcessDefId>3</ProcessDefId><ExtMethodIndex>27</ExtMethodIndex><ExtAppName>System</ExtAppName><ExtAppType>S</ExtAppType><ExtMethodName>getCurrentTime</ExtMethodName><SearchMethod></SearchMethod><ReturnType>16</ReturnType><MappingFile></MappingFile><ConfigurationID>0</ConfigurationID>
	</RowData>
	<RowData><ProcessDefId>3</ProcessDefId><ExtMethodIndex>28</ExtMethodIndex><ExtAppName>System</ExtAppName><ExtAppType>S</ExtAppType><ExtMethodName>getCurrentDateTime</ExtMethodName><SearchMethod></SearchMethod><ReturnType>8</ReturnType><MappingFile></MappingFile><ConfigurationID>0</ConfigurationID>
	</RowData>
	<RowData><ProcessDefId>3</ProcessDefId><ExtMethodIndex>29</ExtMethodIndex><ExtAppName>System</ExtAppName><ExtAppType>S</ExtAppType><ExtMethodName>getShortDate</ExtMethodName><SearchMethod></SearchMethod><ReturnType>15</ReturnType><MappingFile></MappingFile><ConfigurationID>0</ConfigurationID>
	</RowData>
	<RowData><ProcessDefId>3</ProcessDefId><ExtMethodIndex>30</ExtMethodIndex><ExtAppName>System</ExtAppName><ExtAppType>S</ExtAppType><ExtMethodName>getTime</ExtMethodName><SearchMethod></SearchMethod><ReturnType>16</ReturnType><MappingFile></MappingFile><ConfigurationID>0</ConfigurationID>
	</RowData>
	<RowData><ProcessDefId>3</ProcessDefId><ExtMethodIndex>31</ExtMethodIndex><ExtAppName>System</ExtAppName><ExtAppType>S</ExtAppType><ExtMethodName>roundToInt</ExtMethodName><SearchMethod></SearchMethod><ReturnType>3</ReturnType><MappingFile></MappingFile><ConfigurationID>0</ConfigurationID>
	</RowData>
	<RowData><ProcessDefId>3</ProcessDefId><ExtMethodIndex>32</ExtMethodIndex><ExtAppName>System</ExtAppName><ExtAppType>S</ExtAppType><ExtMethodName>getElementAtIndex</ExtMethodName><SearchMethod></SearchMethod><ReturnType>3</ReturnType><MappingFile></MappingFile><ConfigurationID>0</ConfigurationID>
	</RowData>
	<RowData><ProcessDefId>3</ProcessDefId><ExtMethodIndex>33</ExtMethodIndex><ExtAppName>System</ExtAppName><ExtAppType>S</ExtAppType><ExtMethodName>addElementToArray</ExtMethodName><SearchMethod></SearchMethod><ReturnType>3</ReturnType><MappingFile></MappingFile><ConfigurationID>0</ConfigurationID>
	</RowData>
	<RowData><ProcessDefId>3</ProcessDefId><ExtMethodIndex>34</ExtMethodIndex><ExtAppName>System</ExtAppName><ExtAppType>S</ExtAppType><ExtMethodName>deleteChildWorkitem</ExtMethodName><SearchMethod></SearchMethod><ReturnType>3</ReturnType><MappingFile></MappingFile><ConfigurationID>0</ConfigurationID>
	</RowData>
</PMWEXTMETHODDEFTABLE>