<PMWEXTDBFIELDDEFINITIONTABLE>
	<RowData><ProcessDefId>3</ProcessDefId><FieldName>accounts_decision</FieldName><FieldType>STRING</FieldType><FieldLength>50</FieldLength><Attribute></Attribute><VarPrecision>0</VarPrecision><ExtObjId>1</ExtObjId>
	</RowData>
	<RowData><ProcessDefId>3</ProcessDefId><FieldName>amount_po</FieldName><FieldType>STRING</FieldType><FieldLength>50</FieldLength><Attribute></Attribute><VarPrecision>0</VarPrecision><ExtObjId>1</ExtObjId>
	</RowData>
	<RowData><ProcessDefId>3</ProcessDefId><FieldName>assignedTo</FieldName><FieldType>STRING</FieldType><FieldLength>150</FieldLength><Attribute></Attribute><VarPrecision>0</VarPrecision><ExtObjId>1</ExtObjId>
	</RowData>
	<RowData><ProcessDefId>3</ProcessDefId><FieldName>bus_place</FieldName><FieldType>STRING</FieldType><FieldLength>255</FieldLength><Attribute></Attribute><VarPrecision>0</VarPrecision><ExtObjId>1</ExtObjId>
	</RowData>
	<RowData><ProcessDefId>3</ProcessDefId><FieldName>comp_code</FieldName><FieldType>STRING</FieldType><FieldLength>50</FieldLength><Attribute></Attribute><VarPrecision>0</VarPrecision><ExtObjId>1</ExtObjId>
	</RowData>
	<RowData><ProcessDefId>3</ProcessDefId><FieldName>created_by</FieldName><FieldType>STRING</FieldType><FieldLength>255</FieldLength><DefaultValue></DefaultValue><Attribute></Attribute><VarPrecision>0</VarPrecision><ExtObjId>1</ExtObjId>
	</RowData>
	<RowData><ProcessDefId>3</ProcessDefId><FieldName>currency</FieldName><FieldType>STRING</FieldType><FieldLength>50</FieldLength><Attribute></Attribute><VarPrecision>0</VarPrecision><ExtObjId>1</ExtObjId>
	</RowData>
	<RowData><ProcessDefId>3</ProcessDefId><FieldName>dmspath</FieldName><FieldType>STRING</FieldType><FieldLength>250</FieldLength><Attribute></Attribute><VarPrecision>0</VarPrecision><ExtObjId>1</ExtObjId>
	</RowData>
	<RowData><ProcessDefId>3</ProcessDefId><FieldName>DocumentName</FieldName><FieldType>STRING</FieldType><FieldLength>255</FieldLength><Attribute></Attribute><VarPrecision>0</VarPrecision><ExtObjId>1</ExtObjId>
	</RowData>
	<RowData><ProcessDefId>3</ProcessDefId><FieldName>DocumentPath</FieldName><FieldType>STRING</FieldType><FieldLength>255</FieldLength><Attribute></Attribute><VarPrecision>0</VarPrecision><ExtObjId>1</ExtObjId>
	</RowData>
	<RowData><ProcessDefId>3</ProcessDefId><FieldName>EntrySheetNo</FieldName><FieldType>STRING</FieldType><FieldLength>50</FieldLength><Attribute></Attribute><VarPrecision>0</VarPrecision><ExtObjId>1</ExtObjId>
	</RowData>
	<RowData><ProcessDefId>3</ProcessDefId><FieldName>finance_decision</FieldName><FieldType>STRING</FieldType><FieldLength>50</FieldLength><Attribute></Attribute><VarPrecision>0</VarPrecision><ExtObjId>1</ExtObjId>
	</RowData>
	<RowData><ProcessDefId>3</ProcessDefId><FieldName>finance_user</FieldName><FieldType>STRING</FieldType><FieldLength>100</FieldLength><Attribute></Attribute><VarPrecision>0</VarPrecision><ExtObjId>1</ExtObjId>
	</RowData>
	<RowData><ProcessDefId>3</ProcessDefId><FieldName>fiscalyear</FieldName><FieldType>STRING</FieldType><FieldLength>50</FieldLength><Attribute></Attribute><VarPrecision>0</VarPrecision><ExtObjId>1</ExtObjId>
	</RowData>
	<RowData><ProcessDefId>3</ProcessDefId><FieldName>GSTN</FieldName><FieldType>STRING</FieldType><FieldLength>50</FieldLength><Attribute></Attribute><VarPrecision>0</VarPrecision><ExtObjId>1</ExtObjId>
	</RowData>
	<RowData><ProcessDefId>3</ProcessDefId><FieldName>gstn_inv</FieldName><FieldType>STRING</FieldType><FieldLength>50</FieldLength><Attribute></Attribute><VarPrecision>0</VarPrecision><ExtObjId>1</ExtObjId>
	</RowData>
	<RowData><ProcessDefId>3</ProcessDefId><FieldName>gstn_sap</FieldName><FieldType>STRING</FieldType><FieldLength>100</FieldLength><Attribute></Attribute><VarPrecision>0</VarPrecision><ExtObjId>1</ExtObjId>
	</RowData>
	<RowData><ProcessDefId>3</ProcessDefId><FieldName>initiator_decision</FieldName><FieldType>STRING</FieldType><FieldLength>50</FieldLength><Attribute></Attribute><VarPrecision>0</VarPrecision><ExtObjId>1</ExtObjId>
	</RowData>
	<RowData><ProcessDefId>3</ProcessDefId><FieldName>initiator_user</FieldName><FieldType>STRING</FieldType><FieldLength>100</FieldLength><Attribute></Attribute><VarPrecision>0</VarPrecision><ExtObjId>1</ExtObjId>
	</RowData>
	<RowData><ProcessDefId>3</ProcessDefId><FieldName>Inv_Park</FieldName><FieldType>STRING</FieldType><FieldLength>50</FieldLength><Attribute></Attribute><VarPrecision>0</VarPrecision><ExtObjId>1</ExtObjId>
	</RowData>
	<RowData><ProcessDefId>3</ProcessDefId><FieldName>Inv_Post</FieldName><FieldType>STRING</FieldType><FieldLength>50</FieldLength><Attribute></Attribute><VarPrecision>0</VarPrecision><ExtObjId>1</ExtObjId>
	</RowData>
	<RowData><ProcessDefId>3</ProcessDefId><FieldName>InvAmount_sharepointt</FieldName><FieldType>STRING</FieldType><FieldLength>255</FieldLength><Attribute></Attribute><VarPrecision>0</VarPrecision><ExtObjId>1</ExtObjId>
	</RowData>
	<RowData><ProcessDefId>3</ProcessDefId><FieldName>InvDate_sharepoint</FieldName><FieldType>STRING</FieldType><FieldLength>50</FieldLength><Attribute></Attribute><VarPrecision>0</VarPrecision><ExtObjId>1</ExtObjId>
	</RowData>
	<RowData><ProcessDefId>3</ProcessDefId><FieldName>InvoiceAmount</FieldName><FieldType>STRING</FieldType><FieldLength>50</FieldLength><Attribute></Attribute><VarPrecision>0</VarPrecision><ExtObjId>1</ExtObjId>
	</RowData>
	<RowData><ProcessDefId>3</ProcessDefId><FieldName>InvoiceDate</FieldName><FieldType>DATE</FieldType><FieldLength>8</FieldLength><Attribute></Attribute><VarPrecision>0</VarPrecision><ExtObjId>1</ExtObjId>
	</RowData>
	<RowData><ProcessDefId>3</ProcessDefId><FieldName>InvoiceNo</FieldName><FieldType>STRING</FieldType><FieldLength>100</FieldLength><Attribute></Attribute><VarPrecision>0</VarPrecision><ExtObjId>1</ExtObjId>
	</RowData>
	<RowData><ProcessDefId>3</ProcessDefId><FieldName>InvoiceNumber</FieldName><FieldType>STRING</FieldType><FieldLength>255</FieldLength><Attribute></Attribute><VarPrecision>0</VarPrecision><ExtObjId>1</ExtObjId>
	</RowData>
	<RowData><ProcessDefId>3</ProcessDefId><FieldName>itemindex</FieldName><FieldType>STRING</FieldType><FieldLength>50</FieldLength><Attribute>Primary</Attribute><VarPrecision>0</VarPrecision><ExtObjId>1</ExtObjId>
	</RowData>
	<RowData><ProcessDefId>3</ProcessDefId><FieldName>itemtype</FieldName><FieldType>STRING</FieldType><FieldLength>50</FieldLength><Attribute>Primary</Attribute><VarPrecision>0</VarPrecision><ExtObjId>1</ExtObjId>
	</RowData>
	<RowData><ProcessDefId>3</ProcessDefId><FieldName>orient_gstn</FieldName><FieldType>STRING</FieldType><FieldLength>100</FieldLength><Attribute></Attribute><VarPrecision>0</VarPrecision><ExtObjId>1</ExtObjId>
	</RowData>
	<RowData><ProcessDefId>3</ProcessDefId><FieldName>orient_PAN</FieldName><FieldType>STRING</FieldType><FieldLength>50</FieldLength><Attribute></Attribute><VarPrecision>0</VarPrecision><ExtObjId>1</ExtObjId>
	</RowData>
	<RowData><ProcessDefId>3</ProcessDefId><FieldName>PAN</FieldName><FieldType>STRING</FieldType><FieldLength>50</FieldLength><Attribute></Attribute><VarPrecision>0</VarPrecision><ExtObjId>1</ExtObjId>
	</RowData>
	<RowData><ProcessDefId>3</ProcessDefId><FieldName>pan_inv</FieldName><FieldType>STRING</FieldType><FieldLength>50</FieldLength><Attribute></Attribute><VarPrecision>0</VarPrecision><ExtObjId>1</ExtObjId>
	</RowData>
	<RowData><ProcessDefId>3</ProcessDefId><FieldName>pan_sap</FieldName><FieldType>STRING</FieldType><FieldLength>50</FieldLength><Attribute></Attribute><VarPrecision>0</VarPrecision><ExtObjId>1</ExtObjId>
	</RowData>
	<RowData><ProcessDefId>3</ProcessDefId><FieldName>ParkingException_decision</FieldName><FieldType>STRING</FieldType><FieldLength>50</FieldLength><Attribute></Attribute><VarPrecision>0</VarPrecision><ExtObjId>1</ExtObjId>
	</RowData>
	<RowData><ProcessDefId>3</ProcessDefId><FieldName>parkingSyncStatus</FieldName><FieldType>STRING</FieldType><FieldLength>50</FieldLength><Attribute></Attribute><VarPrecision>0</VarPrecision><ExtObjId>1</ExtObjId>
	</RowData>
	<RowData><ProcessDefId>3</ProcessDefId><FieldName>plan_code</FieldName><FieldType>STRING</FieldType><FieldLength>50</FieldLength><Attribute></Attribute><VarPrecision>0</VarPrecision><ExtObjId>1</ExtObjId>
	</RowData>
	<RowData><ProcessDefId>3</ProcessDefId><FieldName>plant</FieldName><FieldType>STRING</FieldType><FieldLength>50</FieldLength><Attribute></Attribute><VarPrecision>0</VarPrecision><ExtObjId>1</ExtObjId>
	</RowData>
	<RowData><ProcessDefId>3</ProcessDefId><FieldName>plant_code</FieldName><FieldType>STRING</FieldType><FieldLength>50</FieldLength><Attribute></Attribute><VarPrecision>0</VarPrecision><ExtObjId>1</ExtObjId>
	</RowData>
	<RowData><ProcessDefId>3</ProcessDefId><FieldName>po_date</FieldName><FieldType>STRING</FieldType><FieldLength>50</FieldLength><Attribute></Attribute><VarPrecision>0</VarPrecision><ExtObjId>1</ExtObjId>
	</RowData>
	<RowData><ProcessDefId>3</ProcessDefId><FieldName>po_type</FieldName><FieldType>STRING</FieldType><FieldLength>50</FieldLength><Attribute></Attribute><VarPrecision>0</VarPrecision><ExtObjId>1</ExtObjId>
	</RowData>
	<RowData><ProcessDefId>3</ProcessDefId><FieldName>PoDate</FieldName><FieldType>DATE</FieldType><FieldLength>8</FieldLength><Attribute></Attribute><VarPrecision>0</VarPrecision><ExtObjId>1</ExtObjId>
	</RowData>
	<RowData><ProcessDefId>3</ProcessDefId><FieldName>PONo_new</FieldName><FieldType>STRING</FieldType><FieldLength>50</FieldLength><Attribute></Attribute><VarPrecision>0</VarPrecision><ExtObjId>1</ExtObjId>
	</RowData>
	<RowData><ProcessDefId>3</ProcessDefId><FieldName>PoNumber</FieldName><FieldType>STRING</FieldType><FieldLength>255</FieldLength><Attribute></Attribute><VarPrecision>0</VarPrecision><ExtObjId>1</ExtObjId>
	</RowData>
	<RowData><ProcessDefId>3</ProcessDefId><FieldName>posting_date</FieldName><FieldType>DATE</FieldType><FieldLength>8</FieldLength><Attribute></Attribute><VarPrecision>0</VarPrecision><ExtObjId>1</ExtObjId>
	</RowData>
	<RowData><ProcessDefId>3</ProcessDefId><FieldName>PostingException_decision</FieldName><FieldType>STRING</FieldType><FieldLength>50</FieldLength><Attribute></Attribute><VarPrecision>0</VarPrecision><ExtObjId>1</ExtObjId>
	</RowData>
	<RowData><ProcessDefId>3</ProcessDefId><FieldName>postingSyncStatus</FieldName><FieldType>STRING</FieldType><FieldLength>50</FieldLength><Attribute></Attribute><VarPrecision>0</VarPrecision><ExtObjId>1</ExtObjId>
	</RowData>
	<RowData><ProcessDefId>3</ProcessDefId><FieldName>processid</FieldName><FieldType>STRING</FieldType><FieldLength>50</FieldLength><Attribute></Attribute><VarPrecision>0</VarPrecision><ExtObjId>1</ExtObjId>
	</RowData>
	<RowData><ProcessDefId>3</ProcessDefId><FieldName>pur_group</FieldName><FieldType>STRING</FieldType><FieldLength>50</FieldLength><Attribute></Attribute><VarPrecision>0</VarPrecision><ExtObjId>1</ExtObjId>
	</RowData>
	<RowData><ProcessDefId>3</ProcessDefId><FieldName>pur_org</FieldName><FieldType>STRING</FieldType><FieldLength>50</FieldLength><Attribute></Attribute><VarPrecision>0</VarPrecision><ExtObjId>1</ExtObjId>
	</RowData>
	<RowData><ProcessDefId>3</ProcessDefId><FieldName>PurchaseOrderNo</FieldName><FieldType>STRING</FieldType><FieldLength>50</FieldLength><Attribute></Attribute><VarPrecision>0</VarPrecision><ExtObjId>1</ExtObjId>
	</RowData>
	<RowData><ProcessDefId>3</ProcessDefId><FieldName>Record_ID</FieldName><FieldType>STRING</FieldType><FieldLength>50</FieldLength><Attribute></Attribute><VarPrecision>0</VarPrecision><ExtObjId>1</ExtObjId>
	</RowData>
	<RowData><ProcessDefId>3</ProcessDefId><FieldName>route_to</FieldName><FieldType>STRING</FieldType><FieldLength>50</FieldLength><Attribute></Attribute><VarPrecision>0</VarPrecision><ExtObjId>1</ExtObjId>
	</RowData>
	<RowData><ProcessDefId>3</ProcessDefId><FieldName>service_status</FieldName><FieldType>STRING</FieldType><FieldLength>50</FieldLength><Attribute></Attribute><VarPrecision>0</VarPrecision><ExtObjId>1</ExtObjId>
	</RowData>
	<RowData><ProcessDefId>3</ProcessDefId><FieldName>ServiceEntryNo</FieldName><FieldType>STRING</FieldType><FieldLength>255</FieldLength><Attribute></Attribute><VarPrecision>0</VarPrecision><ExtObjId>1</ExtObjId>
	</RowData>
	<RowData><ProcessDefId>3</ProcessDefId><FieldName>SharePointRequest</FieldName><FieldType>STRING</FieldType><FieldLength>50</FieldLength><Attribute></Attribute><VarPrecision>0</VarPrecision><ExtObjId>1</ExtObjId>
	</RowData>
	<RowData><ProcessDefId>3</ProcessDefId><FieldName>SharePointRequestId</FieldName><FieldType>STRING</FieldType><FieldLength>255</FieldLength><Attribute></Attribute><VarPrecision>0</VarPrecision><ExtObjId>1</ExtObjId>
	</RowData>
	<RowData><ProcessDefId>3</ProcessDefId><FieldName>taxcode_service</FieldName><FieldType>STRING</FieldType><FieldLength>50</FieldLength><Attribute></Attribute><VarPrecision>0</VarPrecision><ExtObjId>1</ExtObjId>
	</RowData>
	<RowData><ProcessDefId>3</ProcessDefId><FieldName>user_finance</FieldName><FieldType>STRING</FieldType><FieldLength>255</FieldLength><Attribute></Attribute><VarPrecision>0</VarPrecision><ExtObjId>1</ExtObjId>
	</RowData>
	<RowData><ProcessDefId>3</ProcessDefId><FieldName>user_initiator</FieldName><FieldType>STRING</FieldType><FieldLength>255</FieldLength><Attribute></Attribute><VarPrecision>0</VarPrecision><ExtObjId>1</ExtObjId>
	</RowData>
	<RowData><ProcessDefId>3</ProcessDefId><FieldName>vendor_code</FieldName><FieldType>STRING</FieldType><FieldLength>50</FieldLength><Attribute></Attribute><VarPrecision>0</VarPrecision><ExtObjId>1</ExtObjId>
	</RowData>
	<RowData><ProcessDefId>3</ProcessDefId><FieldName>vendor_name</FieldName><FieldType>STRING</FieldType><FieldLength>150</FieldLength><Attribute></Attribute><VarPrecision>0</VarPrecision><ExtObjId>1</ExtObjId>
	</RowData>
	<RowData><ProcessDefId>3</ProcessDefId><FieldName>VendorCode</FieldName><FieldType>STRING</FieldType><FieldLength>255</FieldLength><Attribute></Attribute><VarPrecision>0</VarPrecision><ExtObjId>1</ExtObjId>
	</RowData>
	<RowData><ProcessDefId>3</ProcessDefId><FieldName>ACCTASSCAT</FieldName><FieldType>STRING</FieldType><FieldLength>50</FieldLength><Attribute></Attribute><VarPrecision>0</VarPrecision><ExtObjId>2</ExtObjId>
	</RowData>
	<RowData><ProcessDefId>3</ProcessDefId><FieldName>ACKN_REQD</FieldName><FieldType>STRING</FieldType><FieldLength>50</FieldLength><Attribute></Attribute><VarPrecision>0</VarPrecision><ExtObjId>2</ExtObjId>
	</RowData>
	<RowData><ProcessDefId>3</ProcessDefId><FieldName>ACKNOWL_NO</FieldName><FieldType>STRING</FieldType><FieldLength>50</FieldLength><Attribute></Attribute><VarPrecision>0</VarPrecision><ExtObjId>2</ExtObjId>
	</RowData>
	<RowData><ProcessDefId>3</ProcessDefId><FieldName>ADDRESS</FieldName><FieldType>STRING</FieldType><FieldLength>50</FieldLength><Attribute></Attribute><VarPrecision>0</VarPrecision><ExtObjId>2</ExtObjId>
	</RowData>
	<RowData><ProcessDefId>3</ProcessDefId><FieldName>ADDRESS2</FieldName><FieldType>STRING</FieldType><FieldLength>50</FieldLength><Attribute></Attribute><VarPrecision>0</VarPrecision><ExtObjId>2</ExtObjId>
	</RowData>
	<RowData><ProcessDefId>3</ProcessDefId><FieldName>ADVANCE</FieldName><FieldType>STRING</FieldType><FieldLength>50</FieldLength><Attribute></Attribute><VarPrecision>0</VarPrecision><ExtObjId>2</ExtObjId>
	</RowData>
	<RowData><ProcessDefId>3</ProcessDefId><FieldName>AGMT_ITEM</FieldName><FieldType>INTEGER</FieldType><FieldLength>2</FieldLength><Attribute></Attribute><VarPrecision>0</VarPrecision><ExtObjId>2</ExtObjId>
	</RowData>
	<RowData><ProcessDefId>3</ProcessDefId><FieldName>AGRCUMQTY</FieldName><FieldType>STRING</FieldType><FieldLength>50</FieldLength><Attribute></Attribute><VarPrecision>0</VarPrecision><ExtObjId>2</ExtObjId>
	</RowData>
	<RowData><ProcessDefId>3</ProcessDefId><FieldName>AGREEMENT</FieldName><FieldType>STRING</FieldType><FieldLength>50</FieldLength><Attribute></Attribute><VarPrecision>0</VarPrecision><ExtObjId>2</ExtObjId>
	</RowData>
	<RowData><ProcessDefId>3</ProcessDefId><FieldName>ALLOC_TBL</FieldName><FieldType>STRING</FieldType><FieldLength>50</FieldLength><Attribute></Attribute><VarPrecision>0</VarPrecision><ExtObjId>2</ExtObjId>
	</RowData>
	<RowData><ProcessDefId>3</ProcessDefId><FieldName>AT_ITEM</FieldName><FieldType>INTEGER</FieldType><FieldLength>2</FieldLength><Attribute></Attribute><VarPrecision>0</VarPrecision><ExtObjId>2</ExtObjId>
	</RowData>
	<RowData><ProcessDefId>3</ProcessDefId><FieldName>AT_RELEV</FieldName><FieldType>STRING</FieldType><FieldLength>50</FieldLength><Attribute></Attribute><VarPrecision>0</VarPrecision><ExtObjId>2</ExtObjId>
	</RowData>
	<RowData><ProcessDefId>3</ProcessDefId><FieldName>BA_PARTNER</FieldName><FieldType>STRING</FieldType><FieldLength>50</FieldLength><Attribute></Attribute><VarPrecision>0</VarPrecision><ExtObjId>2</ExtObjId>
	</RowData>
	<RowData><ProcessDefId>3</ProcessDefId><FieldName>BASE_UNIT</FieldName><FieldType>STRING</FieldType><FieldLength>50</FieldLength><Attribute></Attribute><VarPrecision>0</VarPrecision><ExtObjId>2</ExtObjId>
	</RowData>
	<RowData><ProcessDefId>3</ProcessDefId><FieldName>BASE_UOM_ISO</FieldName><FieldType>STRING</FieldType><FieldLength>50</FieldLength><Attribute></Attribute><VarPrecision>0</VarPrecision><ExtObjId>2</ExtObjId>
	</RowData>
	<RowData><ProcessDefId>3</ProcessDefId><FieldName>BOM_EXPL</FieldName><FieldType>STRING</FieldType><FieldLength>50</FieldLength><Attribute></Attribute><VarPrecision>0</VarPrecision><ExtObjId>2</ExtObjId>
	</RowData>
	<RowData><ProcessDefId>3</ProcessDefId><FieldName>BUDGET_PERIOD</FieldName><FieldType>STRING</FieldType><FieldLength>50</FieldLength><Attribute></Attribute><VarPrecision>0</VarPrecision><ExtObjId>2</ExtObjId>
	</RowData>
	<RowData><ProcessDefId>3</ProcessDefId><FieldName>CERT_TYPE</FieldName><FieldType>STRING</FieldType><FieldLength>50</FieldLength><Attribute></Attribute><VarPrecision>0</VarPrecision><ExtObjId>2</ExtObjId>
	</RowData>
	<RowData><ProcessDefId>3</ProcessDefId><FieldName>CHANGED_ON</FieldName><FieldType>DATE</FieldType><FieldLength>8</FieldLength><Attribute></Attribute><VarPrecision>0</VarPrecision><ExtObjId>2</ExtObjId>
	</RowData>
	<RowData><ProcessDefId>3</ProcessDefId><FieldName>CMMT_ITEM</FieldName><FieldType>STRING</FieldType><FieldLength>50</FieldLength><Attribute></Attribute><VarPrecision>0</VarPrecision><ExtObjId>2</ExtObjId>
	</RowData>
	<RowData><ProcessDefId>3</ProcessDefId><FieldName>CMMT_ITEM_LONG</FieldName><FieldType>STRING</FieldType><FieldLength>50</FieldLength><Attribute></Attribute><VarPrecision>0</VarPrecision><ExtObjId>2</ExtObjId>
	</RowData>
	<RowData><ProcessDefId>3</ProcessDefId><FieldName>CO_CODE</FieldName><FieldType>STRING</FieldType><FieldLength>50</FieldLength><Attribute></Attribute><VarPrecision>0</VarPrecision><ExtObjId>2</ExtObjId>
	</RowData>
	<RowData><ProcessDefId>3</ProcessDefId><FieldName>COMMENT_1</FieldName><FieldType>STRING</FieldType><FieldLength>50</FieldLength><Attribute></Attribute><VarPrecision>0</VarPrecision><ExtObjId>2</ExtObjId>
	</RowData>
	<RowData><ProcessDefId>3</ProcessDefId><FieldName>COMMITMENT</FieldName><FieldType>STRING</FieldType><FieldLength>50</FieldLength><Attribute></Attribute><VarPrecision>0</VarPrecision><ExtObjId>2</ExtObjId>
	</RowData>
	<RowData><ProcessDefId>3</ProcessDefId><FieldName>COND_GROUP</FieldName><FieldType>STRING</FieldType><FieldLength>50</FieldLength><Attribute></Attribute><VarPrecision>0</VarPrecision><ExtObjId>2</ExtObjId>
	</RowData>
	<RowData><ProcessDefId>3</ProcessDefId><FieldName>CONF_CTRL</FieldName><FieldType>STRING</FieldType><FieldLength>50</FieldLength><Attribute></Attribute><VarPrecision>0</VarPrecision><ExtObjId>2</ExtObjId>
	</RowData>
	<RowData><ProcessDefId>3</ProcessDefId><FieldName>CONF_MATL</FieldName><FieldType>STRING</FieldType><FieldLength>50</FieldLength><Attribute></Attribute><VarPrecision>0</VarPrecision><ExtObjId>2</ExtObjId>
	</RowData>
	<RowData><ProcessDefId>3</ProcessDefId><FieldName>CONF_MATL_EXTERNAL</FieldName><FieldType>STRING</FieldType><FieldLength>50</FieldLength><Attribute></Attribute><VarPrecision>0</VarPrecision><ExtObjId>2</ExtObjId>
	</RowData>
	<RowData><ProcessDefId>3</ProcessDefId><FieldName>CONF_MATL_GUID</FieldName><FieldType>STRING</FieldType><FieldLength>50</FieldLength><Attribute></Attribute><VarPrecision>0</VarPrecision><ExtObjId>2</ExtObjId>
	</RowData>
	<RowData><ProcessDefId>3</ProcessDefId><FieldName>CONF_MATL_VERSION</FieldName><FieldType>STRING</FieldType><FieldLength>50</FieldLength><Attribute></Attribute><VarPrecision>0</VarPrecision><ExtObjId>2</ExtObjId>
	</RowData>
	<RowData><ProcessDefId>3</ProcessDefId><FieldName>CONFIG_ORG</FieldName><FieldType>STRING</FieldType><FieldLength>50</FieldLength><Attribute></Attribute><VarPrecision>0</VarPrecision><ExtObjId>2</ExtObjId>
	</RowData>
	<RowData><ProcessDefId>3</ProcessDefId><FieldName>CONSUMPT</FieldName><FieldType>STRING</FieldType><FieldLength>50</FieldLength><Attribute></Attribute><VarPrecision>0</VarPrecision><ExtObjId>2</ExtObjId>
	</RowData>
	<RowData><ProcessDefId>3</ProcessDefId><FieldName>CONV_DEN1</FieldName><FieldType>STRING</FieldType><FieldLength>50</FieldLength><Attribute></Attribute><VarPrecision>0</VarPrecision><ExtObjId>2</ExtObjId>
	</RowData>
	<RowData><ProcessDefId>3</ProcessDefId><FieldName>CONV_DEN2</FieldName><FieldType>STRING</FieldType><FieldLength>50</FieldLength><Attribute></Attribute><VarPrecision>0</VarPrecision><ExtObjId>2</ExtObjId>
	</RowData>
	<RowData><ProcessDefId>3</ProcessDefId><FieldName>CONV_NUM1</FieldName><FieldType>STRING</FieldType><FieldLength>50</FieldLength><Attribute></Attribute><VarPrecision>0</VarPrecision><ExtObjId>2</ExtObjId>
	</RowData>
	<RowData><ProcessDefId>3</ProcessDefId><FieldName>CONV_NUM2</FieldName><FieldType>STRING</FieldType><FieldLength>50</FieldLength><Attribute></Attribute><VarPrecision>0</VarPrecision><ExtObjId>2</ExtObjId>
	</RowData>
	<RowData><ProcessDefId>3</ProcessDefId><FieldName>CTR_KEY_QM</FieldName><FieldType>STRING</FieldType><FieldLength>50</FieldLength><Attribute></Attribute><VarPrecision>0</VarPrecision><ExtObjId>2</ExtObjId>
	</RowData>
	<RowData><ProcessDefId>3</ProcessDefId><FieldName>CUSTOMER</FieldName><FieldType>STRING</FieldType><FieldLength>50</FieldLength><Attribute></Attribute><VarPrecision>0</VarPrecision><ExtObjId>2</ExtObjId>
	</RowData>
	<RowData><ProcessDefId>3</ProcessDefId><FieldName>DEL_COMPL</FieldName><FieldType>STRING</FieldType><FieldLength>50</FieldLength><Attribute></Attribute><VarPrecision>0</VarPrecision><ExtObjId>2</ExtObjId>
	</RowData>
	<RowData><ProcessDefId>3</ProcessDefId><FieldName>DEL_TYP_RT</FieldName><FieldType>STRING</FieldType><FieldLength>50</FieldLength><Attribute></Attribute><VarPrecision>0</VarPrecision><ExtObjId>2</ExtObjId>
	</RowData>
	<RowData><ProcessDefId>3</ProcessDefId><FieldName>DELETE_IND</FieldName><FieldType>STRING</FieldType><FieldLength>50</FieldLength><Attribute></Attribute><VarPrecision>0</VarPrecision><ExtObjId>2</ExtObjId>
	</RowData>
	<RowData><ProcessDefId>3</ProcessDefId><FieldName>DISTRIB</FieldName><FieldType>STRING</FieldType><FieldLength>50</FieldLength><Attribute></Attribute><VarPrecision>0</VarPrecision><ExtObjId>2</ExtObjId>
	</RowData>
	<RowData><ProcessDefId>3</ProcessDefId><FieldName>DOC_CAT</FieldName><FieldType>STRING</FieldType><FieldLength>50</FieldLength><Attribute></Attribute><VarPrecision>0</VarPrecision><ExtObjId>2</ExtObjId>
	</RowData>
	<RowData><ProcessDefId>3</ProcessDefId><FieldName>EAN_UPC</FieldName><FieldType>STRING</FieldType><FieldLength>50</FieldLength><Attribute></Attribute><VarPrecision>0</VarPrecision><ExtObjId>2</ExtObjId>
	</RowData>
	<RowData><ProcessDefId>3</ProcessDefId><FieldName>EFF_VALUE</FieldName><FieldType>STRING</FieldType><FieldLength>50</FieldLength><Attribute></Attribute><VarPrecision>0</VarPrecision><ExtObjId>2</ExtObjId>
	</RowData>
	<RowData><ProcessDefId>3</ProcessDefId><FieldName>ERS</FieldName><FieldType>STRING</FieldType><FieldLength>50</FieldLength><Attribute></Attribute><VarPrecision>0</VarPrecision><ExtObjId>2</ExtObjId>
	</RowData>
	<RowData><ProcessDefId>3</ProcessDefId><FieldName>EST_PRICE</FieldName><FieldType>STRING</FieldType><FieldLength>50</FieldLength><Attribute></Attribute><VarPrecision>0</VarPrecision><ExtObjId>2</ExtObjId>
	</RowData>
	<RowData><ProcessDefId>3</ProcessDefId><FieldName>EXCLUSION</FieldName><FieldType>STRING</FieldType><FieldLength>50</FieldLength><Attribute></Attribute><VarPrecision>0</VarPrecision><ExtObjId>2</ExtObjId>
	</RowData>
	<RowData><ProcessDefId>3</ProcessDefId><FieldName>FINAL_INV</FieldName><FieldType>STRING</FieldType><FieldLength>50</FieldLength><Attribute></Attribute><VarPrecision>0</VarPrecision><ExtObjId>2</ExtObjId>
	</RowData>
	<RowData><ProcessDefId>3</ProcessDefId><FieldName>FIRM_ZONE</FieldName><FieldType>STRING</FieldType><FieldLength>50</FieldLength><Attribute></Attribute><VarPrecision>0</VarPrecision><ExtObjId>2</ExtObjId>
	</RowData>
	<RowData><ProcessDefId>3</ProcessDefId><FieldName>FUNC_AREA_LONG</FieldName><FieldType>STRING</FieldType><FieldLength>50</FieldLength><Attribute></Attribute><VarPrecision>0</VarPrecision><ExtObjId>2</ExtObjId>
	</RowData>
	<RowData><ProcessDefId>3</ProcessDefId><FieldName>FUND</FieldName><FieldType>STRING</FieldType><FieldLength>50</FieldLength><Attribute></Attribute><VarPrecision>0</VarPrecision><ExtObjId>2</ExtObjId>
	</RowData>
	<RowData><ProcessDefId>3</ProcessDefId><FieldName>FUNDS_CTR</FieldName><FieldType>STRING</FieldType><FieldLength>50</FieldLength><Attribute></Attribute><VarPrecision>0</VarPrecision><ExtObjId>2</ExtObjId>
	</RowData>
	<RowData><ProcessDefId>3</ProcessDefId><FieldName>GR_BASEDIV</FieldName><FieldType>STRING</FieldType><FieldLength>50</FieldLength><Attribute></Attribute><VarPrecision>0</VarPrecision><ExtObjId>2</ExtObjId>
	</RowData>
	<RowData><ProcessDefId>3</ProcessDefId><FieldName>GR_IND</FieldName><FieldType>STRING</FieldType><FieldLength>50</FieldLength><Attribute></Attribute><VarPrecision>0</VarPrecision><ExtObjId>2</ExtObjId>
	</RowData>
	<RowData><ProcessDefId>3</ProcessDefId><FieldName>GR_NON_VAL</FieldName><FieldType>STRING</FieldType><FieldLength>50</FieldLength><Attribute></Attribute><VarPrecision>0</VarPrecision><ExtObjId>2</ExtObjId>
	</RowData>
	<RowData><ProcessDefId>3</ProcessDefId><FieldName>GR_PR_TIME</FieldName><FieldType>STRING</FieldType><FieldLength>50</FieldLength><Attribute></Attribute><VarPrecision>0</VarPrecision><ExtObjId>2</ExtObjId>
	</RowData>
	<RowData><ProcessDefId>3</ProcessDefId><FieldName>GR_TO_DATE</FieldName><FieldType>DATE</FieldType><FieldLength>8</FieldLength><Attribute></Attribute><VarPrecision>0</VarPrecision><ExtObjId>2</ExtObjId>
	</RowData>
	<RowData><ProcessDefId>3</ProcessDefId><FieldName>GRANT_NBR</FieldName><FieldType>STRING</FieldType><FieldLength>50</FieldLength><Attribute></Attribute><VarPrecision>0</VarPrecision><ExtObjId>2</ExtObjId>
	</RowData>
	<RowData><ProcessDefId>3</ProcessDefId><FieldName>GROS_VALUE</FieldName><FieldType>STRING</FieldType><FieldLength>50</FieldLength><Attribute></Attribute><VarPrecision>0</VarPrecision><ExtObjId>2</ExtObjId>
	</RowData>
	<RowData><ProcessDefId>3</ProcessDefId><FieldName>GROSS_WGHT</FieldName><FieldType>STRING</FieldType><FieldLength>50</FieldLength><Attribute></Attribute><VarPrecision>0</VarPrecision><ExtObjId>2</ExtObjId>
	</RowData>
	<RowData><ProcessDefId>3</ProcessDefId><FieldName>GRSETTFROM</FieldName><FieldType>STRING</FieldType><FieldLength>50</FieldLength><Attribute></Attribute><VarPrecision>0</VarPrecision><ExtObjId>2</ExtObjId>
	</RowData>
	<RowData><ProcessDefId>3</ProcessDefId><FieldName>GRSETTFROM_1</FieldName><FieldType>DATE</FieldType><FieldLength>8</FieldLength><Attribute></Attribute><VarPrecision>0</VarPrecision><ExtObjId>2</ExtObjId>
	</RowData>
	<RowData><ProcessDefId>3</ProcessDefId><FieldName>HL_ITEM</FieldName><FieldType>INTEGER</FieldType><FieldLength>2</FieldLength><Attribute></Attribute><VarPrecision>0</VarPrecision><ExtObjId>2</ExtObjId>
	</RowData>
	<RowData><ProcessDefId>3</ProcessDefId><FieldName>INCOTERMS1</FieldName><FieldType>STRING</FieldType><FieldLength>50</FieldLength><Attribute></Attribute><VarPrecision>0</VarPrecision><ExtObjId>2</ExtObjId>
	</RowData>
	<RowData><ProcessDefId>3</ProcessDefId><FieldName>INCOTERMS2</FieldName><FieldType>STRING</FieldType><FieldLength>50</FieldLength><Attribute></Attribute><VarPrecision>0</VarPrecision><ExtObjId>2</ExtObjId>
	</RowData>
	<RowData><ProcessDefId>3</ProcessDefId><FieldName>INFO_REC</FieldName><FieldType>STRING</FieldType><FieldLength>50</FieldLength><Attribute></Attribute><VarPrecision>0</VarPrecision><ExtObjId>2</ExtObjId>
	</RowData>
	<RowData><ProcessDefId>3</ProcessDefId><FieldName>INFO_UPD</FieldName><FieldType>STRING</FieldType><FieldLength>50</FieldLength><Attribute></Attribute><VarPrecision>0</VarPrecision><ExtObjId>2</ExtObjId>
	</RowData>
	<RowData><ProcessDefId>3</ProcessDefId><FieldName>insertionorderid</FieldName><FieldType>LONG</FieldType><FieldLength>4</FieldLength><Attribute>Primary</Attribute><VarPrecision>0</VarPrecision><ExtObjId>2</ExtObjId>
	</RowData>
	<RowData><ProcessDefId>3</ProcessDefId><FieldName>INT_OBJ_NO</FieldName><FieldType>INTEGER</FieldType><FieldLength>2</FieldLength><Attribute></Attribute><VarPrecision>0</VarPrecision><ExtObjId>2</ExtObjId>
	</RowData>
	<RowData><ProcessDefId>3</ProcessDefId><FieldName>IR_IND</FieldName><FieldType>STRING</FieldType><FieldLength>50</FieldLength><Attribute></Attribute><VarPrecision>0</VarPrecision><ExtObjId>2</ExtObjId>
	</RowData>
	<RowData><ProcessDefId>3</ProcessDefId><FieldName>ITEM_CAT</FieldName><FieldType>STRING</FieldType><FieldLength>50</FieldLength><Attribute></Attribute><VarPrecision>0</VarPrecision><ExtObjId>2</ExtObjId>
	</RowData>
	<RowData><ProcessDefId>3</ProcessDefId><FieldName>ITEM_CAT_EXT</FieldName><FieldType>STRING</FieldType><FieldLength>50</FieldLength><Attribute></Attribute><VarPrecision>0</VarPrecision><ExtObjId>2</ExtObjId>
	</RowData>
	<RowData><ProcessDefId>3</ProcessDefId><FieldName>KANBAN_IND</FieldName><FieldType>STRING</FieldType><FieldLength>50</FieldLength><Attribute></Attribute><VarPrecision>0</VarPrecision><ExtObjId>2</ExtObjId>
	</RowData>
	<RowData><ProcessDefId>3</ProcessDefId><FieldName>LAST_TRANS</FieldName><FieldType>STRING</FieldType><FieldLength>50</FieldLength><Attribute></Attribute><VarPrecision>0</VarPrecision><ExtObjId>2</ExtObjId>
	</RowData>
	<RowData><ProcessDefId>3</ProcessDefId><FieldName>LAST_TRANS_1</FieldName><FieldType>DATE</FieldType><FieldLength>8</FieldLength><Attribute></Attribute><VarPrecision>0</VarPrecision><ExtObjId>2</ExtObjId>
	</RowData>
	<RowData><ProcessDefId>3</ProcessDefId><FieldName>MANU_MAT</FieldName><FieldType>STRING</FieldType><FieldLength>50</FieldLength><Attribute></Attribute><VarPrecision>0</VarPrecision><ExtObjId>2</ExtObjId>
	</RowData>
	<RowData><ProcessDefId>3</ProcessDefId><FieldName>MANUF_PROF</FieldName><FieldType>STRING</FieldType><FieldLength>50</FieldLength><Attribute></Attribute><VarPrecision>0</VarPrecision><ExtObjId>2</ExtObjId>
	</RowData>
	<RowData><ProcessDefId>3</ProcessDefId><FieldName>MAT_CAT</FieldName><FieldType>STRING</FieldType><FieldLength>50</FieldLength><Attribute></Attribute><VarPrecision>0</VarPrecision><ExtObjId>2</ExtObjId>
	</RowData>
	<RowData><ProcessDefId>3</ProcessDefId><FieldName>MAT_GRP</FieldName><FieldType>STRING</FieldType><FieldLength>50</FieldLength><Attribute></Attribute><VarPrecision>0</VarPrecision><ExtObjId>2</ExtObjId>
	</RowData>
	<RowData><ProcessDefId>3</ProcessDefId><FieldName>MAT_TYPE</FieldName><FieldType>STRING</FieldType><FieldLength>50</FieldLength><Attribute></Attribute><VarPrecision>0</VarPrecision><ExtObjId>2</ExtObjId>
	</RowData>
	<RowData><ProcessDefId>3</ProcessDefId><FieldName>MATERIAL</FieldName><FieldType>STRING</FieldType><FieldLength>50</FieldLength><Attribute></Attribute><VarPrecision>0</VarPrecision><ExtObjId>2</ExtObjId>
	</RowData>
	<RowData><ProcessDefId>3</ProcessDefId><FieldName>MATERIAL_EXTERNAL</FieldName><FieldType>STRING</FieldType><FieldLength>50</FieldLength><Attribute></Attribute><VarPrecision>0</VarPrecision><ExtObjId>2</ExtObjId>
	</RowData>
	<RowData><ProcessDefId>3</ProcessDefId><FieldName>MATERIAL_GUID</FieldName><FieldType>STRING</FieldType><FieldLength>50</FieldLength><Attribute></Attribute><VarPrecision>0</VarPrecision><ExtObjId>2</ExtObjId>
	</RowData>
	<RowData><ProcessDefId>3</ProcessDefId><FieldName>MATERIAL_VERSION</FieldName><FieldType>STRING</FieldType><FieldLength>50</FieldLength><Attribute></Attribute><VarPrecision>0</VarPrecision><ExtObjId>2</ExtObjId>
	</RowData>
	<RowData><ProcessDefId>3</ProcessDefId><FieldName>MAX_CMG</FieldName><FieldType>STRING</FieldType><FieldLength>50</FieldLength><Attribute></Attribute><VarPrecision>0</VarPrecision><ExtObjId>2</ExtObjId>
	</RowData>
	<RowData><ProcessDefId>3</ProcessDefId><FieldName>MAX_CPGO</FieldName><FieldType>STRING</FieldType><FieldLength>50</FieldLength><Attribute></Attribute><VarPrecision>0</VarPrecision><ExtObjId>2</ExtObjId>
	</RowData>
</PMWEXTDBFIELDDEFINITIONTABLE>