<PMWExtInterfaceConditionTable>
	<RowData><ProcessDefId>3</ProcessDefId><ActivityId>0</ActivityId><InterFaceType>I</InterFaceType><RuleOrderId>1</RuleOrderId><RuleId>1</RuleId><ConditionOrderId>1</ConditionOrderId><Param1>ALWAYS</Param1><Type1>S</Type1><ExtObjID1>0</ExtObjID1><VariableId_1>0</VariableId_1><VarFieldId_1>0</VarFieldId_1><Param2>ALWAYS</Param2><Type2>S</Type2><ExtObjID2>0</ExtObjID2><VariableId_2>0</VariableId_2><VarFieldId_2>0</VarFieldId_2><Operator>4</Operator><LogicalOp>4</LogicalOp>
	</RowData>
	<RowData><ProcessDefId>3</ProcessDefId><ActivityId>0</ActivityId><InterFaceType>I</InterFaceType><RuleOrderId>1</RuleOrderId><RuleId>3</RuleId><ConditionOrderId>1</ConditionOrderId><Param1>ALWAYS</Param1><Type1>S</Type1><ExtObjID1>0</ExtObjID1><VariableId_1>0</VariableId_1><VarFieldId_1>0</VarFieldId_1><Param2>ALWAYS</Param2><Type2>S</Type2><ExtObjID2>0</ExtObjID2><VariableId_2>0</VariableId_2><VarFieldId_2>0</VarFieldId_2><Operator>4</Operator><LogicalOp>4</LogicalOp>
	</RowData>
	<RowData><ProcessDefId>3</ProcessDefId><ActivityId>0</ActivityId><InterFaceType>I</InterFaceType><RuleOrderId>1</RuleOrderId><RuleId>4</RuleId><ConditionOrderId>1</ConditionOrderId><Param1>ALWAYS</Param1><Type1>S</Type1><ExtObjID1>0</ExtObjID1><VariableId_1>0</VariableId_1><VarFieldId_1>0</VarFieldId_1><Param2>ALWAYS</Param2><Type2>S</Type2><ExtObjID2>0</ExtObjID2><VariableId_2>0</VariableId_2><VarFieldId_2>0</VarFieldId_2><Operator>4</Operator><LogicalOp>4</LogicalOp>
	</RowData>
	<RowData><ProcessDefId>3</ProcessDefId><ActivityId>0</ActivityId><InterFaceType>I</InterFaceType><RuleOrderId>1</RuleOrderId><RuleId>8</RuleId><ConditionOrderId>1</ConditionOrderId><Param1>ALWAYS</Param1><Type1>S</Type1><ExtObjID1>0</ExtObjID1><VariableId_1>0</VariableId_1><VarFieldId_1>0</VarFieldId_1><Param2>ALWAYS</Param2><Type2>S</Type2><ExtObjID2>0</ExtObjID2><VariableId_2>0</VariableId_2><VarFieldId_2>0</VarFieldId_2><Operator>4</Operator><LogicalOp>4</LogicalOp>
	</RowData>
	<RowData><ProcessDefId>3</ProcessDefId><ActivityId>0</ActivityId><InterFaceType>I</InterFaceType><RuleOrderId>1</RuleOrderId><RuleId>9</RuleId><ConditionOrderId>1</ConditionOrderId><Param1>ALWAYS</Param1><Type1>S</Type1><ExtObjID1>0</ExtObjID1><VariableId_1>0</VariableId_1><VarFieldId_1>0</VarFieldId_1><Param2>ALWAYS</Param2><Type2>S</Type2><ExtObjID2>0</ExtObjID2><VariableId_2>0</VariableId_2><VarFieldId_2>0</VarFieldId_2><Operator>4</Operator><LogicalOp>4</LogicalOp>
	</RowData>
	<RowData><ProcessDefId>3</ProcessDefId><ActivityId>0</ActivityId><InterFaceType>I</InterFaceType><RuleOrderId>1</RuleOrderId><RuleId>10</RuleId><ConditionOrderId>1</ConditionOrderId><Param1>ALWAYS</Param1><Type1>S</Type1><ExtObjID1>0</ExtObjID1><VariableId_1>0</VariableId_1><VarFieldId_1>0</VarFieldId_1><Param2>ALWAYS</Param2><Type2>S</Type2><ExtObjID2>0</ExtObjID2><VariableId_2>0</VariableId_2><VarFieldId_2>0</VarFieldId_2><Operator>4</Operator><LogicalOp>4</LogicalOp>
	</RowData>
</PMWExtInterfaceConditionTable>