<PMWPROCESSDEFTABLE>
	<RowData><ProcessName>ServiceProcess</ProcessName><ProcessType>S</ProcessType><ProcessState>Enabled</ProcessState><RegPrefix>Service</RegPrefix><RegSuffix>process</RegSuffix><RegStartingNo>0</RegStartingNo><ProcessTurnAroundTime>0</ProcessTurnAroundTime><RegSeqLength>26</RegSeqLength><CreatedOn>2019-04-02 11:22:15.18</CreatedOn><LastModifiedOn>2021-07-20 22:47:33.91</LastModifiedOn><WSFont>BookMan Old Style,0,8</WSFont><WSColor>-16777216</WSColor><CommentsFont>BookMan Old Style,0,8</CommentsFont><CommentsColor>-16777077</CommentsColor><Backcolor>-1053713</Backcolor><Description>Default Description</Description><TATCalFlag>N</TATCalFlag><VersionNo>1</VersionNo><CreatedBy>padmin</CreatedBy><LastModifiedBy>padmin</LastModifiedBy><ProcessShared>N</ProcessShared><ProjectId>2</ProjectId><Cost>0.00</Cost><Duration></Duration><FormViewerApp>J</FormViewerApp><ThresholdRoutingCount>250</ThresholdRoutingCount><CreateWebService>Y</CreateWebService>
	</RowData>
</PMWPROCESSDEFTABLE>