<PMWQUEUESTREAMTABLE>
	<RowData><ProcessDefId>3</ProcessDefId>
		<ActivityID>1</ActivityID>
		<StreamId>1</StreamId><QueueId>-49</QueueId>
	</RowData>
	<RowData><ProcessDefId>3</ProcessDefId>
		<ActivityID>2</ActivityID>
		<StreamId>1</StreamId><QueueId>-45</QueueId>
	</RowData>
	<RowData><ProcessDefId>3</ProcessDefId>
		<ActivityID>3</ActivityID>
		<StreamId>1</StreamId><QueueId>-46</QueueId>
	</RowData>
	<RowData><ProcessDefId>3</ProcessDefId>
		<ActivityID>16</ActivityID>
		<StreamId>1</StreamId><QueueId>-53</QueueId>
	</RowData>
	<RowData><ProcessDefId>3</ProcessDefId>
		<ActivityID>23</ActivityID>
		<StreamId>1</StreamId><QueueId>-64</QueueId>
	</RowData>
	<RowData><ProcessDefId>3</ProcessDefId>
		<ActivityID>25</ActivityID>
		<StreamId>1</StreamId><QueueId>-62</QueueId>
	</RowData>
	<RowData><ProcessDefId>3</ProcessDefId>
		<ActivityID>27</ActivityID>
		<StreamId>1</StreamId><QueueId>-63</QueueId>
	</RowData>
	<RowData><ProcessDefId>3</ProcessDefId>
		<ActivityID>28</ActivityID>
		<StreamId>1</StreamId><QueueId>-65</QueueId>
	</RowData>
</PMWQUEUESTREAMTABLE>