<PMWQUEUEDEFTABLE>
	<RowData><ProcessDefId>3</ProcessDefId><QueueId>-45</QueueId>
		<QueueName>ServiceProcess_Park</QueueName>
		<QueueType>N</QueueType>
		<Comments>Process Modeler generated Default Queue</Comments>
		<AllowReassignment>N</AllowReassignment>
		<FilterOption>1</FilterOption>
		<OrderBy>2</OrderBy>
		
		<RefreshInterval>0</RefreshInterval>
		<SortOrder>A</SortOrder>
		
	</RowData>
	<RowData><ProcessDefId>3</ProcessDefId><QueueId>-46</QueueId>
		<QueueName>ServiceProcess_Post</QueueName>
		<QueueType>N</QueueType>
		<Comments>Process Modeler generated Default Queue</Comments>
		<AllowReassignment>N</AllowReassignment>
		<FilterOption>1</FilterOption>
		<OrderBy>2</OrderBy>
		
		<RefreshInterval>0</RefreshInterval>
		<SortOrder>A</SortOrder>
		
	</RowData>
	<RowData><ProcessDefId>3</ProcessDefId><QueueId>-48</QueueId>
		<QueueName>ServiceProcess_Service Introduction</QueueName>
		<QueueType>N</QueueType>
		<Comments>Process Modeler generated Default Swimlane Queue</Comments>
		<AllowReassignment>N</AllowReassignment>
		<FilterOption>1</FilterOption>
		<OrderBy>2</OrderBy>
		
		<RefreshInterval>0</RefreshInterval>
		<SortOrder>A</SortOrder>
		<ProcessName></ProcessName>
	</RowData>
	<RowData><ProcessDefId>3</ProcessDefId><QueueId>-49</QueueId>
		<QueueName>ServiceProcess_ServiceUpload</QueueName>
		<QueueType>I</QueueType>
		<Comments>Process Modeler generated Default Queue for Start Activity</Comments>
		<AllowReassignment>N</AllowReassignment>
		
		<OrderBy>10</OrderBy>
		
		<RefreshInterval>0</RefreshInterval>
		<SortOrder>A</SortOrder>
		
	</RowData>
	<RowData><ProcessDefId>3</ProcessDefId><QueueId>-51</QueueId>
		<QueueName>ServiceProcess_Service Park</QueueName>
		<QueueType>N</QueueType>
		<Comments>Process Modeler generated Default Queue</Comments>
		<AllowReassignment>N</AllowReassignment>
		<FilterOption>1</FilterOption>
		<OrderBy>2</OrderBy>
		
		<RefreshInterval>0</RefreshInterval>
		<SortOrder>A</SortOrder>
		
	</RowData>
	<RowData><ProcessDefId>3</ProcessDefId><QueueId>-52</QueueId>
		<QueueName>ServiceProcess_Service Post</QueueName>
		<QueueType>N</QueueType>
		<Comments>Process Modeler generated Default Queue</Comments>
		<AllowReassignment>N</AllowReassignment>
		<FilterOption>1</FilterOption>
		<OrderBy>2</OrderBy>
		
		<RefreshInterval>0</RefreshInterval>
		<SortOrder>A</SortOrder>
		
	</RowData>
	<RowData><ProcessDefId>3</ProcessDefId><QueueId>-53</QueueId>
		<QueueName>ServiceProcess_Exit</QueueName>
		<QueueType>N</QueueType>
		<Comments>Process Modeler generated Default Queue</Comments>
		<AllowReassignment>N</AllowReassignment>
		<FilterOption>1</FilterOption>
		<OrderBy>2</OrderBy>
		
		<RefreshInterval>0</RefreshInterval>
		<SortOrder>A</SortOrder>
		
	</RowData>
	<RowData><ProcessDefId>3</ProcessDefId><QueueId>-62</QueueId>
		<QueueName>ServiceProcess_SchedulerPosting</QueueName>
		<QueueType>N</QueueType>
		<Comments>Process Modeler generated Default Queue</Comments>
		<AllowReassignment>N</AllowReassignment>
		<FilterOption>1</FilterOption>
		<OrderBy>2</OrderBy>
		
		<RefreshInterval>0</RefreshInterval>
		<SortOrder>A</SortOrder>
		<ProcessName></ProcessName>
	</RowData>
	<RowData><ProcessDefId>3</ProcessDefId><QueueId>-63</QueueId>
		<QueueName>ServiceProcess_PostingException</QueueName>
		<QueueType>N</QueueType>
		<Comments>Process Modeler generated Default Queue</Comments>
		<AllowReassignment>N</AllowReassignment>
		<FilterOption>1</FilterOption>
		<OrderBy>2</OrderBy>
		
		<RefreshInterval>0</RefreshInterval>
		<SortOrder>A</SortOrder>
		<ProcessName></ProcessName>
	</RowData>
	<RowData><ProcessDefId>3</ProcessDefId><QueueId>-64</QueueId>
		<QueueName>ServiceProcess_ParkingException</QueueName>
		<QueueType>N</QueueType>
		<Comments>Process Modeler generated Default Queue</Comments>
		<AllowReassignment>N</AllowReassignment>
		<FilterOption>1</FilterOption>
		<OrderBy>2</OrderBy>
		
		<RefreshInterval>0</RefreshInterval>
		<SortOrder>A</SortOrder>
		
	</RowData>
	<RowData><ProcessDefId>3</ProcessDefId><QueueId>-65</QueueId>
		<QueueName>ServiceProcess_Query_28</QueueName>
		<QueueType>Q</QueueType>
		<Comments>Process Modeler generated Default Queue For Query_28</Comments>
		<AllowReassignment>N</AllowReassignment>
		
		<OrderBy>10</OrderBy>
		
		<RefreshInterval>0</RefreshInterval>
		<SortOrder>A</SortOrder>
		
	</RowData>
</PMWQUEUEDEFTABLE>