<PMWRuleOperationTable>
	<RowData><ProcessDefId>3</ProcessDefId><ActivityId>4</ActivityId><RuleType>E</RuleType><RuleId>1</RuleId><OperationType>18</OperationType><Param1>assignedTo</Param1><Type1>I</Type1><ExtObjID1>1</ExtObjID1><VariableId_1>68</VariableId_1><VarFieldId_1>0</VarFieldId_1><Param2></Param2><Type2>V</Type2><ExtObjID2>0</ExtObjID2><VariableId_2>0</VariableId_2><VarFieldId_2>0</VarFieldId_2><Param3></Param3><Type3>0</Type3><ExtObjID3>0</ExtObjID3><VariableId_3>0</VariableId_3><VarFieldId_3>0</VarFieldId_3><Operator>0</Operator><OperationOrderId>1</OperationOrderId><CommentFlag>N</CommentFlag><RuleCalFlag></RuleCalFlag><FunctionType>L</FunctionType>
	</RowData>
	<RowData><ProcessDefId>3</ProcessDefId><ActivityId>4</ActivityId><RuleType>E</RuleType><RuleId>1</RuleId><OperationType>1</OperationType><Param1>processid</Param1><Type1>I</Type1><ExtObjID1>1</ExtObjID1><VariableId_1>65</VariableId_1><VarFieldId_1>0</VarFieldId_1><Param2>WorkItemName</Param2><Type2>S</Type2><ExtObjID2>0</ExtObjID2><VariableId_2>31</VariableId_2><VarFieldId_2>0</VarFieldId_2><Param3></Param3><Type3></Type3><ExtObjID3>0</ExtObjID3><VariableId_3>0</VariableId_3><VarFieldId_3>0</VarFieldId_3><Operator>0</Operator><OperationOrderId>2</OperationOrderId><CommentFlag>N</CommentFlag><RuleCalFlag></RuleCalFlag><FunctionType>L</FunctionType>
	</RowData>
	<RowData><ProcessDefId>3</ProcessDefId><ActivityId>5</ActivityId><RuleType>E</RuleType><RuleId>1</RuleId><OperationType>18</OperationType><Param1>assignedTo</Param1><Type1>I</Type1><ExtObjID1>1</ExtObjID1><VariableId_1>68</VariableId_1><VarFieldId_1>0</VarFieldId_1><Param2></Param2><Type2>V</Type2><ExtObjID2>0</ExtObjID2><VariableId_2>0</VariableId_2><VarFieldId_2>0</VarFieldId_2><Param3></Param3><Type3>0</Type3><ExtObjID3>0</ExtObjID3><VariableId_3>0</VariableId_3><VarFieldId_3>0</VarFieldId_3><Operator>0</Operator><OperationOrderId>1</OperationOrderId><CommentFlag>N</CommentFlag><RuleCalFlag></RuleCalFlag><FunctionType>L</FunctionType>
	</RowData>
	<RowData><ProcessDefId>3</ProcessDefId><ActivityId>6</ActivityId><RuleType>E</RuleType><RuleId>1</RuleId><OperationType>18</OperationType><Param1>assignedTo</Param1><Type1>I</Type1><ExtObjID1>1</ExtObjID1><VariableId_1>68</VariableId_1><VarFieldId_1>0</VarFieldId_1><Param2></Param2><Type2>V</Type2><ExtObjID2>0</ExtObjID2><VariableId_2>0</VariableId_2><VarFieldId_2>0</VarFieldId_2><Param3></Param3><Type3>0</Type3><ExtObjID3>0</ExtObjID3><VariableId_3>0</VariableId_3><VarFieldId_3>0</VarFieldId_3><Operator>0</Operator><OperationOrderId>1</OperationOrderId><CommentFlag>N</CommentFlag><RuleCalFlag></RuleCalFlag><FunctionType>L</FunctionType>
	</RowData>
	<RowData><ProcessDefId>3</ProcessDefId><ActivityId>7</ActivityId><RuleType>E</RuleType><RuleId>1</RuleId><OperationType>18</OperationType><Param1>assignedTo</Param1><Type1>I</Type1><ExtObjID1>1</ExtObjID1><VariableId_1>68</VariableId_1><VarFieldId_1>0</VarFieldId_1><Param2></Param2><Type2>V</Type2><ExtObjID2>0</ExtObjID2><VariableId_2>0</VariableId_2><VarFieldId_2>0</VarFieldId_2><Param3></Param3><Type3>0</Type3><ExtObjID3>0</ExtObjID3><VariableId_3>0</VariableId_3><VarFieldId_3>0</VarFieldId_3><Operator>0</Operator><OperationOrderId>1</OperationOrderId><CommentFlag>N</CommentFlag><RuleCalFlag></RuleCalFlag><FunctionType>L</FunctionType>
	</RowData>
	<RowData><ProcessDefId>3</ProcessDefId><ActivityId>11</ActivityId><RuleType>X</RuleType><RuleId>1</RuleId><OperationType>4</OperationType><Param1>PreviousStage</Param1><Type1>V</Type1><ExtObjID1>0</ExtObjID1><VariableId_1>0</VariableId_1><VarFieldId_1>0</VarFieldId_1><Param2></Param2><Type2>V</Type2><ExtObjID2>0</ExtObjID2><VariableId_2>0</VariableId_2><VarFieldId_2>0</VarFieldId_2><Param3></Param3><Type3>0</Type3><ExtObjID3>0</ExtObjID3><VariableId_3>0</VariableId_3><VarFieldId_3>0</VarFieldId_3><Operator>0</Operator><OperationOrderId>1</OperationOrderId><CommentFlag>N</CommentFlag><RuleCalFlag></RuleCalFlag><FunctionType>L</FunctionType>
	</RowData>
	<RowData><ProcessDefId>3</ProcessDefId><ActivityId>12</ActivityId><RuleType>X</RuleType><RuleId>1</RuleId><OperationType>4</OperationType><Param1>PreviousStage</Param1><Type1>V</Type1><ExtObjID1>0</ExtObjID1><VariableId_1>0</VariableId_1><VarFieldId_1>0</VarFieldId_1><Param2></Param2><Type2>V</Type2><ExtObjID2>0</ExtObjID2><VariableId_2>0</VariableId_2><VarFieldId_2>0</VarFieldId_2><Param3></Param3><Type3>0</Type3><ExtObjID3>0</ExtObjID3><VariableId_3>0</VariableId_3><VarFieldId_3>0</VarFieldId_3><Operator>0</Operator><OperationOrderId>1</OperationOrderId><CommentFlag>N</CommentFlag><RuleCalFlag></RuleCalFlag><FunctionType>L</FunctionType>
	</RowData>
	<RowData><ProcessDefId>3</ProcessDefId><ActivityId>13</ActivityId><RuleType>X</RuleType><RuleId>1</RuleId><OperationType>4</OperationType><Param1>PreviousStage</Param1><Type1>V</Type1><ExtObjID1>0</ExtObjID1><VariableId_1>0</VariableId_1><VarFieldId_1>0</VarFieldId_1><Param2></Param2><Type2>V</Type2><ExtObjID2>0</ExtObjID2><VariableId_2>0</VariableId_2><VarFieldId_2>0</VarFieldId_2><Param3></Param3><Type3>0</Type3><ExtObjID3>0</ExtObjID3><VariableId_3>0</VariableId_3><VarFieldId_3>0</VarFieldId_3><Operator>0</Operator><OperationOrderId>1</OperationOrderId><CommentFlag>N</CommentFlag><RuleCalFlag></RuleCalFlag><FunctionType>L</FunctionType>
	</RowData>
	<RowData><ProcessDefId>3</ProcessDefId><ActivityId>14</ActivityId><RuleType>X</RuleType><RuleId>1</RuleId><OperationType>4</OperationType><Param1>PreviousStage</Param1><Type1>V</Type1><ExtObjID1>0</ExtObjID1><VariableId_1>0</VariableId_1><VarFieldId_1>0</VarFieldId_1><Param2></Param2><Type2>V</Type2><ExtObjID2>0</ExtObjID2><VariableId_2>0</VariableId_2><VarFieldId_2>0</VarFieldId_2><Param3></Param3><Type3>0</Type3><ExtObjID3>0</ExtObjID3><VariableId_3>0</VariableId_3><VarFieldId_3>0</VarFieldId_3><Operator>0</Operator><OperationOrderId>1</OperationOrderId><CommentFlag>N</CommentFlag><RuleCalFlag></RuleCalFlag><FunctionType>L</FunctionType>
	</RowData>
	<RowData><ProcessDefId>3</ProcessDefId><ActivityId>15</ActivityId><RuleType>E</RuleType><RuleId>1</RuleId><OperationType>18</OperationType><Param1>CreatedByName</Param1><Type1>S</Type1><ExtObjID1>0</ExtObjID1><VariableId_1>32</VariableId_1><VarFieldId_1>0</VarFieldId_1><Param2></Param2><Type2>V</Type2><ExtObjID2>0</ExtObjID2><VariableId_2>0</VariableId_2><VarFieldId_2>0</VarFieldId_2><Param3></Param3><Type3>0</Type3><ExtObjID3>0</ExtObjID3><VariableId_3>0</VariableId_3><VarFieldId_3>0</VarFieldId_3><Operator>0</Operator><OperationOrderId>1</OperationOrderId><CommentFlag>N</CommentFlag><RuleCalFlag></RuleCalFlag><FunctionType>L</FunctionType>
	</RowData>
	<RowData><ProcessDefId>3</ProcessDefId><ActivityId>17</ActivityId><RuleType>X</RuleType><RuleId>1</RuleId><OperationType>4</OperationType><Param1>Audit</Param1><Type1>V</Type1><ExtObjID1>0</ExtObjID1><VariableId_1>0</VariableId_1><VarFieldId_1>0</VarFieldId_1><Param2></Param2><Type2>V</Type2><ExtObjID2>0</ExtObjID2><VariableId_2>0</VariableId_2><VarFieldId_2>0</VarFieldId_2><Param3></Param3><Type3>0</Type3><ExtObjID3>0</ExtObjID3><VariableId_3>0</VariableId_3><VarFieldId_3>0</VarFieldId_3><Operator>0</Operator><OperationOrderId>1</OperationOrderId><CommentFlag>N</CommentFlag><RuleCalFlag></RuleCalFlag><FunctionType>L</FunctionType>
	</RowData>
	<RowData><ProcessDefId>3</ProcessDefId><ActivityId>17</ActivityId><RuleType>X</RuleType><RuleId>2</RuleId><OperationType>4</OperationType><Param1>Discard</Param1><Type1>V</Type1><ExtObjID1>0</ExtObjID1><VariableId_1>0</VariableId_1><VarFieldId_1>0</VarFieldId_1><Param2></Param2><Type2>V</Type2><ExtObjID2>0</ExtObjID2><VariableId_2>0</VariableId_2><VarFieldId_2>0</VarFieldId_2><Param3></Param3><Type3>0</Type3><ExtObjID3>0</ExtObjID3><VariableId_3>0</VariableId_3><VarFieldId_3>0</VarFieldId_3><Operator>0</Operator><OperationOrderId>1</OperationOrderId><CommentFlag>N</CommentFlag><RuleCalFlag></RuleCalFlag><FunctionType>L</FunctionType>
	</RowData>
	<RowData><ProcessDefId>3</ProcessDefId><ActivityId>17</ActivityId><RuleType>X</RuleType><RuleId>3</RuleId><OperationType>4</OperationType><Param1>PreviousStage</Param1><Type1>V</Type1><ExtObjID1>0</ExtObjID1><VariableId_1>0</VariableId_1><VarFieldId_1>0</VarFieldId_1><Param2></Param2><Type2>V</Type2><ExtObjID2>0</ExtObjID2><VariableId_2>0</VariableId_2><VarFieldId_2>0</VarFieldId_2><Param3></Param3><Type3>0</Type3><ExtObjID3>0</ExtObjID3><VariableId_3>0</VariableId_3><VarFieldId_3>0</VarFieldId_3><Operator>0</Operator><OperationOrderId>1</OperationOrderId><CommentFlag>N</CommentFlag><RuleCalFlag></RuleCalFlag><FunctionType>L</FunctionType>
	</RowData>
	<RowData><ProcessDefId>3</ProcessDefId><ActivityId>21</ActivityId><RuleType>X</RuleType><RuleId>1</RuleId><OperationType>4</OperationType><Param1>PreviousStage</Param1><Type1>V</Type1><ExtObjID1>0</ExtObjID1><VariableId_1>0</VariableId_1><VarFieldId_1>0</VarFieldId_1><Param2></Param2><Type2>V</Type2><ExtObjID2>0</ExtObjID2><VariableId_2>0</VariableId_2><VarFieldId_2>0</VarFieldId_2><Param3></Param3><Type3>0</Type3><ExtObjID3>0</ExtObjID3><VariableId_3>0</VariableId_3><VarFieldId_3>0</VarFieldId_3><Operator>0</Operator><OperationOrderId>1</OperationOrderId><CommentFlag>N</CommentFlag><RuleCalFlag></RuleCalFlag><FunctionType>L</FunctionType>
	</RowData>
	<RowData><ProcessDefId>3</ProcessDefId><ActivityId>24</ActivityId><RuleType>X</RuleType><RuleId>1</RuleId><OperationType>4</OperationType><Param1>Finance</Param1><Type1>V</Type1><ExtObjID1>0</ExtObjID1><VariableId_1>0</VariableId_1><VarFieldId_1>0</VarFieldId_1><Param2></Param2><Type2>V</Type2><ExtObjID2>0</ExtObjID2><VariableId_2>0</VariableId_2><VarFieldId_2>0</VarFieldId_2><Param3></Param3><Type3>0</Type3><ExtObjID3>0</ExtObjID3><VariableId_3>0</VariableId_3><VarFieldId_3>0</VarFieldId_3><Operator>0</Operator><OperationOrderId>1</OperationOrderId><CommentFlag>N</CommentFlag><RuleCalFlag></RuleCalFlag><FunctionType>L</FunctionType>
	</RowData>
	<RowData><ProcessDefId>3</ProcessDefId><ActivityId>24</ActivityId><RuleType>X</RuleType><RuleId>2</RuleId><OperationType>4</OperationType><Param1>ParkingException</Param1><Type1>V</Type1><ExtObjID1>0</ExtObjID1><VariableId_1>0</VariableId_1><VarFieldId_1>0</VarFieldId_1><Param2></Param2><Type2>V</Type2><ExtObjID2>0</ExtObjID2><VariableId_2>0</VariableId_2><VarFieldId_2>0</VarFieldId_2><Param3></Param3><Type3>0</Type3><ExtObjID3>0</ExtObjID3><VariableId_3>0</VariableId_3><VarFieldId_3>0</VarFieldId_3><Operator>0</Operator><OperationOrderId>1</OperationOrderId><CommentFlag>N</CommentFlag><RuleCalFlag></RuleCalFlag><FunctionType>L</FunctionType>
	</RowData>
	<RowData><ProcessDefId>3</ProcessDefId><ActivityId>24</ActivityId><RuleType>X</RuleType><RuleId>3</RuleId><OperationType>4</OperationType><Param1>PreviousStage</Param1><Type1>V</Type1><ExtObjID1>0</ExtObjID1><VariableId_1>0</VariableId_1><VarFieldId_1>0</VarFieldId_1><Param2></Param2><Type2>V</Type2><ExtObjID2>0</ExtObjID2><VariableId_2>0</VariableId_2><VarFieldId_2>0</VarFieldId_2><Param3></Param3><Type3>0</Type3><ExtObjID3>0</ExtObjID3><VariableId_3>0</VariableId_3><VarFieldId_3>0</VarFieldId_3><Operator>0</Operator><OperationOrderId>1</OperationOrderId><CommentFlag>N</CommentFlag><RuleCalFlag></RuleCalFlag><FunctionType>L</FunctionType>
	</RowData>
	<RowData><ProcessDefId>3</ProcessDefId><ActivityId>26</ActivityId><RuleType>X</RuleType><RuleId>1</RuleId><OperationType>4</OperationType><Param1>Finance</Param1><Type1>V</Type1><ExtObjID1>0</ExtObjID1><VariableId_1>0</VariableId_1><VarFieldId_1>0</VarFieldId_1><Param2></Param2><Type2>V</Type2><ExtObjID2>0</ExtObjID2><VariableId_2>0</VariableId_2><VarFieldId_2>0</VarFieldId_2><Param3></Param3><Type3>0</Type3><ExtObjID3>0</ExtObjID3><VariableId_3>0</VariableId_3><VarFieldId_3>0</VarFieldId_3><Operator>0</Operator><OperationOrderId>1</OperationOrderId><CommentFlag>N</CommentFlag><RuleCalFlag></RuleCalFlag><FunctionType>L</FunctionType>
	</RowData>
	<RowData><ProcessDefId>3</ProcessDefId><ActivityId>26</ActivityId><RuleType>X</RuleType><RuleId>2</RuleId><OperationType>4</OperationType><Param1>PostingException</Param1><Type1>V</Type1><ExtObjID1>0</ExtObjID1><VariableId_1>0</VariableId_1><VarFieldId_1>0</VarFieldId_1><Param2></Param2><Type2>V</Type2><ExtObjID2>0</ExtObjID2><VariableId_2>0</VariableId_2><VarFieldId_2>0</VarFieldId_2><Param3></Param3><Type3>0</Type3><ExtObjID3>0</ExtObjID3><VariableId_3>0</VariableId_3><VarFieldId_3>0</VarFieldId_3><Operator>0</Operator><OperationOrderId>1</OperationOrderId><CommentFlag>N</CommentFlag><RuleCalFlag></RuleCalFlag><FunctionType>L</FunctionType>
	</RowData>
	<RowData><ProcessDefId>3</ProcessDefId><ActivityId>26</ActivityId><RuleType>X</RuleType><RuleId>3</RuleId><OperationType>4</OperationType><Param1>PreviousStage</Param1><Type1>V</Type1><ExtObjID1>0</ExtObjID1><VariableId_1>0</VariableId_1><VarFieldId_1>0</VarFieldId_1><Param2></Param2><Type2>V</Type2><ExtObjID2>0</ExtObjID2><VariableId_2>0</VariableId_2><VarFieldId_2>0</VarFieldId_2><Param3></Param3><Type3>0</Type3><ExtObjID3>0</ExtObjID3><VariableId_3>0</VariableId_3><VarFieldId_3>0</VarFieldId_3><Operator>0</Operator><OperationOrderId>1</OperationOrderId><CommentFlag>N</CommentFlag><RuleCalFlag></RuleCalFlag><FunctionType>L</FunctionType>
	</RowData>
	<RowData><ProcessDefId>3</ProcessDefId><ActivityId>29</ActivityId><RuleType>X</RuleType><RuleId>1</RuleId><OperationType>4</OperationType><Param1>SchedulerPakring</Param1><Type1>V</Type1><ExtObjID1>0</ExtObjID1><VariableId_1>0</VariableId_1><VarFieldId_1>0</VarFieldId_1><Param2></Param2><Type2>V</Type2><ExtObjID2>0</ExtObjID2><VariableId_2>0</VariableId_2><VarFieldId_2>0</VarFieldId_2><Param3></Param3><Type3>0</Type3><ExtObjID3>0</ExtObjID3><VariableId_3>0</VariableId_3><VarFieldId_3>0</VarFieldId_3><Operator>0</Operator><OperationOrderId>1</OperationOrderId><CommentFlag>N</CommentFlag><RuleCalFlag></RuleCalFlag><FunctionType>L</FunctionType>
	</RowData>
	<RowData><ProcessDefId>3</ProcessDefId><ActivityId>29</ActivityId><RuleType>X</RuleType><RuleId>2</RuleId><OperationType>4</OperationType><Param1>Discard</Param1><Type1>V</Type1><ExtObjID1>0</ExtObjID1><VariableId_1>0</VariableId_1><VarFieldId_1>0</VarFieldId_1><Param2></Param2><Type2>V</Type2><ExtObjID2>0</ExtObjID2><VariableId_2>0</VariableId_2><VarFieldId_2>0</VarFieldId_2><Param3></Param3><Type3>0</Type3><ExtObjID3>0</ExtObjID3><VariableId_3>0</VariableId_3><VarFieldId_3>0</VarFieldId_3><Operator>0</Operator><OperationOrderId>1</OperationOrderId><CommentFlag>N</CommentFlag><RuleCalFlag></RuleCalFlag><FunctionType>L</FunctionType>
	</RowData>
	<RowData><ProcessDefId>3</ProcessDefId><ActivityId>29</ActivityId><RuleType>X</RuleType><RuleId>3</RuleId><OperationType>4</OperationType><Param1>Discard</Param1><Type1>V</Type1><ExtObjID1>0</ExtObjID1><VariableId_1>0</VariableId_1><VarFieldId_1>0</VarFieldId_1><Param2></Param2><Type2>V</Type2><ExtObjID2>0</ExtObjID2><VariableId_2>0</VariableId_2><VarFieldId_2>0</VarFieldId_2><Param3></Param3><Type3>0</Type3><ExtObjID3>0</ExtObjID3><VariableId_3>0</VariableId_3><VarFieldId_3>0</VarFieldId_3><Operator>0</Operator><OperationOrderId>1</OperationOrderId><CommentFlag>N</CommentFlag><RuleCalFlag></RuleCalFlag><FunctionType>L</FunctionType>
	</RowData>
	<RowData><ProcessDefId>3</ProcessDefId><ActivityId>31</ActivityId><RuleType>X</RuleType><RuleId>1</RuleId><OperationType>4</OperationType><Param1>Finance</Param1><Type1>V</Type1><ExtObjID1>0</ExtObjID1><VariableId_1>0</VariableId_1><VarFieldId_1>0</VarFieldId_1><Param2></Param2><Type2>V</Type2><ExtObjID2>0</ExtObjID2><VariableId_2>0</VariableId_2><VarFieldId_2>0</VarFieldId_2><Param3></Param3><Type3>0</Type3><ExtObjID3>0</ExtObjID3><VariableId_3>0</VariableId_3><VarFieldId_3>0</VarFieldId_3><Operator>0</Operator><OperationOrderId>1</OperationOrderId><CommentFlag>N</CommentFlag><RuleCalFlag></RuleCalFlag><FunctionType>L</FunctionType>
	</RowData>
	<RowData><ProcessDefId>3</ProcessDefId><ActivityId>31</ActivityId><RuleType>X</RuleType><RuleId>2</RuleId><OperationType>4</OperationType><Param1>SchedulerPakring</Param1><Type1>V</Type1><ExtObjID1>0</ExtObjID1><VariableId_1>0</VariableId_1><VarFieldId_1>0</VarFieldId_1><Param2></Param2><Type2>V</Type2><ExtObjID2>0</ExtObjID2><VariableId_2>0</VariableId_2><VarFieldId_2>0</VarFieldId_2><Param3></Param3><Type3>0</Type3><ExtObjID3>0</ExtObjID3><VariableId_3>0</VariableId_3><VarFieldId_3>0</VarFieldId_3><Operator>0</Operator><OperationOrderId>1</OperationOrderId><CommentFlag>N</CommentFlag><RuleCalFlag></RuleCalFlag><FunctionType>L</FunctionType>
	</RowData>
	<RowData><ProcessDefId>3</ProcessDefId><ActivityId>31</ActivityId><RuleType>X</RuleType><RuleId>3</RuleId><OperationType>4</OperationType><Param1>Discard</Param1><Type1>V</Type1><ExtObjID1>0</ExtObjID1><VariableId_1>0</VariableId_1><VarFieldId_1>0</VarFieldId_1><Param2></Param2><Type2>V</Type2><ExtObjID2>0</ExtObjID2><VariableId_2>0</VariableId_2><VarFieldId_2>0</VarFieldId_2><Param3></Param3><Type3>0</Type3><ExtObjID3>0</ExtObjID3><VariableId_3>0</VariableId_3><VarFieldId_3>0</VarFieldId_3><Operator>0</Operator><OperationOrderId>1</OperationOrderId><CommentFlag>N</CommentFlag><RuleCalFlag></RuleCalFlag><FunctionType>L</FunctionType>
	</RowData>
	<RowData><ProcessDefId>3</ProcessDefId><ActivityId>31</ActivityId><RuleType>X</RuleType><RuleId>4</RuleId><OperationType>4</OperationType><Param1>PreviousStage</Param1><Type1>V</Type1><ExtObjID1>0</ExtObjID1><VariableId_1>0</VariableId_1><VarFieldId_1>0</VarFieldId_1><Param2></Param2><Type2>V</Type2><ExtObjID2>0</ExtObjID2><VariableId_2>0</VariableId_2><VarFieldId_2>0</VarFieldId_2><Param3></Param3><Type3>0</Type3><ExtObjID3>0</ExtObjID3><VariableId_3>0</VariableId_3><VarFieldId_3>0</VarFieldId_3><Operator>0</Operator><OperationOrderId>1</OperationOrderId><CommentFlag>N</CommentFlag><RuleCalFlag></RuleCalFlag><FunctionType>L</FunctionType>
	</RowData>
</PMWRuleOperationTable>