<PMWSTATESDEFTABLE>
	<RowData><ProcessDefId>3</ProcessDefId><StateId>1</StateId><StateName>NotStarted</StateName>
	</RowData>
	<RowData><ProcessDefId>3</ProcessDefId><StateId>2</StateId><StateName>Running</StateName>
	</RowData>
	<RowData><ProcessDefId>3</ProcessDefId><StateId>3</StateId><StateName>Suspended</StateName>
	</RowData>
	<RowData><ProcessDefId>3</ProcessDefId><StateId>4</StateId><StateName>Terminated</StateName>
	</RowData>
	<RowData><ProcessDefId>3</ProcessDefId><StateId>5</StateId><StateName>Aborted</StateName>
	</RowData>
	<RowData><ProcessDefId>3</ProcessDefId><StateId>6</StateId><StateName>Completed</StateName>
	</RowData>
</PMWSTATESDEFTABLE>