<PMWSAPConnectTable>
	<RowData><ProcessDefId>3</ProcessDefId><SAPHostName>OEECCQV.orient.com</SAPHostName><SAPInstance>00</SAPInstance><SAPClient>800</SAPClient><SAPUserName>awcdms</SAPUserName><SAPPassword></SAPPassword><SAPHttpProtocol>HTTP</SAPHttpProtocol><SAPITSFlag>E</SAPITSFlag><SAPLanguage>EN</SAPLanguage><SAPHttpPort>8001</SAPHttpPort><ConfigurationID>1</ConfigurationID><RFCHostName>OEECCQV</RFCHostName><ConfigurationName>sapConf</ConfigurationName><SecurityFlag>Y</SecurityFlag>
	</RowData>
</PMWSAPConnectTable>