<PMWTypeDefTable>
	<RowData><ProcessDefId>3</ProcessDefId><ParentTypeId>1</ParentTypeId><TypeFieldId>1</TypeFieldId><FieldName>PO_NUMBER</FieldName><WFType>10</WFType><TypeId>0</TypeId><Unbounded>N</Unbounded><ExtensionTypeId>0</ExtensionTypeId>
	</RowData>
	<RowData><ProcessDefId>3</ProcessDefId><ParentTypeId>1</ParentTypeId><TypeFieldId>2</TypeFieldId><FieldName>PO_ITEM</FieldName><WFType>3</WFType><TypeId>0</TypeId><Unbounded>N</Unbounded><ExtensionTypeId>0</ExtensionTypeId>
	</RowData>
	<RowData><ProcessDefId>3</ProcessDefId><ParentTypeId>1</ParentTypeId><TypeFieldId>3</TypeFieldId><FieldName>DELETE_IND</FieldName><WFType>10</WFType><TypeId>0</TypeId><Unbounded>N</Unbounded><ExtensionTypeId>0</ExtensionTypeId>
	</RowData>
	<RowData><ProcessDefId>3</ProcessDefId><ParentTypeId>1</ParentTypeId><TypeFieldId>4</TypeFieldId><FieldName>STATUS</FieldName><WFType>10</WFType><TypeId>0</TypeId><Unbounded>N</Unbounded><ExtensionTypeId>0</ExtensionTypeId>
	</RowData>
	<RowData><ProcessDefId>3</ProcessDefId><ParentTypeId>1</ParentTypeId><TypeFieldId>5</TypeFieldId><FieldName>CHANGED_ON</FieldName><WFType>8</WFType><TypeId>0</TypeId><Unbounded>N</Unbounded><ExtensionTypeId>0</ExtensionTypeId>
	</RowData>
	<RowData><ProcessDefId>3</ProcessDefId><ParentTypeId>1</ParentTypeId><TypeFieldId>6</TypeFieldId><FieldName>SHORT_TEXT</FieldName><WFType>10</WFType><TypeId>0</TypeId><Unbounded>N</Unbounded><ExtensionTypeId>0</ExtensionTypeId>
	</RowData>
	<RowData><ProcessDefId>3</ProcessDefId><ParentTypeId>1</ParentTypeId><TypeFieldId>7</TypeFieldId><FieldName>MATERIAL</FieldName><WFType>10</WFType><TypeId>0</TypeId><Unbounded>N</Unbounded><ExtensionTypeId>0</ExtensionTypeId>
	</RowData>
	<RowData><ProcessDefId>3</ProcessDefId><ParentTypeId>1</ParentTypeId><TypeFieldId>8</TypeFieldId><FieldName>PUR_MAT</FieldName><WFType>10</WFType><TypeId>0</TypeId><Unbounded>N</Unbounded><ExtensionTypeId>0</ExtensionTypeId>
	</RowData>
	<RowData><ProcessDefId>3</ProcessDefId><ParentTypeId>1</ParentTypeId><TypeFieldId>9</TypeFieldId><FieldName>CO_CODE</FieldName><WFType>10</WFType><TypeId>0</TypeId><Unbounded>N</Unbounded><ExtensionTypeId>0</ExtensionTypeId>
	</RowData>
	<RowData><ProcessDefId>3</ProcessDefId><ParentTypeId>1</ParentTypeId><TypeFieldId>10</TypeFieldId><FieldName>PLANT</FieldName><WFType>10</WFType><TypeId>0</TypeId><Unbounded>N</Unbounded><ExtensionTypeId>0</ExtensionTypeId>
	</RowData>
	<RowData><ProcessDefId>3</ProcessDefId><ParentTypeId>1</ParentTypeId><TypeFieldId>11</TypeFieldId><FieldName>STORE_LOC</FieldName><WFType>10</WFType><TypeId>0</TypeId><Unbounded>N</Unbounded><ExtensionTypeId>0</ExtensionTypeId>
	</RowData>
	<RowData><ProcessDefId>3</ProcessDefId><ParentTypeId>1</ParentTypeId><TypeFieldId>12</TypeFieldId><FieldName>TRACKINGNO</FieldName><WFType>10</WFType><TypeId>0</TypeId><Unbounded>N</Unbounded><ExtensionTypeId>0</ExtensionTypeId>
	</RowData>
	<RowData><ProcessDefId>3</ProcessDefId><ParentTypeId>1</ParentTypeId><TypeFieldId>13</TypeFieldId><FieldName>MAT_GRP</FieldName><WFType>10</WFType><TypeId>0</TypeId><Unbounded>N</Unbounded><ExtensionTypeId>0</ExtensionTypeId>
	</RowData>
	<RowData><ProcessDefId>3</ProcessDefId><ParentTypeId>1</ParentTypeId><TypeFieldId>14</TypeFieldId><FieldName>INFO_REC</FieldName><WFType>10</WFType><TypeId>0</TypeId><Unbounded>N</Unbounded><ExtensionTypeId>0</ExtensionTypeId>
	</RowData>
	<RowData><ProcessDefId>3</ProcessDefId><ParentTypeId>1</ParentTypeId><TypeFieldId>15</TypeFieldId><FieldName>VEND_MAT</FieldName><WFType>10</WFType><TypeId>0</TypeId><Unbounded>N</Unbounded><ExtensionTypeId>0</ExtensionTypeId>
	</RowData>
	<RowData><ProcessDefId>3</ProcessDefId><ParentTypeId>1</ParentTypeId><TypeFieldId>16</TypeFieldId><FieldName>TARGET_QTY</FieldName><WFType>10</WFType><TypeId>0</TypeId><Unbounded>N</Unbounded><ExtensionTypeId>0</ExtensionTypeId>
	</RowData>
	<RowData><ProcessDefId>3</ProcessDefId><ParentTypeId>1</ParentTypeId><TypeFieldId>17</TypeFieldId><FieldName>QUANTITY</FieldName><WFType>10</WFType><TypeId>0</TypeId><Unbounded>N</Unbounded><ExtensionTypeId>0</ExtensionTypeId>
	</RowData>
	<RowData><ProcessDefId>3</ProcessDefId><ParentTypeId>1</ParentTypeId><TypeFieldId>18</TypeFieldId><FieldName>UNIT</FieldName><WFType>10</WFType><TypeId>0</TypeId><Unbounded>N</Unbounded><ExtensionTypeId>0</ExtensionTypeId>
	</RowData>
	<RowData><ProcessDefId>3</ProcessDefId><ParentTypeId>1</ParentTypeId><TypeFieldId>19</TypeFieldId><FieldName>ORDERPR_UN</FieldName><WFType>10</WFType><TypeId>0</TypeId><Unbounded>N</Unbounded><ExtensionTypeId>0</ExtensionTypeId>
	</RowData>
	<RowData><ProcessDefId>3</ProcessDefId><ParentTypeId>1</ParentTypeId><TypeFieldId>20</TypeFieldId><FieldName>CONV_NUM1</FieldName><WFType>10</WFType><TypeId>0</TypeId><Unbounded>N</Unbounded><ExtensionTypeId>0</ExtensionTypeId>
	</RowData>
	<RowData><ProcessDefId>3</ProcessDefId><ParentTypeId>1</ParentTypeId><TypeFieldId>21</TypeFieldId><FieldName>CONV_DEN1</FieldName><WFType>10</WFType><TypeId>0</TypeId><Unbounded>N</Unbounded><ExtensionTypeId>0</ExtensionTypeId>
	</RowData>
	<RowData><ProcessDefId>3</ProcessDefId><ParentTypeId>1</ParentTypeId><TypeFieldId>22</TypeFieldId><FieldName>CONV_NUM2</FieldName><WFType>10</WFType><TypeId>0</TypeId><Unbounded>N</Unbounded><ExtensionTypeId>0</ExtensionTypeId>
	</RowData>
	<RowData><ProcessDefId>3</ProcessDefId><ParentTypeId>1</ParentTypeId><TypeFieldId>23</TypeFieldId><FieldName>CONV_DEN2</FieldName><WFType>10</WFType><TypeId>0</TypeId><Unbounded>N</Unbounded><ExtensionTypeId>0</ExtensionTypeId>
	</RowData>
	<RowData><ProcessDefId>3</ProcessDefId><ParentTypeId>1</ParentTypeId><TypeFieldId>24</TypeFieldId><FieldName>NET_PRICE</FieldName><WFType>10</WFType><TypeId>0</TypeId><Unbounded>N</Unbounded><ExtensionTypeId>0</ExtensionTypeId>
	</RowData>
	<RowData><ProcessDefId>3</ProcessDefId><ParentTypeId>1</ParentTypeId><TypeFieldId>25</TypeFieldId><FieldName>PRICE_UNIT</FieldName><WFType>10</WFType><TypeId>0</TypeId><Unbounded>N</Unbounded><ExtensionTypeId>0</ExtensionTypeId>
	</RowData>
	<RowData><ProcessDefId>3</ProcessDefId><ParentTypeId>1</ParentTypeId><TypeFieldId>26</TypeFieldId><FieldName>NET_VALUE</FieldName><WFType>10</WFType><TypeId>0</TypeId><Unbounded>N</Unbounded><ExtensionTypeId>0</ExtensionTypeId>
	</RowData>
	<RowData><ProcessDefId>3</ProcessDefId><ParentTypeId>1</ParentTypeId><TypeFieldId>27</TypeFieldId><FieldName>GROS_VALUE</FieldName><WFType>10</WFType><TypeId>0</TypeId><Unbounded>N</Unbounded><ExtensionTypeId>0</ExtensionTypeId>
	</RowData>
	<RowData><ProcessDefId>3</ProcessDefId><ParentTypeId>1</ParentTypeId><TypeFieldId>28</TypeFieldId><FieldName>QUOT_DEAD</FieldName><WFType>8</WFType><TypeId>0</TypeId><Unbounded>N</Unbounded><ExtensionTypeId>0</ExtensionTypeId>
	</RowData>
	<RowData><ProcessDefId>3</ProcessDefId><ParentTypeId>1</ParentTypeId><TypeFieldId>29</TypeFieldId><FieldName>GR_PR_TIME</FieldName><WFType>10</WFType><TypeId>0</TypeId><Unbounded>N</Unbounded><ExtensionTypeId>0</ExtensionTypeId>
	</RowData>
	<RowData><ProcessDefId>3</ProcessDefId><ParentTypeId>1</ParentTypeId><TypeFieldId>30</TypeFieldId><FieldName>TAX_CODE</FieldName><WFType>10</WFType><TypeId>0</TypeId><Unbounded>N</Unbounded><ExtensionTypeId>0</ExtensionTypeId>
	</RowData>
	<RowData><ProcessDefId>3</ProcessDefId><ParentTypeId>1</ParentTypeId><TypeFieldId>31</TypeFieldId><FieldName>SETT_GRP1</FieldName><WFType>10</WFType><TypeId>0</TypeId><Unbounded>N</Unbounded><ExtensionTypeId>0</ExtensionTypeId>
	</RowData>
	<RowData><ProcessDefId>3</ProcessDefId><ParentTypeId>1</ParentTypeId><TypeFieldId>32</TypeFieldId><FieldName>QUAL_INSP</FieldName><WFType>10</WFType><TypeId>0</TypeId><Unbounded>N</Unbounded><ExtensionTypeId>0</ExtensionTypeId>
	</RowData>
	<RowData><ProcessDefId>3</ProcessDefId><ParentTypeId>1</ParentTypeId><TypeFieldId>33</TypeFieldId><FieldName>INFO_UPD</FieldName><WFType>10</WFType><TypeId>0</TypeId><Unbounded>N</Unbounded><ExtensionTypeId>0</ExtensionTypeId>
	</RowData>
	<RowData><ProcessDefId>3</ProcessDefId><ParentTypeId>1</ParentTypeId><TypeFieldId>34</TypeFieldId><FieldName>PRNT_PRICE</FieldName><WFType>10</WFType><TypeId>0</TypeId><Unbounded>N</Unbounded><ExtensionTypeId>0</ExtensionTypeId>
	</RowData>
	<RowData><ProcessDefId>3</ProcessDefId><ParentTypeId>1</ParentTypeId><TypeFieldId>35</TypeFieldId><FieldName>EST_PRICE</FieldName><WFType>10</WFType><TypeId>0</TypeId><Unbounded>N</Unbounded><ExtensionTypeId>0</ExtensionTypeId>
	</RowData>
	<RowData><ProcessDefId>3</ProcessDefId><ParentTypeId>1</ParentTypeId><TypeFieldId>36</TypeFieldId><FieldName>NUM_REMIND</FieldName><WFType>10</WFType><TypeId>0</TypeId><Unbounded>N</Unbounded><ExtensionTypeId>0</ExtensionTypeId>
	</RowData>
	<RowData><ProcessDefId>3</ProcessDefId><ParentTypeId>1</ParentTypeId><TypeFieldId>37</TypeFieldId><FieldName>REMINDER1</FieldName><WFType>10</WFType><TypeId>0</TypeId><Unbounded>N</Unbounded><ExtensionTypeId>0</ExtensionTypeId>
	</RowData>
	<RowData><ProcessDefId>3</ProcessDefId><ParentTypeId>1</ParentTypeId><TypeFieldId>38</TypeFieldId><FieldName>REMINDER2</FieldName><WFType>10</WFType><TypeId>0</TypeId><Unbounded>N</Unbounded><ExtensionTypeId>0</ExtensionTypeId>
	</RowData>
	<RowData><ProcessDefId>3</ProcessDefId><ParentTypeId>1</ParentTypeId><TypeFieldId>39</TypeFieldId><FieldName>REMINDER3</FieldName><WFType>10</WFType><TypeId>0</TypeId><Unbounded>N</Unbounded><ExtensionTypeId>0</ExtensionTypeId>
	</RowData>
	<RowData><ProcessDefId>3</ProcessDefId><ParentTypeId>1</ParentTypeId><TypeFieldId>40</TypeFieldId><FieldName>OVERDELTOL</FieldName><WFType>10</WFType><TypeId>0</TypeId><Unbounded>N</Unbounded><ExtensionTypeId>0</ExtensionTypeId>
	</RowData>
	<RowData><ProcessDefId>3</ProcessDefId><ParentTypeId>1</ParentTypeId><TypeFieldId>41</TypeFieldId><FieldName>UNLIMITED</FieldName><WFType>10</WFType><TypeId>0</TypeId><Unbounded>N</Unbounded><ExtensionTypeId>0</ExtensionTypeId>
	</RowData>
	<RowData><ProcessDefId>3</ProcessDefId><ParentTypeId>1</ParentTypeId><TypeFieldId>42</TypeFieldId><FieldName>UNDER_TOL</FieldName><WFType>10</WFType><TypeId>0</TypeId><Unbounded>N</Unbounded><ExtensionTypeId>0</ExtensionTypeId>
	</RowData>
	<RowData><ProcessDefId>3</ProcessDefId><ParentTypeId>1</ParentTypeId><TypeFieldId>43</TypeFieldId><FieldName>VAL_TYPE</FieldName><WFType>10</WFType><TypeId>0</TypeId><Unbounded>N</Unbounded><ExtensionTypeId>0</ExtensionTypeId>
	</RowData>
	<RowData><ProcessDefId>3</ProcessDefId><ParentTypeId>1</ParentTypeId><TypeFieldId>44</TypeFieldId><FieldName>VAL_CAT</FieldName><WFType>10</WFType><TypeId>0</TypeId><Unbounded>N</Unbounded><ExtensionTypeId>0</ExtensionTypeId>
	</RowData>
	<RowData><ProcessDefId>3</ProcessDefId><ParentTypeId>1</ParentTypeId><TypeFieldId>45</TypeFieldId><FieldName>REJ_IND</FieldName><WFType>10</WFType><TypeId>0</TypeId><Unbounded>N</Unbounded><ExtensionTypeId>0</ExtensionTypeId>
	</RowData>
	<RowData><ProcessDefId>3</ProcessDefId><ParentTypeId>1</ParentTypeId><TypeFieldId>46</TypeFieldId><FieldName>COMMENT</FieldName><WFType>10</WFType><TypeId>0</TypeId><Unbounded>N</Unbounded><ExtensionTypeId>0</ExtensionTypeId>
	</RowData>
	<RowData><ProcessDefId>3</ProcessDefId><ParentTypeId>1</ParentTypeId><TypeFieldId>47</TypeFieldId><FieldName>DEL_COMPL</FieldName><WFType>10</WFType><TypeId>0</TypeId><Unbounded>N</Unbounded><ExtensionTypeId>0</ExtensionTypeId>
	</RowData>
	<RowData><ProcessDefId>3</ProcessDefId><ParentTypeId>1</ParentTypeId><TypeFieldId>48</TypeFieldId><FieldName>FINAL_INV</FieldName><WFType>10</WFType><TypeId>0</TypeId><Unbounded>N</Unbounded><ExtensionTypeId>0</ExtensionTypeId>
	</RowData>
	<RowData><ProcessDefId>3</ProcessDefId><ParentTypeId>1</ParentTypeId><TypeFieldId>49</TypeFieldId><FieldName>ITEM_CAT</FieldName><WFType>10</WFType><TypeId>0</TypeId><Unbounded>N</Unbounded><ExtensionTypeId>0</ExtensionTypeId>
	</RowData>
	<RowData><ProcessDefId>3</ProcessDefId><ParentTypeId>1</ParentTypeId><TypeFieldId>50</TypeFieldId><FieldName>ACCTASSCAT</FieldName><WFType>10</WFType><TypeId>0</TypeId><Unbounded>N</Unbounded><ExtensionTypeId>0</ExtensionTypeId>
	</RowData>
	<RowData><ProcessDefId>3</ProcessDefId><ParentTypeId>1</ParentTypeId><TypeFieldId>51</TypeFieldId><FieldName>CONSUMPT</FieldName><WFType>10</WFType><TypeId>0</TypeId><Unbounded>N</Unbounded><ExtensionTypeId>0</ExtensionTypeId>
	</RowData>
	<RowData><ProcessDefId>3</ProcessDefId><ParentTypeId>1</ParentTypeId><TypeFieldId>52</TypeFieldId><FieldName>DISTRIB</FieldName><WFType>10</WFType><TypeId>0</TypeId><Unbounded>N</Unbounded><ExtensionTypeId>0</ExtensionTypeId>
	</RowData>
	<RowData><ProcessDefId>3</ProcessDefId><ParentTypeId>1</ParentTypeId><TypeFieldId>53</TypeFieldId><FieldName>PART_INV</FieldName><WFType>10</WFType><TypeId>0</TypeId><Unbounded>N</Unbounded><ExtensionTypeId>0</ExtensionTypeId>
	</RowData>
	<RowData><ProcessDefId>3</ProcessDefId><ParentTypeId>1</ParentTypeId><TypeFieldId>54</TypeFieldId><FieldName>GR_IND</FieldName><WFType>10</WFType><TypeId>0</TypeId><Unbounded>N</Unbounded><ExtensionTypeId>0</ExtensionTypeId>
	</RowData>
	<RowData><ProcessDefId>3</ProcessDefId><ParentTypeId>1</ParentTypeId><TypeFieldId>55</TypeFieldId><FieldName>GR_NON_VAL</FieldName><WFType>10</WFType><TypeId>0</TypeId><Unbounded>N</Unbounded><ExtensionTypeId>0</ExtensionTypeId>
	</RowData>
	<RowData><ProcessDefId>3</ProcessDefId><ParentTypeId>1</ParentTypeId><TypeFieldId>56</TypeFieldId><FieldName>IR_IND</FieldName><WFType>10</WFType><TypeId>0</TypeId><Unbounded>N</Unbounded><ExtensionTypeId>0</ExtensionTypeId>
	</RowData>
	<RowData><ProcessDefId>3</ProcessDefId><ParentTypeId>1</ParentTypeId><TypeFieldId>57</TypeFieldId><FieldName>GR_BASEDIV</FieldName><WFType>10</WFType><TypeId>0</TypeId><Unbounded>N</Unbounded><ExtensionTypeId>0</ExtensionTypeId>
	</RowData>
	<RowData><ProcessDefId>3</ProcessDefId><ParentTypeId>1</ParentTypeId><TypeFieldId>58</TypeFieldId><FieldName>ACKN_REQD</FieldName><WFType>10</WFType><TypeId>0</TypeId><Unbounded>N</Unbounded><ExtensionTypeId>0</ExtensionTypeId>
	</RowData>
	<RowData><ProcessDefId>3</ProcessDefId><ParentTypeId>1</ParentTypeId><TypeFieldId>59</TypeFieldId><FieldName>ACKNOWL_NO</FieldName><WFType>10</WFType><TypeId>0</TypeId><Unbounded>N</Unbounded><ExtensionTypeId>0</ExtensionTypeId>
	</RowData>
	<RowData><ProcessDefId>3</ProcessDefId><ParentTypeId>1</ParentTypeId><TypeFieldId>60</TypeFieldId><FieldName>AGREEMENT</FieldName><WFType>10</WFType><TypeId>0</TypeId><Unbounded>N</Unbounded><ExtensionTypeId>0</ExtensionTypeId>
	</RowData>
	<RowData><ProcessDefId>3</ProcessDefId><ParentTypeId>1</ParentTypeId><TypeFieldId>61</TypeFieldId><FieldName>AGMT_ITEM</FieldName><WFType>3</WFType><TypeId>0</TypeId><Unbounded>N</Unbounded><ExtensionTypeId>0</ExtensionTypeId>
	</RowData>
	<RowData><ProcessDefId>3</ProcessDefId><ParentTypeId>1</ParentTypeId><TypeFieldId>62</TypeFieldId><FieldName>RECON_DATE</FieldName><WFType>8</WFType><TypeId>0</TypeId><Unbounded>N</Unbounded><ExtensionTypeId>0</ExtensionTypeId>
	</RowData>
	<RowData><ProcessDefId>3</ProcessDefId><ParentTypeId>1</ParentTypeId><TypeFieldId>63</TypeFieldId><FieldName>AGRCUMQTY</FieldName><WFType>10</WFType><TypeId>0</TypeId><Unbounded>N</Unbounded><ExtensionTypeId>0</ExtensionTypeId>
	</RowData>
	<RowData><ProcessDefId>3</ProcessDefId><ParentTypeId>1</ParentTypeId><TypeFieldId>64</TypeFieldId><FieldName>FIRM_ZONE</FieldName><WFType>10</WFType><TypeId>0</TypeId><Unbounded>N</Unbounded><ExtensionTypeId>0</ExtensionTypeId>
	</RowData>
	<RowData><ProcessDefId>3</ProcessDefId><ParentTypeId>1</ParentTypeId><TypeFieldId>65</TypeFieldId><FieldName>TRADE_OFF</FieldName><WFType>10</WFType><TypeId>0</TypeId><Unbounded>N</Unbounded><ExtensionTypeId>0</ExtensionTypeId>
	</RowData>
	<RowData><ProcessDefId>3</ProcessDefId><ParentTypeId>1</ParentTypeId><TypeFieldId>66</TypeFieldId><FieldName>BOM_EXPL</FieldName><WFType>10</WFType><TypeId>0</TypeId><Unbounded>N</Unbounded><ExtensionTypeId>0</ExtensionTypeId>
	</RowData>
	<RowData><ProcessDefId>3</ProcessDefId><ParentTypeId>1</ParentTypeId><TypeFieldId>67</TypeFieldId><FieldName>EXCLUSION</FieldName><WFType>10</WFType><TypeId>0</TypeId><Unbounded>N</Unbounded><ExtensionTypeId>0</ExtensionTypeId>
	</RowData>
	<RowData><ProcessDefId>3</ProcessDefId><ParentTypeId>1</ParentTypeId><TypeFieldId>68</TypeFieldId><FieldName>BASE_UNIT</FieldName><WFType>10</WFType><TypeId>0</TypeId><Unbounded>N</Unbounded><ExtensionTypeId>0</ExtensionTypeId>
	</RowData>
	<RowData><ProcessDefId>3</ProcessDefId><ParentTypeId>1</ParentTypeId><TypeFieldId>69</TypeFieldId><FieldName>SHIPPING</FieldName><WFType>10</WFType><TypeId>0</TypeId><Unbounded>N</Unbounded><ExtensionTypeId>0</ExtensionTypeId>
	</RowData>
	<RowData><ProcessDefId>3</ProcessDefId><ParentTypeId>1</ParentTypeId><TypeFieldId>70</TypeFieldId><FieldName>OUTL_TARGV</FieldName><WFType>10</WFType><TypeId>0</TypeId><Unbounded>N</Unbounded><ExtensionTypeId>0</ExtensionTypeId>
	</RowData>
	<RowData><ProcessDefId>3</ProcessDefId><ParentTypeId>1</ParentTypeId><TypeFieldId>71</TypeFieldId><FieldName>NOND_ITAX</FieldName><WFType>10</WFType><TypeId>0</TypeId><Unbounded>N</Unbounded><ExtensionTypeId>0</ExtensionTypeId>
	</RowData>
	<RowData><ProcessDefId>3</ProcessDefId><ParentTypeId>1</ParentTypeId><TypeFieldId>72</TypeFieldId><FieldName>RELORD_QTY</FieldName><WFType>10</WFType><TypeId>0</TypeId><Unbounded>N</Unbounded><ExtensionTypeId>0</ExtensionTypeId>
	</RowData>
	<RowData><ProcessDefId>3</ProcessDefId><ParentTypeId>1</ParentTypeId><TypeFieldId>73</TypeFieldId><FieldName>PRICE_DATE</FieldName><WFType>8</WFType><TypeId>0</TypeId><Unbounded>N</Unbounded><ExtensionTypeId>0</ExtensionTypeId>
	</RowData>
	<RowData><ProcessDefId>3</ProcessDefId><ParentTypeId>1</ParentTypeId><TypeFieldId>74</TypeFieldId><FieldName>DOC_CAT</FieldName><WFType>10</WFType><TypeId>0</TypeId><Unbounded>N</Unbounded><ExtensionTypeId>0</ExtensionTypeId>
	</RowData>
	<RowData><ProcessDefId>3</ProcessDefId><ParentTypeId>1</ParentTypeId><TypeFieldId>75</TypeFieldId><FieldName>EFF_VALUE</FieldName><WFType>10</WFType><TypeId>0</TypeId><Unbounded>N</Unbounded><ExtensionTypeId>0</ExtensionTypeId>
	</RowData>
	<RowData><ProcessDefId>3</ProcessDefId><ParentTypeId>1</ParentTypeId><TypeFieldId>76</TypeFieldId><FieldName>COMMITMENT</FieldName><WFType>10</WFType><TypeId>0</TypeId><Unbounded>N</Unbounded><ExtensionTypeId>0</ExtensionTypeId>
	</RowData>
	<RowData><ProcessDefId>3</ProcessDefId><ParentTypeId>1</ParentTypeId><TypeFieldId>77</TypeFieldId><FieldName>CUSTOMER</FieldName><WFType>10</WFType><TypeId>0</TypeId><Unbounded>N</Unbounded><ExtensionTypeId>0</ExtensionTypeId>
	</RowData>
	<RowData><ProcessDefId>3</ProcessDefId><ParentTypeId>1</ParentTypeId><TypeFieldId>78</TypeFieldId><FieldName>ADDRESS</FieldName><WFType>10</WFType><TypeId>0</TypeId><Unbounded>N</Unbounded><ExtensionTypeId>0</ExtensionTypeId>
	</RowData>
	<RowData><ProcessDefId>3</ProcessDefId><ParentTypeId>1</ParentTypeId><TypeFieldId>79</TypeFieldId><FieldName>COND_GROUP</FieldName><WFType>10</WFType><TypeId>0</TypeId><Unbounded>N</Unbounded><ExtensionTypeId>0</ExtensionTypeId>
	</RowData>
	<RowData><ProcessDefId>3</ProcessDefId><ParentTypeId>1</ParentTypeId><TypeFieldId>80</TypeFieldId><FieldName>NO_C_DISC</FieldName><WFType>10</WFType><TypeId>0</TypeId><Unbounded>N</Unbounded><ExtensionTypeId>0</ExtensionTypeId>
	</RowData>
	<RowData><ProcessDefId>3</ProcessDefId><ParentTypeId>1</ParentTypeId><TypeFieldId>81</TypeFieldId><FieldName>UPDATE_GRP</FieldName><WFType>10</WFType><TypeId>0</TypeId><Unbounded>N</Unbounded><ExtensionTypeId>0</ExtensionTypeId>
	</RowData>
	<RowData><ProcessDefId>3</ProcessDefId><ParentTypeId>1</ParentTypeId><TypeFieldId>82</TypeFieldId><FieldName>PLAN_DEL</FieldName><WFType>10</WFType><TypeId>0</TypeId><Unbounded>N</Unbounded><ExtensionTypeId>0</ExtensionTypeId>
	</RowData>
	<RowData><ProcessDefId>3</ProcessDefId><ParentTypeId>1</ParentTypeId><TypeFieldId>83</TypeFieldId><FieldName>NET_WEIGHT</FieldName><WFType>10</WFType><TypeId>0</TypeId><Unbounded>N</Unbounded><ExtensionTypeId>0</ExtensionTypeId>
	</RowData>
	<RowData><ProcessDefId>3</ProcessDefId><ParentTypeId>1</ParentTypeId><TypeFieldId>84</TypeFieldId><FieldName>WEIGHTUNIT</FieldName><WFType>10</WFType><TypeId>0</TypeId><Unbounded>N</Unbounded><ExtensionTypeId>0</ExtensionTypeId>
	</RowData>
	<RowData><ProcessDefId>3</ProcessDefId><ParentTypeId>1</ParentTypeId><TypeFieldId>85</TypeFieldId><FieldName>TAX_JUR_CD</FieldName><WFType>10</WFType><TypeId>0</TypeId><Unbounded>N</Unbounded><ExtensionTypeId>0</ExtensionTypeId>
	</RowData>
	<RowData><ProcessDefId>3</ProcessDefId><ParentTypeId>1</ParentTypeId><TypeFieldId>86</TypeFieldId><FieldName>PRINT_REL</FieldName><WFType>10</WFType><TypeId>0</TypeId><Unbounded>N</Unbounded><ExtensionTypeId>0</ExtensionTypeId>
	</RowData>
	<RowData><ProcessDefId>3</ProcessDefId><ParentTypeId>1</ParentTypeId><TypeFieldId>87</TypeFieldId><FieldName>SPEC_STOCK</FieldName><WFType>10</WFType><TypeId>0</TypeId><Unbounded>N</Unbounded><ExtensionTypeId>0</ExtensionTypeId>
	</RowData>
	<RowData><ProcessDefId>3</ProcessDefId><ParentTypeId>1</ParentTypeId><TypeFieldId>88</TypeFieldId><FieldName>SETRESERNO</FieldName><WFType>3</WFType><TypeId>0</TypeId><Unbounded>N</Unbounded><ExtensionTypeId>0</ExtensionTypeId>
	</RowData>
	<RowData><ProcessDefId>3</ProcessDefId><ParentTypeId>1</ParentTypeId><TypeFieldId>89</TypeFieldId><FieldName>SETTLITMNO</FieldName><WFType>3</WFType><TypeId>0</TypeId><Unbounded>N</Unbounded><ExtensionTypeId>0</ExtensionTypeId>
	</RowData>
	<RowData><ProcessDefId>3</ProcessDefId><ParentTypeId>1</ParentTypeId><TypeFieldId>90</TypeFieldId><FieldName>NOT_CHGBL</FieldName><WFType>10</WFType><TypeId>0</TypeId><Unbounded>N</Unbounded><ExtensionTypeId>0</ExtensionTypeId>
	</RowData>
	<RowData><ProcessDefId>3</ProcessDefId><ParentTypeId>1</ParentTypeId><TypeFieldId>91</TypeFieldId><FieldName>CTR_KEY_QM</FieldName><WFType>10</WFType><TypeId>0</TypeId><Unbounded>N</Unbounded><ExtensionTypeId>0</ExtensionTypeId>
	</RowData>
	<RowData><ProcessDefId>3</ProcessDefId><ParentTypeId>1</ParentTypeId><TypeFieldId>92</TypeFieldId><FieldName>CERT_TYPE</FieldName><WFType>10</WFType><TypeId>0</TypeId><Unbounded>N</Unbounded><ExtensionTypeId>0</ExtensionTypeId>
	</RowData>
	<RowData><ProcessDefId>3</ProcessDefId><ParentTypeId>1</ParentTypeId><TypeFieldId>93</TypeFieldId><FieldName>EAN_UPC</FieldName><WFType>10</WFType><TypeId>0</TypeId><Unbounded>N</Unbounded><ExtensionTypeId>0</ExtensionTypeId>
	</RowData>
	<RowData><ProcessDefId>3</ProcessDefId><ParentTypeId>1</ParentTypeId><TypeFieldId>94</TypeFieldId><FieldName>CONF_CTRL</FieldName><WFType>10</WFType><TypeId>0</TypeId><Unbounded>N</Unbounded><ExtensionTypeId>0</ExtensionTypeId>
	</RowData>
	<RowData><ProcessDefId>3</ProcessDefId><ParentTypeId>1</ParentTypeId><TypeFieldId>95</TypeFieldId><FieldName>REV_LEV</FieldName><WFType>10</WFType><TypeId>0</TypeId><Unbounded>N</Unbounded><ExtensionTypeId>0</ExtensionTypeId>
	</RowData>
	<RowData><ProcessDefId>3</ProcessDefId><ParentTypeId>1</ParentTypeId><TypeFieldId>96</TypeFieldId><FieldName>FUND</FieldName><WFType>10</WFType><TypeId>0</TypeId><Unbounded>N</Unbounded><ExtensionTypeId>0</ExtensionTypeId>
	</RowData>
	<RowData><ProcessDefId>3</ProcessDefId><ParentTypeId>1</ParentTypeId><TypeFieldId>97</TypeFieldId><FieldName>FUNDS_CTR</FieldName><WFType>10</WFType><TypeId>0</TypeId><Unbounded>N</Unbounded><ExtensionTypeId>0</ExtensionTypeId>
	</RowData>
	<RowData><ProcessDefId>3</ProcessDefId><ParentTypeId>1</ParentTypeId><TypeFieldId>98</TypeFieldId><FieldName>CMMT_ITEM</FieldName><WFType>10</WFType><TypeId>0</TypeId><Unbounded>N</Unbounded><ExtensionTypeId>0</ExtensionTypeId>
	</RowData>
	<RowData><ProcessDefId>3</ProcessDefId><ParentTypeId>1</ParentTypeId><TypeFieldId>99</TypeFieldId><FieldName>BA_PARTNER</FieldName><WFType>10</WFType><TypeId>0</TypeId><Unbounded>N</Unbounded><ExtensionTypeId>0</ExtensionTypeId>
	</RowData>
	<RowData><ProcessDefId>3</ProcessDefId><ParentTypeId>1</ParentTypeId><TypeFieldId>100</TypeFieldId><FieldName>PTR_ASS_BA</FieldName><WFType>10</WFType><TypeId>0</TypeId><Unbounded>N</Unbounded><ExtensionTypeId>0</ExtensionTypeId>
	</RowData>
	<RowData><ProcessDefId>3</ProcessDefId><ParentTypeId>1</ParentTypeId><TypeFieldId>101</TypeFieldId><FieldName>PROFIT_CTR</FieldName><WFType>10</WFType><TypeId>0</TypeId><Unbounded>N</Unbounded><ExtensionTypeId>0</ExtensionTypeId>
	</RowData>
	<RowData><ProcessDefId>3</ProcessDefId><ParentTypeId>1</ParentTypeId><TypeFieldId>102</TypeFieldId><FieldName>PARTNER_PC</FieldName><WFType>10</WFType><TypeId>0</TypeId><Unbounded>N</Unbounded><ExtensionTypeId>0</ExtensionTypeId>
	</RowData>
	<RowData><ProcessDefId>3</ProcessDefId><ParentTypeId>1</ParentTypeId><TypeFieldId>103</TypeFieldId><FieldName>PRICE_CTR</FieldName><WFType>10</WFType><TypeId>0</TypeId><Unbounded>N</Unbounded><ExtensionTypeId>0</ExtensionTypeId>
	</RowData>
	<RowData><ProcessDefId>3</ProcessDefId><ParentTypeId>1</ParentTypeId><TypeFieldId>104</TypeFieldId><FieldName>GROSS_WGHT</FieldName><WFType>10</WFType><TypeId>0</TypeId><Unbounded>N</Unbounded><ExtensionTypeId>0</ExtensionTypeId>
	</RowData>
	<RowData><ProcessDefId>3</ProcessDefId><ParentTypeId>1</ParentTypeId><TypeFieldId>105</TypeFieldId><FieldName>VOLUME</FieldName><WFType>10</WFType><TypeId>0</TypeId><Unbounded>N</Unbounded><ExtensionTypeId>0</ExtensionTypeId>
	</RowData>
	<RowData><ProcessDefId>3</ProcessDefId><ParentTypeId>1</ParentTypeId><TypeFieldId>106</TypeFieldId><FieldName>VOLUMEUNIT</FieldName><WFType>10</WFType><TypeId>0</TypeId><Unbounded>N</Unbounded><ExtensionTypeId>0</ExtensionTypeId>
	</RowData>
	<RowData><ProcessDefId>3</ProcessDefId><ParentTypeId>1</ParentTypeId><TypeFieldId>107</TypeFieldId><FieldName>INCOTERMS1</FieldName><WFType>10</WFType><TypeId>0</TypeId><Unbounded>N</Unbounded><ExtensionTypeId>0</ExtensionTypeId>
	</RowData>
	<RowData><ProcessDefId>3</ProcessDefId><ParentTypeId>1</ParentTypeId><TypeFieldId>108</TypeFieldId><FieldName>INCOTERMS2</FieldName><WFType>10</WFType><TypeId>0</TypeId><Unbounded>N</Unbounded><ExtensionTypeId>0</ExtensionTypeId>
	</RowData>
	<RowData><ProcessDefId>3</ProcessDefId><ParentTypeId>1</ParentTypeId><TypeFieldId>109</TypeFieldId><FieldName>ADVANCE</FieldName><WFType>10</WFType><TypeId>0</TypeId><Unbounded>N</Unbounded><ExtensionTypeId>0</ExtensionTypeId>
	</RowData>
	<RowData><ProcessDefId>3</ProcessDefId><ParentTypeId>1</ParentTypeId><TypeFieldId>110</TypeFieldId><FieldName>PRIOR_VEND</FieldName><WFType>10</WFType><TypeId>0</TypeId><Unbounded>N</Unbounded><ExtensionTypeId>0</ExtensionTypeId>
	</RowData>
	<RowData><ProcessDefId>3</ProcessDefId><ParentTypeId>1</ParentTypeId><TypeFieldId>111</TypeFieldId><FieldName>SUB_RANGE</FieldName><WFType>10</WFType><TypeId>0</TypeId><Unbounded>N</Unbounded><ExtensionTypeId>0</ExtensionTypeId>
	</RowData>
	<RowData><ProcessDefId>3</ProcessDefId><ParentTypeId>1</ParentTypeId><TypeFieldId>113</TypeFieldId><FieldName>STATISTIC</FieldName><WFType>10</WFType><TypeId>0</TypeId><Unbounded>N</Unbounded><ExtensionTypeId>0</ExtensionTypeId>
	</RowData>
	<RowData><ProcessDefId>3</ProcessDefId><ParentTypeId>1</ParentTypeId><TypeFieldId>114</TypeFieldId><FieldName>HL_ITEM</FieldName><WFType>3</WFType><TypeId>0</TypeId><Unbounded>N</Unbounded><ExtensionTypeId>0</ExtensionTypeId>
	</RowData>
	<RowData><ProcessDefId>3</ProcessDefId><ParentTypeId>1</ParentTypeId><TypeFieldId>115</TypeFieldId><FieldName>GR_TO_DATE</FieldName><WFType>8</WFType><TypeId>0</TypeId><Unbounded>N</Unbounded><ExtensionTypeId>0</ExtensionTypeId>
	</RowData>
	<RowData><ProcessDefId>3</ProcessDefId><ParentTypeId>1</ParentTypeId><TypeFieldId>116</TypeFieldId><FieldName>SUPPL_VEND</FieldName><WFType>10</WFType><TypeId>0</TypeId><Unbounded>N</Unbounded><ExtensionTypeId>0</ExtensionTypeId>
	</RowData>
	<RowData><ProcessDefId>3</ProcessDefId><ParentTypeId>1</ParentTypeId><TypeFieldId>117</TypeFieldId><FieldName>SC_VENDOR</FieldName><WFType>10</WFType><TypeId>0</TypeId><Unbounded>N</Unbounded><ExtensionTypeId>0</ExtensionTypeId>
	</RowData>
	<RowData><ProcessDefId>3</ProcessDefId><ParentTypeId>1</ParentTypeId><TypeFieldId>118</TypeFieldId><FieldName>CONF_MATL</FieldName><WFType>10</WFType><TypeId>0</TypeId><Unbounded>N</Unbounded><ExtensionTypeId>0</ExtensionTypeId>
	</RowData>
	<RowData><ProcessDefId>3</ProcessDefId><ParentTypeId>1</ParentTypeId><TypeFieldId>119</TypeFieldId><FieldName>MAT_CAT</FieldName><WFType>10</WFType><TypeId>0</TypeId><Unbounded>N</Unbounded><ExtensionTypeId>0</ExtensionTypeId>
	</RowData>
	<RowData><ProcessDefId>3</ProcessDefId><ParentTypeId>1</ParentTypeId><TypeFieldId>120</TypeFieldId><FieldName>KANBAN_IND</FieldName><WFType>10</WFType><TypeId>0</TypeId><Unbounded>N</Unbounded><ExtensionTypeId>0</ExtensionTypeId>
	</RowData>
	<RowData><ProcessDefId>3</ProcessDefId><ParentTypeId>1</ParentTypeId><TypeFieldId>121</TypeFieldId><FieldName>ADDRESS2</FieldName><WFType>10</WFType><TypeId>0</TypeId><Unbounded>N</Unbounded><ExtensionTypeId>0</ExtensionTypeId>
	</RowData>
	<RowData><ProcessDefId>3</ProcessDefId><ParentTypeId>1</ParentTypeId><TypeFieldId>122</TypeFieldId><FieldName>INT_OBJ_NO</FieldName><WFType>3</WFType><TypeId>0</TypeId><Unbounded>N</Unbounded><ExtensionTypeId>0</ExtensionTypeId>
	</RowData>
	<RowData><ProcessDefId>3</ProcessDefId><ParentTypeId>1</ParentTypeId><TypeFieldId>123</TypeFieldId><FieldName>ERS</FieldName><WFType>10</WFType><TypeId>0</TypeId><Unbounded>N</Unbounded><ExtensionTypeId>0</ExtensionTypeId>
	</RowData>
	<RowData><ProcessDefId>3</ProcessDefId><ParentTypeId>1</ParentTypeId><TypeFieldId>124</TypeFieldId><FieldName>GRSETTFROM</FieldName><WFType>8</WFType><TypeId>0</TypeId><Unbounded>N</Unbounded><ExtensionTypeId>0</ExtensionTypeId>
	</RowData>
	<RowData><ProcessDefId>3</ProcessDefId><ParentTypeId>1</ParentTypeId><TypeFieldId>125</TypeFieldId><FieldName>LAST_TRANS</FieldName><WFType>8</WFType><TypeId>0</TypeId><Unbounded>N</Unbounded><ExtensionTypeId>0</ExtensionTypeId>
	</RowData>
	<RowData><ProcessDefId>3</ProcessDefId><ParentTypeId>1</ParentTypeId><TypeFieldId>126</TypeFieldId><FieldName>TRANS_TIME</FieldName><WFType>10</WFType><TypeId>0</TypeId><Unbounded>N</Unbounded><ExtensionTypeId>0</ExtensionTypeId>
	</RowData>
	<RowData><ProcessDefId>3</ProcessDefId><ParentTypeId>1</ParentTypeId><TypeFieldId>127</TypeFieldId><FieldName>SER_NO</FieldName><WFType>3</WFType><TypeId>0</TypeId><Unbounded>N</Unbounded><ExtensionTypeId>0</ExtensionTypeId>
	</RowData>
	<RowData><ProcessDefId>3</ProcessDefId><ParentTypeId>1</ParentTypeId><TypeFieldId>128</TypeFieldId><FieldName>PROMOTION</FieldName><WFType>10</WFType><TypeId>0</TypeId><Unbounded>N</Unbounded><ExtensionTypeId>0</ExtensionTypeId>
	</RowData>
	<RowData><ProcessDefId>3</ProcessDefId><ParentTypeId>1</ParentTypeId><TypeFieldId>129</TypeFieldId><FieldName>ALLOC_TBL</FieldName><WFType>10</WFType><TypeId>0</TypeId><Unbounded>N</Unbounded><ExtensionTypeId>0</ExtensionTypeId>
	</RowData>
	<RowData><ProcessDefId>3</ProcessDefId><ParentTypeId>1</ParentTypeId><TypeFieldId>130</TypeFieldId><FieldName>AT_ITEM</FieldName><WFType>3</WFType><TypeId>0</TypeId><Unbounded>N</Unbounded><ExtensionTypeId>0</ExtensionTypeId>
	</RowData>
	<RowData><ProcessDefId>3</ProcessDefId><ParentTypeId>1</ParentTypeId><TypeFieldId>131</TypeFieldId><FieldName>POINTS</FieldName><WFType>10</WFType><TypeId>0</TypeId><Unbounded>N</Unbounded><ExtensionTypeId>0</ExtensionTypeId>
	</RowData>
	<RowData><ProcessDefId>3</ProcessDefId><ParentTypeId>1</ParentTypeId><TypeFieldId>132</TypeFieldId><FieldName>POINTS_UN</FieldName><WFType>10</WFType><TypeId>0</TypeId><Unbounded>N</Unbounded><ExtensionTypeId>0</ExtensionTypeId>
	</RowData>
	<RowData><ProcessDefId>3</ProcessDefId><ParentTypeId>1</ParentTypeId><TypeFieldId>133</TypeFieldId><FieldName>SEASON_TY</FieldName><WFType>10</WFType><TypeId>0</TypeId><Unbounded>N</Unbounded><ExtensionTypeId>0</ExtensionTypeId>
	</RowData>
	<RowData><ProcessDefId>3</ProcessDefId><ParentTypeId>1</ParentTypeId><TypeFieldId>134</TypeFieldId><FieldName>SEASON_YR</FieldName><WFType>10</WFType><TypeId>0</TypeId><Unbounded>N</Unbounded><ExtensionTypeId>0</ExtensionTypeId>
	</RowData>
	<RowData><ProcessDefId>3</ProcessDefId><ParentTypeId>1</ParentTypeId><TypeFieldId>135</TypeFieldId><FieldName>SETT_GRP_2</FieldName><WFType>10</WFType><TypeId>0</TypeId><Unbounded>N</Unbounded><ExtensionTypeId>0</ExtensionTypeId>
	</RowData>
	<RowData><ProcessDefId>3</ProcessDefId><ParentTypeId>1</ParentTypeId><TypeFieldId>136</TypeFieldId><FieldName>SETT_GRP_3</FieldName><WFType>10</WFType><TypeId>0</TypeId><Unbounded>N</Unbounded><ExtensionTypeId>0</ExtensionTypeId>
	</RowData>
	<RowData><ProcessDefId>3</ProcessDefId><ParentTypeId>1</ParentTypeId><TypeFieldId>137</TypeFieldId><FieldName>SETT_ITEM</FieldName><WFType>10</WFType><TypeId>0</TypeId><Unbounded>N</Unbounded><ExtensionTypeId>0</ExtensionTypeId>
	</RowData>
	<RowData><ProcessDefId>3</ProcessDefId><ParentTypeId>1</ParentTypeId><TypeFieldId>138</TypeFieldId><FieldName>ML_AKT</FieldName><WFType>10</WFType><TypeId>0</TypeId><Unbounded>N</Unbounded><ExtensionTypeId>0</ExtensionTypeId>
	</RowData>
	<RowData><ProcessDefId>3</ProcessDefId><ParentTypeId>1</ParentTypeId><TypeFieldId>139</TypeFieldId><FieldName>REMSHLIFE</FieldName><WFType>10</WFType><TypeId>0</TypeId><Unbounded>N</Unbounded><ExtensionTypeId>0</ExtensionTypeId>
	</RowData>
	<RowData><ProcessDefId>3</ProcessDefId><ParentTypeId>1</ParentTypeId><TypeFieldId>140</TypeFieldId><FieldName>RFQ</FieldName><WFType>10</WFType><TypeId>0</TypeId><Unbounded>N</Unbounded><ExtensionTypeId>0</ExtensionTypeId>
	</RowData>
	<RowData><ProcessDefId>3</ProcessDefId><ParentTypeId>1</ParentTypeId><TypeFieldId>142</TypeFieldId><FieldName>RFQ_ITEM</FieldName><WFType>3</WFType><TypeId>0</TypeId><Unbounded>N</Unbounded><ExtensionTypeId>0</ExtensionTypeId>
	</RowData>
	<RowData><ProcessDefId>3</ProcessDefId><ParentTypeId>1</ParentTypeId><TypeFieldId>143</TypeFieldId><FieldName>CONFIG_ORG</FieldName><WFType>10</WFType><TypeId>0</TypeId><Unbounded>N</Unbounded><ExtensionTypeId>0</ExtensionTypeId>
	</RowData>
	<RowData><ProcessDefId>3</ProcessDefId><ParentTypeId>1</ParentTypeId><TypeFieldId>144</TypeFieldId><FieldName>QUOTAUSAGE</FieldName><WFType>10</WFType><TypeId>0</TypeId><Unbounded>N</Unbounded><ExtensionTypeId>0</ExtensionTypeId>
	</RowData>
	<RowData><ProcessDefId>3</ProcessDefId><ParentTypeId>1</ParentTypeId><TypeFieldId>145</TypeFieldId><FieldName>SPSTCK_PHY</FieldName><WFType>10</WFType><TypeId>0</TypeId><Unbounded>N</Unbounded><ExtensionTypeId>0</ExtensionTypeId>
	</RowData>
	<RowData><ProcessDefId>3</ProcessDefId><ParentTypeId>1</ParentTypeId><TypeFieldId>146</TypeFieldId><FieldName>PREQ_NO</FieldName><WFType>10</WFType><TypeId>0</TypeId><Unbounded>N</Unbounded><ExtensionTypeId>0</ExtensionTypeId>
	</RowData>
	<RowData><ProcessDefId>3</ProcessDefId><ParentTypeId>1</ParentTypeId><TypeFieldId>147</TypeFieldId><FieldName>PREQ_ITEM</FieldName><WFType>3</WFType><TypeId>0</TypeId><Unbounded>N</Unbounded><ExtensionTypeId>0</ExtensionTypeId>
	</RowData>
	<RowData><ProcessDefId>3</ProcessDefId><ParentTypeId>1</ParentTypeId><TypeFieldId>148</TypeFieldId><FieldName>MAT_TYPE</FieldName><WFType>10</WFType><TypeId>0</TypeId><Unbounded>N</Unbounded><ExtensionTypeId>0</ExtensionTypeId>
	</RowData>
	<RowData><ProcessDefId>3</ProcessDefId><ParentTypeId>1</ParentTypeId><TypeFieldId>149</TypeFieldId><FieldName>SI_CAT</FieldName><WFType>10</WFType><TypeId>0</TypeId><Unbounded>N</Unbounded><ExtensionTypeId>0</ExtensionTypeId>
	</RowData>
	<RowData><ProcessDefId>3</ProcessDefId><ParentTypeId>1</ParentTypeId><TypeFieldId>150</TypeFieldId><FieldName>SUB_ITEMS</FieldName><WFType>10</WFType><TypeId>0</TypeId><Unbounded>N</Unbounded><ExtensionTypeId>0</ExtensionTypeId>
	</RowData>
	<RowData><ProcessDefId>3</ProcessDefId><ParentTypeId>1</ParentTypeId><TypeFieldId>151</TypeFieldId><FieldName>SUBTOTAL_1</FieldName><WFType>10</WFType><TypeId>0</TypeId><Unbounded>N</Unbounded><ExtensionTypeId>0</ExtensionTypeId>
	</RowData>
	<RowData><ProcessDefId>3</ProcessDefId><ParentTypeId>1</ParentTypeId><TypeFieldId>152</TypeFieldId><FieldName>SUBTOTAL_2</FieldName><WFType>10</WFType><TypeId>0</TypeId><Unbounded>N</Unbounded><ExtensionTypeId>0</ExtensionTypeId>
	</RowData>
</PMWTypeDefTable>