<PMWTypeDefTable_1>
	<RowData><ProcessDefId>3</ProcessDefId><ParentTypeId>1</ParentTypeId><TypeFieldId>153</TypeFieldId><FieldName>SUBTOTAL_3</FieldName><WFType>10</WFType><TypeId>0</TypeId><Unbounded>N</Unbounded><ExtensionTypeId>0</ExtensionTypeId>
	</RowData>
	<RowData><ProcessDefId>3</ProcessDefId><ParentTypeId>1</ParentTypeId><TypeFieldId>154</TypeFieldId><FieldName>SUBTOTAL_4</FieldName><WFType>10</WFType><TypeId>0</TypeId><Unbounded>N</Unbounded><ExtensionTypeId>0</ExtensionTypeId>
	</RowData>
	<RowData><ProcessDefId>3</ProcessDefId><ParentTypeId>1</ParentTypeId><TypeFieldId>155</TypeFieldId><FieldName>SUBTOTAL_5</FieldName><WFType>10</WFType><TypeId>0</TypeId><Unbounded>N</Unbounded><ExtensionTypeId>0</ExtensionTypeId>
	</RowData>
	<RowData><ProcessDefId>3</ProcessDefId><ParentTypeId>1</ParentTypeId><TypeFieldId>156</TypeFieldId><FieldName>SUBTOTAL_6</FieldName><WFType>10</WFType><TypeId>0</TypeId><Unbounded>N</Unbounded><ExtensionTypeId>0</ExtensionTypeId>
	</RowData>
	<RowData><ProcessDefId>3</ProcessDefId><ParentTypeId>1</ParentTypeId><TypeFieldId>157</TypeFieldId><FieldName>SUBITM_KEY</FieldName><WFType>10</WFType><TypeId>0</TypeId><Unbounded>N</Unbounded><ExtensionTypeId>0</ExtensionTypeId>
	</RowData>
	<RowData><ProcessDefId>3</ProcessDefId><ParentTypeId>1</ParentTypeId><TypeFieldId>158</TypeFieldId><FieldName>MAX_CMG</FieldName><WFType>10</WFType><TypeId>0</TypeId><Unbounded>N</Unbounded><ExtensionTypeId>0</ExtensionTypeId>
	</RowData>
	<RowData><ProcessDefId>3</ProcessDefId><ParentTypeId>1</ParentTypeId><TypeFieldId>159</TypeFieldId><FieldName>MAX_CPGO</FieldName><WFType>10</WFType><TypeId>0</TypeId><Unbounded>N</Unbounded><ExtensionTypeId>0</ExtensionTypeId>
	</RowData>
	<RowData><ProcessDefId>3</ProcessDefId><ParentTypeId>1</ParentTypeId><TypeFieldId>160</TypeFieldId><FieldName>RET_ITEM</FieldName><WFType>10</WFType><TypeId>0</TypeId><Unbounded>N</Unbounded><ExtensionTypeId>0</ExtensionTypeId>
	</RowData>
	<RowData><ProcessDefId>3</ProcessDefId><ParentTypeId>1</ParentTypeId><TypeFieldId>161</TypeFieldId><FieldName>AT_RELEV</FieldName><WFType>10</WFType><TypeId>0</TypeId><Unbounded>N</Unbounded><ExtensionTypeId>0</ExtensionTypeId>
	</RowData>
	<RowData><ProcessDefId>3</ProcessDefId><ParentTypeId>1</ParentTypeId><TypeFieldId>162</TypeFieldId><FieldName>ORD_REAS</FieldName><WFType>10</WFType><TypeId>0</TypeId><Unbounded>N</Unbounded><ExtensionTypeId>0</ExtensionTypeId>
	</RowData>
	<RowData><ProcessDefId>3</ProcessDefId><ParentTypeId>1</ParentTypeId><TypeFieldId>163</TypeFieldId><FieldName>DEL_TYP_RT</FieldName><WFType>10</WFType><TypeId>0</TypeId><Unbounded>N</Unbounded><ExtensionTypeId>0</ExtensionTypeId>
	</RowData>
	<RowData><ProcessDefId>3</ProcessDefId><ParentTypeId>1</ParentTypeId><TypeFieldId>164</TypeFieldId><FieldName>PRDTE_CTRL</FieldName><WFType>10</WFType><TypeId>0</TypeId><Unbounded>N</Unbounded><ExtensionTypeId>0</ExtensionTypeId>
	</RowData>
	<RowData><ProcessDefId>3</ProcessDefId><ParentTypeId>1</ParentTypeId><TypeFieldId>165</TypeFieldId><FieldName>MANUF_PROF</FieldName><WFType>10</WFType><TypeId>0</TypeId><Unbounded>N</Unbounded><ExtensionTypeId>0</ExtensionTypeId>
	</RowData>
	<RowData><ProcessDefId>3</ProcessDefId><ParentTypeId>1</ParentTypeId><TypeFieldId>166</TypeFieldId><FieldName>MANU_MAT</FieldName><WFType>10</WFType><TypeId>0</TypeId><Unbounded>N</Unbounded><ExtensionTypeId>0</ExtensionTypeId>
	</RowData>
	<RowData><ProcessDefId>3</ProcessDefId><ParentTypeId>1</ParentTypeId><TypeFieldId>167</TypeFieldId><FieldName>MFR_NO</FieldName><WFType>10</WFType><TypeId>0</TypeId><Unbounded>N</Unbounded><ExtensionTypeId>0</ExtensionTypeId>
	</RowData>
	<RowData><ProcessDefId>3</ProcessDefId><ParentTypeId>1</ParentTypeId><TypeFieldId>168</TypeFieldId><FieldName>MFR_NO_EXT</FieldName><WFType>10</WFType><TypeId>0</TypeId><Unbounded>N</Unbounded><ExtensionTypeId>0</ExtensionTypeId>
	</RowData>
	<RowData><ProcessDefId>3</ProcessDefId><ParentTypeId>1</ParentTypeId><TypeFieldId>169</TypeFieldId><FieldName>ITEM_CAT_EXT</FieldName><WFType>10</WFType><TypeId>0</TypeId><Unbounded>N</Unbounded><ExtensionTypeId>0</ExtensionTypeId>
	</RowData>
	<RowData><ProcessDefId>3</ProcessDefId><ParentTypeId>1</ParentTypeId><TypeFieldId>170</TypeFieldId><FieldName>PO_UNIT_ISO</FieldName><WFType>10</WFType><TypeId>0</TypeId><Unbounded>N</Unbounded><ExtensionTypeId>0</ExtensionTypeId>
	</RowData>
	<RowData><ProcessDefId>3</ProcessDefId><ParentTypeId>1</ParentTypeId><TypeFieldId>171</TypeFieldId><FieldName>ORDERPR_UN_ISO</FieldName><WFType>10</WFType><TypeId>0</TypeId><Unbounded>N</Unbounded><ExtensionTypeId>0</ExtensionTypeId>
	</RowData>
	<RowData><ProcessDefId>3</ProcessDefId><ParentTypeId>1</ParentTypeId><TypeFieldId>172</TypeFieldId><FieldName>BASE_UOM_ISO</FieldName><WFType>10</WFType><TypeId>0</TypeId><Unbounded>N</Unbounded><ExtensionTypeId>0</ExtensionTypeId>
	</RowData>
	<RowData><ProcessDefId>3</ProcessDefId><ParentTypeId>1</ParentTypeId><TypeFieldId>173</TypeFieldId><FieldName>WEIGHTUNIT_ISO</FieldName><WFType>10</WFType><TypeId>0</TypeId><Unbounded>N</Unbounded><ExtensionTypeId>0</ExtensionTypeId>
	</RowData>
	<RowData><ProcessDefId>3</ProcessDefId><ParentTypeId>1</ParentTypeId><TypeFieldId>174</TypeFieldId><FieldName>VOLUMEUNIT_ISO</FieldName><WFType>10</WFType><TypeId>0</TypeId><Unbounded>N</Unbounded><ExtensionTypeId>0</ExtensionTypeId>
	</RowData>
	<RowData><ProcessDefId>3</ProcessDefId><ParentTypeId>1</ParentTypeId><TypeFieldId>175</TypeFieldId><FieldName>POINTS_UN_ISO</FieldName><WFType>10</WFType><TypeId>0</TypeId><Unbounded>N</Unbounded><ExtensionTypeId>0</ExtensionTypeId>
	</RowData>
	<RowData><ProcessDefId>3</ProcessDefId><ParentTypeId>1</ParentTypeId><TypeFieldId>176</TypeFieldId><FieldName>CONF_MATL_EXTERNAL</FieldName><WFType>10</WFType><TypeId>0</TypeId><Unbounded>N</Unbounded><ExtensionTypeId>0</ExtensionTypeId>
	</RowData>
	<RowData><ProcessDefId>3</ProcessDefId><ParentTypeId>1</ParentTypeId><TypeFieldId>177</TypeFieldId><FieldName>CONF_MATL_GUID</FieldName><WFType>10</WFType><TypeId>0</TypeId><Unbounded>N</Unbounded><ExtensionTypeId>0</ExtensionTypeId>
	</RowData>
	<RowData><ProcessDefId>3</ProcessDefId><ParentTypeId>1</ParentTypeId><TypeFieldId>178</TypeFieldId><FieldName>CONF_MATL_VERSION</FieldName><WFType>10</WFType><TypeId>0</TypeId><Unbounded>N</Unbounded><ExtensionTypeId>0</ExtensionTypeId>
	</RowData>
	<RowData><ProcessDefId>3</ProcessDefId><ParentTypeId>1</ParentTypeId><TypeFieldId>179</TypeFieldId><FieldName>MATERIAL_EXTERNAL</FieldName><WFType>10</WFType><TypeId>0</TypeId><Unbounded>N</Unbounded><ExtensionTypeId>0</ExtensionTypeId>
	</RowData>
	<RowData><ProcessDefId>3</ProcessDefId><ParentTypeId>1</ParentTypeId><TypeFieldId>180</TypeFieldId><FieldName>MATERIAL_GUID</FieldName><WFType>10</WFType><TypeId>0</TypeId><Unbounded>N</Unbounded><ExtensionTypeId>0</ExtensionTypeId>
	</RowData>
	<RowData><ProcessDefId>3</ProcessDefId><ParentTypeId>1</ParentTypeId><TypeFieldId>181</TypeFieldId><FieldName>MATERIAL_VERSION</FieldName><WFType>10</WFType><TypeId>0</TypeId><Unbounded>N</Unbounded><ExtensionTypeId>0</ExtensionTypeId>
	</RowData>
	<RowData><ProcessDefId>3</ProcessDefId><ParentTypeId>1</ParentTypeId><TypeFieldId>182</TypeFieldId><FieldName>PUR_MAT_EXTERNAL</FieldName><WFType>10</WFType><TypeId>0</TypeId><Unbounded>N</Unbounded><ExtensionTypeId>0</ExtensionTypeId>
	</RowData>
	<RowData><ProcessDefId>3</ProcessDefId><ParentTypeId>1</ParentTypeId><TypeFieldId>183</TypeFieldId><FieldName>PUR_MAT_GUID</FieldName><WFType>10</WFType><TypeId>0</TypeId><Unbounded>N</Unbounded><ExtensionTypeId>0</ExtensionTypeId>
	</RowData>
	<RowData><ProcessDefId>3</ProcessDefId><ParentTypeId>1</ParentTypeId><TypeFieldId>184</TypeFieldId><FieldName>PUR_MAT_VERSION</FieldName><WFType>10</WFType><TypeId>0</TypeId><Unbounded>N</Unbounded><ExtensionTypeId>0</ExtensionTypeId>
	</RowData>
	<RowData><ProcessDefId>3</ProcessDefId><ParentTypeId>1</ParentTypeId><TypeFieldId>185</TypeFieldId><FieldName>GRANT_NBR</FieldName><WFType>10</WFType><TypeId>0</TypeId><Unbounded>N</Unbounded><ExtensionTypeId>0</ExtensionTypeId>
	</RowData>
	<RowData><ProcessDefId>3</ProcessDefId><ParentTypeId>1</ParentTypeId><TypeFieldId>186</TypeFieldId><FieldName>CMMT_ITEM_LONG</FieldName><WFType>10</WFType><TypeId>0</TypeId><Unbounded>N</Unbounded><ExtensionTypeId>0</ExtensionTypeId>
	</RowData>
	<RowData><ProcessDefId>3</ProcessDefId><ParentTypeId>1</ParentTypeId><TypeFieldId>187</TypeFieldId><FieldName>FUNC_AREA_LONG</FieldName><WFType>10</WFType><TypeId>0</TypeId><Unbounded>N</Unbounded><ExtensionTypeId>0</ExtensionTypeId>
	</RowData>
	<RowData><ProcessDefId>3</ProcessDefId><ParentTypeId>1</ParentTypeId><TypeFieldId>188</TypeFieldId><FieldName>BUDGET_PERIOD</FieldName><WFType>10</WFType><TypeId>0</TypeId><Unbounded>N</Unbounded><ExtensionTypeId>0</ExtensionTypeId>
	</RowData>
	<RowData><ProcessDefId>3</ProcessDefId><ParentTypeId>1</ParentTypeId><TypeFieldId>190</TypeFieldId><FieldName>PCKG_NO</FieldName><WFType>10</WFType><TypeId>0</TypeId><Unbounded>N</Unbounded><ExtensionTypeId>0</ExtensionTypeId>
	</RowData>
	<RowData><ProcessDefId>3</ProcessDefId><ParentTypeId>2</ParentTypeId><TypeFieldId>1</TypeFieldId><FieldName>PO_ITEM</FieldName><WFType>3</WFType><TypeId>0</TypeId><Unbounded>N</Unbounded><ExtensionTypeId>0</ExtensionTypeId>
	</RowData>
	<RowData><ProcessDefId>3</ProcessDefId><ParentTypeId>2</ParentTypeId><TypeFieldId>2</TypeFieldId><FieldName>SERIAL_NO</FieldName><WFType>3</WFType><TypeId>0</TypeId><Unbounded>N</Unbounded><ExtensionTypeId>0</ExtensionTypeId>
	</RowData>
	<RowData><ProcessDefId>3</ProcessDefId><ParentTypeId>2</ParentTypeId><TypeFieldId>81</TypeFieldId><FieldName>QUANTITY</FieldName><WFType>10</WFType><TypeId>0</TypeId><Unbounded>N</Unbounded><ExtensionTypeId>0</ExtensionTypeId>
	</RowData>
	<RowData><ProcessDefId>3</ProcessDefId><ParentTypeId>2</ParentTypeId><TypeFieldId>82</TypeFieldId><FieldName>DISTR_PERC</FieldName><WFType>10</WFType><TypeId>0</TypeId><Unbounded>N</Unbounded><ExtensionTypeId>0</ExtensionTypeId>
	</RowData>
	<RowData><ProcessDefId>3</ProcessDefId><ParentTypeId>2</ParentTypeId><TypeFieldId>83</TypeFieldId><FieldName>G_L_ACCT</FieldName><WFType>10</WFType><TypeId>0</TypeId><Unbounded>N</Unbounded><ExtensionTypeId>0</ExtensionTypeId>
	</RowData>
	<RowData><ProcessDefId>3</ProcessDefId><ParentTypeId>2</ParentTypeId><TypeFieldId>84</TypeFieldId><FieldName>BUS_AREA</FieldName><WFType>10</WFType><TypeId>0</TypeId><Unbounded>N</Unbounded><ExtensionTypeId>0</ExtensionTypeId>
	</RowData>
	<RowData><ProcessDefId>3</ProcessDefId><ParentTypeId>2</ParentTypeId><TypeFieldId>85</TypeFieldId><FieldName>COST_CTR</FieldName><WFType>10</WFType><TypeId>0</TypeId><Unbounded>N</Unbounded><ExtensionTypeId>0</ExtensionTypeId>
	</RowData>
	<RowData><ProcessDefId>3</ProcessDefId><ParentTypeId>2</ParentTypeId><TypeFieldId>86</TypeFieldId><FieldName>PROJ_EXT</FieldName><WFType>10</WFType><TypeId>0</TypeId><Unbounded>N</Unbounded><ExtensionTypeId>0</ExtensionTypeId>
	</RowData>
	<RowData><ProcessDefId>3</ProcessDefId><ParentTypeId>2</ParentTypeId><TypeFieldId>87</TypeFieldId><FieldName>SD_DOC</FieldName><WFType>10</WFType><TypeId>0</TypeId><Unbounded>N</Unbounded><ExtensionTypeId>0</ExtensionTypeId>
	</RowData>
	<RowData><ProcessDefId>3</ProcessDefId><ParentTypeId>2</ParentTypeId><TypeFieldId>88</TypeFieldId><FieldName>SDOC_ITEM</FieldName><WFType>3</WFType><TypeId>0</TypeId><Unbounded>N</Unbounded><ExtensionTypeId>0</ExtensionTypeId>
	</RowData>
	<RowData><ProcessDefId>3</ProcessDefId><ParentTypeId>2</ParentTypeId><TypeFieldId>89</TypeFieldId><FieldName>SCHED_LINE</FieldName><WFType>3</WFType><TypeId>0</TypeId><Unbounded>N</Unbounded><ExtensionTypeId>0</ExtensionTypeId>
	</RowData>
	<RowData><ProcessDefId>3</ProcessDefId><ParentTypeId>2</ParentTypeId><TypeFieldId>90</TypeFieldId><FieldName>ASSET_NO</FieldName><WFType>10</WFType><TypeId>0</TypeId><Unbounded>N</Unbounded><ExtensionTypeId>0</ExtensionTypeId>
	</RowData>
	<RowData><ProcessDefId>3</ProcessDefId><ParentTypeId>2</ParentTypeId><TypeFieldId>91</TypeFieldId><FieldName>SUB_NUMBER</FieldName><WFType>10</WFType><TypeId>0</TypeId><Unbounded>N</Unbounded><ExtensionTypeId>0</ExtensionTypeId>
	</RowData>
	<RowData><ProcessDefId>3</ProcessDefId><ParentTypeId>2</ParentTypeId><TypeFieldId>92</TypeFieldId><FieldName>ORDER_NO</FieldName><WFType>10</WFType><TypeId>0</TypeId><Unbounded>N</Unbounded><ExtensionTypeId>0</ExtensionTypeId>
	</RowData>
	<RowData><ProcessDefId>3</ProcessDefId><ParentTypeId>2</ParentTypeId><TypeFieldId>93</TypeFieldId><FieldName>GR_RCPT</FieldName><WFType>10</WFType><TypeId>0</TypeId><Unbounded>N</Unbounded><ExtensionTypeId>0</ExtensionTypeId>
	</RowData>
	<RowData><ProcessDefId>3</ProcessDefId><ParentTypeId>2</ParentTypeId><TypeFieldId>94</TypeFieldId><FieldName>UNLOAD_PT</FieldName><WFType>10</WFType><TypeId>0</TypeId><Unbounded>N</Unbounded><ExtensionTypeId>0</ExtensionTypeId>
	</RowData>
	<RowData><ProcessDefId>3</ProcessDefId><ParentTypeId>2</ParentTypeId><TypeFieldId>95</TypeFieldId><FieldName>CO_AREA</FieldName><WFType>10</WFType><TypeId>0</TypeId><Unbounded>N</Unbounded><ExtensionTypeId>0</ExtensionTypeId>
	</RowData>
	<RowData><ProcessDefId>3</ProcessDefId><ParentTypeId>2</ParentTypeId><TypeFieldId>96</TypeFieldId><FieldName>TO_COSTCTR</FieldName><WFType>10</WFType><TypeId>0</TypeId><Unbounded>N</Unbounded><ExtensionTypeId>0</ExtensionTypeId>
	</RowData>
	<RowData><ProcessDefId>3</ProcessDefId><ParentTypeId>2</ParentTypeId><TypeFieldId>97</TypeFieldId><FieldName>TO_ORDER</FieldName><WFType>10</WFType><TypeId>0</TypeId><Unbounded>N</Unbounded><ExtensionTypeId>0</ExtensionTypeId>
	</RowData>
	<RowData><ProcessDefId>3</ProcessDefId><ParentTypeId>2</ParentTypeId><TypeFieldId>98</TypeFieldId><FieldName>TO_PROJECT</FieldName><WFType>10</WFType><TypeId>0</TypeId><Unbounded>N</Unbounded><ExtensionTypeId>0</ExtensionTypeId>
	</RowData>
	<RowData><ProcessDefId>3</ProcessDefId><ParentTypeId>2</ParentTypeId><TypeFieldId>99</TypeFieldId><FieldName>COST_OBJ</FieldName><WFType>10</WFType><TypeId>0</TypeId><Unbounded>N</Unbounded><ExtensionTypeId>0</ExtensionTypeId>
	</RowData>
	<RowData><ProcessDefId>3</ProcessDefId><ParentTypeId>2</ParentTypeId><TypeFieldId>100</TypeFieldId><FieldName>PROF_SEGM</FieldName><WFType>3</WFType><TypeId>0</TypeId><Unbounded>N</Unbounded><ExtensionTypeId>0</ExtensionTypeId>
	</RowData>
	<RowData><ProcessDefId>3</ProcessDefId><ParentTypeId>2</ParentTypeId><TypeFieldId>101</TypeFieldId><FieldName>PROFIT_CTR</FieldName><WFType>10</WFType><TypeId>0</TypeId><Unbounded>N</Unbounded><ExtensionTypeId>0</ExtensionTypeId>
	</RowData>
	<RowData><ProcessDefId>3</ProcessDefId><ParentTypeId>2</ParentTypeId><TypeFieldId>102</TypeFieldId><FieldName>WBS_ELEM_E</FieldName><WFType>10</WFType><TypeId>0</TypeId><Unbounded>N</Unbounded><ExtensionTypeId>0</ExtensionTypeId>
	</RowData>
	<RowData><ProcessDefId>3</ProcessDefId><ParentTypeId>2</ParentTypeId><TypeFieldId>103</TypeFieldId><FieldName>NETWORK</FieldName><WFType>10</WFType><TypeId>0</TypeId><Unbounded>N</Unbounded><ExtensionTypeId>0</ExtensionTypeId>
	</RowData>
	<RowData><ProcessDefId>3</ProcessDefId><ParentTypeId>2</ParentTypeId><TypeFieldId>104</TypeFieldId><FieldName>ROUTING_NO</FieldName><WFType>3</WFType><TypeId>0</TypeId><Unbounded>N</Unbounded><ExtensionTypeId>0</ExtensionTypeId>
	</RowData>
	<RowData><ProcessDefId>3</ProcessDefId><ParentTypeId>2</ParentTypeId><TypeFieldId>105</TypeFieldId><FieldName>RL_EST_KEY</FieldName><WFType>10</WFType><TypeId>0</TypeId><Unbounded>N</Unbounded><ExtensionTypeId>0</ExtensionTypeId>
	</RowData>
	<RowData><ProcessDefId>3</ProcessDefId><ParentTypeId>2</ParentTypeId><TypeFieldId>106</TypeFieldId><FieldName>COUNTER</FieldName><WFType>3</WFType><TypeId>0</TypeId><Unbounded>N</Unbounded><ExtensionTypeId>0</ExtensionTypeId>
	</RowData>
	<RowData><ProcessDefId>3</ProcessDefId><ParentTypeId>2</ParentTypeId><TypeFieldId>107</TypeFieldId><FieldName>PART_ACCT</FieldName><WFType>10</WFType><TypeId>0</TypeId><Unbounded>N</Unbounded><ExtensionTypeId>0</ExtensionTypeId>
	</RowData>
	<RowData><ProcessDefId>3</ProcessDefId><ParentTypeId>2</ParentTypeId><TypeFieldId>108</TypeFieldId><FieldName>CMMT_ITEM</FieldName><WFType>10</WFType><TypeId>0</TypeId><Unbounded>N</Unbounded><ExtensionTypeId>0</ExtensionTypeId>
	</RowData>
	<RowData><ProcessDefId>3</ProcessDefId><ParentTypeId>2</ParentTypeId><TypeFieldId>109</TypeFieldId><FieldName>REC_IND</FieldName><WFType>10</WFType><TypeId>0</TypeId><Unbounded>N</Unbounded><ExtensionTypeId>0</ExtensionTypeId>
	</RowData>
	<RowData><ProcessDefId>3</ProcessDefId><ParentTypeId>2</ParentTypeId><TypeFieldId>110</TypeFieldId><FieldName>FUNDS_CTR</FieldName><WFType>10</WFType><TypeId>0</TypeId><Unbounded>N</Unbounded><ExtensionTypeId>0</ExtensionTypeId>
	</RowData>
	<RowData><ProcessDefId>3</ProcessDefId><ParentTypeId>2</ParentTypeId><TypeFieldId>111</TypeFieldId><FieldName>FUND</FieldName><WFType>10</WFType><TypeId>0</TypeId><Unbounded>N</Unbounded><ExtensionTypeId>0</ExtensionTypeId>
	</RowData>
	<RowData><ProcessDefId>3</ProcessDefId><ParentTypeId>2</ParentTypeId><TypeFieldId>112</TypeFieldId><FieldName>FUNC_AREA</FieldName><WFType>10</WFType><TypeId>0</TypeId><Unbounded>N</Unbounded><ExtensionTypeId>0</ExtensionTypeId>
	</RowData>
	<RowData><ProcessDefId>3</ProcessDefId><ParentTypeId>2</ParentTypeId><TypeFieldId>113</TypeFieldId><FieldName>REF_DATE</FieldName><WFType>8</WFType><TypeId>0</TypeId><Unbounded>N</Unbounded><ExtensionTypeId>0</ExtensionTypeId>
	</RowData>
	<RowData><ProcessDefId>3</ProcessDefId><ParentTypeId>2</ParentTypeId><TypeFieldId>114</TypeFieldId><FieldName>ACTIVITY</FieldName><WFType>10</WFType><TypeId>0</TypeId><Unbounded>N</Unbounded><ExtensionTypeId>0</ExtensionTypeId>
	</RowData>
	<RowData><ProcessDefId>3</ProcessDefId><ParentTypeId>2</ParentTypeId><TypeFieldId>115</TypeFieldId><FieldName>GRANT_NBR</FieldName><WFType>10</WFType><TypeId>0</TypeId><Unbounded>N</Unbounded><ExtensionTypeId>0</ExtensionTypeId>
	</RowData>
	<RowData><ProcessDefId>3</ProcessDefId><ParentTypeId>2</ParentTypeId><TypeFieldId>116</TypeFieldId><FieldName>CMMT_ITEM_LONG</FieldName><WFType>10</WFType><TypeId>0</TypeId><Unbounded>N</Unbounded><ExtensionTypeId>0</ExtensionTypeId>
	</RowData>
	<RowData><ProcessDefId>3</ProcessDefId><ParentTypeId>2</ParentTypeId><TypeFieldId>117</TypeFieldId><FieldName>FUNC_AREA_LONG</FieldName><WFType>10</WFType><TypeId>0</TypeId><Unbounded>N</Unbounded><ExtensionTypeId>0</ExtensionTypeId>
	</RowData>
	<RowData><ProcessDefId>3</ProcessDefId><ParentTypeId>2</ParentTypeId><TypeFieldId>118</TypeFieldId><FieldName>FUNDS_RES</FieldName><WFType>10</WFType><TypeId>0</TypeId><Unbounded>N</Unbounded><ExtensionTypeId>0</ExtensionTypeId>
	</RowData>
	<RowData><ProcessDefId>3</ProcessDefId><ParentTypeId>2</ParentTypeId><TypeFieldId>119</TypeFieldId><FieldName>RES_ITEM</FieldName><WFType>3</WFType><TypeId>0</TypeId><Unbounded>N</Unbounded><ExtensionTypeId>0</ExtensionTypeId>
	</RowData>
	<RowData><ProcessDefId>3</ProcessDefId><ParentTypeId>2</ParentTypeId><TypeFieldId>120</TypeFieldId><FieldName>BUDGET_PERIOD</FieldName><WFType>10</WFType><TypeId>0</TypeId><Unbounded>N</Unbounded><ExtensionTypeId>0</ExtensionTypeId>
	</RowData>
	<RowData><ProcessDefId>3</ProcessDefId><ParentTypeId>3</ParentTypeId><TypeFieldId>1</TypeFieldId><FieldName>PCKG_NO</FieldName><WFType>3</WFType><TypeId>0</TypeId><Unbounded>N</Unbounded><ExtensionTypeId>0</ExtensionTypeId>
	</RowData>
	<RowData><ProcessDefId>3</ProcessDefId><ParentTypeId>3</ParentTypeId><TypeFieldId>2</TypeFieldId><FieldName>LINE_NO</FieldName><WFType>3</WFType><TypeId>0</TypeId><Unbounded>N</Unbounded><ExtensionTypeId>0</ExtensionTypeId>
	</RowData>
	<RowData><ProcessDefId>3</ProcessDefId><ParentTypeId>3</ParentTypeId><TypeFieldId>3</TypeFieldId><FieldName>EXT_LINE</FieldName><WFType>3</WFType><TypeId>0</TypeId><Unbounded>N</Unbounded><ExtensionTypeId>0</ExtensionTypeId>
	</RowData>
	<RowData><ProcessDefId>3</ProcessDefId><ParentTypeId>3</ParentTypeId><TypeFieldId>4</TypeFieldId><FieldName>OUTL_LEVEL</FieldName><WFType>10</WFType><TypeId>0</TypeId><Unbounded>N</Unbounded><ExtensionTypeId>0</ExtensionTypeId>
	</RowData>
	<RowData><ProcessDefId>3</ProcessDefId><ParentTypeId>3</ParentTypeId><TypeFieldId>5</TypeFieldId><FieldName>OUTL_NO</FieldName><WFType>10</WFType><TypeId>0</TypeId><Unbounded>N</Unbounded><ExtensionTypeId>0</ExtensionTypeId>
	</RowData>
	<RowData><ProcessDefId>3</ProcessDefId><ParentTypeId>3</ParentTypeId><TypeFieldId>6</TypeFieldId><FieldName>OUTL_IND</FieldName><WFType>10</WFType><TypeId>0</TypeId><Unbounded>N</Unbounded><ExtensionTypeId>0</ExtensionTypeId>
	</RowData>
	<RowData><ProcessDefId>3</ProcessDefId><ParentTypeId>3</ParentTypeId><TypeFieldId>7</TypeFieldId><FieldName>SUBPCKG_NO</FieldName><WFType>3</WFType><TypeId>0</TypeId><Unbounded>N</Unbounded><ExtensionTypeId>0</ExtensionTypeId>
	</RowData>
	<RowData><ProcessDefId>3</ProcessDefId><ParentTypeId>3</ParentTypeId><TypeFieldId>8</TypeFieldId><FieldName>DELETE_IND</FieldName><WFType>10</WFType><TypeId>0</TypeId><Unbounded>N</Unbounded><ExtensionTypeId>0</ExtensionTypeId>
	</RowData>
	<RowData><ProcessDefId>3</ProcessDefId><ParentTypeId>3</ParentTypeId><TypeFieldId>9</TypeFieldId><FieldName>SERVICE</FieldName><WFType>10</WFType><TypeId>0</TypeId><Unbounded>N</Unbounded><ExtensionTypeId>0</ExtensionTypeId>
	</RowData>
	<RowData><ProcessDefId>3</ProcessDefId><ParentTypeId>3</ParentTypeId><TypeFieldId>10</TypeFieldId><FieldName>SERV_TYPE</FieldName><WFType>10</WFType><TypeId>0</TypeId><Unbounded>N</Unbounded><ExtensionTypeId>0</ExtensionTypeId>
	</RowData>
	<RowData><ProcessDefId>3</ProcessDefId><ParentTypeId>3</ParentTypeId><TypeFieldId>11</TypeFieldId><FieldName>EDITION</FieldName><WFType>3</WFType><TypeId>0</TypeId><Unbounded>N</Unbounded><ExtensionTypeId>0</ExtensionTypeId>
	</RowData>
	<RowData><ProcessDefId>3</ProcessDefId><ParentTypeId>3</ParentTypeId><TypeFieldId>12</TypeFieldId><FieldName>SSC_ITEM</FieldName><WFType>10</WFType><TypeId>0</TypeId><Unbounded>N</Unbounded><ExtensionTypeId>0</ExtensionTypeId>
	</RowData>
	<RowData><ProcessDefId>3</ProcessDefId><ParentTypeId>3</ParentTypeId><TypeFieldId>13</TypeFieldId><FieldName>EXT_SERV</FieldName><WFType>10</WFType><TypeId>0</TypeId><Unbounded>N</Unbounded><ExtensionTypeId>0</ExtensionTypeId>
	</RowData>
	<RowData><ProcessDefId>3</ProcessDefId><ParentTypeId>3</ParentTypeId><TypeFieldId>14</TypeFieldId><FieldName>QUANTITY</FieldName><WFType>10</WFType><TypeId>0</TypeId><Unbounded>N</Unbounded><ExtensionTypeId>0</ExtensionTypeId>
	</RowData>
	<RowData><ProcessDefId>3</ProcessDefId><ParentTypeId>3</ParentTypeId><TypeFieldId>15</TypeFieldId><FieldName>BASE_UOM</FieldName><WFType>10</WFType><TypeId>0</TypeId><Unbounded>N</Unbounded><ExtensionTypeId>0</ExtensionTypeId>
	</RowData>
	<RowData><ProcessDefId>3</ProcessDefId><ParentTypeId>3</ParentTypeId><TypeFieldId>16</TypeFieldId><FieldName>UOM_ISO</FieldName><WFType>10</WFType><TypeId>0</TypeId><Unbounded>N</Unbounded><ExtensionTypeId>0</ExtensionTypeId>
	</RowData>
	<RowData><ProcessDefId>3</ProcessDefId><ParentTypeId>3</ParentTypeId><TypeFieldId>17</TypeFieldId><FieldName>OVF_TOL</FieldName><WFType>10</WFType><TypeId>0</TypeId><Unbounded>N</Unbounded><ExtensionTypeId>0</ExtensionTypeId>
	</RowData>
	<RowData><ProcessDefId>3</ProcessDefId><ParentTypeId>3</ParentTypeId><TypeFieldId>18</TypeFieldId><FieldName>OVF_UNLIM</FieldName><WFType>10</WFType><TypeId>0</TypeId><Unbounded>N</Unbounded><ExtensionTypeId>0</ExtensionTypeId>
	</RowData>
	<RowData><ProcessDefId>3</ProcessDefId><ParentTypeId>3</ParentTypeId><TypeFieldId>19</TypeFieldId><FieldName>PRICE_UNIT</FieldName><WFType>10</WFType><TypeId>0</TypeId><Unbounded>N</Unbounded><ExtensionTypeId>0</ExtensionTypeId>
	</RowData>
	<RowData><ProcessDefId>3</ProcessDefId><ParentTypeId>3</ParentTypeId><TypeFieldId>20</TypeFieldId><FieldName>GROSS_VAL</FieldName><WFType>10</WFType><TypeId>0</TypeId><Unbounded>N</Unbounded><ExtensionTypeId>0</ExtensionTypeId>
	</RowData>
	<RowData><ProcessDefId>3</ProcessDefId><ParentTypeId>3</ParentTypeId><TypeFieldId>21</TypeFieldId><FieldName>NET_VALUE</FieldName><WFType>10</WFType><TypeId>0</TypeId><Unbounded>N</Unbounded><ExtensionTypeId>0</ExtensionTypeId>
	</RowData>
	<RowData><ProcessDefId>3</ProcessDefId><ParentTypeId>3</ParentTypeId><TypeFieldId>22</TypeFieldId><FieldName>FROM_LINE</FieldName><WFType>10</WFType><TypeId>0</TypeId><Unbounded>N</Unbounded><ExtensionTypeId>0</ExtensionTypeId>
	</RowData>
	<RowData><ProcessDefId>3</ProcessDefId><ParentTypeId>3</ParentTypeId><TypeFieldId>23</TypeFieldId><FieldName>TO_LINE</FieldName><WFType>10</WFType><TypeId>0</TypeId><Unbounded>N</Unbounded><ExtensionTypeId>0</ExtensionTypeId>
	</RowData>
	<RowData><ProcessDefId>3</ProcessDefId><ParentTypeId>3</ParentTypeId><TypeFieldId>24</TypeFieldId><FieldName>SHORT_TEXT</FieldName><WFType>10</WFType><TypeId>0</TypeId><Unbounded>N</Unbounded><ExtensionTypeId>0</ExtensionTypeId>
	</RowData>
	<RowData><ProcessDefId>3</ProcessDefId><ParentTypeId>3</ParentTypeId><TypeFieldId>25</TypeFieldId><FieldName>DISTRIB</FieldName><WFType>10</WFType><TypeId>0</TypeId><Unbounded>N</Unbounded><ExtensionTypeId>0</ExtensionTypeId>
	</RowData>
	<RowData><ProcessDefId>3</ProcessDefId><ParentTypeId>3</ParentTypeId><TypeFieldId>26</TypeFieldId><FieldName>PERS_NO</FieldName><WFType>3</WFType><TypeId>0</TypeId><Unbounded>N</Unbounded><ExtensionTypeId>0</ExtensionTypeId>
	</RowData>
	<RowData><ProcessDefId>3</ProcessDefId><ParentTypeId>3</ParentTypeId><TypeFieldId>27</TypeFieldId><FieldName>WAGETYPE</FieldName><WFType>10</WFType><TypeId>0</TypeId><Unbounded>N</Unbounded><ExtensionTypeId>0</ExtensionTypeId>
	</RowData>
	<RowData><ProcessDefId>3</ProcessDefId><ParentTypeId>3</ParentTypeId><TypeFieldId>28</TypeFieldId><FieldName>PLN_PCKG</FieldName><WFType>3</WFType><TypeId>0</TypeId><Unbounded>N</Unbounded><ExtensionTypeId>0</ExtensionTypeId>
	</RowData>
	<RowData><ProcessDefId>3</ProcessDefId><ParentTypeId>3</ParentTypeId><TypeFieldId>29</TypeFieldId><FieldName>PLN_LINE</FieldName><WFType>3</WFType><TypeId>0</TypeId><Unbounded>N</Unbounded><ExtensionTypeId>0</ExtensionTypeId>
	</RowData>
	<RowData><ProcessDefId>3</ProcessDefId><ParentTypeId>3</ParentTypeId><TypeFieldId>30</TypeFieldId><FieldName>CON_PCKG</FieldName><WFType>3</WFType><TypeId>0</TypeId><Unbounded>N</Unbounded><ExtensionTypeId>0</ExtensionTypeId>
	</RowData>
	<RowData><ProcessDefId>3</ProcessDefId><ParentTypeId>3</ParentTypeId><TypeFieldId>31</TypeFieldId><FieldName>CON_LINE</FieldName><WFType>3</WFType><TypeId>0</TypeId><Unbounded>N</Unbounded><ExtensionTypeId>0</ExtensionTypeId>
	</RowData>
	<RowData><ProcessDefId>3</ProcessDefId><ParentTypeId>3</ParentTypeId><TypeFieldId>32</TypeFieldId><FieldName>TMP_PCKG</FieldName><WFType>3</WFType><TypeId>0</TypeId><Unbounded>N</Unbounded><ExtensionTypeId>0</ExtensionTypeId>
	</RowData>
	<RowData><ProcessDefId>3</ProcessDefId><ParentTypeId>3</ParentTypeId><TypeFieldId>33</TypeFieldId><FieldName>TMP_LINE</FieldName><WFType>3</WFType><TypeId>0</TypeId><Unbounded>N</Unbounded><ExtensionTypeId>0</ExtensionTypeId>
	</RowData>
	<RowData><ProcessDefId>3</ProcessDefId><ParentTypeId>3</ParentTypeId><TypeFieldId>34</TypeFieldId><FieldName>SSC_LIM</FieldName><WFType>10</WFType><TypeId>0</TypeId><Unbounded>N</Unbounded><ExtensionTypeId>0</ExtensionTypeId>
	</RowData>
	<RowData><ProcessDefId>3</ProcessDefId><ParentTypeId>3</ParentTypeId><TypeFieldId>35</TypeFieldId><FieldName>LIMIT_LINE</FieldName><WFType>3</WFType><TypeId>0</TypeId><Unbounded>N</Unbounded><ExtensionTypeId>0</ExtensionTypeId>
	</RowData>
	<RowData><ProcessDefId>3</ProcessDefId><ParentTypeId>3</ParentTypeId><TypeFieldId>36</TypeFieldId><FieldName>ACTUAL_QTY</FieldName><WFType>10</WFType><TypeId>0</TypeId><Unbounded>N</Unbounded><ExtensionTypeId>0</ExtensionTypeId>
	</RowData>
	<RowData><ProcessDefId>3</ProcessDefId><ParentTypeId>3</ParentTypeId><TypeFieldId>37</TypeFieldId><FieldName>ACTUAL_VAL</FieldName><WFType>10</WFType><TypeId>0</TypeId><Unbounded>N</Unbounded><ExtensionTypeId>0</ExtensionTypeId>
	</RowData>
	<RowData><ProcessDefId>3</ProcessDefId><ParentTypeId>3</ParentTypeId><TypeFieldId>38</TypeFieldId><FieldName>CON_VALUE</FieldName><WFType>10</WFType><TypeId>0</TypeId><Unbounded>N</Unbounded><ExtensionTypeId>0</ExtensionTypeId>
	</RowData>
	<RowData><ProcessDefId>3</ProcessDefId><ParentTypeId>3</ParentTypeId><TypeFieldId>39</TypeFieldId><FieldName>CON_QTY</FieldName><WFType>10</WFType><TypeId>0</TypeId><Unbounded>N</Unbounded><ExtensionTypeId>0</ExtensionTypeId>
	</RowData>
	<RowData><ProcessDefId>3</ProcessDefId><ParentTypeId>3</ParentTypeId><TypeFieldId>40</TypeFieldId><FieldName>TARGET_VAL</FieldName><WFType>10</WFType><TypeId>0</TypeId><Unbounded>N</Unbounded><ExtensionTypeId>0</ExtensionTypeId>
	</RowData>
	<RowData><ProcessDefId>3</ProcessDefId><ParentTypeId>3</ParentTypeId><TypeFieldId>41</TypeFieldId><FieldName>UNPL_VAL</FieldName><WFType>10</WFType><TypeId>0</TypeId><Unbounded>N</Unbounded><ExtensionTypeId>0</ExtensionTypeId>
	</RowData>
	<RowData><ProcessDefId>3</ProcessDefId><ParentTypeId>3</ParentTypeId><TypeFieldId>42</TypeFieldId><FieldName>UNPL_QTY</FieldName><WFType>10</WFType><TypeId>0</TypeId><Unbounded>N</Unbounded><ExtensionTypeId>0</ExtensionTypeId>
	</RowData>
	<RowData><ProcessDefId>3</ProcessDefId><ParentTypeId>3</ParentTypeId><TypeFieldId>43</TypeFieldId><FieldName>BASLINE_NO</FieldName><WFType>3</WFType><TypeId>0</TypeId><Unbounded>N</Unbounded><ExtensionTypeId>0</ExtensionTypeId>
	</RowData>
	<RowData><ProcessDefId>3</ProcessDefId><ParentTypeId>3</ParentTypeId><TypeFieldId>44</TypeFieldId><FieldName>BASIC_LINE</FieldName><WFType>10</WFType><TypeId>0</TypeId><Unbounded>N</Unbounded><ExtensionTypeId>0</ExtensionTypeId>
	</RowData>
	<RowData><ProcessDefId>3</ProcessDefId><ParentTypeId>3</ParentTypeId><TypeFieldId>45</TypeFieldId><FieldName>ALTERNAT</FieldName><WFType>10</WFType><TypeId>0</TypeId><Unbounded>N</Unbounded><ExtensionTypeId>0</ExtensionTypeId>
	</RowData>
	<RowData><ProcessDefId>3</ProcessDefId><ParentTypeId>3</ParentTypeId><TypeFieldId>46</TypeFieldId><FieldName>BIDDER</FieldName><WFType>10</WFType><TypeId>0</TypeId><Unbounded>N</Unbounded><ExtensionTypeId>0</ExtensionTypeId>
	</RowData>
	<RowData><ProcessDefId>3</ProcessDefId><ParentTypeId>3</ParentTypeId><TypeFieldId>47</TypeFieldId><FieldName>SUPP_LINE</FieldName><WFType>10</WFType><TypeId>0</TypeId><Unbounded>N</Unbounded><ExtensionTypeId>0</ExtensionTypeId>
	</RowData>
	<RowData><ProcessDefId>3</ProcessDefId><ParentTypeId>3</ParentTypeId><TypeFieldId>48</TypeFieldId><FieldName>OPEN_QTY</FieldName><WFType>10</WFType><TypeId>0</TypeId><Unbounded>N</Unbounded><ExtensionTypeId>0</ExtensionTypeId>
	</RowData>
	<RowData><ProcessDefId>3</ProcessDefId><ParentTypeId>3</ParentTypeId><TypeFieldId>49</TypeFieldId><FieldName>INFORM</FieldName><WFType>10</WFType><TypeId>0</TypeId><Unbounded>N</Unbounded><ExtensionTypeId>0</ExtensionTypeId>
	</RowData>
	<RowData><ProcessDefId>3</ProcessDefId><ParentTypeId>3</ParentTypeId><TypeFieldId>50</TypeFieldId><FieldName>BLANKET</FieldName><WFType>10</WFType><TypeId>0</TypeId><Unbounded>N</Unbounded><ExtensionTypeId>0</ExtensionTypeId>
	</RowData>
	<RowData><ProcessDefId>3</ProcessDefId><ParentTypeId>3</ParentTypeId><TypeFieldId>51</TypeFieldId><FieldName>EVENTUAL</FieldName><WFType>10</WFType><TypeId>0</TypeId><Unbounded>N</Unbounded><ExtensionTypeId>0</ExtensionTypeId>
	</RowData>
	<RowData><ProcessDefId>3</ProcessDefId><ParentTypeId>3</ParentTypeId><TypeFieldId>52</TypeFieldId><FieldName>TAX_CODE</FieldName><WFType>10</WFType><TypeId>0</TypeId><Unbounded>N</Unbounded><ExtensionTypeId>0</ExtensionTypeId>
	</RowData>
	<RowData><ProcessDefId>3</ProcessDefId><ParentTypeId>3</ParentTypeId><TypeFieldId>53</TypeFieldId><FieldName>TAXJURCODE</FieldName><WFType>10</WFType><TypeId>0</TypeId><Unbounded>N</Unbounded><ExtensionTypeId>0</ExtensionTypeId>
	</RowData>
	<RowData><ProcessDefId>3</ProcessDefId><ParentTypeId>3</ParentTypeId><TypeFieldId>54</TypeFieldId><FieldName>PRICE_CHG</FieldName><WFType>10</WFType><TypeId>0</TypeId><Unbounded>N</Unbounded><ExtensionTypeId>0</ExtensionTypeId>
	</RowData>
	<RowData><ProcessDefId>3</ProcessDefId><ParentTypeId>3</ParentTypeId><TypeFieldId>55</TypeFieldId><FieldName>MATL_GROUP</FieldName><WFType>10</WFType><TypeId>0</TypeId><Unbounded>N</Unbounded><ExtensionTypeId>0</ExtensionTypeId>
	</RowData>
	<RowData><ProcessDefId>3</ProcessDefId><ParentTypeId>3</ParentTypeId><TypeFieldId>56</TypeFieldId><FieldName>NOND_ITAX</FieldName><WFType>10</WFType><TypeId>0</TypeId><Unbounded>N</Unbounded><ExtensionTypeId>0</ExtensionTypeId>
	</RowData>
	<RowData><ProcessDefId>3</ProcessDefId><ParentTypeId>3</ParentTypeId><TypeFieldId>57</TypeFieldId><FieldName>DATE</FieldName><WFType>8</WFType><TypeId>0</TypeId><Unbounded>N</Unbounded><ExtensionTypeId>0</ExtensionTypeId>
	</RowData>
	<RowData><ProcessDefId>3</ProcessDefId><ParentTypeId>3</ParentTypeId><TypeFieldId>58</TypeFieldId><FieldName>BEGINTIME</FieldName><WFType>10</WFType><TypeId>0</TypeId><Unbounded>N</Unbounded><ExtensionTypeId>0</ExtensionTypeId>
	</RowData>
	<RowData><ProcessDefId>3</ProcessDefId><ParentTypeId>3</ParentTypeId><TypeFieldId>59</TypeFieldId><FieldName>ENDTIME</FieldName><WFType>10</WFType><TypeId>0</TypeId><Unbounded>N</Unbounded><ExtensionTypeId>0</ExtensionTypeId>
	</RowData>
	<RowData><ProcessDefId>3</ProcessDefId><ParentTypeId>3</ParentTypeId><TypeFieldId>60</TypeFieldId><FieldName>EXTPERS_NO</FieldName><WFType>10</WFType><TypeId>0</TypeId><Unbounded>N</Unbounded><ExtensionTypeId>0</ExtensionTypeId>
	</RowData>
	<RowData><ProcessDefId>3</ProcessDefId><ParentTypeId>3</ParentTypeId><TypeFieldId>61</TypeFieldId><FieldName>FORMULA</FieldName><WFType>10</WFType><TypeId>0</TypeId><Unbounded>N</Unbounded><ExtensionTypeId>0</ExtensionTypeId>
	</RowData>
	<RowData><ProcessDefId>3</ProcessDefId><ParentTypeId>3</ParentTypeId><TypeFieldId>62</TypeFieldId><FieldName>FORM_VAL1</FieldName><WFType>10</WFType><TypeId>0</TypeId><Unbounded>N</Unbounded><ExtensionTypeId>0</ExtensionTypeId>
	</RowData>
	<RowData><ProcessDefId>3</ProcessDefId><ParentTypeId>3</ParentTypeId><TypeFieldId>63</TypeFieldId><FieldName>FORM_VAL2</FieldName><WFType>10</WFType><TypeId>0</TypeId><Unbounded>N</Unbounded><ExtensionTypeId>0</ExtensionTypeId>
	</RowData>
	<RowData><ProcessDefId>3</ProcessDefId><ParentTypeId>3</ParentTypeId><TypeFieldId>64</TypeFieldId><FieldName>FORM_VAL3</FieldName><WFType>10</WFType><TypeId>0</TypeId><Unbounded>N</Unbounded><ExtensionTypeId>0</ExtensionTypeId>
	</RowData>
	<RowData><ProcessDefId>3</ProcessDefId><ParentTypeId>3</ParentTypeId><TypeFieldId>65</TypeFieldId><FieldName>FORM_VAL4</FieldName><WFType>10</WFType><TypeId>0</TypeId><Unbounded>N</Unbounded><ExtensionTypeId>0</ExtensionTypeId>
	</RowData>
	<RowData><ProcessDefId>3</ProcessDefId><ParentTypeId>3</ParentTypeId><TypeFieldId>66</TypeFieldId><FieldName>FORM_VAL5</FieldName><WFType>10</WFType><TypeId>0</TypeId><Unbounded>N</Unbounded><ExtensionTypeId>0</ExtensionTypeId>
	</RowData>
	<RowData><ProcessDefId>3</ProcessDefId><ParentTypeId>3</ParentTypeId><TypeFieldId>67</TypeFieldId><FieldName>USERF1_NUM</FieldName><WFType>3</WFType><TypeId>0</TypeId><Unbounded>N</Unbounded><ExtensionTypeId>0</ExtensionTypeId>
	</RowData>
	<RowData><ProcessDefId>3</ProcessDefId><ParentTypeId>3</ParentTypeId><TypeFieldId>68</TypeFieldId><FieldName>USERF2_NUM</FieldName><WFType>10</WFType><TypeId>0</TypeId><Unbounded>N</Unbounded><ExtensionTypeId>0</ExtensionTypeId>
	</RowData>
	<RowData><ProcessDefId>3</ProcessDefId><ParentTypeId>3</ParentTypeId><TypeFieldId>69</TypeFieldId><FieldName>USERF1_TXT</FieldName><WFType>10</WFType><TypeId>0</TypeId><Unbounded>N</Unbounded><ExtensionTypeId>0</ExtensionTypeId>
	</RowData>
	<RowData><ProcessDefId>3</ProcessDefId><ParentTypeId>3</ParentTypeId><TypeFieldId>70</TypeFieldId><FieldName>USERF2_TXT</FieldName><WFType>10</WFType><TypeId>0</TypeId><Unbounded>N</Unbounded><ExtensionTypeId>0</ExtensionTypeId>
	</RowData>
	<RowData><ProcessDefId>3</ProcessDefId><ParentTypeId>3</ParentTypeId><TypeFieldId>71</TypeFieldId><FieldName>GR_PRICE</FieldName><WFType>10</WFType><TypeId>0</TypeId><Unbounded>N</Unbounded><ExtensionTypeId>0</ExtensionTypeId>
	</RowData>
</PMWTypeDefTable_1>