<PMWTypeDefTable_2>
	<RowData><ProcessDefId>3</ProcessDefId><ParentTypeId>3</ParentTypeId><TypeFieldId>72</TypeFieldId><FieldName>HI_LINE_NO</FieldName><WFType>3</WFType><TypeId>0</TypeId><Unbounded>N</Unbounded><ExtensionTypeId>0</ExtensionTypeId>
	</RowData>
	<RowData><ProcessDefId>3</ProcessDefId><ParentTypeId>3</ParentTypeId><TypeFieldId>73</TypeFieldId><FieldName>EXTREFKEY</FieldName><WFType>10</WFType><TypeId>0</TypeId><Unbounded>N</Unbounded><ExtensionTypeId>0</ExtensionTypeId>
	</RowData>
	<RowData><ProcessDefId>3</ProcessDefId><ParentTypeId>3</ParentTypeId><TypeFieldId>74</TypeFieldId><FieldName>PER_SDATE</FieldName><WFType>8</WFType><TypeId>0</TypeId><Unbounded>N</Unbounded><ExtensionTypeId>0</ExtensionTypeId>
	</RowData>
	<RowData><ProcessDefId>3</ProcessDefId><ParentTypeId>3</ParentTypeId><TypeFieldId>75</TypeFieldId><FieldName>PER_EDATE</FieldName><WFType>8</WFType><TypeId>0</TypeId><Unbounded>N</Unbounded><ExtensionTypeId>0</ExtensionTypeId>
	</RowData>
	<RowData><ProcessDefId>3</ProcessDefId><ParentTypeId>3</ParentTypeId><TypeFieldId>76</TypeFieldId><FieldName>EXTERNAL_ITEM_ID</FieldName><WFType>10</WFType><TypeId>0</TypeId><Unbounded>N</Unbounded><ExtensionTypeId>0</ExtensionTypeId>
	</RowData>
	<RowData><ProcessDefId>3</ProcessDefId><ParentTypeId>3</ParentTypeId><TypeFieldId>77</TypeFieldId><FieldName>SERVICE_ITEM_KEY</FieldName><WFType>3</WFType><TypeId>0</TypeId><Unbounded>N</Unbounded><ExtensionTypeId>0</ExtensionTypeId>
	</RowData>
	<RowData><ProcessDefId>3</ProcessDefId><ParentTypeId>4</ParentTypeId><TypeFieldId>1</TypeFieldId><FieldName>PO_ITEM</FieldName><WFType>3</WFType><TypeId>0</TypeId><Unbounded>N</Unbounded><ExtensionTypeId>0</ExtensionTypeId>
	</RowData>
	<RowData><ProcessDefId>3</ProcessDefId><ParentTypeId>4</ParentTypeId><TypeFieldId>2</TypeFieldId><FieldName>SERIAL_NO</FieldName><WFType>3</WFType><TypeId>0</TypeId><Unbounded>N</Unbounded><ExtensionTypeId>0</ExtensionTypeId>
	</RowData>
	<RowData><ProcessDefId>3</ProcessDefId><ParentTypeId>4</ParentTypeId><TypeFieldId>3</TypeFieldId><FieldName>PROCESS_ID</FieldName><WFType>10</WFType><TypeId>0</TypeId><Unbounded>N</Unbounded><ExtensionTypeId>0</ExtensionTypeId>
	</RowData>
	<RowData><ProcessDefId>3</ProcessDefId><ParentTypeId>4</ParentTypeId><TypeFieldId>4</TypeFieldId><FieldName>DOC_YEAR</FieldName><WFType>3</WFType><TypeId>0</TypeId><Unbounded>N</Unbounded><ExtensionTypeId>0</ExtensionTypeId>
	</RowData>
	<RowData><ProcessDefId>3</ProcessDefId><ParentTypeId>4</ParentTypeId><TypeFieldId>5</TypeFieldId><FieldName>MAT_DOC</FieldName><WFType>10</WFType><TypeId>0</TypeId><Unbounded>N</Unbounded><ExtensionTypeId>0</ExtensionTypeId>
	</RowData>
	<RowData><ProcessDefId>3</ProcessDefId><ParentTypeId>4</ParentTypeId><TypeFieldId>6</TypeFieldId><FieldName>MATDOC_ITM</FieldName><WFType>3</WFType><TypeId>0</TypeId><Unbounded>N</Unbounded><ExtensionTypeId>0</ExtensionTypeId>
	</RowData>
	<RowData><ProcessDefId>3</ProcessDefId><ParentTypeId>4</ParentTypeId><TypeFieldId>7</TypeFieldId><FieldName>HIST_TYPE</FieldName><WFType>10</WFType><TypeId>0</TypeId><Unbounded>N</Unbounded><ExtensionTypeId>0</ExtensionTypeId>
	</RowData>
	<RowData><ProcessDefId>3</ProcessDefId><ParentTypeId>4</ParentTypeId><TypeFieldId>8</TypeFieldId><FieldName>MOVE_TYPE</FieldName><WFType>10</WFType><TypeId>0</TypeId><Unbounded>N</Unbounded><ExtensionTypeId>0</ExtensionTypeId>
	</RowData>
	<RowData><ProcessDefId>3</ProcessDefId><ParentTypeId>4</ParentTypeId><TypeFieldId>9</TypeFieldId><FieldName>PSTNG_DATE</FieldName><WFType>8</WFType><TypeId>0</TypeId><Unbounded>N</Unbounded><ExtensionTypeId>0</ExtensionTypeId>
	</RowData>
	<RowData><ProcessDefId>3</ProcessDefId><ParentTypeId>4</ParentTypeId><TypeFieldId>10</TypeFieldId><FieldName>QUANTITY</FieldName><WFType>10</WFType><TypeId>0</TypeId><Unbounded>N</Unbounded><ExtensionTypeId>0</ExtensionTypeId>
	</RowData>
	<RowData><ProcessDefId>3</ProcessDefId><ParentTypeId>4</ParentTypeId><TypeFieldId>11</TypeFieldId><FieldName>VAL_LOCCUR</FieldName><WFType>10</WFType><TypeId>0</TypeId><Unbounded>N</Unbounded><ExtensionTypeId>0</ExtensionTypeId>
	</RowData>
	<RowData><ProcessDefId>3</ProcessDefId><ParentTypeId>4</ParentTypeId><TypeFieldId>12</TypeFieldId><FieldName>VAL_FORCUR</FieldName><WFType>10</WFType><TypeId>0</TypeId><Unbounded>N</Unbounded><ExtensionTypeId>0</ExtensionTypeId>
	</RowData>
	<RowData><ProcessDefId>3</ProcessDefId><ParentTypeId>4</ParentTypeId><TypeFieldId>13</TypeFieldId><FieldName>CURRENCY</FieldName><WFType>10</WFType><TypeId>0</TypeId><Unbounded>N</Unbounded><ExtensionTypeId>0</ExtensionTypeId>
	</RowData>
	<RowData><ProcessDefId>3</ProcessDefId><ParentTypeId>4</ParentTypeId><TypeFieldId>14</TypeFieldId><FieldName>CL_VAL_LOC</FieldName><WFType>10</WFType><TypeId>0</TypeId><Unbounded>N</Unbounded><ExtensionTypeId>0</ExtensionTypeId>
	</RowData>
	<RowData><ProcessDefId>3</ProcessDefId><ParentTypeId>4</ParentTypeId><TypeFieldId>15</TypeFieldId><FieldName>BLOCKED_QY</FieldName><WFType>10</WFType><TypeId>0</TypeId><Unbounded>N</Unbounded><ExtensionTypeId>0</ExtensionTypeId>
	</RowData>
	<RowData><ProcessDefId>3</ProcessDefId><ParentTypeId>4</ParentTypeId><TypeFieldId>16</TypeFieldId><FieldName>BL_QTY</FieldName><WFType>10</WFType><TypeId>0</TypeId><Unbounded>N</Unbounded><ExtensionTypeId>0</ExtensionTypeId>
	</RowData>
	<RowData><ProcessDefId>3</ProcessDefId><ParentTypeId>4</ParentTypeId><TypeFieldId>17</TypeFieldId><FieldName>DB_CR_IND</FieldName><WFType>10</WFType><TypeId>0</TypeId><Unbounded>N</Unbounded><ExtensionTypeId>0</ExtensionTypeId>
	</RowData>
	<RowData><ProcessDefId>3</ProcessDefId><ParentTypeId>4</ParentTypeId><TypeFieldId>18</TypeFieldId><FieldName>VAL_TYPE</FieldName><WFType>10</WFType><TypeId>0</TypeId><Unbounded>N</Unbounded><ExtensionTypeId>0</ExtensionTypeId>
	</RowData>
	<RowData><ProcessDefId>3</ProcessDefId><ParentTypeId>4</ParentTypeId><TypeFieldId>19</TypeFieldId><FieldName>NO_MORE_GR</FieldName><WFType>10</WFType><TypeId>0</TypeId><Unbounded>N</Unbounded><ExtensionTypeId>0</ExtensionTypeId>
	</RowData>
	<RowData><ProcessDefId>3</ProcessDefId><ParentTypeId>4</ParentTypeId><TypeFieldId>20</TypeFieldId><FieldName>REF_DOC_NO</FieldName><WFType>10</WFType><TypeId>0</TypeId><Unbounded>N</Unbounded><ExtensionTypeId>0</ExtensionTypeId>
	</RowData>
	<RowData><ProcessDefId>3</ProcessDefId><ParentTypeId>4</ParentTypeId><TypeFieldId>21</TypeFieldId><FieldName>REF_DOC_YR</FieldName><WFType>3</WFType><TypeId>0</TypeId><Unbounded>N</Unbounded><ExtensionTypeId>0</ExtensionTypeId>
	</RowData>
	<RowData><ProcessDefId>3</ProcessDefId><ParentTypeId>4</ParentTypeId><TypeFieldId>22</TypeFieldId><FieldName>REF_DOC</FieldName><WFType>10</WFType><TypeId>0</TypeId><Unbounded>N</Unbounded><ExtensionTypeId>0</ExtensionTypeId>
	</RowData>
	<RowData><ProcessDefId>3</ProcessDefId><ParentTypeId>4</ParentTypeId><TypeFieldId>23</TypeFieldId><FieldName>REF_DOC_IT</FieldName><WFType>3</WFType><TypeId>0</TypeId><Unbounded>N</Unbounded><ExtensionTypeId>0</ExtensionTypeId>
	</RowData>
	<RowData><ProcessDefId>3</ProcessDefId><ParentTypeId>4</ParentTypeId><TypeFieldId>24</TypeFieldId><FieldName>MOVE_REAS</FieldName><WFType>3</WFType><TypeId>0</TypeId><Unbounded>N</Unbounded><ExtensionTypeId>0</ExtensionTypeId>
	</RowData>
	<RowData><ProcessDefId>3</ProcessDefId><ParentTypeId>4</ParentTypeId><TypeFieldId>25</TypeFieldId><FieldName>ENTRY_DATE</FieldName><WFType>8</WFType><TypeId>0</TypeId><Unbounded>N</Unbounded><ExtensionTypeId>0</ExtensionTypeId>
	</RowData>
	<RowData><ProcessDefId>3</ProcessDefId><ParentTypeId>4</ParentTypeId><TypeFieldId>26</TypeFieldId><FieldName>ENTRY_TIME</FieldName><WFType>10</WFType><TypeId>0</TypeId><Unbounded>N</Unbounded><ExtensionTypeId>0</ExtensionTypeId>
	</RowData>
	<RowData><ProcessDefId>3</ProcessDefId><ParentTypeId>4</ParentTypeId><TypeFieldId>27</TypeFieldId><FieldName>IVVAL_LOC</FieldName><WFType>10</WFType><TypeId>0</TypeId><Unbounded>N</Unbounded><ExtensionTypeId>0</ExtensionTypeId>
	</RowData>
	<RowData><ProcessDefId>3</ProcessDefId><ParentTypeId>4</ParentTypeId><TypeFieldId>28</TypeFieldId><FieldName>IVVAL_FOR</FieldName><WFType>10</WFType><TypeId>0</TypeId><Unbounded>N</Unbounded><ExtensionTypeId>0</ExtensionTypeId>
	</RowData>
	<RowData><ProcessDefId>3</ProcessDefId><ParentTypeId>4</ParentTypeId><TypeFieldId>29</TypeFieldId><FieldName>MATERIAL</FieldName><WFType>10</WFType><TypeId>0</TypeId><Unbounded>N</Unbounded><ExtensionTypeId>0</ExtensionTypeId>
	</RowData>
	<RowData><ProcessDefId>3</ProcessDefId><ParentTypeId>4</ParentTypeId><TypeFieldId>30</TypeFieldId><FieldName>PLANT</FieldName><WFType>10</WFType><TypeId>0</TypeId><Unbounded>N</Unbounded><ExtensionTypeId>0</ExtensionTypeId>
	</RowData>
	<RowData><ProcessDefId>3</ProcessDefId><ParentTypeId>4</ParentTypeId><TypeFieldId>31</TypeFieldId><FieldName>CONF_SER</FieldName><WFType>3</WFType><TypeId>0</TypeId><Unbounded>N</Unbounded><ExtensionTypeId>0</ExtensionTypeId>
	</RowData>
	<RowData><ProcessDefId>3</ProcessDefId><ParentTypeId>4</ParentTypeId><TypeFieldId>32</TypeFieldId><FieldName>CONDITION</FieldName><WFType>10</WFType><TypeId>0</TypeId><Unbounded>N</Unbounded><ExtensionTypeId>0</ExtensionTypeId>
	</RowData>
	<RowData><ProcessDefId>3</ProcessDefId><ParentTypeId>4</ParentTypeId><TypeFieldId>33</TypeFieldId><FieldName>TAX_CODE</FieldName><WFType>10</WFType><TypeId>0</TypeId><Unbounded>N</Unbounded><ExtensionTypeId>0</ExtensionTypeId>
	</RowData>
	<RowData><ProcessDefId>3</ProcessDefId><ParentTypeId>4</ParentTypeId><TypeFieldId>34</TypeFieldId><FieldName>DELIV_QTY</FieldName><WFType>10</WFType><TypeId>0</TypeId><Unbounded>N</Unbounded><ExtensionTypeId>0</ExtensionTypeId>
	</RowData>
	<RowData><ProcessDefId>3</ProcessDefId><ParentTypeId>4</ParentTypeId><TypeFieldId>35</TypeFieldId><FieldName>DELIV_UNIT</FieldName><WFType>10</WFType><TypeId>0</TypeId><Unbounded>N</Unbounded><ExtensionTypeId>0</ExtensionTypeId>
	</RowData>
	<RowData><ProcessDefId>3</ProcessDefId><ParentTypeId>4</ParentTypeId><TypeFieldId>36</TypeFieldId><FieldName>PUR_MAT</FieldName><WFType>10</WFType><TypeId>0</TypeId><Unbounded>N</Unbounded><ExtensionTypeId>0</ExtensionTypeId>
	</RowData>
	<RowData><ProcessDefId>3</ProcessDefId><ParentTypeId>4</ParentTypeId><TypeFieldId>37</TypeFieldId><FieldName>LOC_CURR</FieldName><WFType>10</WFType><TypeId>0</TypeId><Unbounded>N</Unbounded><ExtensionTypeId>0</ExtensionTypeId>
	</RowData>
	<RowData><ProcessDefId>3</ProcessDefId><ParentTypeId>4</ParentTypeId><TypeFieldId>38</TypeFieldId><FieldName>BATCH</FieldName><WFType>10</WFType><TypeId>0</TypeId><Unbounded>N</Unbounded><ExtensionTypeId>0</ExtensionTypeId>
	</RowData>
	<RowData><ProcessDefId>3</ProcessDefId><ParentTypeId>4</ParentTypeId><TypeFieldId>39</TypeFieldId><FieldName>DOC_DATE</FieldName><WFType>8</WFType><TypeId>0</TypeId><Unbounded>N</Unbounded><ExtensionTypeId>0</ExtensionTypeId>
	</RowData>
	<RowData><ProcessDefId>3</ProcessDefId><ParentTypeId>4</ParentTypeId><TypeFieldId>40</TypeFieldId><FieldName>CURRENCY_ISO</FieldName><WFType>10</WFType><TypeId>0</TypeId><Unbounded>N</Unbounded><ExtensionTypeId>0</ExtensionTypeId>
	</RowData>
	<RowData><ProcessDefId>3</ProcessDefId><ParentTypeId>4</ParentTypeId><TypeFieldId>41</TypeFieldId><FieldName>LOC_CURR_ISO</FieldName><WFType>10</WFType><TypeId>0</TypeId><Unbounded>N</Unbounded><ExtensionTypeId>0</ExtensionTypeId>
	</RowData>
	<RowData><ProcessDefId>3</ProcessDefId><ParentTypeId>4</ParentTypeId><TypeFieldId>42</TypeFieldId><FieldName>DELIV_UNIT_ISO</FieldName><WFType>10</WFType><TypeId>0</TypeId><Unbounded>N</Unbounded><ExtensionTypeId>0</ExtensionTypeId>
	</RowData>
	<RowData><ProcessDefId>3</ProcessDefId><ParentTypeId>4</ParentTypeId><TypeFieldId>43</TypeFieldId><FieldName>MATERIAL_EXTERNAL</FieldName><WFType>10</WFType><TypeId>0</TypeId><Unbounded>N</Unbounded><ExtensionTypeId>0</ExtensionTypeId>
	</RowData>
	<RowData><ProcessDefId>3</ProcessDefId><ParentTypeId>4</ParentTypeId><TypeFieldId>44</TypeFieldId><FieldName>MATERIAL_GUID</FieldName><WFType>10</WFType><TypeId>0</TypeId><Unbounded>N</Unbounded><ExtensionTypeId>0</ExtensionTypeId>
	</RowData>
	<RowData><ProcessDefId>3</ProcessDefId><ParentTypeId>4</ParentTypeId><TypeFieldId>45</TypeFieldId><FieldName>MATERIAL_VERSION</FieldName><WFType>10</WFType><TypeId>0</TypeId><Unbounded>N</Unbounded><ExtensionTypeId>0</ExtensionTypeId>
	</RowData>
	<RowData><ProcessDefId>3</ProcessDefId><ParentTypeId>4</ParentTypeId><TypeFieldId>46</TypeFieldId><FieldName>PUR_MAT_EXTERNAL</FieldName><WFType>10</WFType><TypeId>0</TypeId><Unbounded>N</Unbounded><ExtensionTypeId>0</ExtensionTypeId>
	</RowData>
	<RowData><ProcessDefId>3</ProcessDefId><ParentTypeId>4</ParentTypeId><TypeFieldId>47</TypeFieldId><FieldName>PUR_MAT_GUID</FieldName><WFType>10</WFType><TypeId>0</TypeId><Unbounded>N</Unbounded><ExtensionTypeId>0</ExtensionTypeId>
	</RowData>
	<RowData><ProcessDefId>3</ProcessDefId><ParentTypeId>4</ParentTypeId><TypeFieldId>48</TypeFieldId><FieldName>PUR_MAT_VERSION</FieldName><WFType>10</WFType><TypeId>0</TypeId><Unbounded>N</Unbounded><ExtensionTypeId>0</ExtensionTypeId>
	</RowData>
	<RowData><ProcessDefId>3</ProcessDefId><ParentTypeId>4</ParentTypeId><TypeFieldId>49</TypeFieldId><FieldName>REF_DOC_NO_LONG</FieldName><WFType>10</WFType><TypeId>0</TypeId><Unbounded>N</Unbounded><ExtensionTypeId>0</ExtensionTypeId>
	</RowData>
	<RowData><ProcessDefId>3</ProcessDefId><ParentTypeId>4</ParentTypeId><TypeFieldId>50</TypeFieldId><FieldName>STK_SEGMENT</FieldName><WFType>10</WFType><TypeId>0</TypeId><Unbounded>N</Unbounded><ExtensionTypeId>0</ExtensionTypeId>
	</RowData>
	<RowData><ProcessDefId>3</ProcessDefId><ParentTypeId>5</ParentTypeId><TypeFieldId>1</TypeFieldId><FieldName>PO_ITEM</FieldName><WFType>3</WFType><TypeId>0</TypeId><Unbounded>N</Unbounded><ExtensionTypeId>0</ExtensionTypeId>
	</RowData>
	<RowData><ProcessDefId>3</ProcessDefId><ParentTypeId>5</ParentTypeId><TypeFieldId>2</TypeFieldId><FieldName>SERIAL_NO</FieldName><WFType>3</WFType><TypeId>0</TypeId><Unbounded>N</Unbounded><ExtensionTypeId>0</ExtensionTypeId>
	</RowData>
	<RowData><ProcessDefId>3</ProcessDefId><ParentTypeId>5</ParentTypeId><TypeFieldId>3</TypeFieldId><FieldName>PROCESS_ID</FieldName><WFType>10</WFType><TypeId>0</TypeId><Unbounded>N</Unbounded><ExtensionTypeId>0</ExtensionTypeId>
	</RowData>
	<RowData><ProcessDefId>3</ProcessDefId><ParentTypeId>5</ParentTypeId><TypeFieldId>4</TypeFieldId><FieldName>DOC_YEAR</FieldName><WFType>3</WFType><TypeId>0</TypeId><Unbounded>N</Unbounded><ExtensionTypeId>0</ExtensionTypeId>
	</RowData>
	<RowData><ProcessDefId>3</ProcessDefId><ParentTypeId>5</ParentTypeId><TypeFieldId>5</TypeFieldId><FieldName>MAT_DOC</FieldName><WFType>10</WFType><TypeId>0</TypeId><Unbounded>N</Unbounded><ExtensionTypeId>0</ExtensionTypeId>
	</RowData>
	<RowData><ProcessDefId>3</ProcessDefId><ParentTypeId>5</ParentTypeId><TypeFieldId>6</TypeFieldId><FieldName>MATDOC_ITM</FieldName><WFType>3</WFType><TypeId>0</TypeId><Unbounded>N</Unbounded><ExtensionTypeId>0</ExtensionTypeId>
	</RowData>
	<RowData><ProcessDefId>3</ProcessDefId><ParentTypeId>5</ParentTypeId><TypeFieldId>7</TypeFieldId><FieldName>HIST_TYPE</FieldName><WFType>10</WFType><TypeId>0</TypeId><Unbounded>N</Unbounded><ExtensionTypeId>0</ExtensionTypeId>
	</RowData>
	<RowData><ProcessDefId>3</ProcessDefId><ParentTypeId>5</ParentTypeId><TypeFieldId>8</TypeFieldId><FieldName>MOVE_TYPE</FieldName><WFType>10</WFType><TypeId>0</TypeId><Unbounded>N</Unbounded><ExtensionTypeId>0</ExtensionTypeId>
	</RowData>
	<RowData><ProcessDefId>3</ProcessDefId><ParentTypeId>5</ParentTypeId><TypeFieldId>9</TypeFieldId><FieldName>PSTNG_DATE</FieldName><WFType>8</WFType><TypeId>0</TypeId><Unbounded>N</Unbounded><ExtensionTypeId>0</ExtensionTypeId>
	</RowData>
	<RowData><ProcessDefId>3</ProcessDefId><ParentTypeId>5</ParentTypeId><TypeFieldId>10</TypeFieldId><FieldName>QUANTITY</FieldName><WFType>10</WFType><TypeId>0</TypeId><Unbounded>N</Unbounded><ExtensionTypeId>0</ExtensionTypeId>
	</RowData>
	<RowData><ProcessDefId>3</ProcessDefId><ParentTypeId>5</ParentTypeId><TypeFieldId>11</TypeFieldId><FieldName>VAL_LOCCUR</FieldName><WFType>10</WFType><TypeId>0</TypeId><Unbounded>N</Unbounded><ExtensionTypeId>0</ExtensionTypeId>
	</RowData>
	<RowData><ProcessDefId>3</ProcessDefId><ParentTypeId>5</ParentTypeId><TypeFieldId>12</TypeFieldId><FieldName>VAL_FORCUR</FieldName><WFType>10</WFType><TypeId>0</TypeId><Unbounded>N</Unbounded><ExtensionTypeId>0</ExtensionTypeId>
	</RowData>
	<RowData><ProcessDefId>3</ProcessDefId><ParentTypeId>5</ParentTypeId><TypeFieldId>13</TypeFieldId><FieldName>CURRENCY</FieldName><WFType>10</WFType><TypeId>0</TypeId><Unbounded>N</Unbounded><ExtensionTypeId>0</ExtensionTypeId>
	</RowData>
	<RowData><ProcessDefId>3</ProcessDefId><ParentTypeId>5</ParentTypeId><TypeFieldId>14</TypeFieldId><FieldName>CL_VAL_LOC</FieldName><WFType>10</WFType><TypeId>0</TypeId><Unbounded>N</Unbounded><ExtensionTypeId>0</ExtensionTypeId>
	</RowData>
	<RowData><ProcessDefId>3</ProcessDefId><ParentTypeId>5</ParentTypeId><TypeFieldId>15</TypeFieldId><FieldName>BLOCKED_QY</FieldName><WFType>10</WFType><TypeId>0</TypeId><Unbounded>N</Unbounded><ExtensionTypeId>0</ExtensionTypeId>
	</RowData>
	<RowData><ProcessDefId>3</ProcessDefId><ParentTypeId>5</ParentTypeId><TypeFieldId>16</TypeFieldId><FieldName>BL_QTY</FieldName><WFType>10</WFType><TypeId>0</TypeId><Unbounded>N</Unbounded><ExtensionTypeId>0</ExtensionTypeId>
	</RowData>
	<RowData><ProcessDefId>3</ProcessDefId><ParentTypeId>5</ParentTypeId><TypeFieldId>17</TypeFieldId><FieldName>DB_CR_IND</FieldName><WFType>10</WFType><TypeId>0</TypeId><Unbounded>N</Unbounded><ExtensionTypeId>0</ExtensionTypeId>
	</RowData>
	<RowData><ProcessDefId>3</ProcessDefId><ParentTypeId>5</ParentTypeId><TypeFieldId>18</TypeFieldId><FieldName>VAL_TYPE</FieldName><WFType>10</WFType><TypeId>0</TypeId><Unbounded>N</Unbounded><ExtensionTypeId>0</ExtensionTypeId>
	</RowData>
	<RowData><ProcessDefId>3</ProcessDefId><ParentTypeId>5</ParentTypeId><TypeFieldId>19</TypeFieldId><FieldName>NO_MORE_GR</FieldName><WFType>10</WFType><TypeId>0</TypeId><Unbounded>N</Unbounded><ExtensionTypeId>0</ExtensionTypeId>
	</RowData>
	<RowData><ProcessDefId>3</ProcessDefId><ParentTypeId>5</ParentTypeId><TypeFieldId>20</TypeFieldId><FieldName>REF_DOC_NO</FieldName><WFType>10</WFType><TypeId>0</TypeId><Unbounded>N</Unbounded><ExtensionTypeId>0</ExtensionTypeId>
	</RowData>
	<RowData><ProcessDefId>3</ProcessDefId><ParentTypeId>5</ParentTypeId><TypeFieldId>21</TypeFieldId><FieldName>REF_DOC_YR</FieldName><WFType>3</WFType><TypeId>0</TypeId><Unbounded>N</Unbounded><ExtensionTypeId>0</ExtensionTypeId>
	</RowData>
	<RowData><ProcessDefId>3</ProcessDefId><ParentTypeId>5</ParentTypeId><TypeFieldId>22</TypeFieldId><FieldName>REF_DOC</FieldName><WFType>10</WFType><TypeId>0</TypeId><Unbounded>N</Unbounded><ExtensionTypeId>0</ExtensionTypeId>
	</RowData>
	<RowData><ProcessDefId>3</ProcessDefId><ParentTypeId>5</ParentTypeId><TypeFieldId>23</TypeFieldId><FieldName>REF_DOC_IT</FieldName><WFType>3</WFType><TypeId>0</TypeId><Unbounded>N</Unbounded><ExtensionTypeId>0</ExtensionTypeId>
	</RowData>
	<RowData><ProcessDefId>3</ProcessDefId><ParentTypeId>5</ParentTypeId><TypeFieldId>24</TypeFieldId><FieldName>MOVE_REAS</FieldName><WFType>3</WFType><TypeId>0</TypeId><Unbounded>N</Unbounded><ExtensionTypeId>0</ExtensionTypeId>
	</RowData>
	<RowData><ProcessDefId>3</ProcessDefId><ParentTypeId>5</ParentTypeId><TypeFieldId>25</TypeFieldId><FieldName>ENTRY_DATE</FieldName><WFType>8</WFType><TypeId>0</TypeId><Unbounded>N</Unbounded><ExtensionTypeId>0</ExtensionTypeId>
	</RowData>
	<RowData><ProcessDefId>3</ProcessDefId><ParentTypeId>5</ParentTypeId><TypeFieldId>26</TypeFieldId><FieldName>ENTRY_TIME</FieldName><WFType>10</WFType><TypeId>0</TypeId><Unbounded>N</Unbounded><ExtensionTypeId>0</ExtensionTypeId>
	</RowData>
	<RowData><ProcessDefId>3</ProcessDefId><ParentTypeId>5</ParentTypeId><TypeFieldId>27</TypeFieldId><FieldName>IVVAL_LOC</FieldName><WFType>10</WFType><TypeId>0</TypeId><Unbounded>N</Unbounded><ExtensionTypeId>0</ExtensionTypeId>
	</RowData>
	<RowData><ProcessDefId>3</ProcessDefId><ParentTypeId>5</ParentTypeId><TypeFieldId>28</TypeFieldId><FieldName>IVVAL_FOR</FieldName><WFType>10</WFType><TypeId>0</TypeId><Unbounded>N</Unbounded><ExtensionTypeId>0</ExtensionTypeId>
	</RowData>
	<RowData><ProcessDefId>3</ProcessDefId><ParentTypeId>5</ParentTypeId><TypeFieldId>29</TypeFieldId><FieldName>MATERIAL</FieldName><WFType>10</WFType><TypeId>0</TypeId><Unbounded>N</Unbounded><ExtensionTypeId>0</ExtensionTypeId>
	</RowData>
	<RowData><ProcessDefId>3</ProcessDefId><ParentTypeId>5</ParentTypeId><TypeFieldId>30</TypeFieldId><FieldName>PLANT</FieldName><WFType>10</WFType><TypeId>0</TypeId><Unbounded>N</Unbounded><ExtensionTypeId>0</ExtensionTypeId>
	</RowData>
	<RowData><ProcessDefId>3</ProcessDefId><ParentTypeId>5</ParentTypeId><TypeFieldId>31</TypeFieldId><FieldName>CONF_SER</FieldName><WFType>3</WFType><TypeId>0</TypeId><Unbounded>N</Unbounded><ExtensionTypeId>0</ExtensionTypeId>
	</RowData>
	<RowData><ProcessDefId>3</ProcessDefId><ParentTypeId>5</ParentTypeId><TypeFieldId>32</TypeFieldId><FieldName>CONDITION</FieldName><WFType>10</WFType><TypeId>0</TypeId><Unbounded>N</Unbounded><ExtensionTypeId>0</ExtensionTypeId>
	</RowData>
	<RowData><ProcessDefId>3</ProcessDefId><ParentTypeId>5</ParentTypeId><TypeFieldId>33</TypeFieldId><FieldName>TAX_CODE</FieldName><WFType>10</WFType><TypeId>0</TypeId><Unbounded>N</Unbounded><ExtensionTypeId>0</ExtensionTypeId>
	</RowData>
	<RowData><ProcessDefId>3</ProcessDefId><ParentTypeId>5</ParentTypeId><TypeFieldId>34</TypeFieldId><FieldName>DELIV_QTY</FieldName><WFType>10</WFType><TypeId>0</TypeId><Unbounded>N</Unbounded><ExtensionTypeId>0</ExtensionTypeId>
	</RowData>
	<RowData><ProcessDefId>3</ProcessDefId><ParentTypeId>5</ParentTypeId><TypeFieldId>35</TypeFieldId><FieldName>DELIV_UNIT</FieldName><WFType>10</WFType><TypeId>0</TypeId><Unbounded>N</Unbounded><ExtensionTypeId>0</ExtensionTypeId>
	</RowData>
	<RowData><ProcessDefId>3</ProcessDefId><ParentTypeId>5</ParentTypeId><TypeFieldId>36</TypeFieldId><FieldName>PUR_MAT</FieldName><WFType>10</WFType><TypeId>0</TypeId><Unbounded>N</Unbounded><ExtensionTypeId>0</ExtensionTypeId>
	</RowData>
	<RowData><ProcessDefId>3</ProcessDefId><ParentTypeId>5</ParentTypeId><TypeFieldId>37</TypeFieldId><FieldName>LOC_CURR</FieldName><WFType>10</WFType><TypeId>0</TypeId><Unbounded>N</Unbounded><ExtensionTypeId>0</ExtensionTypeId>
	</RowData>
	<RowData><ProcessDefId>3</ProcessDefId><ParentTypeId>5</ParentTypeId><TypeFieldId>38</TypeFieldId><FieldName>BATCH</FieldName><WFType>10</WFType><TypeId>0</TypeId><Unbounded>N</Unbounded><ExtensionTypeId>0</ExtensionTypeId>
	</RowData>
	<RowData><ProcessDefId>3</ProcessDefId><ParentTypeId>5</ParentTypeId><TypeFieldId>39</TypeFieldId><FieldName>DOC_DATE</FieldName><WFType>8</WFType><TypeId>0</TypeId><Unbounded>N</Unbounded><ExtensionTypeId>0</ExtensionTypeId>
	</RowData>
	<RowData><ProcessDefId>3</ProcessDefId><ParentTypeId>5</ParentTypeId><TypeFieldId>40</TypeFieldId><FieldName>CURRENCY_ISO</FieldName><WFType>10</WFType><TypeId>0</TypeId><Unbounded>N</Unbounded><ExtensionTypeId>0</ExtensionTypeId>
	</RowData>
	<RowData><ProcessDefId>3</ProcessDefId><ParentTypeId>5</ParentTypeId><TypeFieldId>41</TypeFieldId><FieldName>LOC_CURR_ISO</FieldName><WFType>10</WFType><TypeId>0</TypeId><Unbounded>N</Unbounded><ExtensionTypeId>0</ExtensionTypeId>
	</RowData>
	<RowData><ProcessDefId>3</ProcessDefId><ParentTypeId>5</ParentTypeId><TypeFieldId>42</TypeFieldId><FieldName>DELIV_UNIT_ISO</FieldName><WFType>10</WFType><TypeId>0</TypeId><Unbounded>N</Unbounded><ExtensionTypeId>0</ExtensionTypeId>
	</RowData>
	<RowData><ProcessDefId>3</ProcessDefId><ParentTypeId>5</ParentTypeId><TypeFieldId>43</TypeFieldId><FieldName>MATERIAL_EXTERNAL</FieldName><WFType>10</WFType><TypeId>0</TypeId><Unbounded>N</Unbounded><ExtensionTypeId>0</ExtensionTypeId>
	</RowData>
	<RowData><ProcessDefId>3</ProcessDefId><ParentTypeId>5</ParentTypeId><TypeFieldId>44</TypeFieldId><FieldName>MATERIAL_GUID</FieldName><WFType>10</WFType><TypeId>0</TypeId><Unbounded>N</Unbounded><ExtensionTypeId>0</ExtensionTypeId>
	</RowData>
	<RowData><ProcessDefId>3</ProcessDefId><ParentTypeId>5</ParentTypeId><TypeFieldId>45</TypeFieldId><FieldName>MATERIAL_VERSION</FieldName><WFType>10</WFType><TypeId>0</TypeId><Unbounded>N</Unbounded><ExtensionTypeId>0</ExtensionTypeId>
	</RowData>
	<RowData><ProcessDefId>3</ProcessDefId><ParentTypeId>5</ParentTypeId><TypeFieldId>46</TypeFieldId><FieldName>PUR_MAT_EXTERNAL</FieldName><WFType>10</WFType><TypeId>0</TypeId><Unbounded>N</Unbounded><ExtensionTypeId>0</ExtensionTypeId>
	</RowData>
	<RowData><ProcessDefId>3</ProcessDefId><ParentTypeId>5</ParentTypeId><TypeFieldId>47</TypeFieldId><FieldName>PUR_MAT_GUID</FieldName><WFType>10</WFType><TypeId>0</TypeId><Unbounded>N</Unbounded><ExtensionTypeId>0</ExtensionTypeId>
	</RowData>
	<RowData><ProcessDefId>3</ProcessDefId><ParentTypeId>5</ParentTypeId><TypeFieldId>48</TypeFieldId><FieldName>PUR_MAT_VERSION</FieldName><WFType>10</WFType><TypeId>0</TypeId><Unbounded>N</Unbounded><ExtensionTypeId>0</ExtensionTypeId>
	</RowData>
	<RowData><ProcessDefId>3</ProcessDefId><ParentTypeId>5</ParentTypeId><TypeFieldId>49</TypeFieldId><FieldName>REF_DOC_NO_LONG</FieldName><WFType>10</WFType><TypeId>0</TypeId><Unbounded>N</Unbounded><ExtensionTypeId>0</ExtensionTypeId>
	</RowData>
	<RowData><ProcessDefId>3</ProcessDefId><ParentTypeId>5</ParentTypeId><TypeFieldId>50</TypeFieldId><FieldName>STK_SEGMENT</FieldName><WFType>10</WFType><TypeId>0</TypeId><Unbounded>N</Unbounded><ExtensionTypeId>0</ExtensionTypeId>
	</RowData>
	<RowData><ProcessDefId>3</ProcessDefId><ParentTypeId>6</ParentTypeId><TypeFieldId>1</TypeFieldId><FieldName>actedby</FieldName><WFType>10</WFType><TypeId>0</TypeId><Unbounded>N</Unbounded><ExtensionTypeId>0</ExtensionTypeId>
	</RowData>
	<RowData><ProcessDefId>3</ProcessDefId><ParentTypeId>6</ParentTypeId><TypeFieldId>2</TypeFieldId><FieldName>actedon</FieldName><WFType>8</WFType><TypeId>0</TypeId><Unbounded>N</Unbounded><ExtensionTypeId>0</ExtensionTypeId>
	</RowData>
	<RowData><ProcessDefId>3</ProcessDefId><ParentTypeId>6</ParentTypeId><TypeFieldId>3</TypeFieldId><FieldName>service_status</FieldName><WFType>10</WFType><TypeId>0</TypeId><Unbounded>N</Unbounded><ExtensionTypeId>0</ExtensionTypeId>
	</RowData>
	<RowData><ProcessDefId>3</ProcessDefId><ParentTypeId>6</ParentTypeId><TypeFieldId>4</TypeFieldId><FieldName>remarks</FieldName><WFType>10</WFType><TypeId>0</TypeId><Unbounded>N</Unbounded><ExtensionTypeId>0</ExtensionTypeId>
	</RowData>
	<RowData><ProcessDefId>3</ProcessDefId><ParentTypeId>6</ParentTypeId><TypeFieldId>5</TypeFieldId><FieldName>level</FieldName><WFType>10</WFType><TypeId>0</TypeId><Unbounded>N</Unbounded><ExtensionTypeId>0</ExtensionTypeId>
	</RowData>
	<RowData><ProcessDefId>3</ProcessDefId><ParentTypeId>7</ParentTypeId><TypeFieldId>1</TypeFieldId><FieldName>entrysheet_no</FieldName><WFType>10</WFType><TypeId>0</TypeId><Unbounded>N</Unbounded><ExtensionTypeId>0</ExtensionTypeId>
	</RowData>
	<RowData><ProcessDefId>3</ProcessDefId><ParentTypeId>8</ParentTypeId><TypeFieldId>1</TypeFieldId><FieldName>country</FieldName><WFType>10</WFType><TypeId>0</TypeId><Unbounded>N</Unbounded><ExtensionTypeId>0</ExtensionTypeId>
	</RowData>
	<RowData><ProcessDefId>3</ProcessDefId><ParentTypeId>8</ParentTypeId><TypeFieldId>2</TypeFieldId><FieldName>tax_type</FieldName><WFType>10</WFType><TypeId>0</TypeId><Unbounded>N</Unbounded><ExtensionTypeId>0</ExtensionTypeId>
	</RowData>
	<RowData><ProcessDefId>3</ProcessDefId><ParentTypeId>8</ParentTypeId><TypeFieldId>3</TypeFieldId><FieldName>tax_code</FieldName><WFType>10</WFType><TypeId>0</TypeId><Unbounded>N</Unbounded><ExtensionTypeId>0</ExtensionTypeId>
	</RowData>
	<RowData><ProcessDefId>3</ProcessDefId><ParentTypeId>8</ParentTypeId><TypeFieldId>4</TypeFieldId><FieldName>tax</FieldName><WFType>10</WFType><TypeId>0</TypeId><Unbounded>N</Unbounded><ExtensionTypeId>0</ExtensionTypeId>
	</RowData>
	<RowData><ProcessDefId>3</ProcessDefId><ParentTypeId>8</ParentTypeId><TypeFieldId>5</TypeFieldId><FieldName>description</FieldName><WFType>10</WFType><TypeId>0</TypeId><Unbounded>N</Unbounded><ExtensionTypeId>0</ExtensionTypeId>
	</RowData>
	<RowData><ProcessDefId>3</ProcessDefId><ParentTypeId>8</ParentTypeId><TypeFieldId>6</TypeFieldId><FieldName>applied</FieldName><WFType>10</WFType><TypeId>0</TypeId><Unbounded>N</Unbounded><ExtensionTypeId>0</ExtensionTypeId>
	</RowData>
	<RowData><ProcessDefId>3</ProcessDefId><ParentTypeId>8</ParentTypeId><TypeFieldId>7</TypeFieldId><FieldName>amount</FieldName><WFType>10</WFType><TypeId>0</TypeId><Unbounded>N</Unbounded><ExtensionTypeId>0</ExtensionTypeId>
	</RowData>
	<RowData><ProcessDefId>3</ProcessDefId><ParentTypeId>9</ParentTypeId><TypeFieldId>1</TypeFieldId><FieldName>ACCTASSCAT</FieldName><WFType>10</WFType><TypeId>0</TypeId><Unbounded>N</Unbounded><ExtensionTypeId>0</ExtensionTypeId>
	</RowData>
	<RowData><ProcessDefId>3</ProcessDefId><ParentTypeId>9</ParentTypeId><TypeFieldId>2</TypeFieldId><FieldName>ACKN_REQD</FieldName><WFType>10</WFType><TypeId>0</TypeId><Unbounded>N</Unbounded><ExtensionTypeId>0</ExtensionTypeId>
	</RowData>
	<RowData><ProcessDefId>3</ProcessDefId><ParentTypeId>9</ParentTypeId><TypeFieldId>3</TypeFieldId><FieldName>ACKNOWL_NO</FieldName><WFType>10</WFType><TypeId>0</TypeId><Unbounded>N</Unbounded><ExtensionTypeId>0</ExtensionTypeId>
	</RowData>
	<RowData><ProcessDefId>3</ProcessDefId><ParentTypeId>9</ParentTypeId><TypeFieldId>4</TypeFieldId><FieldName>ADDRESS</FieldName><WFType>10</WFType><TypeId>0</TypeId><Unbounded>N</Unbounded><ExtensionTypeId>0</ExtensionTypeId>
	</RowData>
	<RowData><ProcessDefId>3</ProcessDefId><ParentTypeId>9</ParentTypeId><TypeFieldId>5</TypeFieldId><FieldName>ADDRESS2</FieldName><WFType>10</WFType><TypeId>0</TypeId><Unbounded>N</Unbounded><ExtensionTypeId>0</ExtensionTypeId>
	</RowData>
	<RowData><ProcessDefId>3</ProcessDefId><ParentTypeId>9</ParentTypeId><TypeFieldId>6</TypeFieldId><FieldName>ADVANCE</FieldName><WFType>10</WFType><TypeId>0</TypeId><Unbounded>N</Unbounded><ExtensionTypeId>0</ExtensionTypeId>
	</RowData>
	<RowData><ProcessDefId>3</ProcessDefId><ParentTypeId>9</ParentTypeId><TypeFieldId>7</TypeFieldId><FieldName>AGMT_ITEM</FieldName><WFType>3</WFType><TypeId>0</TypeId><Unbounded>N</Unbounded><ExtensionTypeId>0</ExtensionTypeId>
	</RowData>
	<RowData><ProcessDefId>3</ProcessDefId><ParentTypeId>9</ParentTypeId><TypeFieldId>8</TypeFieldId><FieldName>AGRCUMQTY</FieldName><WFType>10</WFType><TypeId>0</TypeId><Unbounded>N</Unbounded><ExtensionTypeId>0</ExtensionTypeId>
	</RowData>
	<RowData><ProcessDefId>3</ProcessDefId><ParentTypeId>9</ParentTypeId><TypeFieldId>9</TypeFieldId><FieldName>AGREEMENT</FieldName><WFType>10</WFType><TypeId>0</TypeId><Unbounded>N</Unbounded><ExtensionTypeId>0</ExtensionTypeId>
	</RowData>
	<RowData><ProcessDefId>3</ProcessDefId><ParentTypeId>9</ParentTypeId><TypeFieldId>10</TypeFieldId><FieldName>ALLOC_TBL</FieldName><WFType>10</WFType><TypeId>0</TypeId><Unbounded>N</Unbounded><ExtensionTypeId>0</ExtensionTypeId>
	</RowData>
	<RowData><ProcessDefId>3</ProcessDefId><ParentTypeId>9</ParentTypeId><TypeFieldId>11</TypeFieldId><FieldName>AT_ITEM</FieldName><WFType>3</WFType><TypeId>0</TypeId><Unbounded>N</Unbounded><ExtensionTypeId>0</ExtensionTypeId>
	</RowData>
	<RowData><ProcessDefId>3</ProcessDefId><ParentTypeId>9</ParentTypeId><TypeFieldId>12</TypeFieldId><FieldName>AT_RELEV</FieldName><WFType>10</WFType><TypeId>0</TypeId><Unbounded>N</Unbounded><ExtensionTypeId>0</ExtensionTypeId>
	</RowData>
	<RowData><ProcessDefId>3</ProcessDefId><ParentTypeId>9</ParentTypeId><TypeFieldId>13</TypeFieldId><FieldName>BA_PARTNER</FieldName><WFType>10</WFType><TypeId>0</TypeId><Unbounded>N</Unbounded><ExtensionTypeId>0</ExtensionTypeId>
	</RowData>
	<RowData><ProcessDefId>3</ProcessDefId><ParentTypeId>9</ParentTypeId><TypeFieldId>14</TypeFieldId><FieldName>BASE_UNIT</FieldName><WFType>10</WFType><TypeId>0</TypeId><Unbounded>N</Unbounded><ExtensionTypeId>0</ExtensionTypeId>
	</RowData>
	<RowData><ProcessDefId>3</ProcessDefId><ParentTypeId>9</ParentTypeId><TypeFieldId>15</TypeFieldId><FieldName>BASE_UOM_ISO</FieldName><WFType>10</WFType><TypeId>0</TypeId><Unbounded>N</Unbounded><ExtensionTypeId>0</ExtensionTypeId>
	</RowData>
	<RowData><ProcessDefId>3</ProcessDefId><ParentTypeId>9</ParentTypeId><TypeFieldId>16</TypeFieldId><FieldName>BOM_EXPL</FieldName><WFType>10</WFType><TypeId>0</TypeId><Unbounded>N</Unbounded><ExtensionTypeId>0</ExtensionTypeId>
	</RowData>
	<RowData><ProcessDefId>3</ProcessDefId><ParentTypeId>9</ParentTypeId><TypeFieldId>17</TypeFieldId><FieldName>BUDGET_PERIOD</FieldName><WFType>10</WFType><TypeId>0</TypeId><Unbounded>N</Unbounded><ExtensionTypeId>0</ExtensionTypeId>
	</RowData>
	<RowData><ProcessDefId>3</ProcessDefId><ParentTypeId>9</ParentTypeId><TypeFieldId>18</TypeFieldId><FieldName>CERT_TYPE</FieldName><WFType>10</WFType><TypeId>0</TypeId><Unbounded>N</Unbounded><ExtensionTypeId>0</ExtensionTypeId>
	</RowData>
	<RowData><ProcessDefId>3</ProcessDefId><ParentTypeId>9</ParentTypeId><TypeFieldId>19</TypeFieldId><FieldName>CHANGED_ON</FieldName><WFType>8</WFType><TypeId>0</TypeId><Unbounded>N</Unbounded><ExtensionTypeId>0</ExtensionTypeId>
	</RowData>
	<RowData><ProcessDefId>3</ProcessDefId><ParentTypeId>9</ParentTypeId><TypeFieldId>20</TypeFieldId><FieldName>CMMT_ITEM</FieldName><WFType>10</WFType><TypeId>0</TypeId><Unbounded>N</Unbounded><ExtensionTypeId>0</ExtensionTypeId>
	</RowData>
	<RowData><ProcessDefId>3</ProcessDefId><ParentTypeId>9</ParentTypeId><TypeFieldId>21</TypeFieldId><FieldName>CMMT_ITEM_LONG</FieldName><WFType>10</WFType><TypeId>0</TypeId><Unbounded>N</Unbounded><ExtensionTypeId>0</ExtensionTypeId>
	</RowData>
	<RowData><ProcessDefId>3</ProcessDefId><ParentTypeId>9</ParentTypeId><TypeFieldId>22</TypeFieldId><FieldName>CO_CODE</FieldName><WFType>10</WFType><TypeId>0</TypeId><Unbounded>N</Unbounded><ExtensionTypeId>0</ExtensionTypeId>
	</RowData>
	<RowData><ProcessDefId>3</ProcessDefId><ParentTypeId>9</ParentTypeId><TypeFieldId>23</TypeFieldId><FieldName>COMMENT_1</FieldName><WFType>10</WFType><TypeId>0</TypeId><Unbounded>N</Unbounded><ExtensionTypeId>0</ExtensionTypeId>
	</RowData>
	<RowData><ProcessDefId>3</ProcessDefId><ParentTypeId>9</ParentTypeId><TypeFieldId>24</TypeFieldId><FieldName>COMMITMENT</FieldName><WFType>10</WFType><TypeId>0</TypeId><Unbounded>N</Unbounded><ExtensionTypeId>0</ExtensionTypeId>
	</RowData>
	<RowData><ProcessDefId>3</ProcessDefId><ParentTypeId>9</ParentTypeId><TypeFieldId>25</TypeFieldId><FieldName>COND_GROUP</FieldName><WFType>10</WFType><TypeId>0</TypeId><Unbounded>N</Unbounded><ExtensionTypeId>0</ExtensionTypeId>
	</RowData>
	<RowData><ProcessDefId>3</ProcessDefId><ParentTypeId>9</ParentTypeId><TypeFieldId>26</TypeFieldId><FieldName>CONF_CTRL</FieldName><WFType>10</WFType><TypeId>0</TypeId><Unbounded>N</Unbounded><ExtensionTypeId>0</ExtensionTypeId>
	</RowData>
	<RowData><ProcessDefId>3</ProcessDefId><ParentTypeId>9</ParentTypeId><TypeFieldId>27</TypeFieldId><FieldName>CONF_MATL</FieldName><WFType>10</WFType><TypeId>0</TypeId><Unbounded>N</Unbounded><ExtensionTypeId>0</ExtensionTypeId>
	</RowData>
	<RowData><ProcessDefId>3</ProcessDefId><ParentTypeId>9</ParentTypeId><TypeFieldId>28</TypeFieldId><FieldName>CONF_MATL_EXTERNAL</FieldName><WFType>10</WFType><TypeId>0</TypeId><Unbounded>N</Unbounded><ExtensionTypeId>0</ExtensionTypeId>
	</RowData>
	<RowData><ProcessDefId>3</ProcessDefId><ParentTypeId>9</ParentTypeId><TypeFieldId>29</TypeFieldId><FieldName>CONF_MATL_GUID</FieldName><WFType>10</WFType><TypeId>0</TypeId><Unbounded>N</Unbounded><ExtensionTypeId>0</ExtensionTypeId>
	</RowData>
	<RowData><ProcessDefId>3</ProcessDefId><ParentTypeId>9</ParentTypeId><TypeFieldId>30</TypeFieldId><FieldName>CONF_MATL_VERSION</FieldName><WFType>10</WFType><TypeId>0</TypeId><Unbounded>N</Unbounded><ExtensionTypeId>0</ExtensionTypeId>
	</RowData>
	<RowData><ProcessDefId>3</ProcessDefId><ParentTypeId>9</ParentTypeId><TypeFieldId>31</TypeFieldId><FieldName>CONFIG_ORG</FieldName><WFType>10</WFType><TypeId>0</TypeId><Unbounded>N</Unbounded><ExtensionTypeId>0</ExtensionTypeId>
	</RowData>
</PMWTypeDefTable_2>