<PMWUDTVarMappingTable_1>
	<RowData><ProcessDefId>3</ProcessDefId><VariableId>77</VariableId><VarFieldId>151</VarFieldId><TypeId>1</TypeId><TypeFieldId>152</TypeFieldId><ParentVarFieldId>1</ParentVarFieldId><MappedObjectName>SUBTOTAL_2</MappedObjectName><ExtObjId>2</ExtObjId><MappedObjectType>C</MappedObjectType><FieldLength>50</FieldLength><VarPrecision>0</VarPrecision><RelationId>0</RelationId><IsEncrypted>N</IsEncrypted><IsMasked>N</IsMasked><MaskingPattern>X</MaskingPattern>
	</RowData>
	<RowData><ProcessDefId>3</ProcessDefId><VariableId>77</VariableId><VarFieldId>152</VarFieldId><TypeId>1</TypeId><TypeFieldId>153</TypeFieldId><ParentVarFieldId>1</ParentVarFieldId><MappedObjectName>SUBTOTAL_3</MappedObjectName><ExtObjId>2</ExtObjId><MappedObjectType>C</MappedObjectType><FieldLength>50</FieldLength><VarPrecision>0</VarPrecision><RelationId>0</RelationId><IsEncrypted>N</IsEncrypted><IsMasked>N</IsMasked><MaskingPattern>X</MaskingPattern>
	</RowData>
	<RowData><ProcessDefId>3</ProcessDefId><VariableId>77</VariableId><VarFieldId>153</VarFieldId><TypeId>1</TypeId><TypeFieldId>154</TypeFieldId><ParentVarFieldId>1</ParentVarFieldId><MappedObjectName>SUBTOTAL_4</MappedObjectName><ExtObjId>2</ExtObjId><MappedObjectType>C</MappedObjectType><FieldLength>50</FieldLength><VarPrecision>0</VarPrecision><RelationId>0</RelationId><IsEncrypted>N</IsEncrypted><IsMasked>N</IsMasked><MaskingPattern>X</MaskingPattern>
	</RowData>
	<RowData><ProcessDefId>3</ProcessDefId><VariableId>77</VariableId><VarFieldId>154</VarFieldId><TypeId>1</TypeId><TypeFieldId>155</TypeFieldId><ParentVarFieldId>1</ParentVarFieldId><MappedObjectName>SUBTOTAL_5</MappedObjectName><ExtObjId>2</ExtObjId><MappedObjectType>C</MappedObjectType><FieldLength>50</FieldLength><VarPrecision>0</VarPrecision><RelationId>0</RelationId><IsEncrypted>N</IsEncrypted><IsMasked>N</IsMasked><MaskingPattern>X</MaskingPattern>
	</RowData>
	<RowData><ProcessDefId>3</ProcessDefId><VariableId>77</VariableId><VarFieldId>155</VarFieldId><TypeId>1</TypeId><TypeFieldId>156</TypeFieldId><ParentVarFieldId>1</ParentVarFieldId><MappedObjectName>SUBTOTAL_6</MappedObjectName><ExtObjId>2</ExtObjId><MappedObjectType>C</MappedObjectType><FieldLength>50</FieldLength><VarPrecision>0</VarPrecision><RelationId>0</RelationId><IsEncrypted>N</IsEncrypted><IsMasked>N</IsMasked><MaskingPattern>X</MaskingPattern>
	</RowData>
	<RowData><ProcessDefId>3</ProcessDefId><VariableId>77</VariableId><VarFieldId>156</VarFieldId><TypeId>1</TypeId><TypeFieldId>157</TypeFieldId><ParentVarFieldId>1</ParentVarFieldId><MappedObjectName>SUBITM_KEY</MappedObjectName><ExtObjId>2</ExtObjId><MappedObjectType>C</MappedObjectType><FieldLength>50</FieldLength><VarPrecision>0</VarPrecision><RelationId>0</RelationId><IsEncrypted>N</IsEncrypted><IsMasked>N</IsMasked><MaskingPattern>X</MaskingPattern>
	</RowData>
	<RowData><ProcessDefId>3</ProcessDefId><VariableId>77</VariableId><VarFieldId>157</VarFieldId><TypeId>1</TypeId><TypeFieldId>158</TypeFieldId><ParentVarFieldId>1</ParentVarFieldId><MappedObjectName>MAX_CMG</MappedObjectName><ExtObjId>2</ExtObjId><MappedObjectType>C</MappedObjectType><FieldLength>50</FieldLength><VarPrecision>0</VarPrecision><RelationId>0</RelationId><IsEncrypted>N</IsEncrypted><IsMasked>N</IsMasked><MaskingPattern>X</MaskingPattern>
	</RowData>
	<RowData><ProcessDefId>3</ProcessDefId><VariableId>77</VariableId><VarFieldId>158</VarFieldId><TypeId>1</TypeId><TypeFieldId>159</TypeFieldId><ParentVarFieldId>1</ParentVarFieldId><MappedObjectName>MAX_CPGO</MappedObjectName><ExtObjId>2</ExtObjId><MappedObjectType>C</MappedObjectType><FieldLength>50</FieldLength><VarPrecision>0</VarPrecision><RelationId>0</RelationId><IsEncrypted>N</IsEncrypted><IsMasked>N</IsMasked><MaskingPattern>X</MaskingPattern>
	</RowData>
	<RowData><ProcessDefId>3</ProcessDefId><VariableId>77</VariableId><VarFieldId>159</VarFieldId><TypeId>1</TypeId><TypeFieldId>160</TypeFieldId><ParentVarFieldId>1</ParentVarFieldId><MappedObjectName>RET_ITEM</MappedObjectName><ExtObjId>2</ExtObjId><MappedObjectType>C</MappedObjectType><FieldLength>50</FieldLength><VarPrecision>0</VarPrecision><RelationId>0</RelationId><IsEncrypted>N</IsEncrypted><IsMasked>N</IsMasked><MaskingPattern>X</MaskingPattern>
	</RowData>
	<RowData><ProcessDefId>3</ProcessDefId><VariableId>77</VariableId><VarFieldId>160</VarFieldId><TypeId>1</TypeId><TypeFieldId>161</TypeFieldId><ParentVarFieldId>1</ParentVarFieldId><MappedObjectName>AT_RELEV</MappedObjectName><ExtObjId>2</ExtObjId><MappedObjectType>C</MappedObjectType><FieldLength>50</FieldLength><VarPrecision>0</VarPrecision><RelationId>0</RelationId><IsEncrypted>N</IsEncrypted><IsMasked>N</IsMasked><MaskingPattern>X</MaskingPattern>
	</RowData>
	<RowData><ProcessDefId>3</ProcessDefId><VariableId>77</VariableId><VarFieldId>161</VarFieldId><TypeId>1</TypeId><TypeFieldId>162</TypeFieldId><ParentVarFieldId>1</ParentVarFieldId><MappedObjectName>ORD_REAS</MappedObjectName><ExtObjId>2</ExtObjId><MappedObjectType>C</MappedObjectType><FieldLength>50</FieldLength><VarPrecision>0</VarPrecision><RelationId>0</RelationId><IsEncrypted>N</IsEncrypted><IsMasked>N</IsMasked><MaskingPattern>X</MaskingPattern>
	</RowData>
	<RowData><ProcessDefId>3</ProcessDefId><VariableId>77</VariableId><VarFieldId>162</VarFieldId><TypeId>1</TypeId><TypeFieldId>163</TypeFieldId><ParentVarFieldId>1</ParentVarFieldId><MappedObjectName>DEL_TYP_RT</MappedObjectName><ExtObjId>2</ExtObjId><MappedObjectType>C</MappedObjectType><FieldLength>50</FieldLength><VarPrecision>0</VarPrecision><RelationId>0</RelationId><IsEncrypted>N</IsEncrypted><IsMasked>N</IsMasked><MaskingPattern>X</MaskingPattern>
	</RowData>
	<RowData><ProcessDefId>3</ProcessDefId><VariableId>77</VariableId><VarFieldId>163</VarFieldId><TypeId>1</TypeId><TypeFieldId>164</TypeFieldId><ParentVarFieldId>1</ParentVarFieldId><MappedObjectName>PRDTE_CTRL</MappedObjectName><ExtObjId>2</ExtObjId><MappedObjectType>C</MappedObjectType><FieldLength>50</FieldLength><VarPrecision>0</VarPrecision><RelationId>0</RelationId><IsEncrypted>N</IsEncrypted><IsMasked>N</IsMasked><MaskingPattern>X</MaskingPattern>
	</RowData>
	<RowData><ProcessDefId>3</ProcessDefId><VariableId>77</VariableId><VarFieldId>164</VarFieldId><TypeId>1</TypeId><TypeFieldId>165</TypeFieldId><ParentVarFieldId>1</ParentVarFieldId><MappedObjectName>MANUF_PROF</MappedObjectName><ExtObjId>2</ExtObjId><MappedObjectType>C</MappedObjectType><FieldLength>50</FieldLength><VarPrecision>0</VarPrecision><RelationId>0</RelationId><IsEncrypted>N</IsEncrypted><IsMasked>N</IsMasked><MaskingPattern>X</MaskingPattern>
	</RowData>
	<RowData><ProcessDefId>3</ProcessDefId><VariableId>77</VariableId><VarFieldId>165</VarFieldId><TypeId>1</TypeId><TypeFieldId>166</TypeFieldId><ParentVarFieldId>1</ParentVarFieldId><MappedObjectName>MANU_MAT</MappedObjectName><ExtObjId>2</ExtObjId><MappedObjectType>C</MappedObjectType><FieldLength>50</FieldLength><VarPrecision>0</VarPrecision><RelationId>0</RelationId><IsEncrypted>N</IsEncrypted><IsMasked>N</IsMasked><MaskingPattern>X</MaskingPattern>
	</RowData>
	<RowData><ProcessDefId>3</ProcessDefId><VariableId>77</VariableId><VarFieldId>166</VarFieldId><TypeId>1</TypeId><TypeFieldId>167</TypeFieldId><ParentVarFieldId>1</ParentVarFieldId><MappedObjectName>MFR_NO</MappedObjectName><ExtObjId>2</ExtObjId><MappedObjectType>C</MappedObjectType><FieldLength>50</FieldLength><VarPrecision>0</VarPrecision><RelationId>0</RelationId><IsEncrypted>N</IsEncrypted><IsMasked>N</IsMasked><MaskingPattern>X</MaskingPattern>
	</RowData>
	<RowData><ProcessDefId>3</ProcessDefId><VariableId>77</VariableId><VarFieldId>167</VarFieldId><TypeId>1</TypeId><TypeFieldId>168</TypeFieldId><ParentVarFieldId>1</ParentVarFieldId><MappedObjectName>MFR_NO_EXT</MappedObjectName><ExtObjId>2</ExtObjId><MappedObjectType>C</MappedObjectType><FieldLength>50</FieldLength><VarPrecision>0</VarPrecision><RelationId>0</RelationId><IsEncrypted>N</IsEncrypted><IsMasked>N</IsMasked><MaskingPattern>X</MaskingPattern>
	</RowData>
	<RowData><ProcessDefId>3</ProcessDefId><VariableId>77</VariableId><VarFieldId>168</VarFieldId><TypeId>1</TypeId><TypeFieldId>169</TypeFieldId><ParentVarFieldId>1</ParentVarFieldId><MappedObjectName>ITEM_CAT_EXT</MappedObjectName><ExtObjId>2</ExtObjId><MappedObjectType>C</MappedObjectType><FieldLength>50</FieldLength><VarPrecision>0</VarPrecision><RelationId>0</RelationId><IsEncrypted>N</IsEncrypted><IsMasked>N</IsMasked><MaskingPattern>X</MaskingPattern>
	</RowData>
	<RowData><ProcessDefId>3</ProcessDefId><VariableId>77</VariableId><VarFieldId>169</VarFieldId><TypeId>1</TypeId><TypeFieldId>170</TypeFieldId><ParentVarFieldId>1</ParentVarFieldId><MappedObjectName>PO_UNIT_ISO</MappedObjectName><ExtObjId>2</ExtObjId><MappedObjectType>C</MappedObjectType><FieldLength>50</FieldLength><VarPrecision>0</VarPrecision><RelationId>0</RelationId><IsEncrypted>N</IsEncrypted><IsMasked>N</IsMasked><MaskingPattern>X</MaskingPattern>
	</RowData>
	<RowData><ProcessDefId>3</ProcessDefId><VariableId>77</VariableId><VarFieldId>170</VarFieldId><TypeId>1</TypeId><TypeFieldId>171</TypeFieldId><ParentVarFieldId>1</ParentVarFieldId><MappedObjectName>ORDERPR_UN_ISO</MappedObjectName><ExtObjId>2</ExtObjId><MappedObjectType>C</MappedObjectType><FieldLength>50</FieldLength><VarPrecision>0</VarPrecision><RelationId>0</RelationId><IsEncrypted>N</IsEncrypted><IsMasked>N</IsMasked><MaskingPattern>X</MaskingPattern>
	</RowData>
	<RowData><ProcessDefId>3</ProcessDefId><VariableId>77</VariableId><VarFieldId>171</VarFieldId><TypeId>1</TypeId><TypeFieldId>172</TypeFieldId><ParentVarFieldId>1</ParentVarFieldId><MappedObjectName>BASE_UOM_ISO</MappedObjectName><ExtObjId>2</ExtObjId><MappedObjectType>C</MappedObjectType><FieldLength>50</FieldLength><VarPrecision>0</VarPrecision><RelationId>0</RelationId><IsEncrypted>N</IsEncrypted><IsMasked>N</IsMasked><MaskingPattern>X</MaskingPattern>
	</RowData>
	<RowData><ProcessDefId>3</ProcessDefId><VariableId>77</VariableId><VarFieldId>172</VarFieldId><TypeId>1</TypeId><TypeFieldId>173</TypeFieldId><ParentVarFieldId>1</ParentVarFieldId><MappedObjectName>WEIGHTUNIT_ISO</MappedObjectName><ExtObjId>2</ExtObjId><MappedObjectType>C</MappedObjectType><FieldLength>50</FieldLength><VarPrecision>0</VarPrecision><RelationId>0</RelationId><IsEncrypted>N</IsEncrypted><IsMasked>N</IsMasked><MaskingPattern>X</MaskingPattern>
	</RowData>
	<RowData><ProcessDefId>3</ProcessDefId><VariableId>77</VariableId><VarFieldId>173</VarFieldId><TypeId>1</TypeId><TypeFieldId>174</TypeFieldId><ParentVarFieldId>1</ParentVarFieldId><MappedObjectName>VOLUMEUNIT_ISO</MappedObjectName><ExtObjId>2</ExtObjId><MappedObjectType>C</MappedObjectType><FieldLength>50</FieldLength><VarPrecision>0</VarPrecision><RelationId>0</RelationId><IsEncrypted>N</IsEncrypted><IsMasked>N</IsMasked><MaskingPattern>X</MaskingPattern>
	</RowData>
	<RowData><ProcessDefId>3</ProcessDefId><VariableId>77</VariableId><VarFieldId>174</VarFieldId><TypeId>1</TypeId><TypeFieldId>175</TypeFieldId><ParentVarFieldId>1</ParentVarFieldId><MappedObjectName>POINTS_UN_ISO</MappedObjectName><ExtObjId>2</ExtObjId><MappedObjectType>C</MappedObjectType><FieldLength>50</FieldLength><VarPrecision>0</VarPrecision><RelationId>0</RelationId><IsEncrypted>N</IsEncrypted><IsMasked>N</IsMasked><MaskingPattern>X</MaskingPattern>
	</RowData>
	<RowData><ProcessDefId>3</ProcessDefId><VariableId>77</VariableId><VarFieldId>175</VarFieldId><TypeId>1</TypeId><TypeFieldId>176</TypeFieldId><ParentVarFieldId>1</ParentVarFieldId><MappedObjectName>CONF_MATL_EXTERNAL</MappedObjectName><ExtObjId>2</ExtObjId><MappedObjectType>C</MappedObjectType><FieldLength>50</FieldLength><VarPrecision>0</VarPrecision><RelationId>0</RelationId><IsEncrypted>N</IsEncrypted><IsMasked>N</IsMasked><MaskingPattern>X</MaskingPattern>
	</RowData>
	<RowData><ProcessDefId>3</ProcessDefId><VariableId>77</VariableId><VarFieldId>176</VarFieldId><TypeId>1</TypeId><TypeFieldId>177</TypeFieldId><ParentVarFieldId>1</ParentVarFieldId><MappedObjectName>CONF_MATL_GUID</MappedObjectName><ExtObjId>2</ExtObjId><MappedObjectType>C</MappedObjectType><FieldLength>50</FieldLength><VarPrecision>0</VarPrecision><RelationId>0</RelationId><IsEncrypted>N</IsEncrypted><IsMasked>N</IsMasked><MaskingPattern>X</MaskingPattern>
	</RowData>
	<RowData><ProcessDefId>3</ProcessDefId><VariableId>77</VariableId><VarFieldId>177</VarFieldId><TypeId>1</TypeId><TypeFieldId>178</TypeFieldId><ParentVarFieldId>1</ParentVarFieldId><MappedObjectName>CONF_MATL_VERSION</MappedObjectName><ExtObjId>2</ExtObjId><MappedObjectType>C</MappedObjectType><FieldLength>50</FieldLength><VarPrecision>0</VarPrecision><RelationId>0</RelationId><IsEncrypted>N</IsEncrypted><IsMasked>N</IsMasked><MaskingPattern>X</MaskingPattern>
	</RowData>
	<RowData><ProcessDefId>3</ProcessDefId><VariableId>77</VariableId><VarFieldId>178</VarFieldId><TypeId>1</TypeId><TypeFieldId>179</TypeFieldId><ParentVarFieldId>1</ParentVarFieldId><MappedObjectName>MATERIAL_EXTERNAL</MappedObjectName><ExtObjId>2</ExtObjId><MappedObjectType>C</MappedObjectType><FieldLength>50</FieldLength><VarPrecision>0</VarPrecision><RelationId>0</RelationId><IsEncrypted>N</IsEncrypted><IsMasked>N</IsMasked><MaskingPattern>X</MaskingPattern>
	</RowData>
	<RowData><ProcessDefId>3</ProcessDefId><VariableId>77</VariableId><VarFieldId>179</VarFieldId><TypeId>1</TypeId><TypeFieldId>180</TypeFieldId><ParentVarFieldId>1</ParentVarFieldId><MappedObjectName>MATERIAL_GUID</MappedObjectName><ExtObjId>2</ExtObjId><MappedObjectType>C</MappedObjectType><FieldLength>50</FieldLength><VarPrecision>0</VarPrecision><RelationId>0</RelationId><IsEncrypted>N</IsEncrypted><IsMasked>N</IsMasked><MaskingPattern>X</MaskingPattern>
	</RowData>
	<RowData><ProcessDefId>3</ProcessDefId><VariableId>77</VariableId><VarFieldId>180</VarFieldId><TypeId>1</TypeId><TypeFieldId>181</TypeFieldId><ParentVarFieldId>1</ParentVarFieldId><MappedObjectName>MATERIAL_VERSION</MappedObjectName><ExtObjId>2</ExtObjId><MappedObjectType>C</MappedObjectType><FieldLength>50</FieldLength><VarPrecision>0</VarPrecision><RelationId>0</RelationId><IsEncrypted>N</IsEncrypted><IsMasked>N</IsMasked><MaskingPattern>X</MaskingPattern>
	</RowData>
	<RowData><ProcessDefId>3</ProcessDefId><VariableId>77</VariableId><VarFieldId>181</VarFieldId><TypeId>1</TypeId><TypeFieldId>182</TypeFieldId><ParentVarFieldId>1</ParentVarFieldId><MappedObjectName>PUR_MAT_EXTERNAL</MappedObjectName><ExtObjId>2</ExtObjId><MappedObjectType>C</MappedObjectType><FieldLength>50</FieldLength><VarPrecision>0</VarPrecision><RelationId>0</RelationId><IsEncrypted>N</IsEncrypted><IsMasked>N</IsMasked><MaskingPattern>X</MaskingPattern>
	</RowData>
	<RowData><ProcessDefId>3</ProcessDefId><VariableId>77</VariableId><VarFieldId>182</VarFieldId><TypeId>1</TypeId><TypeFieldId>183</TypeFieldId><ParentVarFieldId>1</ParentVarFieldId><MappedObjectName>PUR_MAT_GUID</MappedObjectName><ExtObjId>2</ExtObjId><MappedObjectType>C</MappedObjectType><FieldLength>50</FieldLength><VarPrecision>0</VarPrecision><RelationId>0</RelationId><IsEncrypted>N</IsEncrypted><IsMasked>N</IsMasked><MaskingPattern>X</MaskingPattern>
	</RowData>
	<RowData><ProcessDefId>3</ProcessDefId><VariableId>77</VariableId><VarFieldId>183</VarFieldId><TypeId>1</TypeId><TypeFieldId>184</TypeFieldId><ParentVarFieldId>1</ParentVarFieldId><MappedObjectName>PUR_MAT_VERSION</MappedObjectName><ExtObjId>2</ExtObjId><MappedObjectType>C</MappedObjectType><FieldLength>50</FieldLength><VarPrecision>0</VarPrecision><RelationId>0</RelationId><IsEncrypted>N</IsEncrypted><IsMasked>N</IsMasked><MaskingPattern>X</MaskingPattern>
	</RowData>
	<RowData><ProcessDefId>3</ProcessDefId><VariableId>77</VariableId><VarFieldId>184</VarFieldId><TypeId>1</TypeId><TypeFieldId>185</TypeFieldId><ParentVarFieldId>1</ParentVarFieldId><MappedObjectName>GRANT_NBR</MappedObjectName><ExtObjId>2</ExtObjId><MappedObjectType>C</MappedObjectType><FieldLength>50</FieldLength><VarPrecision>0</VarPrecision><RelationId>0</RelationId><IsEncrypted>N</IsEncrypted><IsMasked>N</IsMasked><MaskingPattern>X</MaskingPattern>
	</RowData>
	<RowData><ProcessDefId>3</ProcessDefId><VariableId>77</VariableId><VarFieldId>185</VarFieldId><TypeId>1</TypeId><TypeFieldId>186</TypeFieldId><ParentVarFieldId>1</ParentVarFieldId><MappedObjectName>CMMT_ITEM_LONG</MappedObjectName><ExtObjId>2</ExtObjId><MappedObjectType>C</MappedObjectType><FieldLength>50</FieldLength><VarPrecision>0</VarPrecision><RelationId>0</RelationId><IsEncrypted>N</IsEncrypted><IsMasked>N</IsMasked><MaskingPattern>X</MaskingPattern>
	</RowData>
	<RowData><ProcessDefId>3</ProcessDefId><VariableId>77</VariableId><VarFieldId>186</VarFieldId><TypeId>1</TypeId><TypeFieldId>187</TypeFieldId><ParentVarFieldId>1</ParentVarFieldId><MappedObjectName>FUNC_AREA_LONG</MappedObjectName><ExtObjId>2</ExtObjId><MappedObjectType>C</MappedObjectType><FieldLength>50</FieldLength><VarPrecision>0</VarPrecision><RelationId>0</RelationId><IsEncrypted>N</IsEncrypted><IsMasked>N</IsMasked><MaskingPattern>X</MaskingPattern>
	</RowData>
	<RowData><ProcessDefId>3</ProcessDefId><VariableId>77</VariableId><VarFieldId>187</VarFieldId><TypeId>1</TypeId><TypeFieldId>188</TypeFieldId><ParentVarFieldId>1</ParentVarFieldId><MappedObjectName>BUDGET_PERIOD</MappedObjectName><ExtObjId>2</ExtObjId><MappedObjectType>C</MappedObjectType><FieldLength>50</FieldLength><VarPrecision>0</VarPrecision><RelationId>0</RelationId><IsEncrypted>N</IsEncrypted><IsMasked>N</IsMasked><MaskingPattern>X</MaskingPattern>
	</RowData>
	<RowData><ProcessDefId>3</ProcessDefId><VariableId>77</VariableId><VarFieldId>188</VarFieldId><TypeId>1</TypeId><TypeFieldId>190</TypeFieldId><ParentVarFieldId>1</ParentVarFieldId><MappedObjectName>PCKG_NO1</MappedObjectName><ExtObjId>2</ExtObjId><MappedObjectType>C</MappedObjectType><FieldLength>100</FieldLength><VarPrecision>0</VarPrecision><RelationId>0</RelationId><IsEncrypted>N</IsEncrypted><IsMasked>N</IsMasked><MaskingPattern>X</MaskingPattern>
	</RowData>
	<RowData><ProcessDefId>3</ProcessDefId><VariableId>79</VariableId><VarFieldId>1</VarFieldId><TypeId>2</TypeId><TypeFieldId>0</TypeFieldId><ParentVarFieldId>0</ParentVarFieldId><MappedObjectName>complex_orient_acc_assignment</MappedObjectName><ExtObjId>4</ExtObjId><MappedObjectType>T</MappedObjectType><FieldLength>0</FieldLength><VarPrecision>0</VarPrecision><RelationId>3</RelationId><IsEncrypted>N</IsEncrypted><IsMasked>N</IsMasked><MaskingPattern>X</MaskingPattern>
	</RowData>
	<RowData><ProcessDefId>3</ProcessDefId><VariableId>79</VariableId><VarFieldId>2</VarFieldId><TypeId>2</TypeId><TypeFieldId>1</TypeFieldId><ParentVarFieldId>1</ParentVarFieldId><MappedObjectName>PO_ITEM</MappedObjectName><ExtObjId>4</ExtObjId><MappedObjectType>C</MappedObjectType><FieldLength>2</FieldLength><VarPrecision>0</VarPrecision><RelationId>0</RelationId><IsEncrypted>N</IsEncrypted><IsMasked>N</IsMasked><MaskingPattern>X</MaskingPattern>
	</RowData>
	<RowData><ProcessDefId>3</ProcessDefId><VariableId>79</VariableId><VarFieldId>3</VarFieldId><TypeId>2</TypeId><TypeFieldId>2</TypeFieldId><ParentVarFieldId>1</ParentVarFieldId><MappedObjectName>SERIAL_NO</MappedObjectName><ExtObjId>4</ExtObjId><MappedObjectType>C</MappedObjectType><FieldLength>50</FieldLength><VarPrecision>0</VarPrecision><RelationId>0</RelationId><IsEncrypted>N</IsEncrypted><IsMasked>N</IsMasked><MaskingPattern>X</MaskingPattern>
	</RowData>
	<RowData><ProcessDefId>3</ProcessDefId><VariableId>79</VariableId><VarFieldId>4</VarFieldId><TypeId>2</TypeId><TypeFieldId>81</TypeFieldId><ParentVarFieldId>1</ParentVarFieldId><MappedObjectName>QUANTITY</MappedObjectName><ExtObjId>4</ExtObjId><MappedObjectType>C</MappedObjectType><FieldLength>50</FieldLength><VarPrecision>0</VarPrecision><RelationId>0</RelationId><IsEncrypted>N</IsEncrypted><IsMasked>N</IsMasked><MaskingPattern>X</MaskingPattern>
	</RowData>
	<RowData><ProcessDefId>3</ProcessDefId><VariableId>79</VariableId><VarFieldId>5</VarFieldId><TypeId>2</TypeId><TypeFieldId>82</TypeFieldId><ParentVarFieldId>1</ParentVarFieldId><MappedObjectName>DISTR_PERC</MappedObjectName><ExtObjId>4</ExtObjId><MappedObjectType>C</MappedObjectType><FieldLength>50</FieldLength><VarPrecision>0</VarPrecision><RelationId>0</RelationId><IsEncrypted>N</IsEncrypted><IsMasked>N</IsMasked><MaskingPattern>X</MaskingPattern>
	</RowData>
	<RowData><ProcessDefId>3</ProcessDefId><VariableId>79</VariableId><VarFieldId>6</VarFieldId><TypeId>2</TypeId><TypeFieldId>83</TypeFieldId><ParentVarFieldId>1</ParentVarFieldId><MappedObjectName>G_L_ACCT</MappedObjectName><ExtObjId>4</ExtObjId><MappedObjectType>C</MappedObjectType><FieldLength>50</FieldLength><VarPrecision>0</VarPrecision><RelationId>0</RelationId><IsEncrypted>N</IsEncrypted><IsMasked>N</IsMasked><MaskingPattern>X</MaskingPattern>
	</RowData>
	<RowData><ProcessDefId>3</ProcessDefId><VariableId>79</VariableId><VarFieldId>7</VarFieldId><TypeId>2</TypeId><TypeFieldId>84</TypeFieldId><ParentVarFieldId>1</ParentVarFieldId><MappedObjectName>BUS_AREA</MappedObjectName><ExtObjId>4</ExtObjId><MappedObjectType>C</MappedObjectType><FieldLength>50</FieldLength><VarPrecision>0</VarPrecision><RelationId>0</RelationId><IsEncrypted>N</IsEncrypted><IsMasked>N</IsMasked><MaskingPattern>X</MaskingPattern>
	</RowData>
	<RowData><ProcessDefId>3</ProcessDefId><VariableId>79</VariableId><VarFieldId>8</VarFieldId><TypeId>2</TypeId><TypeFieldId>85</TypeFieldId><ParentVarFieldId>1</ParentVarFieldId><MappedObjectName>COST_CTR</MappedObjectName><ExtObjId>4</ExtObjId><MappedObjectType>C</MappedObjectType><FieldLength>50</FieldLength><VarPrecision>0</VarPrecision><RelationId>0</RelationId><IsEncrypted>N</IsEncrypted><IsMasked>N</IsMasked><MaskingPattern>X</MaskingPattern>
	</RowData>
	<RowData><ProcessDefId>3</ProcessDefId><VariableId>79</VariableId><VarFieldId>9</VarFieldId><TypeId>2</TypeId><TypeFieldId>86</TypeFieldId><ParentVarFieldId>1</ParentVarFieldId><MappedObjectName>PROJ_EXT</MappedObjectName><ExtObjId>4</ExtObjId><MappedObjectType>C</MappedObjectType><FieldLength>50</FieldLength><VarPrecision>0</VarPrecision><RelationId>0</RelationId><IsEncrypted>N</IsEncrypted><IsMasked>N</IsMasked><MaskingPattern>X</MaskingPattern>
	</RowData>
	<RowData><ProcessDefId>3</ProcessDefId><VariableId>79</VariableId><VarFieldId>10</VarFieldId><TypeId>2</TypeId><TypeFieldId>87</TypeFieldId><ParentVarFieldId>1</ParentVarFieldId><MappedObjectName>SD_DOC</MappedObjectName><ExtObjId>4</ExtObjId><MappedObjectType>C</MappedObjectType><FieldLength>50</FieldLength><VarPrecision>0</VarPrecision><RelationId>0</RelationId><IsEncrypted>N</IsEncrypted><IsMasked>N</IsMasked><MaskingPattern>X</MaskingPattern>
	</RowData>
	<RowData><ProcessDefId>3</ProcessDefId><VariableId>79</VariableId><VarFieldId>11</VarFieldId><TypeId>2</TypeId><TypeFieldId>88</TypeFieldId><ParentVarFieldId>1</ParentVarFieldId><MappedObjectName>SDOC_ITEM</MappedObjectName><ExtObjId>4</ExtObjId><MappedObjectType>C</MappedObjectType><FieldLength>2</FieldLength><VarPrecision>0</VarPrecision><RelationId>0</RelationId><IsEncrypted>N</IsEncrypted><IsMasked>N</IsMasked><MaskingPattern>X</MaskingPattern>
	</RowData>
	<RowData><ProcessDefId>3</ProcessDefId><VariableId>79</VariableId><VarFieldId>12</VarFieldId><TypeId>2</TypeId><TypeFieldId>89</TypeFieldId><ParentVarFieldId>1</ParentVarFieldId><MappedObjectName>SCHED_LINE</MappedObjectName><ExtObjId>4</ExtObjId><MappedObjectType>C</MappedObjectType><FieldLength>50</FieldLength><VarPrecision>0</VarPrecision><RelationId>0</RelationId><IsEncrypted>N</IsEncrypted><IsMasked>N</IsMasked><MaskingPattern>X</MaskingPattern>
	</RowData>
	<RowData><ProcessDefId>3</ProcessDefId><VariableId>79</VariableId><VarFieldId>13</VarFieldId><TypeId>2</TypeId><TypeFieldId>90</TypeFieldId><ParentVarFieldId>1</ParentVarFieldId><MappedObjectName>ASSET_NO</MappedObjectName><ExtObjId>4</ExtObjId><MappedObjectType>C</MappedObjectType><FieldLength>50</FieldLength><VarPrecision>0</VarPrecision><RelationId>0</RelationId><IsEncrypted>N</IsEncrypted><IsMasked>N</IsMasked><MaskingPattern>X</MaskingPattern>
	</RowData>
	<RowData><ProcessDefId>3</ProcessDefId><VariableId>79</VariableId><VarFieldId>14</VarFieldId><TypeId>2</TypeId><TypeFieldId>91</TypeFieldId><ParentVarFieldId>1</ParentVarFieldId><MappedObjectName>SUB_NUMBER</MappedObjectName><ExtObjId>4</ExtObjId><MappedObjectType>C</MappedObjectType><FieldLength>50</FieldLength><VarPrecision>0</VarPrecision><RelationId>0</RelationId><IsEncrypted>N</IsEncrypted><IsMasked>N</IsMasked><MaskingPattern>X</MaskingPattern>
	</RowData>
	<RowData><ProcessDefId>3</ProcessDefId><VariableId>79</VariableId><VarFieldId>15</VarFieldId><TypeId>2</TypeId><TypeFieldId>92</TypeFieldId><ParentVarFieldId>1</ParentVarFieldId><MappedObjectName>ORDER_NO</MappedObjectName><ExtObjId>4</ExtObjId><MappedObjectType>C</MappedObjectType><FieldLength>50</FieldLength><VarPrecision>0</VarPrecision><RelationId>0</RelationId><IsEncrypted>N</IsEncrypted><IsMasked>N</IsMasked><MaskingPattern>X</MaskingPattern>
	</RowData>
	<RowData><ProcessDefId>3</ProcessDefId><VariableId>79</VariableId><VarFieldId>16</VarFieldId><TypeId>2</TypeId><TypeFieldId>93</TypeFieldId><ParentVarFieldId>1</ParentVarFieldId><MappedObjectName>GR_RCPT</MappedObjectName><ExtObjId>4</ExtObjId><MappedObjectType>C</MappedObjectType><FieldLength>50</FieldLength><VarPrecision>0</VarPrecision><RelationId>0</RelationId><IsEncrypted>N</IsEncrypted><IsMasked>N</IsMasked><MaskingPattern>X</MaskingPattern>
	</RowData>
	<RowData><ProcessDefId>3</ProcessDefId><VariableId>79</VariableId><VarFieldId>17</VarFieldId><TypeId>2</TypeId><TypeFieldId>94</TypeFieldId><ParentVarFieldId>1</ParentVarFieldId><MappedObjectName>UNLOAD_PT</MappedObjectName><ExtObjId>4</ExtObjId><MappedObjectType>C</MappedObjectType><FieldLength>50</FieldLength><VarPrecision>0</VarPrecision><RelationId>0</RelationId><IsEncrypted>N</IsEncrypted><IsMasked>N</IsMasked><MaskingPattern>X</MaskingPattern>
	</RowData>
	<RowData><ProcessDefId>3</ProcessDefId><VariableId>79</VariableId><VarFieldId>18</VarFieldId><TypeId>2</TypeId><TypeFieldId>95</TypeFieldId><ParentVarFieldId>1</ParentVarFieldId><MappedObjectName>CO_AREA</MappedObjectName><ExtObjId>4</ExtObjId><MappedObjectType>C</MappedObjectType><FieldLength>50</FieldLength><VarPrecision>0</VarPrecision><RelationId>0</RelationId><IsEncrypted>N</IsEncrypted><IsMasked>N</IsMasked><MaskingPattern>X</MaskingPattern>
	</RowData>
	<RowData><ProcessDefId>3</ProcessDefId><VariableId>79</VariableId><VarFieldId>19</VarFieldId><TypeId>2</TypeId><TypeFieldId>96</TypeFieldId><ParentVarFieldId>1</ParentVarFieldId><MappedObjectName>TO_COSTCTR</MappedObjectName><ExtObjId>4</ExtObjId><MappedObjectType>C</MappedObjectType><FieldLength>50</FieldLength><VarPrecision>0</VarPrecision><RelationId>0</RelationId><IsEncrypted>N</IsEncrypted><IsMasked>N</IsMasked><MaskingPattern>X</MaskingPattern>
	</RowData>
	<RowData><ProcessDefId>3</ProcessDefId><VariableId>79</VariableId><VarFieldId>20</VarFieldId><TypeId>2</TypeId><TypeFieldId>97</TypeFieldId><ParentVarFieldId>1</ParentVarFieldId><MappedObjectName>TO_ORDER</MappedObjectName><ExtObjId>4</ExtObjId><MappedObjectType>C</MappedObjectType><FieldLength>50</FieldLength><VarPrecision>0</VarPrecision><RelationId>0</RelationId><IsEncrypted>N</IsEncrypted><IsMasked>N</IsMasked><MaskingPattern>X</MaskingPattern>
	</RowData>
	<RowData><ProcessDefId>3</ProcessDefId><VariableId>79</VariableId><VarFieldId>21</VarFieldId><TypeId>2</TypeId><TypeFieldId>98</TypeFieldId><ParentVarFieldId>1</ParentVarFieldId><MappedObjectName>TO_PROJECT</MappedObjectName><ExtObjId>4</ExtObjId><MappedObjectType>C</MappedObjectType><FieldLength>50</FieldLength><VarPrecision>0</VarPrecision><RelationId>0</RelationId><IsEncrypted>N</IsEncrypted><IsMasked>N</IsMasked><MaskingPattern>X</MaskingPattern>
	</RowData>
	<RowData><ProcessDefId>3</ProcessDefId><VariableId>79</VariableId><VarFieldId>22</VarFieldId><TypeId>2</TypeId><TypeFieldId>99</TypeFieldId><ParentVarFieldId>1</ParentVarFieldId><MappedObjectName>COST_OBJ</MappedObjectName><ExtObjId>4</ExtObjId><MappedObjectType>C</MappedObjectType><FieldLength>50</FieldLength><VarPrecision>0</VarPrecision><RelationId>0</RelationId><IsEncrypted>N</IsEncrypted><IsMasked>N</IsMasked><MaskingPattern>X</MaskingPattern>
	</RowData>
	<RowData><ProcessDefId>3</ProcessDefId><VariableId>79</VariableId><VarFieldId>23</VarFieldId><TypeId>2</TypeId><TypeFieldId>100</TypeFieldId><ParentVarFieldId>1</ParentVarFieldId><MappedObjectName>PROF_SEGM</MappedObjectName><ExtObjId>4</ExtObjId><MappedObjectType>C</MappedObjectType><FieldLength>50</FieldLength><VarPrecision>0</VarPrecision><RelationId>0</RelationId><IsEncrypted>N</IsEncrypted><IsMasked>N</IsMasked><MaskingPattern>X</MaskingPattern>
	</RowData>
	<RowData><ProcessDefId>3</ProcessDefId><VariableId>79</VariableId><VarFieldId>24</VarFieldId><TypeId>2</TypeId><TypeFieldId>101</TypeFieldId><ParentVarFieldId>1</ParentVarFieldId><MappedObjectName>PROFIT_CTR</MappedObjectName><ExtObjId>4</ExtObjId><MappedObjectType>C</MappedObjectType><FieldLength>50</FieldLength><VarPrecision>0</VarPrecision><RelationId>0</RelationId><IsEncrypted>N</IsEncrypted><IsMasked>N</IsMasked><MaskingPattern>X</MaskingPattern>
	</RowData>
	<RowData><ProcessDefId>3</ProcessDefId><VariableId>79</VariableId><VarFieldId>25</VarFieldId><TypeId>2</TypeId><TypeFieldId>102</TypeFieldId><ParentVarFieldId>1</ParentVarFieldId><MappedObjectName>WBS_ELEM_E</MappedObjectName><ExtObjId>4</ExtObjId><MappedObjectType>C</MappedObjectType><FieldLength>50</FieldLength><VarPrecision>0</VarPrecision><RelationId>0</RelationId><IsEncrypted>N</IsEncrypted><IsMasked>N</IsMasked><MaskingPattern>X</MaskingPattern>
	</RowData>
	<RowData><ProcessDefId>3</ProcessDefId><VariableId>79</VariableId><VarFieldId>26</VarFieldId><TypeId>2</TypeId><TypeFieldId>103</TypeFieldId><ParentVarFieldId>1</ParentVarFieldId><MappedObjectName>NETWORK</MappedObjectName><ExtObjId>4</ExtObjId><MappedObjectType>C</MappedObjectType><FieldLength>50</FieldLength><VarPrecision>0</VarPrecision><RelationId>0</RelationId><IsEncrypted>N</IsEncrypted><IsMasked>N</IsMasked><MaskingPattern>X</MaskingPattern>
	</RowData>
	<RowData><ProcessDefId>3</ProcessDefId><VariableId>79</VariableId><VarFieldId>27</VarFieldId><TypeId>2</TypeId><TypeFieldId>104</TypeFieldId><ParentVarFieldId>1</ParentVarFieldId><MappedObjectName>ROUTING_NO</MappedObjectName><ExtObjId>4</ExtObjId><MappedObjectType>C</MappedObjectType><FieldLength>50</FieldLength><VarPrecision>0</VarPrecision><RelationId>0</RelationId><IsEncrypted>N</IsEncrypted><IsMasked>N</IsMasked><MaskingPattern>X</MaskingPattern>
	</RowData>
	<RowData><ProcessDefId>3</ProcessDefId><VariableId>79</VariableId><VarFieldId>28</VarFieldId><TypeId>2</TypeId><TypeFieldId>105</TypeFieldId><ParentVarFieldId>1</ParentVarFieldId><MappedObjectName>RL_EST_KEY</MappedObjectName><ExtObjId>4</ExtObjId><MappedObjectType>C</MappedObjectType><FieldLength>50</FieldLength><VarPrecision>0</VarPrecision><RelationId>0</RelationId><IsEncrypted>N</IsEncrypted><IsMasked>N</IsMasked><MaskingPattern>X</MaskingPattern>
	</RowData>
	<RowData><ProcessDefId>3</ProcessDefId><VariableId>79</VariableId><VarFieldId>29</VarFieldId><TypeId>2</TypeId><TypeFieldId>106</TypeFieldId><ParentVarFieldId>1</ParentVarFieldId><MappedObjectName>COUNTER</MappedObjectName><ExtObjId>4</ExtObjId><MappedObjectType>C</MappedObjectType><FieldLength>50</FieldLength><VarPrecision>0</VarPrecision><RelationId>0</RelationId><IsEncrypted>N</IsEncrypted><IsMasked>N</IsMasked><MaskingPattern>X</MaskingPattern>
	</RowData>
	<RowData><ProcessDefId>3</ProcessDefId><VariableId>79</VariableId><VarFieldId>30</VarFieldId><TypeId>2</TypeId><TypeFieldId>107</TypeFieldId><ParentVarFieldId>1</ParentVarFieldId><MappedObjectName>PART_ACCT</MappedObjectName><ExtObjId>4</ExtObjId><MappedObjectType>C</MappedObjectType><FieldLength>50</FieldLength><VarPrecision>0</VarPrecision><RelationId>0</RelationId><IsEncrypted>N</IsEncrypted><IsMasked>N</IsMasked><MaskingPattern>X</MaskingPattern>
	</RowData>
	<RowData><ProcessDefId>3</ProcessDefId><VariableId>79</VariableId><VarFieldId>31</VarFieldId><TypeId>2</TypeId><TypeFieldId>108</TypeFieldId><ParentVarFieldId>1</ParentVarFieldId><MappedObjectName>CMMT_ITEM</MappedObjectName><ExtObjId>4</ExtObjId><MappedObjectType>C</MappedObjectType><FieldLength>50</FieldLength><VarPrecision>0</VarPrecision><RelationId>0</RelationId><IsEncrypted>N</IsEncrypted><IsMasked>N</IsMasked><MaskingPattern>X</MaskingPattern>
	</RowData>
	<RowData><ProcessDefId>3</ProcessDefId><VariableId>79</VariableId><VarFieldId>32</VarFieldId><TypeId>2</TypeId><TypeFieldId>109</TypeFieldId><ParentVarFieldId>1</ParentVarFieldId><MappedObjectName>REC_IND</MappedObjectName><ExtObjId>4</ExtObjId><MappedObjectType>C</MappedObjectType><FieldLength>50</FieldLength><VarPrecision>0</VarPrecision><RelationId>0</RelationId><IsEncrypted>N</IsEncrypted><IsMasked>N</IsMasked><MaskingPattern>X</MaskingPattern>
	</RowData>
	<RowData><ProcessDefId>3</ProcessDefId><VariableId>79</VariableId><VarFieldId>33</VarFieldId><TypeId>2</TypeId><TypeFieldId>110</TypeFieldId><ParentVarFieldId>1</ParentVarFieldId><MappedObjectName>FUNDS_CTR</MappedObjectName><ExtObjId>4</ExtObjId><MappedObjectType>C</MappedObjectType><FieldLength>50</FieldLength><VarPrecision>0</VarPrecision><RelationId>0</RelationId><IsEncrypted>N</IsEncrypted><IsMasked>N</IsMasked><MaskingPattern>X</MaskingPattern>
	</RowData>
	<RowData><ProcessDefId>3</ProcessDefId><VariableId>79</VariableId><VarFieldId>34</VarFieldId><TypeId>2</TypeId><TypeFieldId>111</TypeFieldId><ParentVarFieldId>1</ParentVarFieldId><MappedObjectName>FUND</MappedObjectName><ExtObjId>4</ExtObjId><MappedObjectType>C</MappedObjectType><FieldLength>50</FieldLength><VarPrecision>0</VarPrecision><RelationId>0</RelationId><IsEncrypted>N</IsEncrypted><IsMasked>N</IsMasked><MaskingPattern>X</MaskingPattern>
	</RowData>
	<RowData><ProcessDefId>3</ProcessDefId><VariableId>79</VariableId><VarFieldId>35</VarFieldId><TypeId>2</TypeId><TypeFieldId>112</TypeFieldId><ParentVarFieldId>1</ParentVarFieldId><MappedObjectName>FUNC_AREA</MappedObjectName><ExtObjId>4</ExtObjId><MappedObjectType>C</MappedObjectType><FieldLength>50</FieldLength><VarPrecision>0</VarPrecision><RelationId>0</RelationId><IsEncrypted>N</IsEncrypted><IsMasked>N</IsMasked><MaskingPattern>X</MaskingPattern>
	</RowData>
	<RowData><ProcessDefId>3</ProcessDefId><VariableId>79</VariableId><VarFieldId>36</VarFieldId><TypeId>2</TypeId><TypeFieldId>113</TypeFieldId><ParentVarFieldId>1</ParentVarFieldId><MappedObjectName>REF_DATE</MappedObjectName><ExtObjId>4</ExtObjId><MappedObjectType>C</MappedObjectType><FieldLength>8</FieldLength><VarPrecision>0</VarPrecision><RelationId>0</RelationId><IsEncrypted>N</IsEncrypted><IsMasked>N</IsMasked><MaskingPattern>X</MaskingPattern>
	</RowData>
	<RowData><ProcessDefId>3</ProcessDefId><VariableId>79</VariableId><VarFieldId>37</VarFieldId><TypeId>2</TypeId><TypeFieldId>114</TypeFieldId><ParentVarFieldId>1</ParentVarFieldId><MappedObjectName>ACTIVITY</MappedObjectName><ExtObjId>4</ExtObjId><MappedObjectType>C</MappedObjectType><FieldLength>50</FieldLength><VarPrecision>0</VarPrecision><RelationId>0</RelationId><IsEncrypted>N</IsEncrypted><IsMasked>N</IsMasked><MaskingPattern>X</MaskingPattern>
	</RowData>
	<RowData><ProcessDefId>3</ProcessDefId><VariableId>79</VariableId><VarFieldId>38</VarFieldId><TypeId>2</TypeId><TypeFieldId>115</TypeFieldId><ParentVarFieldId>1</ParentVarFieldId><MappedObjectName>GRANT_NBR</MappedObjectName><ExtObjId>4</ExtObjId><MappedObjectType>C</MappedObjectType><FieldLength>50</FieldLength><VarPrecision>0</VarPrecision><RelationId>0</RelationId><IsEncrypted>N</IsEncrypted><IsMasked>N</IsMasked><MaskingPattern>X</MaskingPattern>
	</RowData>
	<RowData><ProcessDefId>3</ProcessDefId><VariableId>79</VariableId><VarFieldId>39</VarFieldId><TypeId>2</TypeId><TypeFieldId>116</TypeFieldId><ParentVarFieldId>1</ParentVarFieldId><MappedObjectName>CMMT_ITEM_LONG</MappedObjectName><ExtObjId>4</ExtObjId><MappedObjectType>C</MappedObjectType><FieldLength>50</FieldLength><VarPrecision>0</VarPrecision><RelationId>0</RelationId><IsEncrypted>N</IsEncrypted><IsMasked>N</IsMasked><MaskingPattern>X</MaskingPattern>
	</RowData>
	<RowData><ProcessDefId>3</ProcessDefId><VariableId>79</VariableId><VarFieldId>40</VarFieldId><TypeId>2</TypeId><TypeFieldId>117</TypeFieldId><ParentVarFieldId>1</ParentVarFieldId><MappedObjectName>FUNC_AREA_LONG</MappedObjectName><ExtObjId>4</ExtObjId><MappedObjectType>C</MappedObjectType><FieldLength>50</FieldLength><VarPrecision>0</VarPrecision><RelationId>0</RelationId><IsEncrypted>N</IsEncrypted><IsMasked>N</IsMasked><MaskingPattern>X</MaskingPattern>
	</RowData>
	<RowData><ProcessDefId>3</ProcessDefId><VariableId>79</VariableId><VarFieldId>41</VarFieldId><TypeId>2</TypeId><TypeFieldId>118</TypeFieldId><ParentVarFieldId>1</ParentVarFieldId><MappedObjectName>FUNDS_RES</MappedObjectName><ExtObjId>4</ExtObjId><MappedObjectType>C</MappedObjectType><FieldLength>50</FieldLength><VarPrecision>0</VarPrecision><RelationId>0</RelationId><IsEncrypted>N</IsEncrypted><IsMasked>N</IsMasked><MaskingPattern>X</MaskingPattern>
	</RowData>
	<RowData><ProcessDefId>3</ProcessDefId><VariableId>79</VariableId><VarFieldId>42</VarFieldId><TypeId>2</TypeId><TypeFieldId>119</TypeFieldId><ParentVarFieldId>1</ParentVarFieldId><MappedObjectName>RES_ITEM</MappedObjectName><ExtObjId>4</ExtObjId><MappedObjectType>C</MappedObjectType><FieldLength>2</FieldLength><VarPrecision>0</VarPrecision><RelationId>0</RelationId><IsEncrypted>N</IsEncrypted><IsMasked>N</IsMasked><MaskingPattern>X</MaskingPattern>
	</RowData>
	<RowData><ProcessDefId>3</ProcessDefId><VariableId>79</VariableId><VarFieldId>43</VarFieldId><TypeId>2</TypeId><TypeFieldId>120</TypeFieldId><ParentVarFieldId>1</ParentVarFieldId><MappedObjectName>BUDGET_PERIOD</MappedObjectName><ExtObjId>4</ExtObjId><MappedObjectType>C</MappedObjectType><FieldLength>50</FieldLength><VarPrecision>0</VarPrecision><RelationId>0</RelationId><IsEncrypted>N</IsEncrypted><IsMasked>N</IsMasked><MaskingPattern>X</MaskingPattern>
	</RowData>
	<RowData><ProcessDefId>3</ProcessDefId><VariableId>80</VariableId><VarFieldId>1</VarFieldId><TypeId>3</TypeId><TypeFieldId>0</TypeFieldId><ParentVarFieldId>0</ParentVarFieldId><MappedObjectName>complex_orient_entry_service</MappedObjectName><ExtObjId>5</ExtObjId><MappedObjectType>T</MappedObjectType><FieldLength>0</FieldLength><VarPrecision>0</VarPrecision><RelationId>4</RelationId><IsEncrypted>N</IsEncrypted><IsMasked>N</IsMasked><MaskingPattern>X</MaskingPattern>
	</RowData>
	<RowData><ProcessDefId>3</ProcessDefId><VariableId>80</VariableId><VarFieldId>2</VarFieldId><TypeId>3</TypeId><TypeFieldId>1</TypeFieldId><ParentVarFieldId>1</ParentVarFieldId><MappedObjectName>PCKG_NO</MappedObjectName><ExtObjId>5</ExtObjId><MappedObjectType>C</MappedObjectType><FieldLength>2</FieldLength><VarPrecision>0</VarPrecision><RelationId>0</RelationId><IsEncrypted>N</IsEncrypted><IsMasked>N</IsMasked><MaskingPattern>X</MaskingPattern>
	</RowData>
	<RowData><ProcessDefId>3</ProcessDefId><VariableId>80</VariableId><VarFieldId>3</VarFieldId><TypeId>3</TypeId><TypeFieldId>2</TypeFieldId><ParentVarFieldId>1</ParentVarFieldId><MappedObjectName>LINE_NO</MappedObjectName><ExtObjId>5</ExtObjId><MappedObjectType>C</MappedObjectType><FieldLength>2</FieldLength><VarPrecision>0</VarPrecision><RelationId>0</RelationId><IsEncrypted>N</IsEncrypted><IsMasked>N</IsMasked><MaskingPattern>X</MaskingPattern>
	</RowData>
	<RowData><ProcessDefId>3</ProcessDefId><VariableId>80</VariableId><VarFieldId>4</VarFieldId><TypeId>3</TypeId><TypeFieldId>3</TypeFieldId><ParentVarFieldId>1</ParentVarFieldId><MappedObjectName>EXT_LINE</MappedObjectName><ExtObjId>5</ExtObjId><MappedObjectType>C</MappedObjectType><FieldLength>2</FieldLength><VarPrecision>0</VarPrecision><RelationId>0</RelationId><IsEncrypted>N</IsEncrypted><IsMasked>N</IsMasked><MaskingPattern>X</MaskingPattern>
	</RowData>
	<RowData><ProcessDefId>3</ProcessDefId><VariableId>80</VariableId><VarFieldId>5</VarFieldId><TypeId>3</TypeId><TypeFieldId>4</TypeFieldId><ParentVarFieldId>1</ParentVarFieldId><MappedObjectName>OUTL_LEVEL1</MappedObjectName><ExtObjId>5</ExtObjId><MappedObjectType>C</MappedObjectType><FieldLength>50</FieldLength><VarPrecision>0</VarPrecision><RelationId>0</RelationId><IsEncrypted>N</IsEncrypted><IsMasked>N</IsMasked><MaskingPattern>X</MaskingPattern>
	</RowData>
	<RowData><ProcessDefId>3</ProcessDefId><VariableId>80</VariableId><VarFieldId>6</VarFieldId><TypeId>3</TypeId><TypeFieldId>5</TypeFieldId><ParentVarFieldId>1</ParentVarFieldId><MappedObjectName>OUTL_NO</MappedObjectName><ExtObjId>5</ExtObjId><MappedObjectType>C</MappedObjectType><FieldLength>50</FieldLength><VarPrecision>0</VarPrecision><RelationId>0</RelationId><IsEncrypted>N</IsEncrypted><IsMasked>N</IsMasked><MaskingPattern>X</MaskingPattern>
	</RowData>
	<RowData><ProcessDefId>3</ProcessDefId><VariableId>80</VariableId><VarFieldId>7</VarFieldId><TypeId>3</TypeId><TypeFieldId>6</TypeFieldId><ParentVarFieldId>1</ParentVarFieldId><MappedObjectName>OUTL_IND</MappedObjectName><ExtObjId>5</ExtObjId><MappedObjectType>C</MappedObjectType><FieldLength>50</FieldLength><VarPrecision>0</VarPrecision><RelationId>0</RelationId><IsEncrypted>N</IsEncrypted><IsMasked>N</IsMasked><MaskingPattern>X</MaskingPattern>
	</RowData>
	<RowData><ProcessDefId>3</ProcessDefId><VariableId>80</VariableId><VarFieldId>8</VarFieldId><TypeId>3</TypeId><TypeFieldId>7</TypeFieldId><ParentVarFieldId>1</ParentVarFieldId><MappedObjectName>SUBPCKG_NO</MappedObjectName><ExtObjId>5</ExtObjId><MappedObjectType>C</MappedObjectType><FieldLength>2</FieldLength><VarPrecision>0</VarPrecision><RelationId>0</RelationId><IsEncrypted>N</IsEncrypted><IsMasked>N</IsMasked><MaskingPattern>X</MaskingPattern>
	</RowData>
	<RowData><ProcessDefId>3</ProcessDefId><VariableId>80</VariableId><VarFieldId>9</VarFieldId><TypeId>3</TypeId><TypeFieldId>8</TypeFieldId><ParentVarFieldId>1</ParentVarFieldId><MappedObjectName>DELETE_IND</MappedObjectName><ExtObjId>5</ExtObjId><MappedObjectType>C</MappedObjectType><FieldLength>50</FieldLength><VarPrecision>0</VarPrecision><RelationId>0</RelationId><IsEncrypted>N</IsEncrypted><IsMasked>N</IsMasked><MaskingPattern>X</MaskingPattern>
	</RowData>
	<RowData><ProcessDefId>3</ProcessDefId><VariableId>80</VariableId><VarFieldId>10</VarFieldId><TypeId>3</TypeId><TypeFieldId>9</TypeFieldId><ParentVarFieldId>1</ParentVarFieldId><MappedObjectName>SERVICE</MappedObjectName><ExtObjId>5</ExtObjId><MappedObjectType>C</MappedObjectType><FieldLength>50</FieldLength><VarPrecision>0</VarPrecision><RelationId>0</RelationId><IsEncrypted>N</IsEncrypted><IsMasked>N</IsMasked><MaskingPattern>X</MaskingPattern>
	</RowData>
	<RowData><ProcessDefId>3</ProcessDefId><VariableId>80</VariableId><VarFieldId>11</VarFieldId><TypeId>3</TypeId><TypeFieldId>10</TypeFieldId><ParentVarFieldId>1</ParentVarFieldId><MappedObjectName>SERV_TYPE</MappedObjectName><ExtObjId>5</ExtObjId><MappedObjectType>C</MappedObjectType><FieldLength>50</FieldLength><VarPrecision>0</VarPrecision><RelationId>0</RelationId><IsEncrypted>N</IsEncrypted><IsMasked>N</IsMasked><MaskingPattern>X</MaskingPattern>
	</RowData>
	<RowData><ProcessDefId>3</ProcessDefId><VariableId>80</VariableId><VarFieldId>12</VarFieldId><TypeId>3</TypeId><TypeFieldId>11</TypeFieldId><ParentVarFieldId>1</ParentVarFieldId><MappedObjectName>EDITION</MappedObjectName><ExtObjId>5</ExtObjId><MappedObjectType>C</MappedObjectType><FieldLength>2</FieldLength><VarPrecision>0</VarPrecision><RelationId>0</RelationId><IsEncrypted>N</IsEncrypted><IsMasked>N</IsMasked><MaskingPattern>X</MaskingPattern>
	</RowData>
	<RowData><ProcessDefId>3</ProcessDefId><VariableId>80</VariableId><VarFieldId>13</VarFieldId><TypeId>3</TypeId><TypeFieldId>12</TypeFieldId><ParentVarFieldId>1</ParentVarFieldId><MappedObjectName>SSC_ITEM</MappedObjectName><ExtObjId>5</ExtObjId><MappedObjectType>C</MappedObjectType><FieldLength>50</FieldLength><VarPrecision>0</VarPrecision><RelationId>0</RelationId><IsEncrypted>N</IsEncrypted><IsMasked>N</IsMasked><MaskingPattern>X</MaskingPattern>
	</RowData>
	<RowData><ProcessDefId>3</ProcessDefId><VariableId>80</VariableId><VarFieldId>14</VarFieldId><TypeId>3</TypeId><TypeFieldId>13</TypeFieldId><ParentVarFieldId>1</ParentVarFieldId><MappedObjectName>EXT_SERV</MappedObjectName><ExtObjId>5</ExtObjId><MappedObjectType>C</MappedObjectType><FieldLength>50</FieldLength><VarPrecision>0</VarPrecision><RelationId>0</RelationId><IsEncrypted>N</IsEncrypted><IsMasked>N</IsMasked><MaskingPattern>X</MaskingPattern>
	</RowData>
	<RowData><ProcessDefId>3</ProcessDefId><VariableId>80</VariableId><VarFieldId>15</VarFieldId><TypeId>3</TypeId><TypeFieldId>14</TypeFieldId><ParentVarFieldId>1</ParentVarFieldId><MappedObjectName>QUANTITY</MappedObjectName><ExtObjId>5</ExtObjId><MappedObjectType>C</MappedObjectType><FieldLength>50</FieldLength><VarPrecision>0</VarPrecision><RelationId>0</RelationId><IsEncrypted>N</IsEncrypted><IsMasked>N</IsMasked><MaskingPattern>X</MaskingPattern>
	</RowData>
	<RowData><ProcessDefId>3</ProcessDefId><VariableId>80</VariableId><VarFieldId>16</VarFieldId><TypeId>3</TypeId><TypeFieldId>15</TypeFieldId><ParentVarFieldId>1</ParentVarFieldId><MappedObjectName>BASE_UOM</MappedObjectName><ExtObjId>5</ExtObjId><MappedObjectType>C</MappedObjectType><FieldLength>50</FieldLength><VarPrecision>0</VarPrecision><RelationId>0</RelationId><IsEncrypted>N</IsEncrypted><IsMasked>N</IsMasked><MaskingPattern>X</MaskingPattern>
	</RowData>
	<RowData><ProcessDefId>3</ProcessDefId><VariableId>80</VariableId><VarFieldId>17</VarFieldId><TypeId>3</TypeId><TypeFieldId>16</TypeFieldId><ParentVarFieldId>1</ParentVarFieldId><MappedObjectName>UOM_ISO</MappedObjectName><ExtObjId>5</ExtObjId><MappedObjectType>C</MappedObjectType><FieldLength>50</FieldLength><VarPrecision>0</VarPrecision><RelationId>0</RelationId><IsEncrypted>N</IsEncrypted><IsMasked>N</IsMasked><MaskingPattern>X</MaskingPattern>
	</RowData>
	<RowData><ProcessDefId>3</ProcessDefId><VariableId>80</VariableId><VarFieldId>18</VarFieldId><TypeId>3</TypeId><TypeFieldId>17</TypeFieldId><ParentVarFieldId>1</ParentVarFieldId><MappedObjectName>OVF_TOL</MappedObjectName><ExtObjId>5</ExtObjId><MappedObjectType>C</MappedObjectType><FieldLength>50</FieldLength><VarPrecision>0</VarPrecision><RelationId>0</RelationId><IsEncrypted>N</IsEncrypted><IsMasked>N</IsMasked><MaskingPattern>X</MaskingPattern>
	</RowData>
	<RowData><ProcessDefId>3</ProcessDefId><VariableId>80</VariableId><VarFieldId>19</VarFieldId><TypeId>3</TypeId><TypeFieldId>18</TypeFieldId><ParentVarFieldId>1</ParentVarFieldId><MappedObjectName>OVF_UNLIM</MappedObjectName><ExtObjId>5</ExtObjId><MappedObjectType>C</MappedObjectType><FieldLength>50</FieldLength><VarPrecision>0</VarPrecision><RelationId>0</RelationId><IsEncrypted>N</IsEncrypted><IsMasked>N</IsMasked><MaskingPattern>X</MaskingPattern>
	</RowData>
	<RowData><ProcessDefId>3</ProcessDefId><VariableId>80</VariableId><VarFieldId>20</VarFieldId><TypeId>3</TypeId><TypeFieldId>19</TypeFieldId><ParentVarFieldId>1</ParentVarFieldId><MappedObjectName>PRICE_UNIT</MappedObjectName><ExtObjId>5</ExtObjId><MappedObjectType>C</MappedObjectType><FieldLength>50</FieldLength><VarPrecision>0</VarPrecision><RelationId>0</RelationId><IsEncrypted>N</IsEncrypted><IsMasked>N</IsMasked><MaskingPattern>X</MaskingPattern>
	</RowData>
	<RowData><ProcessDefId>3</ProcessDefId><VariableId>80</VariableId><VarFieldId>21</VarFieldId><TypeId>3</TypeId><TypeFieldId>20</TypeFieldId><ParentVarFieldId>1</ParentVarFieldId><MappedObjectName>GROSS_VAL</MappedObjectName><ExtObjId>5</ExtObjId><MappedObjectType>C</MappedObjectType><FieldLength>50</FieldLength><VarPrecision>0</VarPrecision><RelationId>0</RelationId><IsEncrypted>N</IsEncrypted><IsMasked>N</IsMasked><MaskingPattern>X</MaskingPattern>
	</RowData>
	<RowData><ProcessDefId>3</ProcessDefId><VariableId>80</VariableId><VarFieldId>22</VarFieldId><TypeId>3</TypeId><TypeFieldId>21</TypeFieldId><ParentVarFieldId>1</ParentVarFieldId><MappedObjectName>NET_VALUE</MappedObjectName><ExtObjId>5</ExtObjId><MappedObjectType>C</MappedObjectType><FieldLength>50</FieldLength><VarPrecision>0</VarPrecision><RelationId>0</RelationId><IsEncrypted>N</IsEncrypted><IsMasked>N</IsMasked><MaskingPattern>X</MaskingPattern>
	</RowData>
	<RowData><ProcessDefId>3</ProcessDefId><VariableId>80</VariableId><VarFieldId>23</VarFieldId><TypeId>3</TypeId><TypeFieldId>22</TypeFieldId><ParentVarFieldId>1</ParentVarFieldId><MappedObjectName>FROM_LINE</MappedObjectName><ExtObjId>5</ExtObjId><MappedObjectType>C</MappedObjectType><FieldLength>50</FieldLength><VarPrecision>0</VarPrecision><RelationId>0</RelationId><IsEncrypted>N</IsEncrypted><IsMasked>N</IsMasked><MaskingPattern>X</MaskingPattern>
	</RowData>
	<RowData><ProcessDefId>3</ProcessDefId><VariableId>80</VariableId><VarFieldId>24</VarFieldId><TypeId>3</TypeId><TypeFieldId>23</TypeFieldId><ParentVarFieldId>1</ParentVarFieldId><MappedObjectName>TO_LINE</MappedObjectName><ExtObjId>5</ExtObjId><MappedObjectType>C</MappedObjectType><FieldLength>50</FieldLength><VarPrecision>0</VarPrecision><RelationId>0</RelationId><IsEncrypted>N</IsEncrypted><IsMasked>N</IsMasked><MaskingPattern>X</MaskingPattern>
	</RowData>
	<RowData><ProcessDefId>3</ProcessDefId><VariableId>80</VariableId><VarFieldId>25</VarFieldId><TypeId>3</TypeId><TypeFieldId>24</TypeFieldId><ParentVarFieldId>1</ParentVarFieldId><MappedObjectName>SHORT_TEXT</MappedObjectName><ExtObjId>5</ExtObjId><MappedObjectType>C</MappedObjectType><FieldLength>50</FieldLength><VarPrecision>0</VarPrecision><RelationId>0</RelationId><IsEncrypted>N</IsEncrypted><IsMasked>N</IsMasked><MaskingPattern>X</MaskingPattern>
	</RowData>
	<RowData><ProcessDefId>3</ProcessDefId><VariableId>80</VariableId><VarFieldId>26</VarFieldId><TypeId>3</TypeId><TypeFieldId>25</TypeFieldId><ParentVarFieldId>1</ParentVarFieldId><MappedObjectName>DISTRIB</MappedObjectName><ExtObjId>5</ExtObjId><MappedObjectType>C</MappedObjectType><FieldLength>50</FieldLength><VarPrecision>0</VarPrecision><RelationId>0</RelationId><IsEncrypted>N</IsEncrypted><IsMasked>N</IsMasked><MaskingPattern>X</MaskingPattern>
	</RowData>
	<RowData><ProcessDefId>3</ProcessDefId><VariableId>80</VariableId><VarFieldId>27</VarFieldId><TypeId>3</TypeId><TypeFieldId>26</TypeFieldId><ParentVarFieldId>1</ParentVarFieldId><MappedObjectName>PERS_NO</MappedObjectName><ExtObjId>5</ExtObjId><MappedObjectType>C</MappedObjectType><FieldLength>2</FieldLength><VarPrecision>0</VarPrecision><RelationId>0</RelationId><IsEncrypted>N</IsEncrypted><IsMasked>N</IsMasked><MaskingPattern>X</MaskingPattern>
	</RowData>
	<RowData><ProcessDefId>3</ProcessDefId><VariableId>80</VariableId><VarFieldId>28</VarFieldId><TypeId>3</TypeId><TypeFieldId>27</TypeFieldId><ParentVarFieldId>1</ParentVarFieldId><MappedObjectName>WAGETYPE</MappedObjectName><ExtObjId>5</ExtObjId><MappedObjectType>C</MappedObjectType><FieldLength>50</FieldLength><VarPrecision>0</VarPrecision><RelationId>0</RelationId><IsEncrypted>N</IsEncrypted><IsMasked>N</IsMasked><MaskingPattern>X</MaskingPattern>
	</RowData>
	<RowData><ProcessDefId>3</ProcessDefId><VariableId>80</VariableId><VarFieldId>29</VarFieldId><TypeId>3</TypeId><TypeFieldId>28</TypeFieldId><ParentVarFieldId>1</ParentVarFieldId><MappedObjectName>PLN_PCKG</MappedObjectName><ExtObjId>5</ExtObjId><MappedObjectType>C</MappedObjectType><FieldLength>2</FieldLength><VarPrecision>0</VarPrecision><RelationId>0</RelationId><IsEncrypted>N</IsEncrypted><IsMasked>N</IsMasked><MaskingPattern>X</MaskingPattern>
	</RowData>
	<RowData><ProcessDefId>3</ProcessDefId><VariableId>80</VariableId><VarFieldId>30</VarFieldId><TypeId>3</TypeId><TypeFieldId>29</TypeFieldId><ParentVarFieldId>1</ParentVarFieldId><MappedObjectName>PLN_LINE</MappedObjectName><ExtObjId>5</ExtObjId><MappedObjectType>C</MappedObjectType><FieldLength>2</FieldLength><VarPrecision>0</VarPrecision><RelationId>0</RelationId><IsEncrypted>N</IsEncrypted><IsMasked>N</IsMasked><MaskingPattern>X</MaskingPattern>
	</RowData>
	<RowData><ProcessDefId>3</ProcessDefId><VariableId>80</VariableId><VarFieldId>31</VarFieldId><TypeId>3</TypeId><TypeFieldId>30</TypeFieldId><ParentVarFieldId>1</ParentVarFieldId><MappedObjectName>CON_PCKG</MappedObjectName><ExtObjId>5</ExtObjId><MappedObjectType>C</MappedObjectType><FieldLength>2</FieldLength><VarPrecision>0</VarPrecision><RelationId>0</RelationId><IsEncrypted>N</IsEncrypted><IsMasked>N</IsMasked><MaskingPattern>X</MaskingPattern>
	</RowData>
	<RowData><ProcessDefId>3</ProcessDefId><VariableId>80</VariableId><VarFieldId>32</VarFieldId><TypeId>3</TypeId><TypeFieldId>31</TypeFieldId><ParentVarFieldId>1</ParentVarFieldId><MappedObjectName>CON_LINE</MappedObjectName><ExtObjId>5</ExtObjId><MappedObjectType>C</MappedObjectType><FieldLength>2</FieldLength><VarPrecision>0</VarPrecision><RelationId>0</RelationId><IsEncrypted>N</IsEncrypted><IsMasked>N</IsMasked><MaskingPattern>X</MaskingPattern>
	</RowData>
	<RowData><ProcessDefId>3</ProcessDefId><VariableId>80</VariableId><VarFieldId>33</VarFieldId><TypeId>3</TypeId><TypeFieldId>32</TypeFieldId><ParentVarFieldId>1</ParentVarFieldId><MappedObjectName>TMP_PCKG</MappedObjectName><ExtObjId>5</ExtObjId><MappedObjectType>C</MappedObjectType><FieldLength>2</FieldLength><VarPrecision>0</VarPrecision><RelationId>0</RelationId><IsEncrypted>N</IsEncrypted><IsMasked>N</IsMasked><MaskingPattern>X</MaskingPattern>
	</RowData>
	<RowData><ProcessDefId>3</ProcessDefId><VariableId>80</VariableId><VarFieldId>34</VarFieldId><TypeId>3</TypeId><TypeFieldId>33</TypeFieldId><ParentVarFieldId>1</ParentVarFieldId><MappedObjectName>TMP_LINE</MappedObjectName><ExtObjId>5</ExtObjId><MappedObjectType>C</MappedObjectType><FieldLength>2</FieldLength><VarPrecision>0</VarPrecision><RelationId>0</RelationId><IsEncrypted>N</IsEncrypted><IsMasked>N</IsMasked><MaskingPattern>X</MaskingPattern>
	</RowData>
	<RowData><ProcessDefId>3</ProcessDefId><VariableId>80</VariableId><VarFieldId>35</VarFieldId><TypeId>3</TypeId><TypeFieldId>34</TypeFieldId><ParentVarFieldId>1</ParentVarFieldId><MappedObjectName>SSC_LIM</MappedObjectName><ExtObjId>5</ExtObjId><MappedObjectType>C</MappedObjectType><FieldLength>50</FieldLength><VarPrecision>0</VarPrecision><RelationId>0</RelationId><IsEncrypted>N</IsEncrypted><IsMasked>N</IsMasked><MaskingPattern>X</MaskingPattern>
	</RowData>
	<RowData><ProcessDefId>3</ProcessDefId><VariableId>80</VariableId><VarFieldId>36</VarFieldId><TypeId>3</TypeId><TypeFieldId>35</TypeFieldId><ParentVarFieldId>1</ParentVarFieldId><MappedObjectName>LIMIT_LINE</MappedObjectName><ExtObjId>5</ExtObjId><MappedObjectType>C</MappedObjectType><FieldLength>2</FieldLength><VarPrecision>0</VarPrecision><RelationId>0</RelationId><IsEncrypted>N</IsEncrypted><IsMasked>N</IsMasked><MaskingPattern>X</MaskingPattern>
	</RowData>
	<RowData><ProcessDefId>3</ProcessDefId><VariableId>80</VariableId><VarFieldId>37</VarFieldId><TypeId>3</TypeId><TypeFieldId>36</TypeFieldId><ParentVarFieldId>1</ParentVarFieldId><MappedObjectName>ACTUAL_QTY</MappedObjectName><ExtObjId>5</ExtObjId><MappedObjectType>C</MappedObjectType><FieldLength>50</FieldLength><VarPrecision>0</VarPrecision><RelationId>0</RelationId><IsEncrypted>N</IsEncrypted><IsMasked>N</IsMasked><MaskingPattern>X</MaskingPattern>
	</RowData>
	<RowData><ProcessDefId>3</ProcessDefId><VariableId>80</VariableId><VarFieldId>38</VarFieldId><TypeId>3</TypeId><TypeFieldId>37</TypeFieldId><ParentVarFieldId>1</ParentVarFieldId><MappedObjectName>ACTUAL_VAL</MappedObjectName><ExtObjId>5</ExtObjId><MappedObjectType>C</MappedObjectType><FieldLength>50</FieldLength><VarPrecision>0</VarPrecision><RelationId>0</RelationId><IsEncrypted>N</IsEncrypted><IsMasked>N</IsMasked><MaskingPattern>X</MaskingPattern>
	</RowData>
	<RowData><ProcessDefId>3</ProcessDefId><VariableId>80</VariableId><VarFieldId>39</VarFieldId><TypeId>3</TypeId><TypeFieldId>38</TypeFieldId><ParentVarFieldId>1</ParentVarFieldId><MappedObjectName>CON_VALUE</MappedObjectName><ExtObjId>5</ExtObjId><MappedObjectType>C</MappedObjectType><FieldLength>50</FieldLength><VarPrecision>0</VarPrecision><RelationId>0</RelationId><IsEncrypted>N</IsEncrypted><IsMasked>N</IsMasked><MaskingPattern>X</MaskingPattern>
	</RowData>
	<RowData><ProcessDefId>3</ProcessDefId><VariableId>80</VariableId><VarFieldId>40</VarFieldId><TypeId>3</TypeId><TypeFieldId>39</TypeFieldId><ParentVarFieldId>1</ParentVarFieldId><MappedObjectName>CON_QTY</MappedObjectName><ExtObjId>5</ExtObjId><MappedObjectType>C</MappedObjectType><FieldLength>50</FieldLength><VarPrecision>0</VarPrecision><RelationId>0</RelationId><IsEncrypted>N</IsEncrypted><IsMasked>N</IsMasked><MaskingPattern>X</MaskingPattern>
	</RowData>
	<RowData><ProcessDefId>3</ProcessDefId><VariableId>80</VariableId><VarFieldId>41</VarFieldId><TypeId>3</TypeId><TypeFieldId>40</TypeFieldId><ParentVarFieldId>1</ParentVarFieldId><MappedObjectName>TARGET_VAL</MappedObjectName><ExtObjId>5</ExtObjId><MappedObjectType>C</MappedObjectType><FieldLength>50</FieldLength><VarPrecision>0</VarPrecision><RelationId>0</RelationId><IsEncrypted>N</IsEncrypted><IsMasked>N</IsMasked><MaskingPattern>X</MaskingPattern>
	</RowData>
	<RowData><ProcessDefId>3</ProcessDefId><VariableId>80</VariableId><VarFieldId>42</VarFieldId><TypeId>3</TypeId><TypeFieldId>41</TypeFieldId><ParentVarFieldId>1</ParentVarFieldId><MappedObjectName>UNPL_VAL</MappedObjectName><ExtObjId>5</ExtObjId><MappedObjectType>C</MappedObjectType><FieldLength>50</FieldLength><VarPrecision>0</VarPrecision><RelationId>0</RelationId><IsEncrypted>N</IsEncrypted><IsMasked>N</IsMasked><MaskingPattern>X</MaskingPattern>
	</RowData>
	<RowData><ProcessDefId>3</ProcessDefId><VariableId>80</VariableId><VarFieldId>43</VarFieldId><TypeId>3</TypeId><TypeFieldId>42</TypeFieldId><ParentVarFieldId>1</ParentVarFieldId><MappedObjectName>UNPL_QTY</MappedObjectName><ExtObjId>5</ExtObjId><MappedObjectType>C</MappedObjectType><FieldLength>50</FieldLength><VarPrecision>0</VarPrecision><RelationId>0</RelationId><IsEncrypted>N</IsEncrypted><IsMasked>N</IsMasked><MaskingPattern>X</MaskingPattern>
	</RowData>
	<RowData><ProcessDefId>3</ProcessDefId><VariableId>80</VariableId><VarFieldId>44</VarFieldId><TypeId>3</TypeId><TypeFieldId>43</TypeFieldId><ParentVarFieldId>1</ParentVarFieldId><MappedObjectName>BASLINE_NO</MappedObjectName><ExtObjId>5</ExtObjId><MappedObjectType>C</MappedObjectType><FieldLength>2</FieldLength><VarPrecision>0</VarPrecision><RelationId>0</RelationId><IsEncrypted>N</IsEncrypted><IsMasked>N</IsMasked><MaskingPattern>X</MaskingPattern>
	</RowData>
	<RowData><ProcessDefId>3</ProcessDefId><VariableId>80</VariableId><VarFieldId>45</VarFieldId><TypeId>3</TypeId><TypeFieldId>44</TypeFieldId><ParentVarFieldId>1</ParentVarFieldId><MappedObjectName>BASIC_LINE</MappedObjectName><ExtObjId>5</ExtObjId><MappedObjectType>C</MappedObjectType><FieldLength>50</FieldLength><VarPrecision>0</VarPrecision><RelationId>0</RelationId><IsEncrypted>N</IsEncrypted><IsMasked>N</IsMasked><MaskingPattern>X</MaskingPattern>
	</RowData>
	<RowData><ProcessDefId>3</ProcessDefId><VariableId>80</VariableId><VarFieldId>46</VarFieldId><TypeId>3</TypeId><TypeFieldId>45</TypeFieldId><ParentVarFieldId>1</ParentVarFieldId><MappedObjectName>ALTERNAT</MappedObjectName><ExtObjId>5</ExtObjId><MappedObjectType>C</MappedObjectType><FieldLength>50</FieldLength><VarPrecision>0</VarPrecision><RelationId>0</RelationId><IsEncrypted>N</IsEncrypted><IsMasked>N</IsMasked><MaskingPattern>X</MaskingPattern>
	</RowData>
	<RowData><ProcessDefId>3</ProcessDefId><VariableId>80</VariableId><VarFieldId>47</VarFieldId><TypeId>3</TypeId><TypeFieldId>46</TypeFieldId><ParentVarFieldId>1</ParentVarFieldId><MappedObjectName>BIDDER</MappedObjectName><ExtObjId>5</ExtObjId><MappedObjectType>C</MappedObjectType><FieldLength>50</FieldLength><VarPrecision>0</VarPrecision><RelationId>0</RelationId><IsEncrypted>N</IsEncrypted><IsMasked>N</IsMasked><MaskingPattern>X</MaskingPattern>
	</RowData>
	<RowData><ProcessDefId>3</ProcessDefId><VariableId>80</VariableId><VarFieldId>48</VarFieldId><TypeId>3</TypeId><TypeFieldId>47</TypeFieldId><ParentVarFieldId>1</ParentVarFieldId><MappedObjectName>SUPP_LINE</MappedObjectName><ExtObjId>5</ExtObjId><MappedObjectType>C</MappedObjectType><FieldLength>50</FieldLength><VarPrecision>0</VarPrecision><RelationId>0</RelationId><IsEncrypted>N</IsEncrypted><IsMasked>N</IsMasked><MaskingPattern>X</MaskingPattern>
	</RowData>
	<RowData><ProcessDefId>3</ProcessDefId><VariableId>80</VariableId><VarFieldId>49</VarFieldId><TypeId>3</TypeId><TypeFieldId>48</TypeFieldId><ParentVarFieldId>1</ParentVarFieldId><MappedObjectName>OPEN_QTY</MappedObjectName><ExtObjId>5</ExtObjId><MappedObjectType>C</MappedObjectType><FieldLength>50</FieldLength><VarPrecision>0</VarPrecision><RelationId>0</RelationId><IsEncrypted>N</IsEncrypted><IsMasked>N</IsMasked><MaskingPattern>X</MaskingPattern>
	</RowData>
	<RowData><ProcessDefId>3</ProcessDefId><VariableId>80</VariableId><VarFieldId>50</VarFieldId><TypeId>3</TypeId><TypeFieldId>49</TypeFieldId><ParentVarFieldId>1</ParentVarFieldId><MappedObjectName>INFORM</MappedObjectName><ExtObjId>5</ExtObjId><MappedObjectType>C</MappedObjectType><FieldLength>50</FieldLength><VarPrecision>0</VarPrecision><RelationId>0</RelationId><IsEncrypted>N</IsEncrypted><IsMasked>N</IsMasked><MaskingPattern>X</MaskingPattern>
	</RowData>
	<RowData><ProcessDefId>3</ProcessDefId><VariableId>80</VariableId><VarFieldId>51</VarFieldId><TypeId>3</TypeId><TypeFieldId>50</TypeFieldId><ParentVarFieldId>1</ParentVarFieldId><MappedObjectName>BLANKET</MappedObjectName><ExtObjId>5</ExtObjId><MappedObjectType>C</MappedObjectType><FieldLength>50</FieldLength><VarPrecision>0</VarPrecision><RelationId>0</RelationId><IsEncrypted>N</IsEncrypted><IsMasked>N</IsMasked><MaskingPattern>X</MaskingPattern>
	</RowData>
	<RowData><ProcessDefId>3</ProcessDefId><VariableId>80</VariableId><VarFieldId>52</VarFieldId><TypeId>3</TypeId><TypeFieldId>51</TypeFieldId><ParentVarFieldId>1</ParentVarFieldId><MappedObjectName>EVENTUAL</MappedObjectName><ExtObjId>5</ExtObjId><MappedObjectType>C</MappedObjectType><FieldLength>50</FieldLength><VarPrecision>0</VarPrecision><RelationId>0</RelationId><IsEncrypted>N</IsEncrypted><IsMasked>N</IsMasked><MaskingPattern>X</MaskingPattern>
	</RowData>
	<RowData><ProcessDefId>3</ProcessDefId><VariableId>80</VariableId><VarFieldId>53</VarFieldId><TypeId>3</TypeId><TypeFieldId>52</TypeFieldId><ParentVarFieldId>1</ParentVarFieldId><MappedObjectName>TAX_CODE</MappedObjectName><ExtObjId>5</ExtObjId><MappedObjectType>C</MappedObjectType><FieldLength>50</FieldLength><VarPrecision>0</VarPrecision><RelationId>0</RelationId><IsEncrypted>N</IsEncrypted><IsMasked>N</IsMasked><MaskingPattern>X</MaskingPattern>
	</RowData>
	<RowData><ProcessDefId>3</ProcessDefId><VariableId>80</VariableId><VarFieldId>54</VarFieldId><TypeId>3</TypeId><TypeFieldId>53</TypeFieldId><ParentVarFieldId>1</ParentVarFieldId><MappedObjectName>TAXJURCODE</MappedObjectName><ExtObjId>5</ExtObjId><MappedObjectType>C</MappedObjectType><FieldLength>50</FieldLength><VarPrecision>0</VarPrecision><RelationId>0</RelationId><IsEncrypted>N</IsEncrypted><IsMasked>N</IsMasked><MaskingPattern>X</MaskingPattern>
	</RowData>
	<RowData><ProcessDefId>3</ProcessDefId><VariableId>80</VariableId><VarFieldId>55</VarFieldId><TypeId>3</TypeId><TypeFieldId>54</TypeFieldId><ParentVarFieldId>1</ParentVarFieldId><MappedObjectName>PRICE_CHG</MappedObjectName><ExtObjId>5</ExtObjId><MappedObjectType>C</MappedObjectType><FieldLength>50</FieldLength><VarPrecision>0</VarPrecision><RelationId>0</RelationId><IsEncrypted>N</IsEncrypted><IsMasked>N</IsMasked><MaskingPattern>X</MaskingPattern>
	</RowData>
	<RowData><ProcessDefId>3</ProcessDefId><VariableId>80</VariableId><VarFieldId>56</VarFieldId><TypeId>3</TypeId><TypeFieldId>55</TypeFieldId><ParentVarFieldId>1</ParentVarFieldId><MappedObjectName>MATL_GROUP</MappedObjectName><ExtObjId>5</ExtObjId><MappedObjectType>C</MappedObjectType><FieldLength>50</FieldLength><VarPrecision>0</VarPrecision><RelationId>0</RelationId><IsEncrypted>N</IsEncrypted><IsMasked>N</IsMasked><MaskingPattern>X</MaskingPattern>
	</RowData>
	<RowData><ProcessDefId>3</ProcessDefId><VariableId>80</VariableId><VarFieldId>57</VarFieldId><TypeId>3</TypeId><TypeFieldId>56</TypeFieldId><ParentVarFieldId>1</ParentVarFieldId><MappedObjectName>NOND_ITAX</MappedObjectName><ExtObjId>5</ExtObjId><MappedObjectType>C</MappedObjectType><FieldLength>50</FieldLength><VarPrecision>0</VarPrecision><RelationId>0</RelationId><IsEncrypted>N</IsEncrypted><IsMasked>N</IsMasked><MaskingPattern>X</MaskingPattern>
	</RowData>
	<RowData><ProcessDefId>3</ProcessDefId><VariableId>80</VariableId><VarFieldId>58</VarFieldId><TypeId>3</TypeId><TypeFieldId>57</TypeFieldId><ParentVarFieldId>1</ParentVarFieldId><MappedObjectName>DATE_1</MappedObjectName><ExtObjId>5</ExtObjId><MappedObjectType>C</MappedObjectType><FieldLength>8</FieldLength><VarPrecision>0</VarPrecision><RelationId>0</RelationId><IsEncrypted>N</IsEncrypted><IsMasked>N</IsMasked><MaskingPattern>X</MaskingPattern>
	</RowData>
	<RowData><ProcessDefId>3</ProcessDefId><VariableId>80</VariableId><VarFieldId>59</VarFieldId><TypeId>3</TypeId><TypeFieldId>58</TypeFieldId><ParentVarFieldId>1</ParentVarFieldId><MappedObjectName>BEGINTIME</MappedObjectName><ExtObjId>5</ExtObjId><MappedObjectType>C</MappedObjectType><FieldLength>50</FieldLength><VarPrecision>0</VarPrecision><RelationId>0</RelationId><IsEncrypted>N</IsEncrypted><IsMasked>N</IsMasked><MaskingPattern>X</MaskingPattern>
	</RowData>
	<RowData><ProcessDefId>3</ProcessDefId><VariableId>80</VariableId><VarFieldId>60</VarFieldId><TypeId>3</TypeId><TypeFieldId>59</TypeFieldId><ParentVarFieldId>1</ParentVarFieldId><MappedObjectName>ENDTIME</MappedObjectName><ExtObjId>5</ExtObjId><MappedObjectType>C</MappedObjectType><FieldLength>50</FieldLength><VarPrecision>0</VarPrecision><RelationId>0</RelationId><IsEncrypted>N</IsEncrypted><IsMasked>N</IsMasked><MaskingPattern>X</MaskingPattern>
	</RowData>
	<RowData><ProcessDefId>3</ProcessDefId><VariableId>80</VariableId><VarFieldId>61</VarFieldId><TypeId>3</TypeId><TypeFieldId>60</TypeFieldId><ParentVarFieldId>1</ParentVarFieldId><MappedObjectName>EXTPERS_NO</MappedObjectName><ExtObjId>5</ExtObjId><MappedObjectType>C</MappedObjectType><FieldLength>50</FieldLength><VarPrecision>0</VarPrecision><RelationId>0</RelationId><IsEncrypted>N</IsEncrypted><IsMasked>N</IsMasked><MaskingPattern>X</MaskingPattern>
	</RowData>
	<RowData><ProcessDefId>3</ProcessDefId><VariableId>80</VariableId><VarFieldId>62</VarFieldId><TypeId>3</TypeId><TypeFieldId>61</TypeFieldId><ParentVarFieldId>1</ParentVarFieldId><MappedObjectName>FORMULA</MappedObjectName><ExtObjId>5</ExtObjId><MappedObjectType>C</MappedObjectType><FieldLength>50</FieldLength><VarPrecision>0</VarPrecision><RelationId>0</RelationId><IsEncrypted>N</IsEncrypted><IsMasked>N</IsMasked><MaskingPattern>X</MaskingPattern>
	</RowData>
	<RowData><ProcessDefId>3</ProcessDefId><VariableId>80</VariableId><VarFieldId>63</VarFieldId><TypeId>3</TypeId><TypeFieldId>62</TypeFieldId><ParentVarFieldId>1</ParentVarFieldId><MappedObjectName>FORM_VAL1</MappedObjectName><ExtObjId>5</ExtObjId><MappedObjectType>C</MappedObjectType><FieldLength>50</FieldLength><VarPrecision>0</VarPrecision><RelationId>0</RelationId><IsEncrypted>N</IsEncrypted><IsMasked>N</IsMasked><MaskingPattern>X</MaskingPattern>
	</RowData>
	<RowData><ProcessDefId>3</ProcessDefId><VariableId>80</VariableId><VarFieldId>64</VarFieldId><TypeId>3</TypeId><TypeFieldId>63</TypeFieldId><ParentVarFieldId>1</ParentVarFieldId><MappedObjectName>FORM_VAL2</MappedObjectName><ExtObjId>5</ExtObjId><MappedObjectType>C</MappedObjectType><FieldLength>50</FieldLength><VarPrecision>0</VarPrecision><RelationId>0</RelationId><IsEncrypted>N</IsEncrypted><IsMasked>N</IsMasked><MaskingPattern>X</MaskingPattern>
	</RowData>
	<RowData><ProcessDefId>3</ProcessDefId><VariableId>80</VariableId><VarFieldId>65</VarFieldId><TypeId>3</TypeId><TypeFieldId>64</TypeFieldId><ParentVarFieldId>1</ParentVarFieldId><MappedObjectName>FORM_VAL3</MappedObjectName><ExtObjId>5</ExtObjId><MappedObjectType>C</MappedObjectType><FieldLength>50</FieldLength><VarPrecision>0</VarPrecision><RelationId>0</RelationId><IsEncrypted>N</IsEncrypted><IsMasked>N</IsMasked><MaskingPattern>X</MaskingPattern>
	</RowData>
	<RowData><ProcessDefId>3</ProcessDefId><VariableId>80</VariableId><VarFieldId>66</VarFieldId><TypeId>3</TypeId><TypeFieldId>65</TypeFieldId><ParentVarFieldId>1</ParentVarFieldId><MappedObjectName>FORM_VAL4</MappedObjectName><ExtObjId>5</ExtObjId><MappedObjectType>C</MappedObjectType><FieldLength>50</FieldLength><VarPrecision>0</VarPrecision><RelationId>0</RelationId><IsEncrypted>N</IsEncrypted><IsMasked>N</IsMasked><MaskingPattern>X</MaskingPattern>
	</RowData>
	<RowData><ProcessDefId>3</ProcessDefId><VariableId>80</VariableId><VarFieldId>67</VarFieldId><TypeId>3</TypeId><TypeFieldId>66</TypeFieldId><ParentVarFieldId>1</ParentVarFieldId><MappedObjectName>FORM_VAL5</MappedObjectName><ExtObjId>5</ExtObjId><MappedObjectType>C</MappedObjectType><FieldLength>50</FieldLength><VarPrecision>0</VarPrecision><RelationId>0</RelationId><IsEncrypted>N</IsEncrypted><IsMasked>N</IsMasked><MaskingPattern>X</MaskingPattern>
	</RowData>
	<RowData><ProcessDefId>3</ProcessDefId><VariableId>80</VariableId><VarFieldId>68</VarFieldId><TypeId>3</TypeId><TypeFieldId>67</TypeFieldId><ParentVarFieldId>1</ParentVarFieldId><MappedObjectName>USERF1_NUM</MappedObjectName><ExtObjId>5</ExtObjId><MappedObjectType>C</MappedObjectType><FieldLength>2</FieldLength><VarPrecision>0</VarPrecision><RelationId>0</RelationId><IsEncrypted>N</IsEncrypted><IsMasked>N</IsMasked><MaskingPattern>X</MaskingPattern>
	</RowData>
	<RowData><ProcessDefId>3</ProcessDefId><VariableId>80</VariableId><VarFieldId>69</VarFieldId><TypeId>3</TypeId><TypeFieldId>68</TypeFieldId><ParentVarFieldId>1</ParentVarFieldId><MappedObjectName>USERF2_NUM</MappedObjectName><ExtObjId>5</ExtObjId><MappedObjectType>C</MappedObjectType><FieldLength>50</FieldLength><VarPrecision>0</VarPrecision><RelationId>0</RelationId><IsEncrypted>N</IsEncrypted><IsMasked>N</IsMasked><MaskingPattern>X</MaskingPattern>
	</RowData>
</PMWUDTVarMappingTable_1>