<PMWVarRelationTable>
	<RowData><ProcessDefId>3</ProcessDefId><RelationId>3</RelationId><OrderId>1</OrderId><ParentObject>WFINSTRUMENTTABLE</ParentObject><Foreignkey>ProcessInstanceId</Foreignkey><FautoGen>N</FautoGen><ChildObject>complex_orient_acc_assignment</ChildObject><Refkey>pinstanceid</Refkey><RautoGen>N</RautoGen>
	</RowData>
	<RowData><ProcessDefId>3</ProcessDefId><RelationId>4</RelationId><OrderId>1</OrderId><ParentObject>WFINSTRUMENTTABLE</ParentObject><Foreignkey>ProcessInstanceId</Foreignkey><FautoGen>N</FautoGen><ChildObject>complex_orient_entry_service</ChildObject><Refkey>pinstanceid</Refkey><RautoGen>N</RautoGen>
	</RowData>
	<RowData><ProcessDefId>3</ProcessDefId><RelationId>5</RelationId><OrderId>1</OrderId><ParentObject>WFINSTRUMENTTABLE</ParentObject><Foreignkey>ProcessInstanceId</Foreignkey><FautoGen>N</FautoGen><ChildObject>complex_orient_pohistory</ChildObject><Refkey>pinstanceid</Refkey><RautoGen>N</RautoGen>
	</RowData>
	<RowData><ProcessDefId>3</ProcessDefId><RelationId>6</RelationId><OrderId>1</OrderId><ParentObject>WFINSTRUMENTTABLE</ParentObject><Foreignkey>ProcessInstanceId</Foreignkey><FautoGen>N</FautoGen><ChildObject>complex_orient_poitem_history</ChildObject><Refkey>pinstanceid</Refkey><RautoGen>N</RautoGen>
	</RowData>
	<RowData><ProcessDefId>3</ProcessDefId><RelationId>7</RelationId><OrderId>1</OrderId><ParentObject>WFINSTRUMENTTABLE</ParentObject><Foreignkey>ProcessInstanceId</Foreignkey><FautoGen>N</FautoGen><ChildObject>complex_orient_serviceapproval</ChildObject><Refkey>pinstanceid</Refkey><RautoGen>N</RautoGen>
	</RowData>
	<RowData><ProcessDefId>3</ProcessDefId><RelationId>8</RelationId><OrderId>1</OrderId><ParentObject>WFINSTRUMENTTABLE</ParentObject><Foreignkey>ProcessInstanceId</Foreignkey><FautoGen>N</FautoGen><ChildObject>complex_orient_entrysheet_sel</ChildObject><Refkey>pinstanceid</Refkey><RautoGen>N</RautoGen>
	</RowData>
	<RowData><ProcessDefId>3</ProcessDefId><RelationId>11</RelationId><OrderId>1</OrderId><ParentObject>WFINSTRUMENTTABLE</ParentObject><Foreignkey>ProcessInstanceId</Foreignkey><FautoGen>N</FautoGen><ChildObject>complex_orient_po_item</ChildObject><Refkey>pinstanceid</Refkey><RautoGen>N</RautoGen>
	</RowData>
	<RowData><ProcessDefId>3</ProcessDefId><RelationId>12</RelationId><OrderId>1</OrderId><ParentObject>WFINSTRUMENTTABLE</ParentObject><Foreignkey>ProcessInstanceId</Foreignkey><FautoGen>N</FautoGen><ChildObject>complex_orient_service_po_item</ChildObject><Refkey>pinstanceid</Refkey><RautoGen>N</RautoGen>
	</RowData>
	<RowData><ProcessDefId>3</ProcessDefId><RelationId>13</RelationId><OrderId>1</OrderId><ParentObject>WFINSTRUMENTTABLE</ParentObject><Foreignkey>ProcessInstanceId</Foreignkey><FautoGen>N</FautoGen><ChildObject>complex_exception_details</ChildObject><Refkey>pinstanceid</Refkey><RautoGen>N</RautoGen>
	</RowData>
	<RowData><ProcessDefId>3</ProcessDefId><RelationId>17</RelationId><OrderId>1</OrderId><ParentObject>WFINSTRUMENTTABLE</ParentObject><Foreignkey>ProcessInstanceId</Foreignkey><FautoGen>N</FautoGen><ChildObject>complex_tds_calculation</ChildObject><Refkey>pinstanceid</Refkey><RautoGen>N</RautoGen>
	</RowData>
	<RowData><ProcessDefId>3</ProcessDefId><RelationId>18</RelationId><OrderId>1</OrderId><ParentObject>WFINSTRUMENTTABLE</ParentObject><Foreignkey>ProcessInstanceId</Foreignkey><FautoGen>N</FautoGen><ChildObject>complex_orient_witholding</ChildObject><Refkey>pinstanceid</Refkey><RautoGen>N</RautoGen>
	</RowData>
	<RowData><ProcessDefId>3</ProcessDefId><RelationId>19</RelationId><OrderId>1</OrderId><ParentObject>WFINSTRUMENTTABLE</ParentObject><Foreignkey>ProcessInstanceId</Foreignkey><FautoGen>N</FautoGen><ChildObject>complex_service_SheetDetails</ChildObject><Refkey>pistanceid</Refkey><RautoGen>N</RautoGen>
	</RowData>
</PMWVarRelationTable>