<PMWWORKSTAGELINKTABLE>
	<RowData><ProcessDefId>3</ProcessDefId><SourceId>16</SourceId><TargetId>10</TargetId><Color>1234</Color><Type>D</Type><ConnectionId>64</ConnectionId>
	</RowData>
	<RowData><ProcessDefId>3</ProcessDefId><SourceId>3</SourceId><TargetId>17</TargetId><Color>1234</Color><Type>D</Type><ConnectionId>65</ConnectionId>
	</RowData>
	<RowData><ProcessDefId>3</ProcessDefId><SourceId>2</SourceId><TargetId>24</TargetId><Color>1234</Color><Type>D</Type><ConnectionId>77</ConnectionId>
	</RowData>
	<RowData><ProcessDefId>3</ProcessDefId><SourceId>25</SourceId><TargetId>26</TargetId><Color>1234</Color><Type>D</Type><ConnectionId>83</ConnectionId>
	</RowData>
	<RowData><ProcessDefId>3</ProcessDefId><SourceId>26</SourceId><TargetId>3</TargetId><Color>1234</Color><Type>D</Type><ConnectionId>84</ConnectionId>
	</RowData>
	<RowData><ProcessDefId>3</ProcessDefId><SourceId>26</SourceId><TargetId>27</TargetId><Color>1234</Color><Type>D</Type><ConnectionId>85</ConnectionId>
	</RowData>
	<RowData><ProcessDefId>3</ProcessDefId><SourceId>27</SourceId><TargetId>25</TargetId><Color>1234</Color><Type>D</Type><ConnectionId>86</ConnectionId>
	</RowData>
	<RowData><ProcessDefId>3</ProcessDefId><SourceId>24</SourceId><TargetId>3</TargetId><Color>1234</Color><Type>D</Type><ConnectionId>87</ConnectionId>
	</RowData>
	<RowData><ProcessDefId>3</ProcessDefId><SourceId>24</SourceId><TargetId>23</TargetId><Color>1234</Color><Type>D</Type><ConnectionId>88</ConnectionId>
	</RowData>
	<RowData><ProcessDefId>3</ProcessDefId><SourceId>1</SourceId><TargetId>29</TargetId><Color>1234</Color><Type>D</Type><ConnectionId>89</ConnectionId>
	</RowData>
	<RowData><ProcessDefId>3</ProcessDefId><SourceId>23</SourceId><TargetId>31</TargetId><Color>1234</Color><Type>D</Type><ConnectionId>92</ConnectionId>
	</RowData>
	<RowData><ProcessDefId>3</ProcessDefId><SourceId>31</SourceId><TargetId>3</TargetId><Color>1234</Color><Type>D</Type><ConnectionId>93</ConnectionId>
	</RowData>
	<RowData><ProcessDefId>3</ProcessDefId><SourceId>31</SourceId><TargetId>2</TargetId><Color>1234</Color><Type>D</Type><ConnectionId>94</ConnectionId>
	</RowData>
	<RowData><ProcessDefId>3</ProcessDefId><SourceId>31</SourceId><TargetId>30</TargetId><Color>1234</Color><Type>D</Type><ConnectionId>95</ConnectionId>
	</RowData>
	<RowData><ProcessDefId>3</ProcessDefId><SourceId>17</SourceId><TargetId>16</TargetId><Color>1234</Color><Type>D</Type><ConnectionId>98</ConnectionId>
	</RowData>
	<RowData><ProcessDefId>3</ProcessDefId><SourceId>17</SourceId><TargetId>30</TargetId><Color>1234</Color><Type>D</Type><ConnectionId>99</ConnectionId>
	</RowData>
	<RowData><ProcessDefId>3</ProcessDefId><SourceId>29</SourceId><TargetId>2</TargetId><Color>1234</Color><Type>D</Type><ConnectionId>100</ConnectionId>
	</RowData>
	<RowData><ProcessDefId>3</ProcessDefId><SourceId>29</SourceId><TargetId>30</TargetId><Color>1234</Color><Type>D</Type><ConnectionId>101</ConnectionId>
	</RowData>
</PMWWORKSTAGELINKTABLE>