<PMWActivityAssociationTable_4>
	<RowData><ProcessDefId>4</ProcessDefId><ActivityId>12</ActivityId><DefinitionType>I</DefinitionType><DefinitionId>168</DefinitionId><AccessFlag></AccessFlag><FieldName>pan_inv</FieldName><Attribute>R</Attribute><ExtObjID>1</ExtObjID><VariableId>163</VariableId>
	</RowData>
	<RowData><ProcessDefId>4</ProcessDefId><ActivityId>12</ActivityId><DefinitionType>I</DefinitionType><DefinitionId>178</DefinitionId><AccessFlag></AccessFlag><FieldName>remarks_audit</FieldName><Attribute>R</Attribute><ExtObjID>1</ExtObjID><VariableId>151</VariableId>
	</RowData>
	<RowData><ProcessDefId>4</ProcessDefId><ActivityId>12</ActivityId><DefinitionType>I</DefinitionType><DefinitionId>181</DefinitionId><AccessFlag></AccessFlag><FieldName>po_cat</FieldName><Attribute>R</Attribute><ExtObjID>1</ExtObjID><VariableId>168</VariableId>
	</RowData>
	<RowData><ProcessDefId>4</ProcessDefId><ActivityId>12</ActivityId><DefinitionType>I</DefinitionType><DefinitionId>184</DefinitionId><AccessFlag></AccessFlag><FieldName>inv_post_rev</FieldName><Attribute>R</Attribute><ExtObjID>1</ExtObjID><VariableId>171</VariableId>
	</RowData>
	<RowData><ProcessDefId>4</ProcessDefId><ActivityId>12</ActivityId><DefinitionType>I</DefinitionType><DefinitionId>186</DefinitionId><AccessFlag></AccessFlag><FieldName>orient_GST</FieldName><Attribute>R</Attribute><ExtObjID>1</ExtObjID><VariableId>161</VariableId>
	</RowData>
	<RowData><ProcessDefId>4</ProcessDefId><ActivityId>12</ActivityId><DefinitionType>I</DefinitionType><DefinitionId>198</DefinitionId><AccessFlag></AccessFlag><FieldName>orient_PAN</FieldName><Attribute>R</Attribute><ExtObjID>1</ExtObjID><VariableId>162</VariableId>
	</RowData>
	<RowData><ProcessDefId>4</ProcessDefId><ActivityId>12</ActivityId><DefinitionType>I</DefinitionType><DefinitionId>199</DefinitionId><AccessFlag></AccessFlag><FieldName>q_multiplepo</FieldName><Attribute>R</Attribute><ExtObjID>1</ExtObjID><VariableId>176</VariableId>
	</RowData>
	<RowData><ProcessDefId>4</ProcessDefId><ActivityId>12</ActivityId><DefinitionType>I</DefinitionType><DefinitionId>205</DefinitionId><AccessFlag></AccessFlag><FieldName>remarks_l4</FieldName><Attribute>R</Attribute><ExtObjID>1</ExtObjID><VariableId>108</VariableId>
	</RowData>
	<RowData><ProcessDefId>4</ProcessDefId><ActivityId>12</ActivityId><DefinitionType>I</DefinitionType><DefinitionId>206</DefinitionId><AccessFlag></AccessFlag><FieldName>entrysheet_no</FieldName><Attribute>R</Attribute><ExtObjID>1</ExtObjID><VariableId>138</VariableId>
	</RowData>
	<RowData><ProcessDefId>4</ProcessDefId><ActivityId>12</ActivityId><DefinitionType>I</DefinitionType><DefinitionId>207</DefinitionId><AccessFlag></AccessFlag><FieldName>remarks_l1</FieldName><Attribute>R</Attribute><ExtObjID>1</ExtObjID><VariableId>105</VariableId>
	</RowData>
	<RowData><ProcessDefId>4</ProcessDefId><ActivityId>12</ActivityId><DefinitionType>I</DefinitionType><DefinitionId>208</DefinitionId><AccessFlag></AccessFlag><FieldName>errordesc</FieldName><Attribute>R</Attribute><ExtObjID>1</ExtObjID><VariableId>59</VariableId>
	</RowData>
	<RowData><ProcessDefId>4</ProcessDefId><ActivityId>12</ActivityId><DefinitionType>I</DefinitionType><DefinitionId>209</DefinitionId><AccessFlag></AccessFlag><FieldName>output_po_number</FieldName><Attribute>R</Attribute><ExtObjID>1</ExtObjID><VariableId>83</VariableId>
	</RowData>
	<RowData><ProcessDefId>4</ProcessDefId><ActivityId>12</ActivityId><DefinitionType>I</DefinitionType><DefinitionId>210</DefinitionId><AccessFlag></AccessFlag><FieldName>remarks_l3</FieldName><Attribute>R</Attribute><ExtObjID>1</ExtObjID><VariableId>107</VariableId>
	</RowData>
	<RowData><ProcessDefId>4</ProcessDefId><ActivityId>12</ActivityId><DefinitionType>I</DefinitionType><DefinitionId>211</DefinitionId><AccessFlag></AccessFlag><FieldName>remarks_l2</FieldName><Attribute>R</Attribute><ExtObjID>1</ExtObjID><VariableId>106</VariableId>
	</RowData>
	<RowData><ProcessDefId>4</ProcessDefId><ActivityId>12</ActivityId><DefinitionType>I</DefinitionType><DefinitionId>212</DefinitionId><AccessFlag></AccessFlag><FieldName>mdoc103_rev</FieldName><Attribute>R</Attribute><ExtObjID>1</ExtObjID><VariableId>156</VariableId>
	</RowData>
	<RowData><ProcessDefId>4</ProcessDefId><ActivityId>12</ActivityId><DefinitionType>I</DefinitionType><DefinitionId>213</DefinitionId><AccessFlag></AccessFlag><FieldName>q_orient_invoice_item</FieldName><Attribute>R</Attribute><ExtObjID>1</ExtObjID><VariableId>121</VariableId>
	</RowData>
	<RowData><ProcessDefId>4</ProcessDefId><ActivityId>12</ActivityId><DefinitionType>I</DefinitionType><DefinitionId>215</DefinitionId><AccessFlag></AccessFlag><FieldName>ScanUserComment</FieldName><Attribute>R</Attribute><ExtObjID>1</ExtObjID><VariableId>115</VariableId>
	</RowData>
	<RowData><ProcessDefId>4</ProcessDefId><ActivityId>12</ActivityId><DefinitionType>I</DefinitionType><DefinitionId>217</DefinitionId><AccessFlag></AccessFlag><FieldName>inv_park</FieldName><Attribute>R</Attribute><ExtObjID>1</ExtObjID><VariableId>130</VariableId>
	</RowData>
	<RowData><ProcessDefId>4</ProcessDefId><ActivityId>12</ActivityId><DefinitionType>I</DefinitionType><DefinitionId>218</DefinitionId><AccessFlag></AccessFlag><FieldName>pur_org</FieldName><Attribute>R</Attribute><ExtObjID>1</ExtObjID><VariableId>69</VariableId>
	</RowData>
	<RowData><ProcessDefId>4</ProcessDefId><ActivityId>12</ActivityId><DefinitionType>I</DefinitionType><DefinitionId>219</DefinitionId><AccessFlag></AccessFlag><FieldName>q_polineitem</FieldName><Attribute>R</Attribute><ExtObjID>1</ExtObjID><VariableId>93</VariableId>
	</RowData>
	<RowData><ProcessDefId>4</ProcessDefId><ActivityId>12</ActivityId><DefinitionType>I</DefinitionType><DefinitionId>223</DefinitionId><AccessFlag></AccessFlag><FieldName>invdate_sap</FieldName><Attribute>R</Attribute><ExtObjID>1</ExtObjID><VariableId>136</VariableId>
	</RowData>
	<RowData><ProcessDefId>4</ProcessDefId><ActivityId>12</ActivityId><DefinitionType>I</DefinitionType><DefinitionId>224</DefinitionId><AccessFlag></AccessFlag><FieldName>quality_decision</FieldName><Attribute>R</Attribute><ExtObjID>1</ExtObjID><VariableId>74</VariableId>
	</RowData>
	<RowData><ProcessDefId>4</ProcessDefId><ActivityId>12</ActivityId><DefinitionType>I</DefinitionType><DefinitionId>225</DefinitionId><AccessFlag></AccessFlag><FieldName>po_createdby</FieldName><Attribute>R</Attribute><ExtObjID>1</ExtObjID><VariableId>139</VariableId>
	</RowData>
	<RowData><ProcessDefId>4</ProcessDefId><ActivityId>12</ActivityId><DefinitionType>I</DefinitionType><DefinitionId>226</DefinitionId><AccessFlag></AccessFlag><FieldName>InvoiceTax</FieldName><Attribute>R</Attribute><ExtObjID>1</ExtObjID><VariableId>87</VariableId>
	</RowData>
	<RowData><ProcessDefId>4</ProcessDefId><ActivityId>12</ActivityId><DefinitionType>I</DefinitionType><DefinitionId>228</DefinitionId><AccessFlag></AccessFlag><FieldName>gstn_inv</FieldName><Attribute>R</Attribute><ExtObjID>1</ExtObjID><VariableId>155</VariableId>
	</RowData>
	<RowData><ProcessDefId>4</ProcessDefId><ActivityId>12</ActivityId><DefinitionType>I</DefinitionType><DefinitionId>229</DefinitionId><AccessFlag></AccessFlag><FieldName>gstn_sap</FieldName><Attribute>R</Attribute><ExtObjID>1</ExtObjID><VariableId>154</VariableId>
	</RowData>
	<RowData><ProcessDefId>4</ProcessDefId><ActivityId>12</ActivityId><DefinitionType>I</DefinitionType><DefinitionId>231</DefinitionId><AccessFlag></AccessFlag><FieldName>InvoiceAmount</FieldName><Attribute>R</Attribute><ExtObjID>1</ExtObjID><VariableId>84</VariableId>
	</RowData>
	<RowData><ProcessDefId>4</ProcessDefId><ActivityId>12</ActivityId><DefinitionType>I</DefinitionType><DefinitionId>232</DefinitionId><AccessFlag></AccessFlag><FieldName>po_year1</FieldName><Attribute>R</Attribute><ExtObjID>1</ExtObjID><VariableId>114</VariableId>
	</RowData>
	<RowData><ProcessDefId>4</ProcessDefId><ActivityId>12</ActivityId><DefinitionType>I</DefinitionType><DefinitionId>233</DefinitionId><AccessFlag></AccessFlag><FieldName>q_orient_po_lineitem</FieldName><Attribute>R</Attribute><ExtObjID>1</ExtObjID><VariableId>94</VariableId>
	</RowData>
	<RowData><ProcessDefId>4</ProcessDefId><ActivityId>12</ActivityId><DefinitionType>I</DefinitionType><DefinitionId>234</DefinitionId><AccessFlag></AccessFlag><FieldName>mdoc_sap_push</FieldName><Attribute>R</Attribute><ExtObjID>1</ExtObjID><VariableId>164</VariableId>
	</RowData>
	<RowData><ProcessDefId>4</ProcessDefId><ActivityId>12</ActivityId><DefinitionType>I</DefinitionType><DefinitionId>236</DefinitionId><AccessFlag></AccessFlag><FieldName>inv_post</FieldName><Attribute>R</Attribute><ExtObjID>1</ExtObjID><VariableId>131</VariableId>
	</RowData>
	<RowData><ProcessDefId>4</ProcessDefId><ActivityId>12</ActivityId><DefinitionType>I</DefinitionType><DefinitionId>237</DefinitionId><AccessFlag></AccessFlag><FieldName>accounts_decision</FieldName><Attribute>R</Attribute><ExtObjID>1</ExtObjID><VariableId>169</VariableId>
	</RowData>
	<RowData><ProcessDefId>4</ProcessDefId><ActivityId>12</ActivityId><DefinitionType>I</DefinitionType><DefinitionId>238</DefinitionId><AccessFlag></AccessFlag><FieldName>processid</FieldName><Attribute>R</Attribute><ExtObjID>1</ExtObjID><VariableId>82</VariableId>
	</RowData>
	<RowData><ProcessDefId>4</ProcessDefId><ActivityId>12</ActivityId><DefinitionType>I</DefinitionType><DefinitionId>239</DefinitionId><AccessFlag></AccessFlag><FieldName>PAN</FieldName><Attribute>R</Attribute><ExtObjID>1</ExtObjID><VariableId>90</VariableId>
	</RowData>
	<RowData><ProcessDefId>4</ProcessDefId><ActivityId>12</ActivityId><DefinitionType>I</DefinitionType><DefinitionId>240</DefinitionId><AccessFlag></AccessFlag><FieldName>qualityChildWIFlag</FieldName><Attribute>R</Attribute><ExtObjID>1</ExtObjID><VariableId>58</VariableId>
	</RowData>
	<RowData><ProcessDefId>4</ProcessDefId><ActivityId>12</ActivityId><DefinitionType>I</DefinitionType><DefinitionId>241</DefinitionId><AccessFlag></AccessFlag><FieldName>qa_required</FieldName><Attribute>R</Attribute><ExtObjID>1</ExtObjID><VariableId>133</VariableId>
	</RowData>
	<RowData><ProcessDefId>4</ProcessDefId><ActivityId>12</ActivityId><DefinitionType>I</DefinitionType><DefinitionId>242</DefinitionId><AccessFlag></AccessFlag><FieldName>reversal_req</FieldName><Attribute>R</Attribute><ExtObjID>1</ExtObjID><VariableId>150</VariableId>
	</RowData>
	<RowData><ProcessDefId>4</ProcessDefId><ActivityId>12</ActivityId><DefinitionType>I</DefinitionType><DefinitionId>243</DefinitionId><AccessFlag></AccessFlag><FieldName>service_itemselect</FieldName><Attribute>R</Attribute><ExtObjID>1</ExtObjID><VariableId>165</VariableId>
	</RowData>
	<RowData><ProcessDefId>4</ProcessDefId><ActivityId>12</ActivityId><DefinitionType>I</DefinitionType><DefinitionId>244</DefinitionId><AccessFlag></AccessFlag><FieldName>GateEntryNo</FieldName><Attribute>R</Attribute><ExtObjID>1</ExtObjID><VariableId>88</VariableId>
	</RowData>
	<RowData><ProcessDefId>4</ProcessDefId><ActivityId>12</ActivityId><DefinitionType>I</DefinitionType><DefinitionId>245</DefinitionId><AccessFlag></AccessFlag><FieldName>comp_code</FieldName><Attribute>R</Attribute><ExtObjID>1</ExtObjID><VariableId>124</VariableId>
	</RowData>
	<RowData><ProcessDefId>4</ProcessDefId><ActivityId>12</ActivityId><DefinitionType>I</DefinitionType><DefinitionId>246</DefinitionId><AccessFlag></AccessFlag><FieldName>currency</FieldName><Attribute>R</Attribute><ExtObjID>1</ExtObjID><VariableId>127</VariableId>
	</RowData>
	<RowData><ProcessDefId>4</ProcessDefId><ActivityId>12</ActivityId><DefinitionType>I</DefinitionType><DefinitionId>250</DefinitionId><AccessFlag></AccessFlag><FieldName>duplicateCheck</FieldName><Attribute>R</Attribute><ExtObjID>1</ExtObjID><VariableId>65</VariableId>
	</RowData>
	<RowData><ProcessDefId>4</ProcessDefId><ActivityId>12</ActivityId><DefinitionType>I</DefinitionType><DefinitionId>251</DefinitionId><AccessFlag></AccessFlag><FieldName>delete_storeChildWI</FieldName><Attribute>R</Attribute><ExtObjID>1</ExtObjID><VariableId>67</VariableId>
	</RowData>
	<RowData><ProcessDefId>4</ProcessDefId><ActivityId>12</ActivityId><DefinitionType>I</DefinitionType><DefinitionId>252</DefinitionId><AccessFlag></AccessFlag><FieldName>grn_number</FieldName><Attribute>R</Attribute><ExtObjID>1</ExtObjID><VariableId>66</VariableId>
	</RowData>
	<RowData><ProcessDefId>4</ProcessDefId><ActivityId>12</ActivityId><DefinitionType>I</DefinitionType><DefinitionId>253</DefinitionId><AccessFlag></AccessFlag><FieldName>mdoc105</FieldName><Attribute>R</Attribute><ExtObjID>1</ExtObjID><VariableId>129</VariableId>
	</RowData>
	<RowData><ProcessDefId>4</ProcessDefId><ActivityId>12</ActivityId><DefinitionType>I</DefinitionType><DefinitionId>255</DefinitionId><AccessFlag></AccessFlag><FieldName>mdoc103</FieldName><Attribute>R</Attribute><ExtObjID>1</ExtObjID><VariableId>128</VariableId>
	</RowData>
	<RowData><ProcessDefId>4</ProcessDefId><ActivityId>12</ActivityId><DefinitionType>I</DefinitionType><DefinitionId>256</DefinitionId><AccessFlag></AccessFlag><FieldName>claiminsurance</FieldName><Attribute>R</Attribute><ExtObjID>1</ExtObjID><VariableId>118</VariableId>
	</RowData>
	<RowData><ProcessDefId>4</ProcessDefId><ActivityId>12</ActivityId><DefinitionType>I</DefinitionType><DefinitionId>257</DefinitionId><AccessFlag></AccessFlag><FieldName>remarks_accounts</FieldName><Attribute>R</Attribute><ExtObjID>1</ExtObjID><VariableId>116</VariableId>
	</RowData>
	<RowData><ProcessDefId>4</ProcessDefId><ActivityId>12</ActivityId><DefinitionType>I</DefinitionType><DefinitionId>259</DefinitionId><AccessFlag></AccessFlag><FieldName>reversal_reason</FieldName><Attribute>R</Attribute><ExtObjID>1</ExtObjID><VariableId>152</VariableId>
	</RowData>
	<RowData><ProcessDefId>4</ProcessDefId><ActivityId>12</ActivityId><DefinitionType>I</DefinitionType><DefinitionId>260</DefinitionId><AccessFlag></AccessFlag><FieldName>q_orient_acc_assignment</FieldName><Attribute>R</Attribute><ExtObjID>1</ExtObjID><VariableId>135</VariableId>
	</RowData>
	<RowData><ProcessDefId>4</ProcessDefId><ActivityId>12</ActivityId><DefinitionType>I</DefinitionType><DefinitionId>261</DefinitionId><AccessFlag></AccessFlag><FieldName>gate_decision</FieldName><Attribute>R</Attribute><ExtObjID>1</ExtObjID><VariableId>153</VariableId>
	</RowData>
	<RowData><ProcessDefId>4</ProcessDefId><ActivityId>12</ActivityId><DefinitionType>I</DefinitionType><DefinitionId>262</DefinitionId><AccessFlag></AccessFlag><FieldName>remarks_finance</FieldName><Attribute>R</Attribute><ExtObjID>1</ExtObjID><VariableId>117</VariableId>
	</RowData>
	<RowData><ProcessDefId>4</ProcessDefId><ActivityId>12</ActivityId><DefinitionType>I</DefinitionType><DefinitionId>266</DefinitionId><AccessFlag></AccessFlag><FieldName>pr_number</FieldName><Attribute>R</Attribute><ExtObjID>1</ExtObjID><VariableId>79</VariableId>
	</RowData>
	<RowData><ProcessDefId>4</ProcessDefId><ActivityId>12</ActivityId><DefinitionType>I</DefinitionType><DefinitionId>268</DefinitionId><AccessFlag></AccessFlag><FieldName>po_year</FieldName><Attribute>R</Attribute><ExtObjID>1</ExtObjID><VariableId>113</VariableId>
	</RowData>
	<RowData><ProcessDefId>4</ProcessDefId><ActivityId>12</ActivityId><DefinitionType>I</DefinitionType><DefinitionId>269</DefinitionId><AccessFlag></AccessFlag><FieldName>mailbody</FieldName><Attribute>R</Attribute><ExtObjID>1</ExtObjID><VariableId>143</VariableId>
	</RowData>
	<RowData><ProcessDefId>4</ProcessDefId><ActivityId>12</ActivityId><DefinitionType>I</DefinitionType><DefinitionId>270</DefinitionId><AccessFlag></AccessFlag><FieldName>errorcode</FieldName><Attribute>R</Attribute><ExtObjID>1</ExtObjID><VariableId>81</VariableId>
	</RowData>
	<RowData><ProcessDefId>4</ProcessDefId><ActivityId>12</ActivityId><DefinitionType>I</DefinitionType><DefinitionId>271</DefinitionId><AccessFlag></AccessFlag><FieldName>q_orient_entry_service</FieldName><Attribute>R</Attribute><ExtObjID>1</ExtObjID><VariableId>134</VariableId>
	</RowData>
	<RowData><ProcessDefId>4</ProcessDefId><ActivityId>12</ActivityId><DefinitionType>I</DefinitionType><DefinitionId>273</DefinitionId><AccessFlag></AccessFlag><FieldName>InvoiceDate</FieldName><Attribute>R</Attribute><ExtObjID>1</ExtObjID><VariableId>85</VariableId>
	</RowData>
	<RowData><ProcessDefId>4</ProcessDefId><ActivityId>12</ActivityId><DefinitionType>I</DefinitionType><DefinitionId>275</DefinitionId><AccessFlag></AccessFlag><FieldName>assignedTo</FieldName><Attribute>R</Attribute><ExtObjID>1</ExtObjID><VariableId>140</VariableId>
	</RowData>
	<RowData><ProcessDefId>4</ProcessDefId><ActivityId>12</ActivityId><DefinitionType>I</DefinitionType><DefinitionId>276</DefinitionId><AccessFlag></AccessFlag><FieldName>remarks_qualityhold</FieldName><Attribute>R</Attribute><ExtObjID>1</ExtObjID><VariableId>123</VariableId>
	</RowData>
	<RowData><ProcessDefId>4</ProcessDefId><ActivityId>12</ActivityId><DefinitionType>I</DefinitionType><DefinitionId>277</DefinitionId><AccessFlag></AccessFlag><FieldName>pur_group</FieldName><Attribute>R</Attribute><ExtObjID>1</ExtObjID><VariableId>62</VariableId>
	</RowData>
	<RowData><ProcessDefId>4</ProcessDefId><ActivityId>12</ActivityId><DefinitionType>I</DefinitionType><DefinitionId>279</DefinitionId><AccessFlag></AccessFlag><FieldName>ProfitCenter</FieldName><Attribute>R</Attribute><ExtObjID>1</ExtObjID><VariableId>149</VariableId>
	</RowData>
	<RowData><ProcessDefId>4</ProcessDefId><ActivityId>12</ActivityId><DefinitionType>I</DefinitionType><DefinitionId>281</DefinitionId><AccessFlag></AccessFlag><FieldName>po_type</FieldName><Attribute>R</Attribute><ExtObjID>1</ExtObjID><VariableId>70</VariableId>
	</RowData>
	<RowData><ProcessDefId>4</ProcessDefId><ActivityId>12</ActivityId><DefinitionType>I</DefinitionType><DefinitionId>282</DefinitionId><AccessFlag></AccessFlag><FieldName>remarks_service</FieldName><Attribute>R</Attribute><ExtObjID>1</ExtObjID><VariableId>137</VariableId>
	</RowData>
	<RowData><ProcessDefId>4</ProcessDefId><ActivityId>12</ActivityId><DefinitionType>I</DefinitionType><DefinitionId>284</DefinitionId><AccessFlag></AccessFlag><FieldName>finance_decision</FieldName><Attribute>R</Attribute><ExtObjID>1</ExtObjID><VariableId>160</VariableId>
	</RowData>
	<RowData><ProcessDefId>4</ProcessDefId><ActivityId>12</ActivityId><DefinitionType>I</DefinitionType><DefinitionId>285</DefinitionId><AccessFlag></AccessFlag><FieldName>postingDate</FieldName><Attribute>R</Attribute><ExtObjID>1</ExtObjID><VariableId>142</VariableId>
	</RowData>
	<RowData><ProcessDefId>4</ProcessDefId><ActivityId>12</ActivityId><DefinitionType>I</DefinitionType><DefinitionId>288</DefinitionId><AccessFlag></AccessFlag><FieldName>q_orient_pr_item</FieldName><Attribute>R</Attribute><ExtObjID>1</ExtObjID><VariableId>104</VariableId>
	</RowData>
	<RowData><ProcessDefId>4</ProcessDefId><ActivityId>12</ActivityId><DefinitionType>I</DefinitionType><DefinitionId>292</DefinitionId><AccessFlag></AccessFlag><FieldName>email</FieldName><Attribute>R</Attribute><ExtObjID>1</ExtObjID><VariableId>141</VariableId>
	</RowData>
	<RowData><ProcessDefId>4</ProcessDefId><ActivityId>12</ActivityId><DefinitionType>I</DefinitionType><DefinitionId>293</DefinitionId><AccessFlag></AccessFlag><FieldName>dmspath</FieldName><Attribute>R</Attribute><ExtObjID>1</ExtObjID><VariableId>132</VariableId>
	</RowData>
	<RowData><ProcessDefId>4</ProcessDefId><ActivityId>12</ActivityId><DefinitionType>I</DefinitionType><DefinitionId>294</DefinitionId><AccessFlag></AccessFlag><FieldName>remarks_quality</FieldName><Attribute>R</Attribute><ExtObjID>1</ExtObjID><VariableId>122</VariableId>
	</RowData>
	<RowData><ProcessDefId>4</ProcessDefId><ActivityId>12</ActivityId><DefinitionType>I</DefinitionType><DefinitionId>295</DefinitionId><AccessFlag></AccessFlag><FieldName>debit_to_transport</FieldName><Attribute>R</Attribute><ExtObjID>1</ExtObjID><VariableId>145</VariableId>
	</RowData>
	<RowData><ProcessDefId>4</ProcessDefId><ActivityId>12</ActivityId><DefinitionType>I</DefinitionType><DefinitionId>297</DefinitionId><AccessFlag></AccessFlag><FieldName>taxcode_service</FieldName><Attribute>R</Attribute><ExtObjID>1</ExtObjID><VariableId>175</VariableId>
	</RowData>
	<RowData><ProcessDefId>4</ProcessDefId><ActivityId>12</ActivityId><DefinitionType>I</DefinitionType><DefinitionId>298</DefinitionId><AccessFlag></AccessFlag><FieldName>q_serviceapproval</FieldName><Attribute>R</Attribute><ExtObjID>1</ExtObjID><VariableId>146</VariableId>
	</RowData>
	<RowData><ProcessDefId>4</ProcessDefId><ActivityId>12</ActivityId><DefinitionType>I</DefinitionType><DefinitionId>299</DefinitionId><AccessFlag></AccessFlag><FieldName>PurchaseOrderNo</FieldName><Attribute>R</Attribute><ExtObjID>1</ExtObjID><VariableId>92</VariableId>
	</RowData>
	<RowData><ProcessDefId>4</ProcessDefId><ActivityId>12</ActivityId><DefinitionType>I</DefinitionType><DefinitionId>300</DefinitionId><AccessFlag></AccessFlag><FieldName>GSTN</FieldName><Attribute>R</Attribute><ExtObjID>1</ExtObjID><VariableId>89</VariableId>
	</RowData>
	<RowData><ProcessDefId>4</ProcessDefId><ActivityId>12</ActivityId><DefinitionType>I</DefinitionType><DefinitionId>301</DefinitionId><AccessFlag></AccessFlag><FieldName>q_orient_po_item</FieldName><Attribute>R</Attribute><ExtObjID>1</ExtObjID><VariableId>102</VariableId>
	</RowData>
	<RowData><ProcessDefId>4</ProcessDefId><ActivityId>12</ActivityId><DefinitionType>I</DefinitionType><DefinitionId>302</DefinitionId><AccessFlag></AccessFlag><FieldName>InvoiceNo</FieldName><Attribute>R</Attribute><ExtObjID>1</ExtObjID><VariableId>86</VariableId>
	</RowData>
	<RowData><ProcessDefId>4</ProcessDefId><ActivityId>12</ActivityId><DefinitionType>I</DefinitionType><DefinitionId>303</DefinitionId><AccessFlag></AccessFlag><FieldName>po_date</FieldName><Attribute>R</Attribute><ExtObjID>1</ExtObjID><VariableId>64</VariableId>
	</RowData>
	<RowData><ProcessDefId>4</ProcessDefId><ActivityId>12</ActivityId><DefinitionType>I</DefinitionType><DefinitionId>304</DefinitionId><AccessFlag></AccessFlag><FieldName>mdoc105_rev</FieldName><Attribute>R</Attribute><ExtObjID>1</ExtObjID><VariableId>157</VariableId>
	</RowData>
	<RowData><ProcessDefId>4</ProcessDefId><ActivityId>12</ActivityId><DefinitionType>I</DefinitionType><DefinitionId>305</DefinitionId><AccessFlag></AccessFlag><FieldName>q_orient_pohistory</FieldName><Attribute>R</Attribute><ExtObjID>1</ExtObjID><VariableId>101</VariableId>
	</RowData>
	<RowData><ProcessDefId>4</ProcessDefId><ActivityId>12</ActivityId><DefinitionType>I</DefinitionType><DefinitionId>306</DefinitionId><AccessFlag></AccessFlag><FieldName>qualityhold_decision</FieldName><Attribute>R</Attribute><ExtObjID>1</ExtObjID><VariableId>72</VariableId>
	</RowData>
	<RowData><ProcessDefId>4</ProcessDefId><ActivityId>12</ActivityId><DefinitionType>I</DefinitionType><DefinitionId>307</DefinitionId><AccessFlag></AccessFlag><FieldName>asn_number</FieldName><Attribute>R</Attribute><ExtObjID>1</ExtObjID><VariableId>167</VariableId>
	</RowData>
	<RowData><ProcessDefId>4</ProcessDefId><ActivityId>12</ActivityId><DefinitionType>I</DefinitionType><DefinitionId>312</DefinitionId><AccessFlag></AccessFlag><FieldName>remarks_gateentry</FieldName><Attribute>R</Attribute><ExtObjID>1</ExtObjID><VariableId>75</VariableId>
	</RowData>
	<RowData><ProcessDefId>4</ProcessDefId><ActivityId>12</ActivityId><DefinitionType>I</DefinitionType><DefinitionId>313</DefinitionId><AccessFlag></AccessFlag><FieldName>doc_type</FieldName><Attribute>R</Attribute><ExtObjID>1</ExtObjID><VariableId>125</VariableId>
	</RowData>
	<RowData><ProcessDefId>4</ProcessDefId><ActivityId>12</ActivityId><DefinitionType>I</DefinitionType><DefinitionId>317</DefinitionId><AccessFlag></AccessFlag><FieldName>TransporterName</FieldName><Attribute>R</Attribute><ExtObjID>1</ExtObjID><VariableId>91</VariableId>
	</RowData>
	<RowData><ProcessDefId>4</ProcessDefId><ActivityId>12</ActivityId><DefinitionType>I</DefinitionType><DefinitionId>318</DefinitionId><AccessFlag></AccessFlag><FieldName>decision_l3</FieldName><Attribute>R</Attribute><ExtObjID>1</ExtObjID><VariableId>111</VariableId>
	</RowData>
	<RowData><ProcessDefId>4</ProcessDefId><ActivityId>12</ActivityId><DefinitionType>I</DefinitionType><DefinitionId>319</DefinitionId><AccessFlag></AccessFlag><FieldName>decision_l4</FieldName><Attribute>R</Attribute><ExtObjID>1</ExtObjID><VariableId>112</VariableId>
	</RowData>
	<RowData><ProcessDefId>4</ProcessDefId><ActivityId>12</ActivityId><DefinitionType>I</DefinitionType><DefinitionId>320</DefinitionId><AccessFlag></AccessFlag><FieldName>decision_l1</FieldName><Attribute>R</Attribute><ExtObjID>1</ExtObjID><VariableId>109</VariableId>
	</RowData>
	<RowData><ProcessDefId>4</ProcessDefId><ActivityId>12</ActivityId><DefinitionType>I</DefinitionType><DefinitionId>321</DefinitionId><AccessFlag></AccessFlag><FieldName>decision_l2</FieldName><Attribute>R</Attribute><ExtObjID>1</ExtObjID><VariableId>110</VariableId>
	</RowData>
	<RowData><ProcessDefId>4</ProcessDefId><ActivityId>12</ActivityId><DefinitionType>I</DefinitionType><DefinitionId>322</DefinitionId><AccessFlag></AccessFlag><FieldName>q_orient_poitem_history</FieldName><Attribute>R</Attribute><ExtObjID>1</ExtObjID><VariableId>103</VariableId>
	</RowData>
	<RowData><ProcessDefId>4</ProcessDefId><ActivityId>12</ActivityId><DefinitionType>I</DefinitionType><DefinitionId>323</DefinitionId><AccessFlag></AccessFlag><FieldName>q_exception_details</FieldName><Attribute>R</Attribute><ExtObjID>1</ExtObjID><VariableId>182</VariableId>
	</RowData>
	<RowData><ProcessDefId>4</ProcessDefId><ActivityId>12</ActivityId><DefinitionType>I</DefinitionType><DefinitionId>324</DefinitionId><AccessFlag></AccessFlag><FieldName>q1_exception_details</FieldName><Attribute>R</Attribute><ExtObjID>1</ExtObjID><VariableId>183</VariableId>
	</RowData>
	<RowData><ProcessDefId>4</ProcessDefId><ActivityId>12</ActivityId><DefinitionType>I</DefinitionType><DefinitionId>325</DefinitionId><AccessFlag></AccessFlag><FieldName>jobtypepo</FieldName><Attribute>R</Attribute><ExtObjID>1</ExtObjID><VariableId>184</VariableId>
	</RowData>
	<RowData><ProcessDefId>4</ProcessDefId><ActivityId>12</ActivityId><DefinitionType>I</DefinitionType><DefinitionId>326</DefinitionId><FieldName>tsc_flag</FieldName><Attribute>R</Attribute><ExtObjID>1</ExtObjID><VariableId>186</VariableId>
	</RowData>
	<RowData><ProcessDefId>4</ProcessDefId><ActivityId>12</ActivityId><DefinitionType>I</DefinitionType><DefinitionId>327</DefinitionId><FieldName>tcs</FieldName><Attribute>R</Attribute><ExtObjID>1</ExtObjID><VariableId>185</VariableId>
	</RowData>
	<RowData><ProcessDefId>4</ProcessDefId><ActivityId>12</ActivityId><DefinitionType>I</DefinitionType><DefinitionId>328</DefinitionId><FieldName>ParkingException_decision</FieldName><Attribute>R</Attribute><ExtObjID>1</ExtObjID><VariableId>187</VariableId>
	</RowData>
	<RowData><ProcessDefId>4</ProcessDefId><ActivityId>12</ActivityId><DefinitionType>I</DefinitionType><DefinitionId>329</DefinitionId><FieldName>total_inv</FieldName><Attribute>R</Attribute><ExtObjID>1</ExtObjID><VariableId>188</VariableId>
	</RowData>
	<RowData><ProcessDefId>4</ProcessDefId><ActivityId>12</ActivityId><DefinitionType>I</DefinitionType><DefinitionId>330</DefinitionId><FieldName>total_tcs_freight</FieldName><Attribute>R</Attribute><ExtObjID>1</ExtObjID><VariableId>189</VariableId>
	</RowData>
	<RowData><ProcessDefId>4</ProcessDefId><ActivityId>12</ActivityId><DefinitionType>I</DefinitionType><DefinitionId>331</DefinitionId><FieldName>freight</FieldName><Attribute>R</Attribute><ExtObjID>1</ExtObjID><VariableId>190</VariableId>
	</RowData>
	<RowData><ProcessDefId>4</ProcessDefId><ActivityId>12</ActivityId><DefinitionType>I</DefinitionType><DefinitionId>332</DefinitionId><FieldName>freight_value</FieldName><Attribute>R</Attribute><ExtObjID>1</ExtObjID><VariableId>191</VariableId>
	</RowData>
	<RowData><ProcessDefId>4</ProcessDefId><ActivityId>12</ActivityId><DefinitionType>I</DefinitionType><DefinitionId>333</DefinitionId><FieldName>po_total</FieldName><Attribute>R</Attribute><ExtObjID>1</ExtObjID><VariableId>192</VariableId>
	</RowData>
	<RowData><ProcessDefId>4</ProcessDefId><ActivityId>12</ActivityId><DefinitionType>I</DefinitionType><DefinitionId>334</DefinitionId><FieldName>fiscalyear</FieldName><Attribute>R</Attribute><ExtObjID>1</ExtObjID><VariableId>193</VariableId>
	</RowData>
	<RowData><ProcessDefId>4</ProcessDefId><ActivityId>12</ActivityId><DefinitionType>I</DefinitionType><DefinitionId>335</DefinitionId><FieldName>invoiceamount_int</FieldName><Attribute>R</Attribute><ExtObjID>1</ExtObjID><VariableId>194</VariableId>
	</RowData>
	<RowData><ProcessDefId>4</ProcessDefId><ActivityId>12</ActivityId><DefinitionType>I</DefinitionType><DefinitionId>337</DefinitionId><FieldName>PostingException_decision</FieldName><Attribute>R</Attribute><ExtObjID>1</ExtObjID><VariableId>195</VariableId>
	</RowData>
	<RowData><ProcessDefId>4</ProcessDefId><ActivityId>12</ActivityId><DefinitionType>I</DefinitionType><DefinitionId>338</DefinitionId><FieldName>tdsflag</FieldName><Attribute>R</Attribute><ExtObjID>1</ExtObjID><VariableId>196</VariableId>
	</RowData>
	<RowData><ProcessDefId>4</ProcessDefId><ActivityId>12</ActivityId><DefinitionType>I</DefinitionType><DefinitionId>339</DefinitionId><FieldName>manual_inv_park</FieldName><Attribute>R</Attribute><ExtObjID>1</ExtObjID><VariableId>197</VariableId>
	</RowData>
	<RowData><ProcessDefId>4</ProcessDefId><ActivityId>12</ActivityId><DefinitionType>N</DefinitionType><DefinitionId>5</DefinitionId><AccessFlag></AccessFlag><FieldName>Y,0,915,7305,7005</FieldName><Attribute></Attribute><ExtObjID>0</ExtObjID><VariableId>0</VariableId>
	</RowData>
	<RowData><ProcessDefId>4</ProcessDefId><ActivityId>12</ActivityId><DefinitionType>N</DefinitionType><DefinitionId>10</DefinitionId><AccessFlag></AccessFlag><FieldName>Y,0,915,7305,7005</FieldName><Attribute></Attribute><ExtObjID>0</ExtObjID><VariableId>0</VariableId>
	</RowData>
	<RowData><ProcessDefId>4</ProcessDefId><ActivityId>12</ActivityId><DefinitionType>Q</DefinitionType><DefinitionId>220</DefinitionId><AccessFlag></AccessFlag><FieldName>InvoiceDt</FieldName><Attribute>R</Attribute><ExtObjID>1</ExtObjID><VariableId>11</VariableId>
	</RowData>
	<RowData><ProcessDefId>4</ProcessDefId><ActivityId>12</ActivityId><DefinitionType>Q</DefinitionType><DefinitionId>230</DefinitionId><AccessFlag></AccessFlag><FieldName>PurchaseOrder</FieldName><Attribute>R</Attribute><ExtObjID>1</ExtObjID><VariableId>21</VariableId>
	</RowData>
	<RowData><ProcessDefId>4</ProcessDefId><ActivityId>12</ActivityId><DefinitionType>Q</DefinitionType><DefinitionId>249</DefinitionId><AccessFlag></AccessFlag><FieldName>VendorName</FieldName><Attribute>R</Attribute><ExtObjID>1</ExtObjID><VariableId>23</VariableId>
	</RowData>
	<RowData><ProcessDefId>4</ProcessDefId><ActivityId>12</ActivityId><DefinitionType>Q</DefinitionType><DefinitionId>274</DefinitionId><AccessFlag></AccessFlag><FieldName>q_quality_childwiFlag</FieldName><Attribute>R</Attribute><ExtObjID>1</ExtObjID><VariableId>20</VariableId>
	</RowData>
	<RowData><ProcessDefId>4</ProcessDefId><ActivityId>12</ActivityId><DefinitionType>Q</DefinitionType><DefinitionId>280</DefinitionId><AccessFlag></AccessFlag><FieldName>q_store_childwiFlag</FieldName><Attribute>R</Attribute><ExtObjID>1</ExtObjID><VariableId>19</VariableId>
	</RowData>
	<RowData><ProcessDefId>4</ProcessDefId><ActivityId>12</ActivityId><DefinitionType>Q</DefinitionType><DefinitionId>309</DefinitionId><AccessFlag></AccessFlag><FieldName>ProfitCentre</FieldName><Attribute>R</Attribute><ExtObjID>1</ExtObjID><VariableId>2</VariableId>
	</RowData>
	<RowData><ProcessDefId>4</ProcessDefId><ActivityId>12</ActivityId><DefinitionType>Q</DefinitionType><DefinitionId>310</DefinitionId><AccessFlag></AccessFlag><FieldName>Plant</FieldName><Attribute>R</Attribute><ExtObjID>1</ExtObjID><VariableId>1</VariableId>
	</RowData>
	<RowData><ProcessDefId>4</ProcessDefId><ActivityId>12</ActivityId><DefinitionType>Q</DefinitionType><DefinitionId>315</DefinitionId><AccessFlag></AccessFlag><FieldName>InvoiceNumber</FieldName><Attribute>R</Attribute><ExtObjID>1</ExtObjID><VariableId>22</VariableId>
	</RowData>
	<RowData><ProcessDefId>4</ProcessDefId><ActivityId>12</ActivityId><DefinitionType>Q</DefinitionType><DefinitionId>336</DefinitionId><FieldName>q_autopost</FieldName><Attribute>R</Attribute><ExtObjID>1</ExtObjID><VariableId>10021</VariableId>
	</RowData>
	<RowData><ProcessDefId>4</ProcessDefId><ActivityId>14</ActivityId><DefinitionType>I</DefinitionType><DefinitionId>1</DefinitionId><AccessFlag></AccessFlag><FieldName>q_orient_service_itemsel</FieldName><Attribute>O</Attribute><ExtObjID>1</ExtObjID><VariableId>166</VariableId>
	</RowData>
	<RowData><ProcessDefId>4</ProcessDefId><ActivityId>14</ActivityId><DefinitionType>I</DefinitionType><DefinitionId>2</DefinitionId><AccessFlag></AccessFlag><FieldName>remarks_l4</FieldName><Attribute>O</Attribute><ExtObjID>1</ExtObjID><VariableId>108</VariableId>
	</RowData>
	<RowData><ProcessDefId>4</ProcessDefId><ActivityId>14</ActivityId><DefinitionType>I</DefinitionType><DefinitionId>3</DefinitionId><AccessFlag></AccessFlag><FieldName>entrysheet_no</FieldName><Attribute>O</Attribute><ExtObjID>1</ExtObjID><VariableId>138</VariableId>
	</RowData>
	<RowData><ProcessDefId>4</ProcessDefId><ActivityId>14</ActivityId><DefinitionType>I</DefinitionType><DefinitionId>4</DefinitionId><AccessFlag></AccessFlag><FieldName>errordesc</FieldName><Attribute>O</Attribute><ExtObjID>1</ExtObjID><VariableId>59</VariableId>
	</RowData>
	<RowData><ProcessDefId>4</ProcessDefId><ActivityId>14</ActivityId><DefinitionType>I</DefinitionType><DefinitionId>5</DefinitionId><AccessFlag></AccessFlag><FieldName>remarks_l1</FieldName><Attribute>O</Attribute><ExtObjID>1</ExtObjID><VariableId>105</VariableId>
	</RowData>
	<RowData><ProcessDefId>4</ProcessDefId><ActivityId>14</ActivityId><DefinitionType>I</DefinitionType><DefinitionId>6</DefinitionId><AccessFlag></AccessFlag><FieldName>output_po_number</FieldName><Attribute>O</Attribute><ExtObjID>1</ExtObjID><VariableId>83</VariableId>
	</RowData>
	<RowData><ProcessDefId>4</ProcessDefId><ActivityId>14</ActivityId><DefinitionType>I</DefinitionType><DefinitionId>7</DefinitionId><AccessFlag></AccessFlag><FieldName>remarks_l3</FieldName><Attribute>O</Attribute><ExtObjID>1</ExtObjID><VariableId>107</VariableId>
	</RowData>
	<RowData><ProcessDefId>4</ProcessDefId><ActivityId>14</ActivityId><DefinitionType>I</DefinitionType><DefinitionId>8</DefinitionId><AccessFlag></AccessFlag><FieldName>remarks_l2</FieldName><Attribute>O</Attribute><ExtObjID>1</ExtObjID><VariableId>106</VariableId>
	</RowData>
	<RowData><ProcessDefId>4</ProcessDefId><ActivityId>14</ActivityId><DefinitionType>I</DefinitionType><DefinitionId>9</DefinitionId><AccessFlag></AccessFlag><FieldName>mdoc103_rev</FieldName><Attribute>O</Attribute><ExtObjID>1</ExtObjID><VariableId>156</VariableId>
	</RowData>
	<RowData><ProcessDefId>4</ProcessDefId><ActivityId>14</ActivityId><DefinitionType>I</DefinitionType><DefinitionId>10</DefinitionId><AccessFlag></AccessFlag><FieldName>ScanUserComment</FieldName><Attribute>O</Attribute><ExtObjID>1</ExtObjID><VariableId>115</VariableId>
	</RowData>
	<RowData><ProcessDefId>4</ProcessDefId><ActivityId>14</ActivityId><DefinitionType>I</DefinitionType><DefinitionId>11</DefinitionId><AccessFlag></AccessFlag><FieldName>q_orient_invoice_item</FieldName><Attribute>O</Attribute><ExtObjID>1</ExtObjID><VariableId>121</VariableId>
	</RowData>
	<RowData><ProcessDefId>4</ProcessDefId><ActivityId>14</ActivityId><DefinitionType>I</DefinitionType><DefinitionId>12</DefinitionId><AccessFlag></AccessFlag><FieldName>gatehold_remarks</FieldName><Attribute>O</Attribute><ExtObjID>1</ExtObjID><VariableId>174</VariableId>
	</RowData>
	<RowData><ProcessDefId>4</ProcessDefId><ActivityId>14</ActivityId><DefinitionType>I</DefinitionType><DefinitionId>13</DefinitionId><AccessFlag></AccessFlag><FieldName>inv_park</FieldName><Attribute>O</Attribute><ExtObjID>1</ExtObjID><VariableId>130</VariableId>
	</RowData>
	<RowData><ProcessDefId>4</ProcessDefId><ActivityId>14</ActivityId><DefinitionType>I</DefinitionType><DefinitionId>14</DefinitionId><AccessFlag></AccessFlag><FieldName>movement_type</FieldName><Attribute>O</Attribute><ExtObjID>1</ExtObjID><VariableId>170</VariableId>
	</RowData>
	<RowData><ProcessDefId>4</ProcessDefId><ActivityId>14</ActivityId><DefinitionType>I</DefinitionType><DefinitionId>15</DefinitionId><AccessFlag></AccessFlag><FieldName>pan_sap</FieldName><Attribute>O</Attribute><ExtObjID>1</ExtObjID><VariableId>159</VariableId>
	</RowData>
	<RowData><ProcessDefId>4</ProcessDefId><ActivityId>14</ActivityId><DefinitionType>I</DefinitionType><DefinitionId>16</DefinitionId><AccessFlag></AccessFlag><FieldName>pur_org</FieldName><Attribute>O</Attribute><ExtObjID>1</ExtObjID><VariableId>69</VariableId>
	</RowData>
	<RowData><ProcessDefId>4</ProcessDefId><ActivityId>14</ActivityId><DefinitionType>I</DefinitionType><DefinitionId>17</DefinitionId><AccessFlag></AccessFlag><FieldName>storeChildWIFlag</FieldName><Attribute>O</Attribute><ExtObjID>1</ExtObjID><VariableId>71</VariableId>
	</RowData>
	<RowData><ProcessDefId>4</ProcessDefId><ActivityId>14</ActivityId><DefinitionType>I</DefinitionType><DefinitionId>19</DefinitionId><AccessFlag></AccessFlag><FieldName>q_polineitem</FieldName><Attribute>O</Attribute><ExtObjID>1</ExtObjID><VariableId>93</VariableId>
	</RowData>
	<RowData><ProcessDefId>4</ProcessDefId><ActivityId>14</ActivityId><DefinitionType>I</DefinitionType><DefinitionId>20</DefinitionId><AccessFlag></AccessFlag><FieldName>gatehold_decision</FieldName><Attribute>O</Attribute><ExtObjID>1</ExtObjID><VariableId>173</VariableId>
	</RowData>
	<RowData><ProcessDefId>4</ProcessDefId><ActivityId>14</ActivityId><DefinitionType>I</DefinitionType><DefinitionId>21</DefinitionId><AccessFlag></AccessFlag><FieldName>invdate_sap</FieldName><Attribute>O</Attribute><ExtObjID>1</ExtObjID><VariableId>136</VariableId>
	</RowData>
	<RowData><ProcessDefId>4</ProcessDefId><ActivityId>14</ActivityId><DefinitionType>I</DefinitionType><DefinitionId>22</DefinitionId><AccessFlag></AccessFlag><FieldName>po_createdby</FieldName><Attribute>O</Attribute><ExtObjID>1</ExtObjID><VariableId>139</VariableId>
	</RowData>
	<RowData><ProcessDefId>4</ProcessDefId><ActivityId>14</ActivityId><DefinitionType>I</DefinitionType><DefinitionId>23</DefinitionId><AccessFlag></AccessFlag><FieldName>quality_decision</FieldName><Attribute>O</Attribute><ExtObjID>1</ExtObjID><VariableId>74</VariableId>
	</RowData>
	<RowData><ProcessDefId>4</ProcessDefId><ActivityId>14</ActivityId><DefinitionType>I</DefinitionType><DefinitionId>24</DefinitionId><AccessFlag></AccessFlag><FieldName>InvoiceTax</FieldName><Attribute>O</Attribute><ExtObjID>1</ExtObjID><VariableId>87</VariableId>
	</RowData>
	<RowData><ProcessDefId>4</ProcessDefId><ActivityId>14</ActivityId><DefinitionType>I</DefinitionType><DefinitionId>25</DefinitionId><AccessFlag></AccessFlag><FieldName>route_to</FieldName><Attribute>O</Attribute><ExtObjID>1</ExtObjID><VariableId>148</VariableId>
	</RowData>
	<RowData><ProcessDefId>4</ProcessDefId><ActivityId>14</ActivityId><DefinitionType>I</DefinitionType><DefinitionId>26</DefinitionId><AccessFlag></AccessFlag><FieldName>gstn_inv</FieldName><Attribute>O</Attribute><ExtObjID>1</ExtObjID><VariableId>155</VariableId>
	</RowData>
	<RowData><ProcessDefId>4</ProcessDefId><ActivityId>14</ActivityId><DefinitionType>I</DefinitionType><DefinitionId>27</DefinitionId><AccessFlag></AccessFlag><FieldName>gstn_sap</FieldName><Attribute>O</Attribute><ExtObjID>1</ExtObjID><VariableId>154</VariableId>
	</RowData>
	<RowData><ProcessDefId>4</ProcessDefId><ActivityId>14</ActivityId><DefinitionType>I</DefinitionType><DefinitionId>29</DefinitionId><AccessFlag></AccessFlag><FieldName>InvoiceAmount</FieldName><Attribute>O</Attribute><ExtObjID>1</ExtObjID><VariableId>84</VariableId>
	</RowData>
	<RowData><ProcessDefId>4</ProcessDefId><ActivityId>14</ActivityId><DefinitionType>I</DefinitionType><DefinitionId>30</DefinitionId><AccessFlag></AccessFlag><FieldName>po_year1</FieldName><Attribute>O</Attribute><ExtObjID>1</ExtObjID><VariableId>114</VariableId>
	</RowData>
	<RowData><ProcessDefId>4</ProcessDefId><ActivityId>14</ActivityId><DefinitionType>I</DefinitionType><DefinitionId>31</DefinitionId><AccessFlag></AccessFlag><FieldName>mdoc_sap_push</FieldName><Attribute>O</Attribute><ExtObjID>1</ExtObjID><VariableId>164</VariableId>
	</RowData>
	<RowData><ProcessDefId>4</ProcessDefId><ActivityId>14</ActivityId><DefinitionType>I</DefinitionType><DefinitionId>32</DefinitionId><AccessFlag></AccessFlag><FieldName>q_orient_po_lineitem</FieldName><Attribute>O</Attribute><ExtObjID>1</ExtObjID><VariableId>94</VariableId>
	</RowData>
	<RowData><ProcessDefId>4</ProcessDefId><ActivityId>14</ActivityId><DefinitionType>I</DefinitionType><DefinitionId>33</DefinitionId><AccessFlag></AccessFlag><FieldName>vendor_district</FieldName><Attribute>O</Attribute><ExtObjID>1</ExtObjID><VariableId>99</VariableId>
	</RowData>
	<RowData><ProcessDefId>4</ProcessDefId><ActivityId>14</ActivityId><DefinitionType>I</DefinitionType><DefinitionId>34</DefinitionId><AccessFlag></AccessFlag><FieldName>orient_gstn</FieldName><Attribute>O</Attribute><ExtObjID>1</ExtObjID><VariableId>158</VariableId>
	</RowData>
	<RowData><ProcessDefId>4</ProcessDefId><ActivityId>14</ActivityId><DefinitionType>I</DefinitionType><DefinitionId>35</DefinitionId><AccessFlag></AccessFlag><FieldName>inv_post</FieldName><Attribute>O</Attribute><ExtObjID>1</ExtObjID><VariableId>131</VariableId>
	</RowData>
</PMWActivityAssociationTable_4>