<PMWActivitySequenceTABLE>
	<RowData><ProcessDefId>4</ProcessDefId><MileStoneId>1</MileStoneId><ActivityId>73</ActivityId><SequenceId>-22</SequenceId><SubSequenceId>0</SubSequenceId>
	</RowData>
	<RowData><ProcessDefId>4</ProcessDefId><MileStoneId>1</MileStoneId><ActivityId>72</ActivityId><SequenceId>-21</SequenceId><SubSequenceId>0</SubSequenceId>
	</RowData>
	<RowData><ProcessDefId>4</ProcessDefId><MileStoneId>1</MileStoneId><ActivityId>69</ActivityId><SequenceId>-20</SequenceId><SubSequenceId>0</SubSequenceId>
	</RowData>
	<RowData><ProcessDefId>4</ProcessDefId><MileStoneId>1</MileStoneId><ActivityId>68</ActivityId><SequenceId>-19</SequenceId><SubSequenceId>0</SubSequenceId>
	</RowData>
	<RowData><ProcessDefId>4</ProcessDefId><MileStoneId>1</MileStoneId><ActivityId>64</ActivityId><SequenceId>-18</SequenceId><SubSequenceId>0</SubSequenceId>
	</RowData>
	<RowData><ProcessDefId>4</ProcessDefId><MileStoneId>1</MileStoneId><ActivityId>62</ActivityId><SequenceId>-17</SequenceId><SubSequenceId>0</SubSequenceId>
	</RowData>
	<RowData><ProcessDefId>4</ProcessDefId><MileStoneId>1</MileStoneId><ActivityId>55</ActivityId><SequenceId>-16</SequenceId><SubSequenceId>0</SubSequenceId>
	</RowData>
	<RowData><ProcessDefId>4</ProcessDefId><MileStoneId>1</MileStoneId><ActivityId>53</ActivityId><SequenceId>-15</SequenceId><SubSequenceId>0</SubSequenceId>
	</RowData>
	<RowData><ProcessDefId>4</ProcessDefId><MileStoneId>1</MileStoneId><ActivityId>23</ActivityId><SequenceId>-9</SequenceId><SubSequenceId>0</SubSequenceId>
	</RowData>
	<RowData><ProcessDefId>4</ProcessDefId><MileStoneId>1</MileStoneId><ActivityId>17</ActivityId><SequenceId>-5</SequenceId><SubSequenceId>0</SubSequenceId>
	</RowData>
	<RowData><ProcessDefId>4</ProcessDefId><MileStoneId>1</MileStoneId><ActivityId>5</ActivityId><SequenceId>-1</SequenceId><SubSequenceId>0</SubSequenceId>
	</RowData>
	<RowData><ProcessDefId>4</ProcessDefId><MileStoneId>1</MileStoneId><ActivityId>1</ActivityId><SequenceId>1</SequenceId><SubSequenceId>0</SubSequenceId>
	</RowData>
	<RowData><ProcessDefId>4</ProcessDefId><MileStoneId>1</MileStoneId><ActivityId>3</ActivityId><SequenceId>2</SequenceId><SubSequenceId>0</SubSequenceId>
	</RowData>
	<RowData><ProcessDefId>4</ProcessDefId><MileStoneId>1</MileStoneId><ActivityId>7</ActivityId><SequenceId>3</SequenceId><SubSequenceId>0</SubSequenceId>
	</RowData>
	<RowData><ProcessDefId>4</ProcessDefId><MileStoneId>1</MileStoneId><ActivityId>10</ActivityId><SequenceId>4</SequenceId><SubSequenceId>0</SubSequenceId>
	</RowData>
	<RowData><ProcessDefId>4</ProcessDefId><MileStoneId>1</MileStoneId><ActivityId>12</ActivityId><SequenceId>5</SequenceId><SubSequenceId>0</SubSequenceId>
	</RowData>
	<RowData><ProcessDefId>4</ProcessDefId><MileStoneId>1</MileStoneId><ActivityId>14</ActivityId><SequenceId>6</SequenceId><SubSequenceId>0</SubSequenceId>
	</RowData>
	<RowData><ProcessDefId>4</ProcessDefId><MileStoneId>1</MileStoneId><ActivityId>16</ActivityId><SequenceId>7</SequenceId><SubSequenceId>0</SubSequenceId>
	</RowData>
	<RowData><ProcessDefId>4</ProcessDefId><MileStoneId>1</MileStoneId><ActivityId>20</ActivityId><SequenceId>8</SequenceId><SubSequenceId>0</SubSequenceId>
	</RowData>
	<RowData><ProcessDefId>4</ProcessDefId><MileStoneId>1</MileStoneId><ActivityId>28</ActivityId><SequenceId>9</SequenceId><SubSequenceId>0</SubSequenceId>
	</RowData>
	<RowData><ProcessDefId>4</ProcessDefId><MileStoneId>1</MileStoneId><ActivityId>30</ActivityId><SequenceId>10</SequenceId><SubSequenceId>0</SubSequenceId>
	</RowData>
	<RowData><ProcessDefId>4</ProcessDefId><MileStoneId>1</MileStoneId><ActivityId>31</ActivityId><SequenceId>11</SequenceId><SubSequenceId>0</SubSequenceId>
	</RowData>
	<RowData><ProcessDefId>4</ProcessDefId><MileStoneId>1</MileStoneId><ActivityId>42</ActivityId><SequenceId>13</SequenceId><SubSequenceId>0</SubSequenceId>
	</RowData>
	<RowData><ProcessDefId>4</ProcessDefId><MileStoneId>1</MileStoneId><ActivityId>44</ActivityId><SequenceId>14</SequenceId><SubSequenceId>0</SubSequenceId>
	</RowData>
	<RowData><ProcessDefId>4</ProcessDefId><MileStoneId>1</MileStoneId><ActivityId>45</ActivityId><SequenceId>15</SequenceId><SubSequenceId>0</SubSequenceId>
	</RowData>
	<RowData><ProcessDefId>4</ProcessDefId><MileStoneId>1</MileStoneId><ActivityId>54</ActivityId><SequenceId>16</SequenceId><SubSequenceId>0</SubSequenceId>
	</RowData>
	<RowData><ProcessDefId>4</ProcessDefId><MileStoneId>1</MileStoneId><ActivityId>59</ActivityId><SequenceId>19</SequenceId><SubSequenceId>0</SubSequenceId>
	</RowData>
	<RowData><ProcessDefId>4</ProcessDefId><MileStoneId>1</MileStoneId><ActivityId>60</ActivityId><SequenceId>20</SequenceId><SubSequenceId>0</SubSequenceId>
	</RowData>
	<RowData><ProcessDefId>4</ProcessDefId><MileStoneId>1</MileStoneId><ActivityId>63</ActivityId><SequenceId>21</SequenceId><SubSequenceId>0</SubSequenceId>
	</RowData>
	<RowData><ProcessDefId>4</ProcessDefId><MileStoneId>1</MileStoneId><ActivityId>65</ActivityId><SequenceId>22</SequenceId><SubSequenceId>0</SubSequenceId>
	</RowData>
	<RowData><ProcessDefId>4</ProcessDefId><MileStoneId>1</MileStoneId><ActivityId>66</ActivityId><SequenceId>29</SequenceId><SubSequenceId>0</SubSequenceId>
	</RowData>
	<RowData><ProcessDefId>4</ProcessDefId><MileStoneId>1</MileStoneId><ActivityId>67</ActivityId><SequenceId>30</SequenceId><SubSequenceId>0</SubSequenceId>
	</RowData>
	<RowData><ProcessDefId>4</ProcessDefId><MileStoneId>1</MileStoneId><ActivityId>70</ActivityId><SequenceId>31</SequenceId><SubSequenceId>0</SubSequenceId>
	</RowData>
	<RowData><ProcessDefId>4</ProcessDefId><MileStoneId>1</MileStoneId><ActivityId>71</ActivityId><SequenceId>32</SequenceId><SubSequenceId>0</SubSequenceId>
	</RowData>
</PMWActivitySequenceTABLE>