<PMWACTIVITYINTERFACEASSOCTABLE>
	<RowData><ProcessDefId>4</ProcessDefId><ActivityId>66</ActivityId><ActivityName>SchedulerPosting</ActivityName><InterfaceElementId>4</InterfaceElementId><InterfaceType>D</InterfaceType><Attribute>M</Attribute><TriggerName></TriggerName>
	</RowData>
	<RowData><ProcessDefId>4</ProcessDefId><ActivityId>66</ActivityId><ActivityName>SchedulerPosting</ActivityName><InterfaceElementId>5</InterfaceElementId><InterfaceType>D</InterfaceType><Attribute>M</Attribute><TriggerName></TriggerName>
	</RowData>
	<RowData><ProcessDefId>4</ProcessDefId><ActivityId>66</ActivityId><ActivityName>SchedulerPosting</ActivityName><InterfaceElementId>1</InterfaceElementId><InterfaceType>F</InterfaceType>
	</RowData>
	<RowData><ProcessDefId>4</ProcessDefId><ActivityId>67</ActivityId><ActivityName>SchedulerParking</ActivityName><InterfaceElementId>2</InterfaceElementId><InterfaceType>D</InterfaceType><Attribute>M</Attribute><TriggerName></TriggerName>
	</RowData>
	<RowData><ProcessDefId>4</ProcessDefId><ActivityId>67</ActivityId><ActivityName>SchedulerParking</ActivityName><InterfaceElementId>3</InterfaceElementId><InterfaceType>D</InterfaceType><Attribute>M</Attribute><TriggerName></TriggerName>
	</RowData>
	<RowData><ProcessDefId>4</ProcessDefId><ActivityId>67</ActivityId><ActivityName>SchedulerParking</ActivityName><InterfaceElementId>4</InterfaceElementId><InterfaceType>D</InterfaceType><Attribute>M</Attribute><TriggerName></TriggerName>
	</RowData>
	<RowData><ProcessDefId>4</ProcessDefId><ActivityId>67</ActivityId><ActivityName>SchedulerParking</ActivityName><InterfaceElementId>5</InterfaceElementId><InterfaceType>D</InterfaceType><Attribute>M</Attribute><TriggerName></TriggerName>
	</RowData>
	<RowData><ProcessDefId>4</ProcessDefId><ActivityId>67</ActivityId><ActivityName>SchedulerParking</ActivityName><InterfaceElementId>1</InterfaceElementId><InterfaceType>F</InterfaceType>
	</RowData>
	<RowData><ProcessDefId>4</ProcessDefId><ActivityId>71</ActivityId><ActivityName>PostingException</ActivityName><InterfaceElementId>2</InterfaceElementId><InterfaceType>D</InterfaceType><Attribute>M</Attribute><TriggerName></TriggerName>
	</RowData>
	<RowData><ProcessDefId>4</ProcessDefId><ActivityId>71</ActivityId><ActivityName>PostingException</ActivityName><InterfaceElementId>3</InterfaceElementId><InterfaceType>D</InterfaceType><Attribute>M</Attribute><TriggerName></TriggerName>
	</RowData>
	<RowData><ProcessDefId>4</ProcessDefId><ActivityId>71</ActivityId><ActivityName>PostingException</ActivityName><InterfaceElementId>4</InterfaceElementId><InterfaceType>D</InterfaceType><Attribute>M</Attribute><TriggerName></TriggerName>
	</RowData>
	<RowData><ProcessDefId>4</ProcessDefId><ActivityId>71</ActivityId><ActivityName>PostingException</ActivityName><InterfaceElementId>5</InterfaceElementId><InterfaceType>D</InterfaceType><Attribute>M</Attribute><TriggerName></TriggerName>
	</RowData>
	<RowData><ProcessDefId>4</ProcessDefId><ActivityId>71</ActivityId><ActivityName>PostingException</ActivityName><InterfaceElementId>1</InterfaceElementId><InterfaceType>F</InterfaceType>
	</RowData>
	<RowData><ProcessDefId>4</ProcessDefId><ActivityId>44</ActivityId><ActivityName>Query_44</ActivityName><InterfaceElementId>1</InterfaceElementId><InterfaceType>D</InterfaceType><Attribute>V</Attribute><TriggerName></TriggerName>
	</RowData>
	<RowData><ProcessDefId>4</ProcessDefId><ActivityId>66</ActivityId><ActivityName>SchedulerPosting</ActivityName><InterfaceElementId>1</InterfaceElementId><InterfaceType>D</InterfaceType><Attribute>M</Attribute><TriggerName></TriggerName>
	</RowData>
	<RowData><ProcessDefId>4</ProcessDefId><ActivityId>67</ActivityId><ActivityName>SchedulerParking</ActivityName><InterfaceElementId>1</InterfaceElementId><InterfaceType>D</InterfaceType><Attribute>M</Attribute><TriggerName></TriggerName>
	</RowData>
	<RowData><ProcessDefId>4</ProcessDefId><ActivityId>30</ActivityId><ActivityName>Accounts</ActivityName><InterfaceElementId>1</InterfaceElementId><InterfaceType>D</InterfaceType><Attribute>T</Attribute><TriggerName></TriggerName>
	</RowData>
	<RowData><ProcessDefId>4</ProcessDefId><ActivityId>30</ActivityId><ActivityName>Accounts</ActivityName><InterfaceElementId>5</InterfaceElementId><InterfaceType>F</InterfaceType><Attribute></Attribute><TriggerName></TriggerName>
	</RowData>
	<RowData><ProcessDefId>4</ProcessDefId><ActivityId>10</ActivityId><ActivityName>Gate Hold</ActivityName><InterfaceElementId>3</InterfaceElementId><InterfaceType>D</InterfaceType><Attribute>T</Attribute><TriggerName></TriggerName>
	</RowData>
	<RowData><ProcessDefId>4</ProcessDefId><ActivityId>10</ActivityId><ActivityName>Gate Hold</ActivityName><InterfaceElementId>2</InterfaceElementId><InterfaceType>D</InterfaceType><Attribute>T</Attribute><TriggerName></TriggerName>
	</RowData>
	<RowData><ProcessDefId>4</ProcessDefId><ActivityId>10</ActivityId><ActivityName>Gate Hold</ActivityName><InterfaceElementId>1</InterfaceElementId><InterfaceType>D</InterfaceType><Attribute>T</Attribute><TriggerName></TriggerName>
	</RowData>
	<RowData><ProcessDefId>4</ProcessDefId><ActivityId>10</ActivityId><ActivityName>Gate Hold</ActivityName><InterfaceElementId>1</InterfaceElementId><InterfaceType>F</InterfaceType><Attribute></Attribute><TriggerName></TriggerName>
	</RowData>
	<RowData><ProcessDefId>4</ProcessDefId><ActivityId>16</ActivityId><ActivityName>Store Hold</ActivityName><InterfaceElementId>3</InterfaceElementId><InterfaceType>D</InterfaceType><Attribute>T</Attribute><TriggerName></TriggerName>
	</RowData>
	<RowData><ProcessDefId>4</ProcessDefId><ActivityId>16</ActivityId><ActivityName>Store Hold</ActivityName><InterfaceElementId>2</InterfaceElementId><InterfaceType>D</InterfaceType><Attribute>T</Attribute><TriggerName></TriggerName>
	</RowData>
	<RowData><ProcessDefId>4</ProcessDefId><ActivityId>16</ActivityId><ActivityName>Store Hold</ActivityName><InterfaceElementId>1</InterfaceElementId><InterfaceType>D</InterfaceType><Attribute>T</Attribute><TriggerName></TriggerName>
	</RowData>
	<RowData><ProcessDefId>4</ProcessDefId><ActivityId>16</ActivityId><ActivityName>Store Hold</ActivityName><InterfaceElementId>1</InterfaceElementId><InterfaceType>F</InterfaceType><Attribute></Attribute><TriggerName></TriggerName>
	</RowData>
	<RowData><ProcessDefId>4</ProcessDefId><ActivityId>14</ActivityId><ActivityName>Store</ActivityName><InterfaceElementId>5</InterfaceElementId><InterfaceType>D</InterfaceType><Attribute>T</Attribute><TriggerName></TriggerName>
	</RowData>
	<RowData><ProcessDefId>4</ProcessDefId><ActivityId>14</ActivityId><ActivityName>Store</ActivityName><InterfaceElementId>3</InterfaceElementId><InterfaceType>D</InterfaceType><Attribute>T</Attribute><TriggerName></TriggerName>
	</RowData>
	<RowData><ProcessDefId>4</ProcessDefId><ActivityId>14</ActivityId><ActivityName>Store</ActivityName><InterfaceElementId>2</InterfaceElementId><InterfaceType>D</InterfaceType><Attribute>T</Attribute><TriggerName></TriggerName>
	</RowData>
	<RowData><ProcessDefId>4</ProcessDefId><ActivityId>14</ActivityId><ActivityName>Store</ActivityName><InterfaceElementId>4</InterfaceElementId><InterfaceType>D</InterfaceType><Attribute>T</Attribute><TriggerName></TriggerName>
	</RowData>
	<RowData><ProcessDefId>4</ProcessDefId><ActivityId>14</ActivityId><ActivityName>Store</ActivityName><InterfaceElementId>1</InterfaceElementId><InterfaceType>D</InterfaceType><Attribute>T</Attribute><TriggerName></TriggerName>
	</RowData>
	<RowData><ProcessDefId>4</ProcessDefId><ActivityId>14</ActivityId><ActivityName>Store</ActivityName><InterfaceElementId>1</InterfaceElementId><InterfaceType>F</InterfaceType><Attribute></Attribute><TriggerName></TriggerName>
	</RowData>
	<RowData><ProcessDefId>4</ProcessDefId><ActivityId>1</ActivityId><ActivityName>Manual_Introduction</ActivityName><InterfaceElementId>1</InterfaceElementId><InterfaceType>D</InterfaceType><Attribute>T</Attribute><TriggerName></TriggerName>
	</RowData>
	<RowData><ProcessDefId>4</ProcessDefId><ActivityId>1</ActivityId><ActivityName>Manual_Introduction</ActivityName><InterfaceElementId>3</InterfaceElementId><InterfaceType>F</InterfaceType><Attribute></Attribute><TriggerName></TriggerName>
	</RowData>
	<RowData><ProcessDefId>4</ProcessDefId><ActivityId>7</ActivityId><ActivityName>Gate Entry</ActivityName><InterfaceElementId>5</InterfaceElementId><InterfaceType>D</InterfaceType><Attribute>T</Attribute><TriggerName></TriggerName>
	</RowData>
	<RowData><ProcessDefId>4</ProcessDefId><ActivityId>7</ActivityId><ActivityName>Gate Entry</ActivityName><InterfaceElementId>4</InterfaceElementId><InterfaceType>D</InterfaceType><Attribute>T</Attribute><TriggerName></TriggerName>
	</RowData>
	<RowData><ProcessDefId>4</ProcessDefId><ActivityId>10</ActivityId><ActivityName>Gate Hold</ActivityName><InterfaceElementId>5</InterfaceElementId><InterfaceType>D</InterfaceType><Attribute>T</Attribute><TriggerName></TriggerName>
	</RowData>
	<RowData><ProcessDefId>4</ProcessDefId><ActivityId>10</ActivityId><ActivityName>Gate Hold</ActivityName><InterfaceElementId>4</InterfaceElementId><InterfaceType>D</InterfaceType><Attribute>T</Attribute><TriggerName></TriggerName>
	</RowData>
	<RowData><ProcessDefId>4</ProcessDefId><ActivityId>12</ActivityId><ActivityName>End Event_12</ActivityName><InterfaceElementId>5</InterfaceElementId><InterfaceType>D</InterfaceType><Attribute>V</Attribute><TriggerName></TriggerName>
	</RowData>
	<RowData><ProcessDefId>4</ProcessDefId><ActivityId>12</ActivityId><ActivityName>End Event_12</ActivityName><InterfaceElementId>4</InterfaceElementId><InterfaceType>D</InterfaceType><Attribute>V</Attribute><TriggerName></TriggerName>
	</RowData>
	<RowData><ProcessDefId>4</ProcessDefId><ActivityId>16</ActivityId><ActivityName>Store Hold</ActivityName><InterfaceElementId>5</InterfaceElementId><InterfaceType>D</InterfaceType><Attribute>T</Attribute><TriggerName></TriggerName>
	</RowData>
	<RowData><ProcessDefId>4</ProcessDefId><ActivityId>16</ActivityId><ActivityName>Store Hold</ActivityName><InterfaceElementId>4</InterfaceElementId><InterfaceType>D</InterfaceType><Attribute>T</Attribute><TriggerName></TriggerName>
	</RowData>
	<RowData><ProcessDefId>4</ProcessDefId><ActivityId>20</ActivityId><ActivityName>Quality</ActivityName><InterfaceElementId>5</InterfaceElementId><InterfaceType>D</InterfaceType><Attribute>T</Attribute><TriggerName></TriggerName>
	</RowData>
	<RowData><ProcessDefId>4</ProcessDefId><ActivityId>20</ActivityId><ActivityName>Quality</ActivityName><InterfaceElementId>4</InterfaceElementId><InterfaceType>D</InterfaceType><Attribute>T</Attribute><TriggerName></TriggerName>
	</RowData>
	<RowData><ProcessDefId>4</ProcessDefId><ActivityId>28</ActivityId><ActivityName>Error</ActivityName><InterfaceElementId>5</InterfaceElementId><InterfaceType>D</InterfaceType><Attribute>T</Attribute><TriggerName></TriggerName>
	</RowData>
	<RowData><ProcessDefId>4</ProcessDefId><ActivityId>28</ActivityId><ActivityName>Error</ActivityName><InterfaceElementId>4</InterfaceElementId><InterfaceType>D</InterfaceType><Attribute>T</Attribute><TriggerName></TriggerName>
	</RowData>
	<RowData><ProcessDefId>4</ProcessDefId><ActivityId>7</ActivityId><ActivityName>Gate Entry</ActivityName><InterfaceElementId>3</InterfaceElementId><InterfaceType>D</InterfaceType><Attribute>T</Attribute><TriggerName></TriggerName>
	</RowData>
	<RowData><ProcessDefId>4</ProcessDefId><ActivityId>7</ActivityId><ActivityName>Gate Entry</ActivityName><InterfaceElementId>2</InterfaceElementId><InterfaceType>D</InterfaceType><Attribute>T</Attribute><TriggerName></TriggerName>
	</RowData>
	<RowData><ProcessDefId>4</ProcessDefId><ActivityId>7</ActivityId><ActivityName>Gate Entry</ActivityName><InterfaceElementId>1</InterfaceElementId><InterfaceType>D</InterfaceType><Attribute>T</Attribute><TriggerName></TriggerName>
	</RowData>
	<RowData><ProcessDefId>4</ProcessDefId><ActivityId>7</ActivityId><ActivityName>Gate Entry</ActivityName><InterfaceElementId>1</InterfaceElementId><InterfaceType>F</InterfaceType><Attribute></Attribute><TriggerName></TriggerName>
	</RowData>
	<RowData><ProcessDefId>4</ProcessDefId><ActivityId>44</ActivityId><ActivityName>Query_44</ActivityName><InterfaceElementId>3</InterfaceElementId><InterfaceType>D</InterfaceType><Attribute>V</Attribute><TriggerName></TriggerName>
	</RowData>
	<RowData><ProcessDefId>4</ProcessDefId><ActivityId>20</ActivityId><ActivityName>Quality</ActivityName><InterfaceElementId>3</InterfaceElementId><InterfaceType>D</InterfaceType><Attribute>T</Attribute><TriggerName></TriggerName>
	</RowData>
	<RowData><ProcessDefId>4</ProcessDefId><ActivityId>20</ActivityId><ActivityName>Quality</ActivityName><InterfaceElementId>2</InterfaceElementId><InterfaceType>D</InterfaceType><Attribute>T</Attribute><TriggerName></TriggerName>
	</RowData>
	<RowData><ProcessDefId>4</ProcessDefId><ActivityId>20</ActivityId><ActivityName>Quality</ActivityName><InterfaceElementId>1</InterfaceElementId><InterfaceType>D</InterfaceType><Attribute>T</Attribute><TriggerName></TriggerName>
	</RowData>
	<RowData><ProcessDefId>4</ProcessDefId><ActivityId>20</ActivityId><ActivityName>Quality</ActivityName><InterfaceElementId>1</InterfaceElementId><InterfaceType>F</InterfaceType><Attribute></Attribute><TriggerName></TriggerName>
	</RowData>
	<RowData><ProcessDefId>4</ProcessDefId><ActivityId>44</ActivityId><ActivityName>Query_44</ActivityName><InterfaceElementId>1</InterfaceElementId><InterfaceType>F</InterfaceType><Attribute></Attribute><TriggerName></TriggerName>
	</RowData>
	<RowData><ProcessDefId>4</ProcessDefId><ActivityId>59</ActivityId><ActivityName>download</ActivityName><InterfaceElementId>1</InterfaceElementId><InterfaceType>D</InterfaceType><Attribute>T</Attribute><TriggerName></TriggerName>
	</RowData>
	<RowData><ProcessDefId>4</ProcessDefId><ActivityId>59</ActivityId><ActivityName>download</ActivityName><InterfaceElementId>1</InterfaceElementId><InterfaceType>F</InterfaceType><Attribute></Attribute><TriggerName></TriggerName>
	</RowData>
	<RowData><ProcessDefId>4</ProcessDefId><ActivityId>60</ActivityId><ActivityName>extraction</ActivityName><InterfaceElementId>1</InterfaceElementId><InterfaceType>D</InterfaceType><Attribute>T</Attribute><TriggerName></TriggerName>
	</RowData>
	<RowData><ProcessDefId>4</ProcessDefId><ActivityId>60</ActivityId><ActivityName>extraction</ActivityName><InterfaceElementId>1</InterfaceElementId><InterfaceType>F</InterfaceType><Attribute></Attribute><TriggerName></TriggerName>
	</RowData>
	<RowData><ProcessDefId>4</ProcessDefId><ActivityId>54</ActivityId><ActivityName>Audit</ActivityName><InterfaceElementId>3</InterfaceElementId><InterfaceType>D</InterfaceType><Attribute>T</Attribute><TriggerName></TriggerName>
	</RowData>
	<RowData><ProcessDefId>4</ProcessDefId><ActivityId>54</ActivityId><ActivityName>Audit</ActivityName><InterfaceElementId>2</InterfaceElementId><InterfaceType>D</InterfaceType><Attribute>T</Attribute><TriggerName></TriggerName>
	</RowData>
	<RowData><ProcessDefId>4</ProcessDefId><ActivityId>54</ActivityId><ActivityName>Audit</ActivityName><InterfaceElementId>1</InterfaceElementId><InterfaceType>D</InterfaceType><Attribute>T</Attribute><TriggerName></TriggerName>
	</RowData>
	<RowData><ProcessDefId>4</ProcessDefId><ActivityId>54</ActivityId><ActivityName>Audit</ActivityName><InterfaceElementId>1</InterfaceElementId><InterfaceType>F</InterfaceType><Attribute></Attribute><TriggerName></TriggerName>
	</RowData>
	<RowData><ProcessDefId>4</ProcessDefId><ActivityId>12</ActivityId><ActivityName>End Event_12</ActivityName><InterfaceElementId>1</InterfaceElementId><InterfaceType>D</InterfaceType><Attribute>V</Attribute><TriggerName></TriggerName>
	</RowData>
	<RowData><ProcessDefId>4</ProcessDefId><ActivityId>1</ActivityId><ActivityName>Manual_Introduction</ActivityName><InterfaceElementId>5</InterfaceElementId><InterfaceType>D</InterfaceType><Attribute>T</Attribute><TriggerName></TriggerName>
	</RowData>
	<RowData><ProcessDefId>4</ProcessDefId><ActivityId>1</ActivityId><ActivityName>Manual_Introduction</ActivityName><InterfaceElementId>4</InterfaceElementId><InterfaceType>D</InterfaceType><Attribute>T</Attribute><TriggerName></TriggerName>
	</RowData>
	<RowData><ProcessDefId>4</ProcessDefId><ActivityId>28</ActivityId><ActivityName>Error</ActivityName><InterfaceElementId>1</InterfaceElementId><InterfaceType>D</InterfaceType><Attribute>T</Attribute><TriggerName></TriggerName>
	</RowData>
	<RowData><ProcessDefId>4</ProcessDefId><ActivityId>28</ActivityId><ActivityName>Error</ActivityName><InterfaceElementId>2</InterfaceElementId><InterfaceType>F</InterfaceType><Attribute></Attribute><TriggerName></TriggerName>
	</RowData>
	<RowData><ProcessDefId>4</ProcessDefId><ActivityId>63</ActivityId><ActivityName>PR_Introduction</ActivityName><InterfaceElementId>1</InterfaceElementId><InterfaceType>D</InterfaceType><Attribute>T</Attribute><TriggerName></TriggerName>
	</RowData>
	<RowData><ProcessDefId>4</ProcessDefId><ActivityId>63</ActivityId><ActivityName>PR_Introduction</ActivityName><InterfaceElementId>2</InterfaceElementId><InterfaceType>F</InterfaceType><Attribute></Attribute><TriggerName></TriggerName>
	</RowData>
	<RowData><ProcessDefId>4</ProcessDefId><ActivityId>70</ActivityId><ActivityName>ParkingException</ActivityName><InterfaceElementId>5</InterfaceElementId><InterfaceType>D</InterfaceType><Attribute>T</Attribute><TriggerName></TriggerName>
	</RowData>
	<RowData><ProcessDefId>4</ProcessDefId><ActivityId>70</ActivityId><ActivityName>ParkingException</ActivityName><InterfaceElementId>3</InterfaceElementId><InterfaceType>D</InterfaceType><Attribute>T</Attribute><TriggerName></TriggerName>
	</RowData>
	<RowData><ProcessDefId>4</ProcessDefId><ActivityId>70</ActivityId><ActivityName>ParkingException</ActivityName><InterfaceElementId>2</InterfaceElementId><InterfaceType>D</InterfaceType><Attribute>T</Attribute><TriggerName></TriggerName>
	</RowData>
	<RowData><ProcessDefId>4</ProcessDefId><ActivityId>70</ActivityId><ActivityName>ParkingException</ActivityName><InterfaceElementId>4</InterfaceElementId><InterfaceType>D</InterfaceType><Attribute>T</Attribute><TriggerName></TriggerName>
	</RowData>
	<RowData><ProcessDefId>4</ProcessDefId><ActivityId>70</ActivityId><ActivityName>ParkingException</ActivityName><InterfaceElementId>1</InterfaceElementId><InterfaceType>D</InterfaceType><Attribute>T</Attribute><TriggerName></TriggerName>
	</RowData>
	<RowData><ProcessDefId>4</ProcessDefId><ActivityId>70</ActivityId><ActivityName>ParkingException</ActivityName><InterfaceElementId>1</InterfaceElementId><InterfaceType>F</InterfaceType>
	</RowData>
	<RowData><ProcessDefId>4</ProcessDefId><ActivityId>44</ActivityId><ActivityName>Query_44</ActivityName><InterfaceElementId>2</InterfaceElementId><InterfaceType>D</InterfaceType><Attribute>V</Attribute><TriggerName></TriggerName>
	</RowData>
	<RowData><ProcessDefId>4</ProcessDefId><ActivityId>42</ActivityId><ActivityName>Finance</ActivityName><InterfaceElementId>3</InterfaceElementId><InterfaceType>D</InterfaceType><Attribute>T</Attribute><TriggerName></TriggerName>
	</RowData>
	<RowData><ProcessDefId>4</ProcessDefId><ActivityId>42</ActivityId><ActivityName>Finance</ActivityName><InterfaceElementId>2</InterfaceElementId><InterfaceType>D</InterfaceType><Attribute>T</Attribute><TriggerName></TriggerName>
	</RowData>
	<RowData><ProcessDefId>4</ProcessDefId><ActivityId>42</ActivityId><ActivityName>Finance</ActivityName><InterfaceElementId>1</InterfaceElementId><InterfaceType>D</InterfaceType><Attribute>T</Attribute><TriggerName></TriggerName>
	</RowData>
	<RowData><ProcessDefId>4</ProcessDefId><ActivityId>42</ActivityId><ActivityName>Finance</ActivityName><InterfaceElementId>1</InterfaceElementId><InterfaceType>F</InterfaceType>
	</RowData>
	<RowData><ProcessDefId>4</ProcessDefId><ActivityId>71</ActivityId><ActivityName>PostingException</ActivityName><InterfaceElementId>1</InterfaceElementId><InterfaceType>D</InterfaceType><Attribute>M</Attribute><TriggerName></TriggerName>
	</RowData>
	<RowData><ProcessDefId>4</ProcessDefId><ActivityId>66</ActivityId><ActivityName>SchedulerPosting</ActivityName><InterfaceElementId>2</InterfaceElementId><InterfaceType>D</InterfaceType><Attribute>M</Attribute><TriggerName></TriggerName>
	</RowData>
	<RowData><ProcessDefId>4</ProcessDefId><ActivityId>66</ActivityId><ActivityName>SchedulerPosting</ActivityName><InterfaceElementId>3</InterfaceElementId><InterfaceType>D</InterfaceType><Attribute>M</Attribute><TriggerName></TriggerName>
	</RowData>
</PMWACTIVITYINTERFACEASSOCTABLE>