<PMWActivityAssociationTable_3>
	<RowData><ProcessDefId>4</ProcessDefId><ActivityId>10</ActivityId><DefinitionType>I</DefinitionType><DefinitionId>5</DefinitionId><AccessFlag></AccessFlag><FieldName>errordesc</FieldName><Attribute>O</Attribute><ExtObjID>1</ExtObjID><VariableId>59</VariableId>
	</RowData>
	<RowData><ProcessDefId>4</ProcessDefId><ActivityId>10</ActivityId><DefinitionType>I</DefinitionType><DefinitionId>6</DefinitionId><AccessFlag></AccessFlag><FieldName>output_po_number</FieldName><Attribute>O</Attribute><ExtObjID>1</ExtObjID><VariableId>83</VariableId>
	</RowData>
	<RowData><ProcessDefId>4</ProcessDefId><ActivityId>10</ActivityId><DefinitionType>I</DefinitionType><DefinitionId>7</DefinitionId><AccessFlag></AccessFlag><FieldName>remarks_l3</FieldName><Attribute>O</Attribute><ExtObjID>1</ExtObjID><VariableId>107</VariableId>
	</RowData>
	<RowData><ProcessDefId>4</ProcessDefId><ActivityId>10</ActivityId><DefinitionType>I</DefinitionType><DefinitionId>8</DefinitionId><AccessFlag></AccessFlag><FieldName>remarks_l2</FieldName><Attribute>O</Attribute><ExtObjID>1</ExtObjID><VariableId>106</VariableId>
	</RowData>
	<RowData><ProcessDefId>4</ProcessDefId><ActivityId>10</ActivityId><DefinitionType>I</DefinitionType><DefinitionId>9</DefinitionId><AccessFlag></AccessFlag><FieldName>mdoc103_rev</FieldName><Attribute>O</Attribute><ExtObjID>1</ExtObjID><VariableId>156</VariableId>
	</RowData>
	<RowData><ProcessDefId>4</ProcessDefId><ActivityId>10</ActivityId><DefinitionType>I</DefinitionType><DefinitionId>10</DefinitionId><AccessFlag></AccessFlag><FieldName>q_orient_invoice_item</FieldName><Attribute>O</Attribute><ExtObjID>1</ExtObjID><VariableId>121</VariableId>
	</RowData>
	<RowData><ProcessDefId>4</ProcessDefId><ActivityId>10</ActivityId><DefinitionType>I</DefinitionType><DefinitionId>11</DefinitionId><AccessFlag></AccessFlag><FieldName>ScanUserComment</FieldName><Attribute>O</Attribute><ExtObjID>1</ExtObjID><VariableId>115</VariableId>
	</RowData>
	<RowData><ProcessDefId>4</ProcessDefId><ActivityId>10</ActivityId><DefinitionType>I</DefinitionType><DefinitionId>12</DefinitionId><AccessFlag></AccessFlag><FieldName>gatehold_remarks</FieldName><Attribute>O</Attribute><ExtObjID>1</ExtObjID><VariableId>174</VariableId>
	</RowData>
	<RowData><ProcessDefId>4</ProcessDefId><ActivityId>10</ActivityId><DefinitionType>I</DefinitionType><DefinitionId>13</DefinitionId><AccessFlag></AccessFlag><FieldName>movement_type</FieldName><Attribute>O</Attribute><ExtObjID>1</ExtObjID><VariableId>170</VariableId>
	</RowData>
	<RowData><ProcessDefId>4</ProcessDefId><ActivityId>10</ActivityId><DefinitionType>I</DefinitionType><DefinitionId>14</DefinitionId><AccessFlag></AccessFlag><FieldName>inv_park</FieldName><Attribute>O</Attribute><ExtObjID>1</ExtObjID><VariableId>130</VariableId>
	</RowData>
	<RowData><ProcessDefId>4</ProcessDefId><ActivityId>10</ActivityId><DefinitionType>I</DefinitionType><DefinitionId>15</DefinitionId><AccessFlag></AccessFlag><FieldName>pur_org</FieldName><Attribute>O</Attribute><ExtObjID>1</ExtObjID><VariableId>69</VariableId>
	</RowData>
	<RowData><ProcessDefId>4</ProcessDefId><ActivityId>10</ActivityId><DefinitionType>I</DefinitionType><DefinitionId>16</DefinitionId><AccessFlag></AccessFlag><FieldName>pan_sap</FieldName><Attribute>O</Attribute><ExtObjID>1</ExtObjID><VariableId>159</VariableId>
	</RowData>
	<RowData><ProcessDefId>4</ProcessDefId><ActivityId>10</ActivityId><DefinitionType>I</DefinitionType><DefinitionId>17</DefinitionId><AccessFlag></AccessFlag><FieldName>storeChildWIFlag</FieldName><Attribute>O</Attribute><ExtObjID>1</ExtObjID><VariableId>71</VariableId>
	</RowData>
	<RowData><ProcessDefId>4</ProcessDefId><ActivityId>10</ActivityId><DefinitionType>I</DefinitionType><DefinitionId>18</DefinitionId><AccessFlag></AccessFlag><FieldName>q_polineitem</FieldName><Attribute>O</Attribute><ExtObjID>1</ExtObjID><VariableId>93</VariableId>
	</RowData>
	<RowData><ProcessDefId>4</ProcessDefId><ActivityId>10</ActivityId><DefinitionType>I</DefinitionType><DefinitionId>20</DefinitionId><AccessFlag></AccessFlag><FieldName>gatehold_decision</FieldName><Attribute>O</Attribute><ExtObjID>1</ExtObjID><VariableId>173</VariableId>
	</RowData>
	<RowData><ProcessDefId>4</ProcessDefId><ActivityId>10</ActivityId><DefinitionType>I</DefinitionType><DefinitionId>21</DefinitionId><AccessFlag></AccessFlag><FieldName>invdate_sap</FieldName><Attribute>O</Attribute><ExtObjID>1</ExtObjID><VariableId>136</VariableId>
	</RowData>
	<RowData><ProcessDefId>4</ProcessDefId><ActivityId>10</ActivityId><DefinitionType>I</DefinitionType><DefinitionId>22</DefinitionId><AccessFlag></AccessFlag><FieldName>quality_decision</FieldName><Attribute>O</Attribute><ExtObjID>1</ExtObjID><VariableId>74</VariableId>
	</RowData>
	<RowData><ProcessDefId>4</ProcessDefId><ActivityId>10</ActivityId><DefinitionType>I</DefinitionType><DefinitionId>23</DefinitionId><AccessFlag></AccessFlag><FieldName>po_createdby</FieldName><Attribute>O</Attribute><ExtObjID>1</ExtObjID><VariableId>139</VariableId>
	</RowData>
	<RowData><ProcessDefId>4</ProcessDefId><ActivityId>10</ActivityId><DefinitionType>I</DefinitionType><DefinitionId>24</DefinitionId><AccessFlag></AccessFlag><FieldName>InvoiceTax</FieldName><Attribute>O</Attribute><ExtObjID>1</ExtObjID><VariableId>87</VariableId>
	</RowData>
	<RowData><ProcessDefId>4</ProcessDefId><ActivityId>10</ActivityId><DefinitionType>I</DefinitionType><DefinitionId>25</DefinitionId><AccessFlag></AccessFlag><FieldName>route_to</FieldName><Attribute>O</Attribute><ExtObjID>1</ExtObjID><VariableId>148</VariableId>
	</RowData>
	<RowData><ProcessDefId>4</ProcessDefId><ActivityId>10</ActivityId><DefinitionType>I</DefinitionType><DefinitionId>26</DefinitionId><AccessFlag></AccessFlag><FieldName>gstn_inv</FieldName><Attribute>O</Attribute><ExtObjID>1</ExtObjID><VariableId>155</VariableId>
	</RowData>
	<RowData><ProcessDefId>4</ProcessDefId><ActivityId>10</ActivityId><DefinitionType>I</DefinitionType><DefinitionId>27</DefinitionId><AccessFlag></AccessFlag><FieldName>gstn_sap</FieldName><Attribute>O</Attribute><ExtObjID>1</ExtObjID><VariableId>154</VariableId>
	</RowData>
	<RowData><ProcessDefId>4</ProcessDefId><ActivityId>10</ActivityId><DefinitionType>I</DefinitionType><DefinitionId>29</DefinitionId><AccessFlag></AccessFlag><FieldName>InvoiceAmount</FieldName><Attribute>O</Attribute><ExtObjID>1</ExtObjID><VariableId>84</VariableId>
	</RowData>
	<RowData><ProcessDefId>4</ProcessDefId><ActivityId>10</ActivityId><DefinitionType>I</DefinitionType><DefinitionId>30</DefinitionId><AccessFlag></AccessFlag><FieldName>po_year1</FieldName><Attribute>O</Attribute><ExtObjID>1</ExtObjID><VariableId>114</VariableId>
	</RowData>
	<RowData><ProcessDefId>4</ProcessDefId><ActivityId>10</ActivityId><DefinitionType>I</DefinitionType><DefinitionId>31</DefinitionId><AccessFlag></AccessFlag><FieldName>q_orient_po_lineitem</FieldName><Attribute>O</Attribute><ExtObjID>1</ExtObjID><VariableId>94</VariableId>
	</RowData>
	<RowData><ProcessDefId>4</ProcessDefId><ActivityId>10</ActivityId><DefinitionType>I</DefinitionType><DefinitionId>32</DefinitionId><AccessFlag></AccessFlag><FieldName>mdoc_sap_push</FieldName><Attribute>O</Attribute><ExtObjID>1</ExtObjID><VariableId>164</VariableId>
	</RowData>
	<RowData><ProcessDefId>4</ProcessDefId><ActivityId>10</ActivityId><DefinitionType>I</DefinitionType><DefinitionId>33</DefinitionId><AccessFlag></AccessFlag><FieldName>vendor_district</FieldName><Attribute>O</Attribute><ExtObjID>1</ExtObjID><VariableId>99</VariableId>
	</RowData>
	<RowData><ProcessDefId>4</ProcessDefId><ActivityId>10</ActivityId><DefinitionType>I</DefinitionType><DefinitionId>34</DefinitionId><AccessFlag></AccessFlag><FieldName>orient_gstn</FieldName><Attribute>O</Attribute><ExtObjID>1</ExtObjID><VariableId>158</VariableId>
	</RowData>
	<RowData><ProcessDefId>4</ProcessDefId><ActivityId>10</ActivityId><DefinitionType>I</DefinitionType><DefinitionId>35</DefinitionId><AccessFlag></AccessFlag><FieldName>inv_post</FieldName><Attribute>O</Attribute><ExtObjID>1</ExtObjID><VariableId>131</VariableId>
	</RowData>
	<RowData><ProcessDefId>4</ProcessDefId><ActivityId>10</ActivityId><DefinitionType>I</DefinitionType><DefinitionId>36</DefinitionId><AccessFlag></AccessFlag><FieldName>accounts_decision</FieldName><Attribute>O</Attribute><ExtObjID>1</ExtObjID><VariableId>169</VariableId>
	</RowData>
	<RowData><ProcessDefId>4</ProcessDefId><ActivityId>10</ActivityId><DefinitionType>I</DefinitionType><DefinitionId>37</DefinitionId><AccessFlag></AccessFlag><FieldName>processid</FieldName><Attribute>O</Attribute><ExtObjID>1</ExtObjID><VariableId>82</VariableId>
	</RowData>
	<RowData><ProcessDefId>4</ProcessDefId><ActivityId>10</ActivityId><DefinitionType>I</DefinitionType><DefinitionId>38</DefinitionId><AccessFlag></AccessFlag><FieldName>PAN</FieldName><Attribute>O</Attribute><ExtObjID>1</ExtObjID><VariableId>90</VariableId>
	</RowData>
	<RowData><ProcessDefId>4</ProcessDefId><ActivityId>10</ActivityId><DefinitionType>I</DefinitionType><DefinitionId>39</DefinitionId><AccessFlag></AccessFlag><FieldName>qualityChildWIFlag</FieldName><Attribute>O</Attribute><ExtObjID>1</ExtObjID><VariableId>58</VariableId>
	</RowData>
	<RowData><ProcessDefId>4</ProcessDefId><ActivityId>10</ActivityId><DefinitionType>I</DefinitionType><DefinitionId>40</DefinitionId><AccessFlag></AccessFlag><FieldName>qa_required</FieldName><Attribute>O</Attribute><ExtObjID>1</ExtObjID><VariableId>133</VariableId>
	</RowData>
	<RowData><ProcessDefId>4</ProcessDefId><ActivityId>10</ActivityId><DefinitionType>I</DefinitionType><DefinitionId>41</DefinitionId><AccessFlag></AccessFlag><FieldName>reversal_req</FieldName><Attribute>O</Attribute><ExtObjID>1</ExtObjID><VariableId>150</VariableId>
	</RowData>
	<RowData><ProcessDefId>4</ProcessDefId><ActivityId>10</ActivityId><DefinitionType>I</DefinitionType><DefinitionId>42</DefinitionId><AccessFlag></AccessFlag><FieldName>service_itemselect</FieldName><Attribute>O</Attribute><ExtObjID>1</ExtObjID><VariableId>165</VariableId>
	</RowData>
	<RowData><ProcessDefId>4</ProcessDefId><ActivityId>10</ActivityId><DefinitionType>I</DefinitionType><DefinitionId>43</DefinitionId><AccessFlag></AccessFlag><FieldName>GateEntryNo</FieldName><Attribute>O</Attribute><ExtObjID>1</ExtObjID><VariableId>88</VariableId>
	</RowData>
	<RowData><ProcessDefId>4</ProcessDefId><ActivityId>10</ActivityId><DefinitionType>I</DefinitionType><DefinitionId>44</DefinitionId><AccessFlag></AccessFlag><FieldName>comp_code</FieldName><Attribute>O</Attribute><ExtObjID>1</ExtObjID><VariableId>124</VariableId>
	</RowData>
	<RowData><ProcessDefId>4</ProcessDefId><ActivityId>10</ActivityId><DefinitionType>I</DefinitionType><DefinitionId>45</DefinitionId><AccessFlag></AccessFlag><FieldName>currency</FieldName><Attribute>O</Attribute><ExtObjID>1</ExtObjID><VariableId>127</VariableId>
	</RowData>
	<RowData><ProcessDefId>4</ProcessDefId><ActivityId>10</ActivityId><DefinitionType>I</DefinitionType><DefinitionId>46</DefinitionId><AccessFlag></AccessFlag><FieldName>vendor_code</FieldName><Attribute>O</Attribute><ExtObjID>1</ExtObjID><VariableId>63</VariableId>
	</RowData>
	<RowData><ProcessDefId>4</ProcessDefId><ActivityId>10</ActivityId><DefinitionType>I</DefinitionType><DefinitionId>48</DefinitionId><AccessFlag></AccessFlag><FieldName>duplicateCheck</FieldName><Attribute>O</Attribute><ExtObjID>1</ExtObjID><VariableId>65</VariableId>
	</RowData>
	<RowData><ProcessDefId>4</ProcessDefId><ActivityId>10</ActivityId><DefinitionType>I</DefinitionType><DefinitionId>49</DefinitionId><AccessFlag></AccessFlag><FieldName>mdoc105</FieldName><Attribute>O</Attribute><ExtObjID>1</ExtObjID><VariableId>129</VariableId>
	</RowData>
	<RowData><ProcessDefId>4</ProcessDefId><ActivityId>10</ActivityId><DefinitionType>I</DefinitionType><DefinitionId>50</DefinitionId><AccessFlag></AccessFlag><FieldName>grn_number</FieldName><Attribute>O</Attribute><ExtObjID>1</ExtObjID><VariableId>66</VariableId>
	</RowData>
	<RowData><ProcessDefId>4</ProcessDefId><ActivityId>10</ActivityId><DefinitionType>I</DefinitionType><DefinitionId>51</DefinitionId><AccessFlag></AccessFlag><FieldName>delete_storeChildWI</FieldName><Attribute>O</Attribute><ExtObjID>1</ExtObjID><VariableId>67</VariableId>
	</RowData>
	<RowData><ProcessDefId>4</ProcessDefId><ActivityId>10</ActivityId><DefinitionType>I</DefinitionType><DefinitionId>52</DefinitionId><AccessFlag></AccessFlag><FieldName>remarks_storehold</FieldName><Attribute>O</Attribute><ExtObjID>1</ExtObjID><VariableId>68</VariableId>
	</RowData>
	<RowData><ProcessDefId>4</ProcessDefId><ActivityId>10</ActivityId><DefinitionType>I</DefinitionType><DefinitionId>53</DefinitionId><AccessFlag></AccessFlag><FieldName>mdoc103</FieldName><Attribute>O</Attribute><ExtObjID>1</ExtObjID><VariableId>128</VariableId>
	</RowData>
	<RowData><ProcessDefId>4</ProcessDefId><ActivityId>10</ActivityId><DefinitionType>I</DefinitionType><DefinitionId>54</DefinitionId><AccessFlag></AccessFlag><FieldName>claiminsurance</FieldName><Attribute>O</Attribute><ExtObjID>1</ExtObjID><VariableId>118</VariableId>
	</RowData>
	<RowData><ProcessDefId>4</ProcessDefId><ActivityId>10</ActivityId><DefinitionType>I</DefinitionType><DefinitionId>55</DefinitionId><AccessFlag></AccessFlag><FieldName>remarks_accounts</FieldName><Attribute>O</Attribute><ExtObjID>1</ExtObjID><VariableId>116</VariableId>
	</RowData>
	<RowData><ProcessDefId>4</ProcessDefId><ActivityId>10</ActivityId><DefinitionType>I</DefinitionType><DefinitionId>56</DefinitionId><AccessFlag></AccessFlag><FieldName>vendor_country</FieldName><Attribute>O</Attribute><ExtObjID>1</ExtObjID><VariableId>100</VariableId>
	</RowData>
	<RowData><ProcessDefId>4</ProcessDefId><ActivityId>10</ActivityId><DefinitionType>I</DefinitionType><DefinitionId>57</DefinitionId><AccessFlag></AccessFlag><FieldName>reversal_reason</FieldName><Attribute>O</Attribute><ExtObjID>1</ExtObjID><VariableId>152</VariableId>
	</RowData>
	<RowData><ProcessDefId>4</ProcessDefId><ActivityId>10</ActivityId><DefinitionType>I</DefinitionType><DefinitionId>58</DefinitionId><AccessFlag></AccessFlag><FieldName>q_orient_acc_assignment</FieldName><Attribute>O</Attribute><ExtObjID>1</ExtObjID><VariableId>135</VariableId>
	</RowData>
	<RowData><ProcessDefId>4</ProcessDefId><ActivityId>10</ActivityId><DefinitionType>I</DefinitionType><DefinitionId>59</DefinitionId><AccessFlag></AccessFlag><FieldName>gate_decision</FieldName><Attribute>O</Attribute><ExtObjID>1</ExtObjID><VariableId>153</VariableId>
	</RowData>
	<RowData><ProcessDefId>4</ProcessDefId><ActivityId>10</ActivityId><DefinitionType>I</DefinitionType><DefinitionId>60</DefinitionId><AccessFlag></AccessFlag><FieldName>remarks_finance</FieldName><Attribute>O</Attribute><ExtObjID>1</ExtObjID><VariableId>117</VariableId>
	</RowData>
	<RowData><ProcessDefId>4</ProcessDefId><ActivityId>10</ActivityId><DefinitionType>I</DefinitionType><DefinitionId>61</DefinitionId><AccessFlag></AccessFlag><FieldName>store_decision</FieldName><Attribute>O</Attribute><ExtObjID>1</ExtObjID><VariableId>78</VariableId>
	</RowData>
	<RowData><ProcessDefId>4</ProcessDefId><ActivityId>10</ActivityId><DefinitionType>I</DefinitionType><DefinitionId>62</DefinitionId><AccessFlag></AccessFlag><FieldName>vendor_city</FieldName><Attribute>O</Attribute><ExtObjID>1</ExtObjID><VariableId>98</VariableId>
	</RowData>
	<RowData><ProcessDefId>4</ProcessDefId><ActivityId>10</ActivityId><DefinitionType>I</DefinitionType><DefinitionId>63</DefinitionId><AccessFlag></AccessFlag><FieldName>tax_code</FieldName><Attribute>O</Attribute><ExtObjID>1</ExtObjID><VariableId>126</VariableId>
	</RowData>
	<RowData><ProcessDefId>4</ProcessDefId><ActivityId>10</ActivityId><DefinitionType>I</DefinitionType><DefinitionId>64</DefinitionId><AccessFlag></AccessFlag><FieldName>pr_number</FieldName><Attribute>O</Attribute><ExtObjID>1</ExtObjID><VariableId>79</VariableId>
	</RowData>
	<RowData><ProcessDefId>4</ProcessDefId><ActivityId>10</ActivityId><DefinitionType>I</DefinitionType><DefinitionId>65</DefinitionId><AccessFlag></AccessFlag><FieldName>storehold_decsion</FieldName><Attribute>O</Attribute><ExtObjID>1</ExtObjID><VariableId>80</VariableId>
	</RowData>
	<RowData><ProcessDefId>4</ProcessDefId><ActivityId>10</ActivityId><DefinitionType>I</DefinitionType><DefinitionId>66</DefinitionId><AccessFlag></AccessFlag><FieldName>po_year</FieldName><Attribute>O</Attribute><ExtObjID>1</ExtObjID><VariableId>113</VariableId>
	</RowData>
	<RowData><ProcessDefId>4</ProcessDefId><ActivityId>10</ActivityId><DefinitionType>I</DefinitionType><DefinitionId>67</DefinitionId><AccessFlag></AccessFlag><FieldName>mailbody</FieldName><Attribute>O</Attribute><ExtObjID>1</ExtObjID><VariableId>143</VariableId>
	</RowData>
	<RowData><ProcessDefId>4</ProcessDefId><ActivityId>10</ActivityId><DefinitionType>I</DefinitionType><DefinitionId>68</DefinitionId><AccessFlag></AccessFlag><FieldName>errorcode</FieldName><Attribute>O</Attribute><ExtObjID>1</ExtObjID><VariableId>81</VariableId>
	</RowData>
	<RowData><ProcessDefId>4</ProcessDefId><ActivityId>10</ActivityId><DefinitionType>I</DefinitionType><DefinitionId>69</DefinitionId><AccessFlag></AccessFlag><FieldName>q_orient_entry_service</FieldName><Attribute>O</Attribute><ExtObjID>1</ExtObjID><VariableId>134</VariableId>
	</RowData>
	<RowData><ProcessDefId>4</ProcessDefId><ActivityId>10</ActivityId><DefinitionType>I</DefinitionType><DefinitionId>70</DefinitionId><AccessFlag></AccessFlag><FieldName>replacement</FieldName><Attribute>O</Attribute><ExtObjID>1</ExtObjID><VariableId>144</VariableId>
	</RowData>
	<RowData><ProcessDefId>4</ProcessDefId><ActivityId>10</ActivityId><DefinitionType>I</DefinitionType><DefinitionId>71</DefinitionId><AccessFlag></AccessFlag><FieldName>InvoiceDate</FieldName><Attribute>O</Attribute><ExtObjID>1</ExtObjID><VariableId>85</VariableId>
	</RowData>
	<RowData><ProcessDefId>4</ProcessDefId><ActivityId>10</ActivityId><DefinitionType>I</DefinitionType><DefinitionId>73</DefinitionId><AccessFlag></AccessFlag><FieldName>assignedTo</FieldName><Attribute>O</Attribute><ExtObjID>1</ExtObjID><VariableId>140</VariableId>
	</RowData>
	<RowData><ProcessDefId>4</ProcessDefId><ActivityId>10</ActivityId><DefinitionType>I</DefinitionType><DefinitionId>74</DefinitionId><AccessFlag></AccessFlag><FieldName>remarks_qualityhold</FieldName><Attribute>O</Attribute><ExtObjID>1</ExtObjID><VariableId>123</VariableId>
	</RowData>
	<RowData><ProcessDefId>4</ProcessDefId><ActivityId>10</ActivityId><DefinitionType>I</DefinitionType><DefinitionId>75</DefinitionId><AccessFlag></AccessFlag><FieldName>pur_group</FieldName><Attribute>O</Attribute><ExtObjID>1</ExtObjID><VariableId>62</VariableId>
	</RowData>
	<RowData><ProcessDefId>4</ProcessDefId><ActivityId>10</ActivityId><DefinitionType>I</DefinitionType><DefinitionId>76</DefinitionId><AccessFlag></AccessFlag><FieldName>pan_inv</FieldName><Attribute>O</Attribute><ExtObjID>1</ExtObjID><VariableId>163</VariableId>
	</RowData>
	<RowData><ProcessDefId>4</ProcessDefId><ActivityId>10</ActivityId><DefinitionType>I</DefinitionType><DefinitionId>77</DefinitionId><AccessFlag></AccessFlag><FieldName>ProfitCenter</FieldName><Attribute>O</Attribute><ExtObjID>1</ExtObjID><VariableId>149</VariableId>
	</RowData>
	<RowData><ProcessDefId>4</ProcessDefId><ActivityId>10</ActivityId><DefinitionType>I</DefinitionType><DefinitionId>79</DefinitionId><AccessFlag></AccessFlag><FieldName>po_type</FieldName><Attribute>O</Attribute><ExtObjID>1</ExtObjID><VariableId>70</VariableId>
	</RowData>
	<RowData><ProcessDefId>4</ProcessDefId><ActivityId>10</ActivityId><DefinitionType>I</DefinitionType><DefinitionId>80</DefinitionId><AccessFlag></AccessFlag><FieldName>remarks_service</FieldName><Attribute>O</Attribute><ExtObjID>1</ExtObjID><VariableId>137</VariableId>
	</RowData>
	<RowData><ProcessDefId>4</ProcessDefId><ActivityId>10</ActivityId><DefinitionType>I</DefinitionType><DefinitionId>81</DefinitionId><AccessFlag></AccessFlag><FieldName>scanuserdate</FieldName><Attribute>O</Attribute><ExtObjID>1</ExtObjID><VariableId>119</VariableId>
	</RowData>
	<RowData><ProcessDefId>4</ProcessDefId><ActivityId>10</ActivityId><DefinitionType>I</DefinitionType><DefinitionId>82</DefinitionId><AccessFlag></AccessFlag><FieldName>finance_decision</FieldName><Attribute>O</Attribute><ExtObjID>1</ExtObjID><VariableId>160</VariableId>
	</RowData>
	<RowData><ProcessDefId>4</ProcessDefId><ActivityId>10</ActivityId><DefinitionType>I</DefinitionType><DefinitionId>83</DefinitionId><AccessFlag></AccessFlag><FieldName>postingDate</FieldName><Attribute>O</Attribute><ExtObjID>1</ExtObjID><VariableId>142</VariableId>
	</RowData>
	<RowData><ProcessDefId>4</ProcessDefId><ActivityId>10</ActivityId><DefinitionType>I</DefinitionType><DefinitionId>84</DefinitionId><AccessFlag></AccessFlag><FieldName>remarks_store</FieldName><Attribute>O</Attribute><ExtObjID>1</ExtObjID><VariableId>76</VariableId>
	</RowData>
	<RowData><ProcessDefId>4</ProcessDefId><ActivityId>10</ActivityId><DefinitionType>I</DefinitionType><DefinitionId>85</DefinitionId><AccessFlag></AccessFlag><FieldName>q_orient_pr_item</FieldName><Attribute>O</Attribute><ExtObjID>1</ExtObjID><VariableId>104</VariableId>
	</RowData>
	<RowData><ProcessDefId>4</ProcessDefId><ActivityId>10</ActivityId><DefinitionType>I</DefinitionType><DefinitionId>86</DefinitionId><AccessFlag></AccessFlag><FieldName>vendor_region</FieldName><Attribute>O</Attribute><ExtObjID>1</ExtObjID><VariableId>96</VariableId>
	</RowData>
	<RowData><ProcessDefId>4</ProcessDefId><ActivityId>10</ActivityId><DefinitionType>I</DefinitionType><DefinitionId>87</DefinitionId><AccessFlag></AccessFlag><FieldName>vendor_contact</FieldName><Attribute>O</Attribute><ExtObjID>1</ExtObjID><VariableId>95</VariableId>
	</RowData>
	<RowData><ProcessDefId>4</ProcessDefId><ActivityId>10</ActivityId><DefinitionType>I</DefinitionType><DefinitionId>88</DefinitionId><AccessFlag></AccessFlag><FieldName>gateexception_flag</FieldName><Attribute>O</Attribute><ExtObjID>1</ExtObjID><VariableId>172</VariableId>
	</RowData>
	<RowData><ProcessDefId>4</ProcessDefId><ActivityId>10</ActivityId><DefinitionType>I</DefinitionType><DefinitionId>89</DefinitionId><AccessFlag></AccessFlag><FieldName>email</FieldName><Attribute>O</Attribute><ExtObjID>1</ExtObjID><VariableId>141</VariableId>
	</RowData>
	<RowData><ProcessDefId>4</ProcessDefId><ActivityId>10</ActivityId><DefinitionType>I</DefinitionType><DefinitionId>90</DefinitionId><AccessFlag></AccessFlag><FieldName>remarks_audit</FieldName><Attribute>O</Attribute><ExtObjID>1</ExtObjID><VariableId>151</VariableId>
	</RowData>
	<RowData><ProcessDefId>4</ProcessDefId><ActivityId>10</ActivityId><DefinitionType>I</DefinitionType><DefinitionId>91</DefinitionId><AccessFlag></AccessFlag><FieldName>dmspath</FieldName><Attribute>O</Attribute><ExtObjID>1</ExtObjID><VariableId>132</VariableId>
	</RowData>
	<RowData><ProcessDefId>4</ProcessDefId><ActivityId>10</ActivityId><DefinitionType>I</DefinitionType><DefinitionId>92</DefinitionId><AccessFlag></AccessFlag><FieldName>remarks_quality</FieldName><Attribute>O</Attribute><ExtObjID>1</ExtObjID><VariableId>122</VariableId>
	</RowData>
	<RowData><ProcessDefId>4</ProcessDefId><ActivityId>10</ActivityId><DefinitionType>I</DefinitionType><DefinitionId>93</DefinitionId><AccessFlag></AccessFlag><FieldName>po_cat</FieldName><Attribute>O</Attribute><ExtObjID>1</ExtObjID><VariableId>168</VariableId>
	</RowData>
	<RowData><ProcessDefId>4</ProcessDefId><ActivityId>10</ActivityId><DefinitionType>I</DefinitionType><DefinitionId>94</DefinitionId><AccessFlag></AccessFlag><FieldName>debit_to_transport</FieldName><Attribute>O</Attribute><ExtObjID>1</ExtObjID><VariableId>145</VariableId>
	</RowData>
	<RowData><ProcessDefId>4</ProcessDefId><ActivityId>10</ActivityId><DefinitionType>I</DefinitionType><DefinitionId>95</DefinitionId><AccessFlag></AccessFlag><FieldName>q_serviceapproval</FieldName><Attribute>O</Attribute><ExtObjID>1</ExtObjID><VariableId>146</VariableId>
	</RowData>
	<RowData><ProcessDefId>4</ProcessDefId><ActivityId>10</ActivityId><DefinitionType>I</DefinitionType><DefinitionId>96</DefinitionId><AccessFlag></AccessFlag><FieldName>inv_post_rev</FieldName><Attribute>O</Attribute><ExtObjID>1</ExtObjID><VariableId>171</VariableId>
	</RowData>
	<RowData><ProcessDefId>4</ProcessDefId><ActivityId>10</ActivityId><DefinitionType>I</DefinitionType><DefinitionId>97</DefinitionId><AccessFlag></AccessFlag><FieldName>PurchaseOrderNo</FieldName><Attribute>O</Attribute><ExtObjID>1</ExtObjID><VariableId>92</VariableId>
	</RowData>
	<RowData><ProcessDefId>4</ProcessDefId><ActivityId>10</ActivityId><DefinitionType>I</DefinitionType><DefinitionId>98</DefinitionId><AccessFlag></AccessFlag><FieldName>orient_GST</FieldName><Attribute>O</Attribute><ExtObjID>1</ExtObjID><VariableId>161</VariableId>
	</RowData>
	<RowData><ProcessDefId>4</ProcessDefId><ActivityId>10</ActivityId><DefinitionType>I</DefinitionType><DefinitionId>99</DefinitionId><AccessFlag></AccessFlag><FieldName>GSTN</FieldName><Attribute>O</Attribute><ExtObjID>1</ExtObjID><VariableId>89</VariableId>
	</RowData>
	<RowData><ProcessDefId>4</ProcessDefId><ActivityId>10</ActivityId><DefinitionType>I</DefinitionType><DefinitionId>100</DefinitionId><AccessFlag></AccessFlag><FieldName>q_orient_po_item</FieldName><Attribute>O</Attribute><ExtObjID>1</ExtObjID><VariableId>102</VariableId>
	</RowData>
	<RowData><ProcessDefId>4</ProcessDefId><ActivityId>10</ActivityId><DefinitionType>I</DefinitionType><DefinitionId>101</DefinitionId><AccessFlag></AccessFlag><FieldName>po_date</FieldName><Attribute>O</Attribute><ExtObjID>1</ExtObjID><VariableId>64</VariableId>
	</RowData>
	<RowData><ProcessDefId>4</ProcessDefId><ActivityId>10</ActivityId><DefinitionType>I</DefinitionType><DefinitionId>102</DefinitionId><AccessFlag></AccessFlag><FieldName>InvoiceNo</FieldName><Attribute>O</Attribute><ExtObjID>1</ExtObjID><VariableId>86</VariableId>
	</RowData>
	<RowData><ProcessDefId>4</ProcessDefId><ActivityId>10</ActivityId><DefinitionType>I</DefinitionType><DefinitionId>103</DefinitionId><AccessFlag></AccessFlag><FieldName>mdoc105_rev</FieldName><Attribute>O</Attribute><ExtObjID>1</ExtObjID><VariableId>157</VariableId>
	</RowData>
	<RowData><ProcessDefId>4</ProcessDefId><ActivityId>10</ActivityId><DefinitionType>I</DefinitionType><DefinitionId>104</DefinitionId><AccessFlag></AccessFlag><FieldName>q_orient_pohistory</FieldName><Attribute>O</Attribute><ExtObjID>1</ExtObjID><VariableId>101</VariableId>
	</RowData>
	<RowData><ProcessDefId>4</ProcessDefId><ActivityId>10</ActivityId><DefinitionType>I</DefinitionType><DefinitionId>105</DefinitionId><AccessFlag></AccessFlag><FieldName>qualityhold_decision</FieldName><Attribute>O</Attribute><ExtObjID>1</ExtObjID><VariableId>72</VariableId>
	</RowData>
	<RowData><ProcessDefId>4</ProcessDefId><ActivityId>10</ActivityId><DefinitionType>I</DefinitionType><DefinitionId>106</DefinitionId><AccessFlag></AccessFlag><FieldName>asn_number</FieldName><Attribute>O</Attribute><ExtObjID>1</ExtObjID><VariableId>167</VariableId>
	</RowData>
	<RowData><ProcessDefId>4</ProcessDefId><ActivityId>10</ActivityId><DefinitionType>I</DefinitionType><DefinitionId>107</DefinitionId><AccessFlag></AccessFlag><FieldName>vendor_name</FieldName><Attribute>O</Attribute><ExtObjID>1</ExtObjID><VariableId>73</VariableId>
	</RowData>
	<RowData><ProcessDefId>4</ProcessDefId><ActivityId>10</ActivityId><DefinitionType>I</DefinitionType><DefinitionId>110</DefinitionId><AccessFlag></AccessFlag><FieldName>service_status</FieldName><Attribute>O</Attribute><ExtObjID>1</ExtObjID><VariableId>147</VariableId>
	</RowData>
	<RowData><ProcessDefId>4</ProcessDefId><ActivityId>10</ActivityId><DefinitionType>I</DefinitionType><DefinitionId>111</DefinitionId><AccessFlag></AccessFlag><FieldName>remarks_gateentry</FieldName><Attribute>O</Attribute><ExtObjID>1</ExtObjID><VariableId>75</VariableId>
	</RowData>
	<RowData><ProcessDefId>4</ProcessDefId><ActivityId>10</ActivityId><DefinitionType>I</DefinitionType><DefinitionId>112</DefinitionId><AccessFlag></AccessFlag><FieldName>orient_PAN</FieldName><Attribute>O</Attribute><ExtObjID>1</ExtObjID><VariableId>162</VariableId>
	</RowData>
	<RowData><ProcessDefId>4</ProcessDefId><ActivityId>10</ActivityId><DefinitionType>I</DefinitionType><DefinitionId>113</DefinitionId><AccessFlag></AccessFlag><FieldName>doc_type</FieldName><Attribute>O</Attribute><ExtObjID>1</ExtObjID><VariableId>125</VariableId>
	</RowData>
	<RowData><ProcessDefId>4</ProcessDefId><ActivityId>10</ActivityId><DefinitionType>I</DefinitionType><DefinitionId>114</DefinitionId><AccessFlag></AccessFlag><FieldName>vendor_street</FieldName><Attribute>O</Attribute><ExtObjID>1</ExtObjID><VariableId>97</VariableId>
	</RowData>
	<RowData><ProcessDefId>4</ProcessDefId><ActivityId>10</ActivityId><DefinitionType>I</DefinitionType><DefinitionId>116</DefinitionId><AccessFlag></AccessFlag><FieldName>scanusername</FieldName><Attribute>O</Attribute><ExtObjID>1</ExtObjID><VariableId>120</VariableId>
	</RowData>
	<RowData><ProcessDefId>4</ProcessDefId><ActivityId>10</ActivityId><DefinitionType>I</DefinitionType><DefinitionId>117</DefinitionId><AccessFlag></AccessFlag><FieldName>decision_l3</FieldName><Attribute>O</Attribute><ExtObjID>1</ExtObjID><VariableId>111</VariableId>
	</RowData>
	<RowData><ProcessDefId>4</ProcessDefId><ActivityId>10</ActivityId><DefinitionType>I</DefinitionType><DefinitionId>118</DefinitionId><AccessFlag></AccessFlag><FieldName>TransporterName</FieldName><Attribute>O</Attribute><ExtObjID>1</ExtObjID><VariableId>91</VariableId>
	</RowData>
	<RowData><ProcessDefId>4</ProcessDefId><ActivityId>10</ActivityId><DefinitionType>I</DefinitionType><DefinitionId>119</DefinitionId><AccessFlag></AccessFlag><FieldName>decision_l4</FieldName><Attribute>O</Attribute><ExtObjID>1</ExtObjID><VariableId>112</VariableId>
	</RowData>
	<RowData><ProcessDefId>4</ProcessDefId><ActivityId>10</ActivityId><DefinitionType>I</DefinitionType><DefinitionId>120</DefinitionId><AccessFlag></AccessFlag><FieldName>decision_l1</FieldName><Attribute>O</Attribute><ExtObjID>1</ExtObjID><VariableId>109</VariableId>
	</RowData>
	<RowData><ProcessDefId>4</ProcessDefId><ActivityId>10</ActivityId><DefinitionType>I</DefinitionType><DefinitionId>121</DefinitionId><AccessFlag></AccessFlag><FieldName>decision_l2</FieldName><Attribute>O</Attribute><ExtObjID>1</ExtObjID><VariableId>110</VariableId>
	</RowData>
	<RowData><ProcessDefId>4</ProcessDefId><ActivityId>10</ActivityId><DefinitionType>I</DefinitionType><DefinitionId>122</DefinitionId><AccessFlag></AccessFlag><FieldName>q_multiplepo</FieldName><Attribute>O</Attribute><ExtObjID>1</ExtObjID><VariableId>176</VariableId>
	</RowData>
	<RowData><ProcessDefId>4</ProcessDefId><ActivityId>10</ActivityId><DefinitionType>I</DefinitionType><DefinitionId>123</DefinitionId><AccessFlag></AccessFlag><FieldName>inv_park_sap</FieldName><Attribute>O</Attribute><ExtObjID>1</ExtObjID><VariableId>177</VariableId>
	</RowData>
	<RowData><ProcessDefId>4</ProcessDefId><ActivityId>10</ActivityId><DefinitionType>I</DefinitionType><DefinitionId>124</DefinitionId><AccessFlag></AccessFlag><FieldName>ParkingSyncStatus</FieldName><Attribute>O</Attribute><ExtObjID>1</ExtObjID><VariableId>178</VariableId>
	</RowData>
	<RowData><ProcessDefId>4</ProcessDefId><ActivityId>10</ActivityId><DefinitionType>I</DefinitionType><DefinitionId>125</DefinitionId><AccessFlag></AccessFlag><FieldName>PostingSyncStatus</FieldName><Attribute>O</Attribute><ExtObjID>1</ExtObjID><VariableId>180</VariableId>
	</RowData>
	<RowData><ProcessDefId>4</ProcessDefId><ActivityId>10</ActivityId><DefinitionType>I</DefinitionType><DefinitionId>126</DefinitionId><AccessFlag></AccessFlag><FieldName>PostingSyncDate</FieldName><Attribute>O</Attribute><ExtObjID>1</ExtObjID><VariableId>181</VariableId>
	</RowData>
	<RowData><ProcessDefId>4</ProcessDefId><ActivityId>10</ActivityId><DefinitionType>I</DefinitionType><DefinitionId>127</DefinitionId><AccessFlag></AccessFlag><FieldName>ParkingSyncDate</FieldName><Attribute>O</Attribute><ExtObjID>1</ExtObjID><VariableId>179</VariableId>
	</RowData>
	<RowData><ProcessDefId>4</ProcessDefId><ActivityId>10</ActivityId><DefinitionType>I</DefinitionType><DefinitionId>128</DefinitionId><AccessFlag></AccessFlag><FieldName>q_orient_poitem_history</FieldName><Attribute>O</Attribute><ExtObjID>1</ExtObjID><VariableId>103</VariableId>
	</RowData>
	<RowData><ProcessDefId>4</ProcessDefId><ActivityId>10</ActivityId><DefinitionType>I</DefinitionType><DefinitionId>129</DefinitionId><AccessFlag></AccessFlag><FieldName>q_exception_details</FieldName><Attribute>O</Attribute><ExtObjID>1</ExtObjID><VariableId>182</VariableId>
	</RowData>
	<RowData><ProcessDefId>4</ProcessDefId><ActivityId>10</ActivityId><DefinitionType>I</DefinitionType><DefinitionId>130</DefinitionId><AccessFlag></AccessFlag><FieldName>q1_exception_details</FieldName><Attribute>O</Attribute><ExtObjID>1</ExtObjID><VariableId>183</VariableId>
	</RowData>
	<RowData><ProcessDefId>4</ProcessDefId><ActivityId>10</ActivityId><DefinitionType>I</DefinitionType><DefinitionId>131</DefinitionId><AccessFlag></AccessFlag><FieldName>jobtypepo</FieldName><Attribute>O</Attribute><ExtObjID>1</ExtObjID><VariableId>184</VariableId>
	</RowData>
	<RowData><ProcessDefId>4</ProcessDefId><ActivityId>10</ActivityId><DefinitionType>I</DefinitionType><DefinitionId>132</DefinitionId><FieldName>tsc_flag</FieldName><Attribute>O</Attribute><ExtObjID>1</ExtObjID><VariableId>186</VariableId>
	</RowData>
	<RowData><ProcessDefId>4</ProcessDefId><ActivityId>10</ActivityId><DefinitionType>I</DefinitionType><DefinitionId>133</DefinitionId><FieldName>tcs</FieldName><Attribute>O</Attribute><ExtObjID>1</ExtObjID><VariableId>185</VariableId>
	</RowData>
	<RowData><ProcessDefId>4</ProcessDefId><ActivityId>10</ActivityId><DefinitionType>I</DefinitionType><DefinitionId>134</DefinitionId><FieldName>taxcode_service</FieldName><Attribute>O</Attribute><ExtObjID>1</ExtObjID><VariableId>175</VariableId>
	</RowData>
	<RowData><ProcessDefId>4</ProcessDefId><ActivityId>10</ActivityId><DefinitionType>I</DefinitionType><DefinitionId>135</DefinitionId><FieldName>ParkingException_decision</FieldName><Attribute>O</Attribute><ExtObjID>1</ExtObjID><VariableId>187</VariableId>
	</RowData>
	<RowData><ProcessDefId>4</ProcessDefId><ActivityId>10</ActivityId><DefinitionType>I</DefinitionType><DefinitionId>136</DefinitionId><FieldName>total_inv</FieldName><Attribute>O</Attribute><ExtObjID>1</ExtObjID><VariableId>188</VariableId>
	</RowData>
	<RowData><ProcessDefId>4</ProcessDefId><ActivityId>10</ActivityId><DefinitionType>I</DefinitionType><DefinitionId>137</DefinitionId><FieldName>total_tcs_freight</FieldName><Attribute>O</Attribute><ExtObjID>1</ExtObjID><VariableId>189</VariableId>
	</RowData>
	<RowData><ProcessDefId>4</ProcessDefId><ActivityId>10</ActivityId><DefinitionType>I</DefinitionType><DefinitionId>138</DefinitionId><FieldName>freight</FieldName><Attribute>O</Attribute><ExtObjID>1</ExtObjID><VariableId>190</VariableId>
	</RowData>
	<RowData><ProcessDefId>4</ProcessDefId><ActivityId>10</ActivityId><DefinitionType>I</DefinitionType><DefinitionId>139</DefinitionId><FieldName>freight_value</FieldName><Attribute>O</Attribute><ExtObjID>1</ExtObjID><VariableId>191</VariableId>
	</RowData>
	<RowData><ProcessDefId>4</ProcessDefId><ActivityId>10</ActivityId><DefinitionType>I</DefinitionType><DefinitionId>140</DefinitionId><FieldName>po_total</FieldName><Attribute>O</Attribute><ExtObjID>1</ExtObjID><VariableId>192</VariableId>
	</RowData>
	<RowData><ProcessDefId>4</ProcessDefId><ActivityId>10</ActivityId><DefinitionType>I</DefinitionType><DefinitionId>141</DefinitionId><FieldName>fiscalyear</FieldName><Attribute>O</Attribute><ExtObjID>1</ExtObjID><VariableId>193</VariableId>
	</RowData>
	<RowData><ProcessDefId>4</ProcessDefId><ActivityId>10</ActivityId><DefinitionType>I</DefinitionType><DefinitionId>142</DefinitionId><FieldName>invoiceamount_int</FieldName><Attribute>O</Attribute><ExtObjID>1</ExtObjID><VariableId>194</VariableId>
	</RowData>
	<RowData><ProcessDefId>4</ProcessDefId><ActivityId>10</ActivityId><DefinitionType>I</DefinitionType><DefinitionId>144</DefinitionId><FieldName>PostingException_decision</FieldName><Attribute>O</Attribute><ExtObjID>1</ExtObjID><VariableId>195</VariableId>
	</RowData>
	<RowData><ProcessDefId>4</ProcessDefId><ActivityId>10</ActivityId><DefinitionType>I</DefinitionType><DefinitionId>145</DefinitionId><FieldName>tdsflag</FieldName><Attribute>O</Attribute><ExtObjID>1</ExtObjID><VariableId>196</VariableId>
	</RowData>
	<RowData><ProcessDefId>4</ProcessDefId><ActivityId>10</ActivityId><DefinitionType>I</DefinitionType><DefinitionId>146</DefinitionId><FieldName>manual_inv_park</FieldName><Attribute>O</Attribute><ExtObjID>1</ExtObjID><VariableId>197</VariableId>
	</RowData>
	<RowData><ProcessDefId>4</ProcessDefId><ActivityId>10</ActivityId><DefinitionType>N</DefinitionType><DefinitionId>3</DefinitionId><AccessFlag></AccessFlag><FieldName>Y,0,930,10275,15360</FieldName><Attribute></Attribute><ExtObjID>0</ExtObjID><VariableId>0</VariableId>
	</RowData>
	<RowData><ProcessDefId>4</ProcessDefId><ActivityId>10</ActivityId><DefinitionType>N</DefinitionType><DefinitionId>5</DefinitionId><AccessFlag></AccessFlag><FieldName>Y,0,915,7305,7005</FieldName><Attribute></Attribute><ExtObjID>0</ExtObjID><VariableId>0</VariableId>
	</RowData>
	<RowData><ProcessDefId>4</ProcessDefId><ActivityId>10</ActivityId><DefinitionType>N</DefinitionType><DefinitionId>8</DefinitionId><AccessFlag></AccessFlag><FieldName></FieldName><Attribute></Attribute><ExtObjID>0</ExtObjID><VariableId>0</VariableId>
	</RowData>
	<RowData><ProcessDefId>4</ProcessDefId><ActivityId>10</ActivityId><DefinitionType>N</DefinitionType><DefinitionId>10</DefinitionId><AccessFlag></AccessFlag><FieldName>Y,0,915,7305,7005</FieldName><Attribute></Attribute><ExtObjID>0</ExtObjID><VariableId>0</VariableId>
	</RowData>
	<RowData><ProcessDefId>4</ProcessDefId><ActivityId>10</ActivityId><DefinitionType>Q</DefinitionType><DefinitionId>19</DefinitionId><AccessFlag></AccessFlag><FieldName>InvoiceDt</FieldName><Attribute>O</Attribute><ExtObjID>1</ExtObjID><VariableId>11</VariableId>
	</RowData>
	<RowData><ProcessDefId>4</ProcessDefId><ActivityId>10</ActivityId><DefinitionType>Q</DefinitionType><DefinitionId>28</DefinitionId><AccessFlag></AccessFlag><FieldName>PurchaseOrder</FieldName><Attribute>O</Attribute><ExtObjID>1</ExtObjID><VariableId>21</VariableId>
	</RowData>
	<RowData><ProcessDefId>4</ProcessDefId><ActivityId>10</ActivityId><DefinitionType>Q</DefinitionType><DefinitionId>47</DefinitionId><AccessFlag></AccessFlag><FieldName>VendorName</FieldName><Attribute>O</Attribute><ExtObjID>1</ExtObjID><VariableId>23</VariableId>
	</RowData>
	<RowData><ProcessDefId>4</ProcessDefId><ActivityId>10</ActivityId><DefinitionType>Q</DefinitionType><DefinitionId>72</DefinitionId><AccessFlag></AccessFlag><FieldName>q_quality_childwiFlag</FieldName><Attribute>O</Attribute><ExtObjID>1</ExtObjID><VariableId>20</VariableId>
	</RowData>
	<RowData><ProcessDefId>4</ProcessDefId><ActivityId>10</ActivityId><DefinitionType>Q</DefinitionType><DefinitionId>78</DefinitionId><AccessFlag></AccessFlag><FieldName>q_store_childwiFlag</FieldName><Attribute>O</Attribute><ExtObjID>1</ExtObjID><VariableId>19</VariableId>
	</RowData>
	<RowData><ProcessDefId>4</ProcessDefId><ActivityId>10</ActivityId><DefinitionType>Q</DefinitionType><DefinitionId>108</DefinitionId><AccessFlag></AccessFlag><FieldName>ProfitCentre</FieldName><Attribute>O</Attribute><ExtObjID>1</ExtObjID><VariableId>2</VariableId>
	</RowData>
	<RowData><ProcessDefId>4</ProcessDefId><ActivityId>10</ActivityId><DefinitionType>Q</DefinitionType><DefinitionId>109</DefinitionId><AccessFlag></AccessFlag><FieldName>Plant</FieldName><Attribute>O</Attribute><ExtObjID>1</ExtObjID><VariableId>1</VariableId>
	</RowData>
	<RowData><ProcessDefId>4</ProcessDefId><ActivityId>10</ActivityId><DefinitionType>Q</DefinitionType><DefinitionId>115</DefinitionId><AccessFlag></AccessFlag><FieldName>InvoiceNumber</FieldName><Attribute>O</Attribute><ExtObjID>1</ExtObjID><VariableId>22</VariableId>
	</RowData>
	<RowData><ProcessDefId>4</ProcessDefId><ActivityId>10</ActivityId><DefinitionType>Q</DefinitionType><DefinitionId>143</DefinitionId><FieldName>q_autopost</FieldName><Attribute>O</Attribute><ExtObjID>1</ExtObjID><VariableId>10021</VariableId>
	</RowData>
	<RowData><ProcessDefId>4</ProcessDefId><ActivityId>12</ActivityId><DefinitionType>I</DefinitionType><DefinitionId>107</DefinitionId><AccessFlag></AccessFlag><FieldName>q_orient_service_itemsel</FieldName><Attribute>R</Attribute><ExtObjID>1</ExtObjID><VariableId>166</VariableId>
	</RowData>
	<RowData><ProcessDefId>4</ProcessDefId><ActivityId>12</ActivityId><DefinitionType>I</DefinitionType><DefinitionId>119</DefinitionId><AccessFlag></AccessFlag><FieldName>movement_type</FieldName><Attribute>R</Attribute><ExtObjID>1</ExtObjID><VariableId>170</VariableId>
	</RowData>
	<RowData><ProcessDefId>4</ProcessDefId><ActivityId>12</ActivityId><DefinitionType>I</DefinitionType><DefinitionId>121</DefinitionId><AccessFlag></AccessFlag><FieldName>pan_sap</FieldName><Attribute>R</Attribute><ExtObjID>1</ExtObjID><VariableId>159</VariableId>
	</RowData>
	<RowData><ProcessDefId>4</ProcessDefId><ActivityId>12</ActivityId><DefinitionType>I</DefinitionType><DefinitionId>137</DefinitionId><AccessFlag></AccessFlag><FieldName>orient_gstn</FieldName><Attribute>R</Attribute><ExtObjID>1</ExtObjID><VariableId>158</VariableId>
	</RowData>
</PMWActivityAssociationTable_3>