<PMWCalendarAssocTable>
	<RowData><CalId>1</CalId><ProcessDefId>4</ProcessDefId><ActivityId>69</ActivityId><CalType>G</CalType>
	</RowData>
	<RowData><CalId>1</CalId><ProcessDefId>4</ProcessDefId><ActivityId>1</ActivityId><CalType>G</CalType>
	</RowData>
	<RowData><CalId>1</CalId><ProcessDefId>4</ProcessDefId><ActivityId>5</ActivityId><CalType>G</CalType>
	</RowData>
	<RowData><CalId>1</CalId><ProcessDefId>4</ProcessDefId><ActivityId>7</ActivityId><CalType>G</CalType>
	</RowData>
	<RowData><CalId>1</CalId><ProcessDefId>4</ProcessDefId><ActivityId>10</ActivityId><CalType>G</CalType>
	</RowData>
	<RowData><CalId>1</CalId><ProcessDefId>4</ProcessDefId><ActivityId>12</ActivityId><CalType>G</CalType>
	</RowData>
	<RowData><CalId>1</CalId><ProcessDefId>4</ProcessDefId><ActivityId>14</ActivityId><CalType>G</CalType>
	</RowData>
	<RowData><CalId>1</CalId><ProcessDefId>4</ProcessDefId><ActivityId>16</ActivityId><CalType>G</CalType>
	</RowData>
	<RowData><CalId>1</CalId><ProcessDefId>4</ProcessDefId><ActivityId>62</ActivityId><CalType>G</CalType>
	</RowData>
	<RowData><CalId>1</CalId><ProcessDefId>4</ProcessDefId><ActivityId>20</ActivityId><CalType>G</CalType>
	</RowData>
	<RowData><CalId>1</CalId><ProcessDefId>4</ProcessDefId><ActivityId>28</ActivityId><CalType>G</CalType>
	</RowData>
	<RowData><CalId>1</CalId><ProcessDefId>4</ProcessDefId><ActivityId>30</ActivityId><CalType>G</CalType>
	</RowData>
	<RowData><CalId>1</CalId><ProcessDefId>4</ProcessDefId><ActivityId>31</ActivityId><CalType>G</CalType>
	</RowData>
	<RowData><CalId>1</CalId><ProcessDefId>4</ProcessDefId><ActivityId>44</ActivityId><CalType>G</CalType>
	</RowData>
	<RowData><CalId>1</CalId><ProcessDefId>4</ProcessDefId><ActivityId>53</ActivityId><CalType>G</CalType>
	</RowData>
	<RowData><CalId>1</CalId><ProcessDefId>4</ProcessDefId><ActivityId>54</ActivityId><CalType>G</CalType>
	</RowData>
	<RowData><CalId>1</CalId><ProcessDefId>4</ProcessDefId><ActivityId>55</ActivityId><CalType>G</CalType>
	</RowData>
	<RowData><CalId>1</CalId><ProcessDefId>4</ProcessDefId><ActivityId>59</ActivityId><CalType>G</CalType>
	</RowData>
	<RowData><CalId>1</CalId><ProcessDefId>4</ProcessDefId><ActivityId>60</ActivityId><CalType>G</CalType>
	</RowData>
	<RowData><CalId>1</CalId><ProcessDefId>4</ProcessDefId><ActivityId>63</ActivityId><CalType>G</CalType>
	</RowData>
	<RowData><CalId>1</CalId><ProcessDefId>4</ProcessDefId><ActivityId>66</ActivityId><CalType>G</CalType>
	</RowData>
	<RowData><CalId>1</CalId><ProcessDefId>4</ProcessDefId><ActivityId>67</ActivityId><CalType>G</CalType>
	</RowData>
	<RowData><CalId>1</CalId><ProcessDefId>4</ProcessDefId><ActivityId>68</ActivityId><CalType>G</CalType>
	</RowData>
	<RowData><CalId>1</CalId><ProcessDefId>4</ProcessDefId><ActivityId>70</ActivityId><CalType>G</CalType>
	</RowData>
	<RowData><CalId>1</CalId><ProcessDefId>4</ProcessDefId><ActivityId>45</ActivityId><CalType>G</CalType>
	</RowData>
	<RowData><CalId>1</CalId><ProcessDefId>4</ProcessDefId><ActivityId>64</ActivityId><CalType>G</CalType>
	</RowData>
	<RowData><CalId>1</CalId><ProcessDefId>4</ProcessDefId><ActivityId>72</ActivityId><CalType>G</CalType>
	</RowData>
	<RowData><CalId>1</CalId><ProcessDefId>4</ProcessDefId><ActivityId>17</ActivityId><CalType>G</CalType>
	</RowData>
	<RowData><CalId>1</CalId><ProcessDefId>4</ProcessDefId><ActivityId>23</ActivityId><CalType>G</CalType>
	</RowData>
	<RowData><CalId>1</CalId><ProcessDefId>4</ProcessDefId><ActivityId>42</ActivityId><CalType>G</CalType>
	</RowData>
	<RowData><CalId>1</CalId><ProcessDefId>4</ProcessDefId><ActivityId>73</ActivityId><CalType>G</CalType>
	</RowData>
	<RowData><CalId>1</CalId><ProcessDefId>4</ProcessDefId><ActivityId>71</ActivityId><CalType>G</CalType>
	</RowData>
	<RowData><CalId>1</CalId><ProcessDefId>4</ProcessDefId><ActivityId>0</ActivityId><CalType>G</CalType>
	</RowData>
	<RowData><CalId>1</CalId><ProcessDefId>4</ProcessDefId><ActivityId>3</ActivityId><CalType>G</CalType>
	</RowData>
</PMWCalendarAssocTable>