<PMWDurationTable>
	<RowData><ProcessDefId>4</ProcessDefId><DurationId>1</DurationId><WFYears></WFYears><VariableId_Years>0</VariableId_Years><VarFieldId_Years>0</VarFieldId_Years><WFMonths></WFMonths><VariableId_Months>0</VariableId_Months><VarFieldId_Months>0</VarFieldId_Months><WFDays>0</WFDays><VariableId_Days>0</VariableId_Days><VarFieldId_Days>0</VarFieldId_Days><WFHours>0</WFHours><VariableId_Hours>0</VariableId_Hours><VarFieldId_Hours>0</VarFieldId_Hours><WFMinutes>0</WFMinutes><VariableId_Minutes>0</VariableId_Minutes><VarFieldId_Minutes>0</VarFieldId_Minutes><WFSeconds>20</WFSeconds><VariableId_Seconds>0</VariableId_Seconds><VarFieldId_Seconds>0</VarFieldId_Seconds>
	</RowData>
</PMWDurationTable>