<PMWDataStructureTable_7>
	<RowData><DataStructureId>29</DataStructureId><ProcessDefId>4</ProcessDefId><ExtMethodIndex>39</ExtMethodIndex><Name>QUOTATION</Name><Type>10</Type><ParentIndex>1</ParentIndex><ClassName></ClassName><Unbounded>N</Unbounded>
	</RowData>
	<RowData><DataStructureId>30</DataStructureId><ProcessDefId>4</ProcessDefId><ExtMethodIndex>39</ExtMethodIndex><Name>QUOT_DATE</Name><Type>8</Type><ParentIndex>1</ParentIndex><ClassName></ClassName><Unbounded>N</Unbounded>
	</RowData>
	<RowData><DataStructureId>31</DataStructureId><ProcessDefId>4</ProcessDefId><ExtMethodIndex>39</ExtMethodIndex><Name>REF_1</Name><Type>10</Type><ParentIndex>1</ParentIndex><ClassName></ClassName><Unbounded>N</Unbounded>
	</RowData>
	<RowData><DataStructureId>32</DataStructureId><ProcessDefId>4</ProcessDefId><ExtMethodIndex>39</ExtMethodIndex><Name>SALES_PERS</Name><Type>10</Type><ParentIndex>1</ParentIndex><ClassName></ClassName><Unbounded>N</Unbounded>
	</RowData>
	<RowData><DataStructureId>33</DataStructureId><ProcessDefId>4</ProcessDefId><ExtMethodIndex>39</ExtMethodIndex><Name>TELEPHONE</Name><Type>10</Type><ParentIndex>1</ParentIndex><ClassName></ClassName><Unbounded>N</Unbounded>
	</RowData>
	<RowData><DataStructureId>34</DataStructureId><ProcessDefId>4</ProcessDefId><ExtMethodIndex>39</ExtMethodIndex><Name>SUPPL_VEND</Name><Type>10</Type><ParentIndex>1</ParentIndex><ClassName></ClassName><Unbounded>N</Unbounded>
	</RowData>
	<RowData><DataStructureId>35</DataStructureId><ProcessDefId>4</ProcessDefId><ExtMethodIndex>39</ExtMethodIndex><Name>CUSTOMER</Name><Type>10</Type><ParentIndex>1</ParentIndex><ClassName></ClassName><Unbounded>N</Unbounded>
	</RowData>
	<RowData><DataStructureId>36</DataStructureId><ProcessDefId>4</ProcessDefId><ExtMethodIndex>39</ExtMethodIndex><Name>AGREEMENT</Name><Type>10</Type><ParentIndex>1</ParentIndex><ClassName></ClassName><Unbounded>N</Unbounded>
	</RowData>
	<RowData><DataStructureId>37</DataStructureId><ProcessDefId>4</ProcessDefId><ExtMethodIndex>39</ExtMethodIndex><Name>GR_MESSAGE</Name><Type>10</Type><ParentIndex>1</ParentIndex><ClassName></ClassName><Unbounded>N</Unbounded>
	</RowData>
	<RowData><DataStructureId>38</DataStructureId><ProcessDefId>4</ProcessDefId><ExtMethodIndex>39</ExtMethodIndex><Name>SUPPL_PLNT</Name><Type>10</Type><ParentIndex>1</ParentIndex><ClassName></ClassName><Unbounded>N</Unbounded>
	</RowData>
	<RowData><DataStructureId>39</DataStructureId><ProcessDefId>4</ProcessDefId><ExtMethodIndex>39</ExtMethodIndex><Name>INCOTERMS1</Name><Type>10</Type><ParentIndex>1</ParentIndex><ClassName></ClassName><Unbounded>N</Unbounded>
	</RowData>
	<RowData><DataStructureId>40</DataStructureId><ProcessDefId>4</ProcessDefId><ExtMethodIndex>39</ExtMethodIndex><Name>INCOTERMS2</Name><Type>10</Type><ParentIndex>1</ParentIndex><ClassName></ClassName><Unbounded>N</Unbounded>
	</RowData>
	<RowData><DataStructureId>41</DataStructureId><ProcessDefId>4</ProcessDefId><ExtMethodIndex>39</ExtMethodIndex><Name>COLLECT_NO</Name><Type>10</Type><ParentIndex>1</ParentIndex><ClassName></ClassName><Unbounded>N</Unbounded>
	</RowData>
	<RowData><DataStructureId>42</DataStructureId><ProcessDefId>4</ProcessDefId><ExtMethodIndex>39</ExtMethodIndex><Name>DIFF_INV</Name><Type>10</Type><ParentIndex>1</ParentIndex><ClassName></ClassName><Unbounded>N</Unbounded>
	</RowData>
	<RowData><DataStructureId>43</DataStructureId><ProcessDefId>4</ProcessDefId><ExtMethodIndex>39</ExtMethodIndex><Name>OUR_REF</Name><Type>10</Type><ParentIndex>1</ParentIndex><ClassName></ClassName><Unbounded>N</Unbounded>
	</RowData>
	<RowData><DataStructureId>44</DataStructureId><ProcessDefId>4</ProcessDefId><ExtMethodIndex>39</ExtMethodIndex><Name>LOGSYSTEM</Name><Type>10</Type><ParentIndex>1</ParentIndex><ClassName></ClassName><Unbounded>N</Unbounded>
	</RowData>
	<RowData><DataStructureId>45</DataStructureId><ProcessDefId>4</ProcessDefId><ExtMethodIndex>39</ExtMethodIndex><Name>SUBITEMINT</Name><Type>3</Type><ParentIndex>1</ParentIndex><ClassName></ClassName><Unbounded>N</Unbounded>
	</RowData>
	<RowData><DataStructureId>46</DataStructureId><ProcessDefId>4</ProcessDefId><ExtMethodIndex>39</ExtMethodIndex><Name>PO_REL_IND</Name><Type>10</Type><ParentIndex>1</ParentIndex><ClassName></ClassName><Unbounded>N</Unbounded>
	</RowData>
	<RowData><DataStructureId>47</DataStructureId><ProcessDefId>4</ProcessDefId><ExtMethodIndex>39</ExtMethodIndex><Name>REL_STATUS</Name><Type>10</Type><ParentIndex>1</ParentIndex><ClassName></ClassName><Unbounded>N</Unbounded>
	</RowData>
	<RowData><DataStructureId>48</DataStructureId><ProcessDefId>4</ProcessDefId><ExtMethodIndex>39</ExtMethodIndex><Name>VAT_CNTRY</Name><Type>10</Type><ParentIndex>1</ParentIndex><ClassName></ClassName><Unbounded>N</Unbounded>
	</RowData>
	<RowData><DataStructureId>49</DataStructureId><ProcessDefId>4</ProcessDefId><ExtMethodIndex>39</ExtMethodIndex><Name>VAT_CNTRY_ISO</Name><Type>10</Type><ParentIndex>1</ParentIndex><ClassName></ClassName><Unbounded>N</Unbounded>
	</RowData>
	<RowData><DataStructureId>50</DataStructureId><ProcessDefId>4</ProcessDefId><ExtMethodIndex>39</ExtMethodIndex><Name>REASON_CANCEL</Name><Type>3</Type><ParentIndex>1</ParentIndex><ClassName></ClassName><Unbounded>N</Unbounded>
	</RowData>
	<RowData><DataStructureId>51</DataStructureId><ProcessDefId>4</ProcessDefId><ExtMethodIndex>39</ExtMethodIndex><Name>REASON_CODE</Name><Type>10</Type><ParentIndex>1</ParentIndex><ClassName></ClassName><Unbounded>N</Unbounded>
	</RowData>
	<RowData><DataStructureId>52</DataStructureId><ProcessDefId>4</ProcessDefId><ExtMethodIndex>39</ExtMethodIndex><Name>RETENTION_TYPE</Name><Type>10</Type><ParentIndex>1</ParentIndex><ClassName></ClassName><Unbounded>N</Unbounded>
	</RowData>
	<RowData><DataStructureId>53</DataStructureId><ProcessDefId>4</ProcessDefId><ExtMethodIndex>39</ExtMethodIndex><Name>RETENTION_PERCENTAGE</Name><Type>10</Type><ParentIndex>1</ParentIndex><ClassName></ClassName><Unbounded>N</Unbounded>
	</RowData>
	<RowData><DataStructureId>54</DataStructureId><ProcessDefId>4</ProcessDefId><ExtMethodIndex>39</ExtMethodIndex><Name>DOWNPAY_TYPE</Name><Type>10</Type><ParentIndex>1</ParentIndex><ClassName></ClassName><Unbounded>N</Unbounded>
	</RowData>
	<RowData><DataStructureId>55</DataStructureId><ProcessDefId>4</ProcessDefId><ExtMethodIndex>39</ExtMethodIndex><Name>DOWNPAY_AMOUNT</Name><Type>10</Type><ParentIndex>1</ParentIndex><ClassName></ClassName><Unbounded>N</Unbounded>
	</RowData>
	<RowData><DataStructureId>56</DataStructureId><ProcessDefId>4</ProcessDefId><ExtMethodIndex>39</ExtMethodIndex><Name>DOWNPAY_PERCENT</Name><Type>10</Type><ParentIndex>1</ParentIndex><ClassName></ClassName><Unbounded>N</Unbounded>
	</RowData>
	<RowData><DataStructureId>57</DataStructureId><ProcessDefId>4</ProcessDefId><ExtMethodIndex>39</ExtMethodIndex><Name>DOWNPAY_DUEDATE</Name><Type>8</Type><ParentIndex>1</ParentIndex><ClassName></ClassName><Unbounded>N</Unbounded>
	</RowData>
	<RowData><DataStructureId>58</DataStructureId><ProcessDefId>4</ProcessDefId><ExtMethodIndex>39</ExtMethodIndex><Name>MEMORY</Name><Type>10</Type><ParentIndex>1</ParentIndex><ClassName></ClassName><Unbounded>N</Unbounded>
	</RowData>
	<RowData><DataStructureId>59</DataStructureId><ProcessDefId>4</ProcessDefId><ExtMethodIndex>39</ExtMethodIndex><Name>MEMORYTYPE</Name><Type>10</Type><ParentIndex>1</ParentIndex><ClassName></ClassName><Unbounded>N</Unbounded>
	</RowData>
	<RowData><DataStructureId>60</DataStructureId><ProcessDefId>4</ProcessDefId><ExtMethodIndex>39</ExtMethodIndex><Name>SHIPTYPE</Name><Type>10</Type><ParentIndex>1</ParentIndex><ClassName></ClassName><Unbounded>N</Unbounded>
	</RowData>
	<RowData><DataStructureId>61</DataStructureId><ProcessDefId>4</ProcessDefId><ExtMethodIndex>39</ExtMethodIndex><Name>HANDOVERLOC</Name><Type>10</Type><ParentIndex>1</ParentIndex><ClassName></ClassName><Unbounded>N</Unbounded>
	</RowData>
	<RowData><DataStructureId>62</DataStructureId><ProcessDefId>4</ProcessDefId><ExtMethodIndex>39</ExtMethodIndex><Name>SHIPCOND</Name><Type>10</Type><ParentIndex>1</ParentIndex><ClassName></ClassName><Unbounded>N</Unbounded>
	</RowData>
	<RowData><DataStructureId>63</DataStructureId><ProcessDefId>4</ProcessDefId><ExtMethodIndex>39</ExtMethodIndex><Name>POEXPIMPHEADER</Name><Type>11</Type><ParentIndex>0</ParentIndex><ClassName>BAPIEIKP</ClassName><Unbounded>N</Unbounded>
	</RowData>
	<RowData><DataStructureId>64</DataStructureId><ProcessDefId>4</ProcessDefId><ExtMethodIndex>39</ExtMethodIndex><Name>TRANSPORT_MODE</Name><Type>10</Type><ParentIndex>63</ParentIndex><ClassName></ClassName><Unbounded>N</Unbounded>
	</RowData>
	<RowData><DataStructureId>65</DataStructureId><ProcessDefId>4</ProcessDefId><ExtMethodIndex>39</ExtMethodIndex><Name>CUSTOMS</Name><Type>10</Type><ParentIndex>63</ParentIndex><ClassName></ClassName><Unbounded>N</Unbounded>
	</RowData>
	<RowData><DataStructureId>66</DataStructureId><ProcessDefId>4</ProcessDefId><ExtMethodIndex>39</ExtMethodIndex><Name>POHISTORY_MA</Name><Type>11</Type><ParentIndex>0</ParentIndex><ClassName>BAPIEKBE_MA</ClassName><Unbounded>Y</Unbounded>
	</RowData>
	<RowData><DataStructureId>67</DataStructureId><ProcessDefId>4</ProcessDefId><ExtMethodIndex>39</ExtMethodIndex><Name>PO_ITEM</Name><Type>3</Type><ParentIndex>66</ParentIndex><ClassName></ClassName><Unbounded>N</Unbounded>
	</RowData>
	<RowData><DataStructureId>68</DataStructureId><ProcessDefId>4</ProcessDefId><ExtMethodIndex>39</ExtMethodIndex><Name>SERIAL_NO</Name><Type>3</Type><ParentIndex>66</ParentIndex><ClassName></ClassName><Unbounded>N</Unbounded>
	</RowData>
	<RowData><DataStructureId>69</DataStructureId><ProcessDefId>4</ProcessDefId><ExtMethodIndex>39</ExtMethodIndex><Name>PROCESS_ID</Name><Type>10</Type><ParentIndex>66</ParentIndex><ClassName></ClassName><Unbounded>N</Unbounded>
	</RowData>
	<RowData><DataStructureId>70</DataStructureId><ProcessDefId>4</ProcessDefId><ExtMethodIndex>39</ExtMethodIndex><Name>DOC_YEAR</Name><Type>3</Type><ParentIndex>66</ParentIndex><ClassName></ClassName><Unbounded>N</Unbounded>
	</RowData>
	<RowData><DataStructureId>71</DataStructureId><ProcessDefId>4</ProcessDefId><ExtMethodIndex>39</ExtMethodIndex><Name>MAT_DOC</Name><Type>10</Type><ParentIndex>66</ParentIndex><ClassName></ClassName><Unbounded>N</Unbounded>
	</RowData>
	<RowData><DataStructureId>72</DataStructureId><ProcessDefId>4</ProcessDefId><ExtMethodIndex>39</ExtMethodIndex><Name>MATDOC_ITM</Name><Type>3</Type><ParentIndex>66</ParentIndex><ClassName></ClassName><Unbounded>N</Unbounded>
	</RowData>
	<RowData><DataStructureId>73</DataStructureId><ProcessDefId>4</ProcessDefId><ExtMethodIndex>39</ExtMethodIndex><Name>REF_DOC_YR</Name><Type>3</Type><ParentIndex>66</ParentIndex><ClassName></ClassName><Unbounded>N</Unbounded>
	</RowData>
	<RowData><DataStructureId>74</DataStructureId><ProcessDefId>4</ProcessDefId><ExtMethodIndex>39</ExtMethodIndex><Name>REF_DOC</Name><Type>10</Type><ParentIndex>66</ParentIndex><ClassName></ClassName><Unbounded>N</Unbounded>
	</RowData>
	<RowData><DataStructureId>75</DataStructureId><ProcessDefId>4</ProcessDefId><ExtMethodIndex>39</ExtMethodIndex><Name>REF_DOC_IT</Name><Type>3</Type><ParentIndex>66</ParentIndex><ClassName></ClassName><Unbounded>N</Unbounded>
	</RowData>
	<RowData><DataStructureId>76</DataStructureId><ProcessDefId>4</ProcessDefId><ExtMethodIndex>39</ExtMethodIndex><Name>DB_CR_IND</Name><Type>10</Type><ParentIndex>66</ParentIndex><ClassName></ClassName><Unbounded>N</Unbounded>
	</RowData>
	<RowData><DataStructureId>77</DataStructureId><ProcessDefId>4</ProcessDefId><ExtMethodIndex>39</ExtMethodIndex><Name>QUANTITY_F</Name><Type>10</Type><ParentIndex>66</ParentIndex><ClassName></ClassName><Unbounded>N</Unbounded>
	</RowData>
	<RowData><DataStructureId>78</DataStructureId><ProcessDefId>4</ProcessDefId><ExtMethodIndex>39</ExtMethodIndex><Name>QUANTITY</Name><Type>10</Type><ParentIndex>66</ParentIndex><ClassName></ClassName><Unbounded>N</Unbounded>
	</RowData>
	<RowData><DataStructureId>79</DataStructureId><ProcessDefId>4</ProcessDefId><ExtMethodIndex>39</ExtMethodIndex><Name>VAL_LOCCUR</Name><Type>10</Type><ParentIndex>66</ParentIndex><ClassName></ClassName><Unbounded>N</Unbounded>
	</RowData>
	<RowData><DataStructureId>80</DataStructureId><ProcessDefId>4</ProcessDefId><ExtMethodIndex>39</ExtMethodIndex><Name>VAL_FORCUR</Name><Type>10</Type><ParentIndex>66</ParentIndex><ClassName></ClassName><Unbounded>N</Unbounded>
	</RowData>
	<RowData><DataStructureId>81</DataStructureId><ProcessDefId>4</ProcessDefId><ExtMethodIndex>39</ExtMethodIndex><Name>CL_VAL_LOC</Name><Type>10</Type><ParentIndex>66</ParentIndex><ClassName></ClassName><Unbounded>N</Unbounded>
	</RowData>
	<RowData><DataStructureId>82</DataStructureId><ProcessDefId>4</ProcessDefId><ExtMethodIndex>39</ExtMethodIndex><Name>IVVAL_LOC</Name><Type>10</Type><ParentIndex>66</ParentIndex><ClassName></ClassName><Unbounded>N</Unbounded>
	</RowData>
	<RowData><DataStructureId>83</DataStructureId><ProcessDefId>4</ProcessDefId><ExtMethodIndex>39</ExtMethodIndex><Name>IVVAL_FOR</Name><Type>10</Type><ParentIndex>66</ParentIndex><ClassName></ClassName><Unbounded>N</Unbounded>
	</RowData>
	<RowData><DataStructureId>84</DataStructureId><ProcessDefId>4</ProcessDefId><ExtMethodIndex>39</ExtMethodIndex><Name>TAX_CODE</Name><Type>10</Type><ParentIndex>66</ParentIndex><ClassName></ClassName><Unbounded>N</Unbounded>
	</RowData>
	<RowData><DataStructureId>85</DataStructureId><ProcessDefId>4</ProcessDefId><ExtMethodIndex>39</ExtMethodIndex><Name>INVPLANITEM</Name><Type>11</Type><ParentIndex>0</ParentIndex><ClassName>BAPI_INVOICE_PLAN_ITEM</ClassName><Unbounded>Y</Unbounded>
	</RowData>
	<RowData><DataStructureId>86</DataStructureId><ProcessDefId>4</ProcessDefId><ExtMethodIndex>39</ExtMethodIndex><Name>DOC_ITEM</Name><Type>3</Type><ParentIndex>85</ParentIndex><ClassName></ClassName><Unbounded>N</Unbounded>
	</RowData>
	<RowData><DataStructureId>87</DataStructureId><ProcessDefId>4</ProcessDefId><ExtMethodIndex>39</ExtMethodIndex><Name>IV_PLAN_NUM</Name><Type>10</Type><ParentIndex>85</ParentIndex><ClassName></ClassName><Unbounded>N</Unbounded>
	</RowData>
	<RowData><DataStructureId>88</DataStructureId><ProcessDefId>4</ProcessDefId><ExtMethodIndex>39</ExtMethodIndex><Name>IV_PLAN_ITEM</Name><Type>3</Type><ParentIndex>85</ParentIndex><ClassName></ClassName><Unbounded>N</Unbounded>
	</RowData>
	<RowData><DataStructureId>89</DataStructureId><ProcessDefId>4</ProcessDefId><ExtMethodIndex>39</ExtMethodIndex><Name>DEL_IND</Name><Type>10</Type><ParentIndex>85</ParentIndex><ClassName></ClassName><Unbounded>N</Unbounded>
	</RowData>
	<RowData><DataStructureId>90</DataStructureId><ProcessDefId>4</ProcessDefId><ExtMethodIndex>39</ExtMethodIndex><Name>DATE_CATG</Name><Type>10</Type><ParentIndex>85</ParentIndex><ClassName></ClassName><Unbounded>N</Unbounded>
	</RowData>
	<RowData><DataStructureId>91</DataStructureId><ProcessDefId>4</ProcessDefId><ExtMethodIndex>39</ExtMethodIndex><Name>DATE_DESC</Name><Type>10</Type><ParentIndex>85</ParentIndex><ClassName></ClassName><Unbounded>N</Unbounded>
	</RowData>
	<RowData><DataStructureId>92</DataStructureId><ProcessDefId>4</ProcessDefId><ExtMethodIndex>39</ExtMethodIndex><Name>SETT_DATE_FROM</Name><Type>8</Type><ParentIndex>85</ParentIndex><ClassName></ClassName><Unbounded>N</Unbounded>
	</RowData>
	<RowData><DataStructureId>93</DataStructureId><ProcessDefId>4</ProcessDefId><ExtMethodIndex>39</ExtMethodIndex><Name>BILL_RULE</Name><Type>10</Type><ParentIndex>85</ParentIndex><ClassName></ClassName><Unbounded>N</Unbounded>
	</RowData>
	<RowData><DataStructureId>94</DataStructureId><ProcessDefId>4</ProcessDefId><ExtMethodIndex>39</ExtMethodIndex><Name>INVOICE_PERCENTAGE</Name><Type>10</Type><ParentIndex>85</ParentIndex><ClassName></ClassName><Unbounded>N</Unbounded>
	</RowData>
	<RowData><DataStructureId>95</DataStructureId><ProcessDefId>4</ProcessDefId><ExtMethodIndex>39</ExtMethodIndex><Name>CURRENCY</Name><Type>10</Type><ParentIndex>85</ParentIndex><ClassName></ClassName><Unbounded>N</Unbounded>
	</RowData>
	<RowData><DataStructureId>96</DataStructureId><ProcessDefId>4</ProcessDefId><ExtMethodIndex>39</ExtMethodIndex><Name>CURRENCY_ISO</Name><Type>10</Type><ParentIndex>85</ParentIndex><ClassName></ClassName><Unbounded>N</Unbounded>
	</RowData>
	<RowData><DataStructureId>97</DataStructureId><ProcessDefId>4</ProcessDefId><ExtMethodIndex>39</ExtMethodIndex><Name>EXCHG_RAT_DAT</Name><Type>10</Type><ParentIndex>85</ParentIndex><ClassName></ClassName><Unbounded>N</Unbounded>
	</RowData>
	<RowData><DataStructureId>98</DataStructureId><ProcessDefId>4</ProcessDefId><ExtMethodIndex>39</ExtMethodIndex><Name>BILL_VALUE</Name><Type>10</Type><ParentIndex>85</ParentIndex><ClassName></ClassName><Unbounded>N</Unbounded>
	</RowData>
	<RowData><DataStructureId>99</DataStructureId><ProcessDefId>4</ProcessDefId><ExtMethodIndex>39</ExtMethodIndex><Name>BILLING_BLOCK</Name><Type>10</Type><ParentIndex>85</ParentIndex><ClassName></ClassName><Unbounded>N</Unbounded>
	</RowData>
	<RowData><DataStructureId>100</DataStructureId><ProcessDefId>4</ProcessDefId><ExtMethodIndex>39</ExtMethodIndex><Name>BILLING_STATUS</Name><Type>10</Type><ParentIndex>85</ParentIndex><ClassName></ClassName><Unbounded>N</Unbounded>
	</RowData>
	<RowData><DataStructureId>101</DataStructureId><ProcessDefId>4</ProcessDefId><ExtMethodIndex>39</ExtMethodIndex><Name>SETT_DATE_TO</Name><Type>8</Type><ParentIndex>85</ParentIndex><ClassName></ClassName><Unbounded>N</Unbounded>
	</RowData>
	<RowData><DataStructureId>102</DataStructureId><ProcessDefId>4</ProcessDefId><ExtMethodIndex>39</ExtMethodIndex><Name>CALENDER_ID</Name><Type>10</Type><ParentIndex>85</ParentIndex><ClassName></ClassName><Unbounded>N</Unbounded>
	</RowData>
	<RowData><DataStructureId>103</DataStructureId><ProcessDefId>4</ProcessDefId><ExtMethodIndex>39</ExtMethodIndex><Name>BILL_DATE</Name><Type>8</Type><ParentIndex>85</ParentIndex><ClassName></ClassName><Unbounded>N</Unbounded>
	</RowData>
	<RowData><DataStructureId>104</DataStructureId><ProcessDefId>4</ProcessDefId><ExtMethodIndex>39</ExtMethodIndex><Name>CASH_DISCOUNT</Name><Type>10</Type><ParentIndex>85</ParentIndex><ClassName></ClassName><Unbounded>N</Unbounded>
	</RowData>
	<RowData><DataStructureId>105</DataStructureId><ProcessDefId>4</ProcessDefId><ExtMethodIndex>39</ExtMethodIndex><Name>REBATE_BASIS1</Name><Type>10</Type><ParentIndex>85</ParentIndex><ClassName></ClassName><Unbounded>N</Unbounded>
	</RowData>
	<RowData><DataStructureId>106</DataStructureId><ProcessDefId>4</ProcessDefId><ExtMethodIndex>39</ExtMethodIndex><Name>PRICING_OK</Name><Type>10</Type><ParentIndex>85</ParentIndex><ClassName></ClassName><Unbounded>N</Unbounded>
	</RowData>
	<RowData><DataStructureId>107</DataStructureId><ProcessDefId>4</ProcessDefId><ExtMethodIndex>39</ExtMethodIndex><Name>MILESTONE_NUM</Name><Type>3</Type><ParentIndex>85</ParentIndex><ClassName></ClassName><Unbounded>N</Unbounded>
	</RowData>
	<RowData><DataStructureId>108</DataStructureId><ProcessDefId>4</ProcessDefId><ExtMethodIndex>39</ExtMethodIndex><Name>MILESTONE_USE</Name><Type>10</Type><ParentIndex>85</ParentIndex><ClassName></ClassName><Unbounded>N</Unbounded>
	</RowData>
	<RowData><DataStructureId>109</DataStructureId><ProcessDefId>4</ProcessDefId><ExtMethodIndex>39</ExtMethodIndex><Name>MANUALLY</Name><Type>10</Type><ParentIndex>85</ParentIndex><ClassName></ClassName><Unbounded>N</Unbounded>
	</RowData>
	<RowData><DataStructureId>110</DataStructureId><ProcessDefId>4</ProcessDefId><ExtMethodIndex>39</ExtMethodIndex><Name>POHISTORY</Name><Type>11</Type><ParentIndex>0</ParentIndex><ClassName>BAPIEKBE</ClassName><Unbounded>Y</Unbounded>
	</RowData>
	<RowData><DataStructureId>111</DataStructureId><ProcessDefId>4</ProcessDefId><ExtMethodIndex>39</ExtMethodIndex><Name>PO_ITEM</Name><Type>3</Type><ParentIndex>110</ParentIndex><ClassName></ClassName><Unbounded>N</Unbounded>
	</RowData>
	<RowData><DataStructureId>112</DataStructureId><ProcessDefId>4</ProcessDefId><ExtMethodIndex>39</ExtMethodIndex><Name>SERIAL_NO</Name><Type>3</Type><ParentIndex>110</ParentIndex><ClassName></ClassName><Unbounded>N</Unbounded>
	</RowData>
	<RowData><DataStructureId>113</DataStructureId><ProcessDefId>4</ProcessDefId><ExtMethodIndex>39</ExtMethodIndex><Name>PROCESS_ID</Name><Type>10</Type><ParentIndex>110</ParentIndex><ClassName></ClassName><Unbounded>N</Unbounded>
	</RowData>
	<RowData><DataStructureId>114</DataStructureId><ProcessDefId>4</ProcessDefId><ExtMethodIndex>39</ExtMethodIndex><Name>DOC_YEAR</Name><Type>3</Type><ParentIndex>110</ParentIndex><ClassName></ClassName><Unbounded>N</Unbounded>
	</RowData>
	<RowData><DataStructureId>115</DataStructureId><ProcessDefId>4</ProcessDefId><ExtMethodIndex>39</ExtMethodIndex><Name>MAT_DOC</Name><Type>10</Type><ParentIndex>110</ParentIndex><ClassName></ClassName><Unbounded>N</Unbounded>
	</RowData>
	<RowData><DataStructureId>116</DataStructureId><ProcessDefId>4</ProcessDefId><ExtMethodIndex>39</ExtMethodIndex><Name>MATDOC_ITM</Name><Type>3</Type><ParentIndex>110</ParentIndex><ClassName></ClassName><Unbounded>N</Unbounded>
	</RowData>
	<RowData><DataStructureId>117</DataStructureId><ProcessDefId>4</ProcessDefId><ExtMethodIndex>39</ExtMethodIndex><Name>HIST_TYPE</Name><Type>10</Type><ParentIndex>110</ParentIndex><ClassName></ClassName><Unbounded>N</Unbounded>
	</RowData>
	<RowData><DataStructureId>118</DataStructureId><ProcessDefId>4</ProcessDefId><ExtMethodIndex>39</ExtMethodIndex><Name>MOVE_TYPE</Name><Type>10</Type><ParentIndex>110</ParentIndex><ClassName></ClassName><Unbounded>N</Unbounded>
	</RowData>
	<RowData><DataStructureId>119</DataStructureId><ProcessDefId>4</ProcessDefId><ExtMethodIndex>39</ExtMethodIndex><Name>PSTNG_DATE</Name><Type>8</Type><ParentIndex>110</ParentIndex><ClassName></ClassName><Unbounded>N</Unbounded>
	</RowData>
	<RowData><DataStructureId>120</DataStructureId><ProcessDefId>4</ProcessDefId><ExtMethodIndex>39</ExtMethodIndex><Name>QUANTITY</Name><Type>10</Type><ParentIndex>110</ParentIndex><ClassName></ClassName><Unbounded>N</Unbounded>
	</RowData>
	<RowData><DataStructureId>121</DataStructureId><ProcessDefId>4</ProcessDefId><ExtMethodIndex>39</ExtMethodIndex><Name>VAL_LOCCUR</Name><Type>10</Type><ParentIndex>110</ParentIndex><ClassName></ClassName><Unbounded>N</Unbounded>
	</RowData>
	<RowData><DataStructureId>122</DataStructureId><ProcessDefId>4</ProcessDefId><ExtMethodIndex>39</ExtMethodIndex><Name>VAL_FORCUR</Name><Type>10</Type><ParentIndex>110</ParentIndex><ClassName></ClassName><Unbounded>N</Unbounded>
	</RowData>
	<RowData><DataStructureId>123</DataStructureId><ProcessDefId>4</ProcessDefId><ExtMethodIndex>39</ExtMethodIndex><Name>CURRENCY</Name><Type>10</Type><ParentIndex>110</ParentIndex><ClassName></ClassName><Unbounded>N</Unbounded>
	</RowData>
	<RowData><DataStructureId>124</DataStructureId><ProcessDefId>4</ProcessDefId><ExtMethodIndex>39</ExtMethodIndex><Name>CL_VAL_LOC</Name><Type>10</Type><ParentIndex>110</ParentIndex><ClassName></ClassName><Unbounded>N</Unbounded>
	</RowData>
	<RowData><DataStructureId>125</DataStructureId><ProcessDefId>4</ProcessDefId><ExtMethodIndex>39</ExtMethodIndex><Name>BLOCKED_QY</Name><Type>10</Type><ParentIndex>110</ParentIndex><ClassName></ClassName><Unbounded>N</Unbounded>
	</RowData>
	<RowData><DataStructureId>126</DataStructureId><ProcessDefId>4</ProcessDefId><ExtMethodIndex>39</ExtMethodIndex><Name>BL_QTY</Name><Type>10</Type><ParentIndex>110</ParentIndex><ClassName></ClassName><Unbounded>N</Unbounded>
	</RowData>
	<RowData><DataStructureId>127</DataStructureId><ProcessDefId>4</ProcessDefId><ExtMethodIndex>39</ExtMethodIndex><Name>DB_CR_IND</Name><Type>10</Type><ParentIndex>110</ParentIndex><ClassName></ClassName><Unbounded>N</Unbounded>
	</RowData>
	<RowData><DataStructureId>128</DataStructureId><ProcessDefId>4</ProcessDefId><ExtMethodIndex>39</ExtMethodIndex><Name>VAL_TYPE</Name><Type>10</Type><ParentIndex>110</ParentIndex><ClassName></ClassName><Unbounded>N</Unbounded>
	</RowData>
	<RowData><DataStructureId>129</DataStructureId><ProcessDefId>4</ProcessDefId><ExtMethodIndex>39</ExtMethodIndex><Name>NO_MORE_GR</Name><Type>10</Type><ParentIndex>110</ParentIndex><ClassName></ClassName><Unbounded>N</Unbounded>
	</RowData>
	<RowData><DataStructureId>130</DataStructureId><ProcessDefId>4</ProcessDefId><ExtMethodIndex>39</ExtMethodIndex><Name>REF_DOC_NO</Name><Type>10</Type><ParentIndex>110</ParentIndex><ClassName></ClassName><Unbounded>N</Unbounded>
	</RowData>
	<RowData><DataStructureId>131</DataStructureId><ProcessDefId>4</ProcessDefId><ExtMethodIndex>39</ExtMethodIndex><Name>REF_DOC_YR</Name><Type>3</Type><ParentIndex>110</ParentIndex><ClassName></ClassName><Unbounded>N</Unbounded>
	</RowData>
	<RowData><DataStructureId>132</DataStructureId><ProcessDefId>4</ProcessDefId><ExtMethodIndex>39</ExtMethodIndex><Name>REF_DOC</Name><Type>10</Type><ParentIndex>110</ParentIndex><ClassName></ClassName><Unbounded>N</Unbounded>
	</RowData>
	<RowData><DataStructureId>133</DataStructureId><ProcessDefId>4</ProcessDefId><ExtMethodIndex>39</ExtMethodIndex><Name>REF_DOC_IT</Name><Type>3</Type><ParentIndex>110</ParentIndex><ClassName></ClassName><Unbounded>N</Unbounded>
	</RowData>
	<RowData><DataStructureId>134</DataStructureId><ProcessDefId>4</ProcessDefId><ExtMethodIndex>39</ExtMethodIndex><Name>MOVE_REAS</Name><Type>3</Type><ParentIndex>110</ParentIndex><ClassName></ClassName><Unbounded>N</Unbounded>
	</RowData>
	<RowData><DataStructureId>135</DataStructureId><ProcessDefId>4</ProcessDefId><ExtMethodIndex>39</ExtMethodIndex><Name>ENTRY_DATE</Name><Type>8</Type><ParentIndex>110</ParentIndex><ClassName></ClassName><Unbounded>N</Unbounded>
	</RowData>
	<RowData><DataStructureId>136</DataStructureId><ProcessDefId>4</ProcessDefId><ExtMethodIndex>39</ExtMethodIndex><Name>ENTRY_TIME</Name><Type>10</Type><ParentIndex>110</ParentIndex><ClassName></ClassName><Unbounded>N</Unbounded>
	</RowData>
	<RowData><DataStructureId>137</DataStructureId><ProcessDefId>4</ProcessDefId><ExtMethodIndex>39</ExtMethodIndex><Name>IVVAL_LOC</Name><Type>10</Type><ParentIndex>110</ParentIndex><ClassName></ClassName><Unbounded>N</Unbounded>
	</RowData>
	<RowData><DataStructureId>138</DataStructureId><ProcessDefId>4</ProcessDefId><ExtMethodIndex>39</ExtMethodIndex><Name>IVVAL_FOR</Name><Type>10</Type><ParentIndex>110</ParentIndex><ClassName></ClassName><Unbounded>N</Unbounded>
	</RowData>
	<RowData><DataStructureId>139</DataStructureId><ProcessDefId>4</ProcessDefId><ExtMethodIndex>39</ExtMethodIndex><Name>MATERIAL</Name><Type>10</Type><ParentIndex>110</ParentIndex><ClassName></ClassName><Unbounded>N</Unbounded>
	</RowData>
	<RowData><DataStructureId>140</DataStructureId><ProcessDefId>4</ProcessDefId><ExtMethodIndex>39</ExtMethodIndex><Name>PLANT</Name><Type>10</Type><ParentIndex>110</ParentIndex><ClassName></ClassName><Unbounded>N</Unbounded>
	</RowData>
	<RowData><DataStructureId>141</DataStructureId><ProcessDefId>4</ProcessDefId><ExtMethodIndex>39</ExtMethodIndex><Name>CONF_SER</Name><Type>3</Type><ParentIndex>110</ParentIndex><ClassName></ClassName><Unbounded>N</Unbounded>
	</RowData>
	<RowData><DataStructureId>142</DataStructureId><ProcessDefId>4</ProcessDefId><ExtMethodIndex>39</ExtMethodIndex><Name>CONDITION</Name><Type>10</Type><ParentIndex>110</ParentIndex><ClassName></ClassName><Unbounded>N</Unbounded>
	</RowData>
	<RowData><DataStructureId>143</DataStructureId><ProcessDefId>4</ProcessDefId><ExtMethodIndex>39</ExtMethodIndex><Name>TAX_CODE</Name><Type>10</Type><ParentIndex>110</ParentIndex><ClassName></ClassName><Unbounded>N</Unbounded>
	</RowData>
	<RowData><DataStructureId>144</DataStructureId><ProcessDefId>4</ProcessDefId><ExtMethodIndex>39</ExtMethodIndex><Name>DELIV_QTY</Name><Type>10</Type><ParentIndex>110</ParentIndex><ClassName></ClassName><Unbounded>N</Unbounded>
	</RowData>
	<RowData><DataStructureId>145</DataStructureId><ProcessDefId>4</ProcessDefId><ExtMethodIndex>39</ExtMethodIndex><Name>DELIV_UNIT</Name><Type>10</Type><ParentIndex>110</ParentIndex><ClassName></ClassName><Unbounded>N</Unbounded>
	</RowData>
	<RowData><DataStructureId>146</DataStructureId><ProcessDefId>4</ProcessDefId><ExtMethodIndex>39</ExtMethodIndex><Name>PUR_MAT</Name><Type>10</Type><ParentIndex>110</ParentIndex><ClassName></ClassName><Unbounded>N</Unbounded>
	</RowData>
	<RowData><DataStructureId>147</DataStructureId><ProcessDefId>4</ProcessDefId><ExtMethodIndex>39</ExtMethodIndex><Name>LOC_CURR</Name><Type>10</Type><ParentIndex>110</ParentIndex><ClassName></ClassName><Unbounded>N</Unbounded>
	</RowData>
	<RowData><DataStructureId>148</DataStructureId><ProcessDefId>4</ProcessDefId><ExtMethodIndex>39</ExtMethodIndex><Name>BATCH</Name><Type>10</Type><ParentIndex>110</ParentIndex><ClassName></ClassName><Unbounded>N</Unbounded>
	</RowData>
	<RowData><DataStructureId>149</DataStructureId><ProcessDefId>4</ProcessDefId><ExtMethodIndex>39</ExtMethodIndex><Name>DOC_DATE</Name><Type>8</Type><ParentIndex>110</ParentIndex><ClassName></ClassName><Unbounded>N</Unbounded>
	</RowData>
	<RowData><DataStructureId>150</DataStructureId><ProcessDefId>4</ProcessDefId><ExtMethodIndex>39</ExtMethodIndex><Name>CURRENCY_ISO</Name><Type>10</Type><ParentIndex>110</ParentIndex><ClassName></ClassName><Unbounded>N</Unbounded>
	</RowData>
	<RowData><DataStructureId>151</DataStructureId><ProcessDefId>4</ProcessDefId><ExtMethodIndex>39</ExtMethodIndex><Name>LOC_CURR_ISO</Name><Type>10</Type><ParentIndex>110</ParentIndex><ClassName></ClassName><Unbounded>N</Unbounded>
	</RowData>
	<RowData><DataStructureId>152</DataStructureId><ProcessDefId>4</ProcessDefId><ExtMethodIndex>39</ExtMethodIndex><Name>DELIV_UNIT_ISO</Name><Type>10</Type><ParentIndex>110</ParentIndex><ClassName></ClassName><Unbounded>N</Unbounded>
	</RowData>
	<RowData><DataStructureId>153</DataStructureId><ProcessDefId>4</ProcessDefId><ExtMethodIndex>39</ExtMethodIndex><Name>MATERIAL_EXTERNAL</Name><Type>10</Type><ParentIndex>110</ParentIndex><ClassName></ClassName><Unbounded>N</Unbounded>
	</RowData>
	<RowData><DataStructureId>154</DataStructureId><ProcessDefId>4</ProcessDefId><ExtMethodIndex>39</ExtMethodIndex><Name>MATERIAL_GUID</Name><Type>10</Type><ParentIndex>110</ParentIndex><ClassName></ClassName><Unbounded>N</Unbounded>
	</RowData>
	<RowData><DataStructureId>155</DataStructureId><ProcessDefId>4</ProcessDefId><ExtMethodIndex>39</ExtMethodIndex><Name>MATERIAL_VERSION</Name><Type>10</Type><ParentIndex>110</ParentIndex><ClassName></ClassName><Unbounded>N</Unbounded>
	</RowData>
	<RowData><DataStructureId>156</DataStructureId><ProcessDefId>4</ProcessDefId><ExtMethodIndex>39</ExtMethodIndex><Name>PUR_MAT_EXTERNAL</Name><Type>10</Type><ParentIndex>110</ParentIndex><ClassName></ClassName><Unbounded>N</Unbounded>
	</RowData>
	<RowData><DataStructureId>157</DataStructureId><ProcessDefId>4</ProcessDefId><ExtMethodIndex>39</ExtMethodIndex><Name>PUR_MAT_GUID</Name><Type>10</Type><ParentIndex>110</ParentIndex><ClassName></ClassName><Unbounded>N</Unbounded>
	</RowData>
	<RowData><DataStructureId>158</DataStructureId><ProcessDefId>4</ProcessDefId><ExtMethodIndex>39</ExtMethodIndex><Name>PUR_MAT_VERSION</Name><Type>10</Type><ParentIndex>110</ParentIndex><ClassName></ClassName><Unbounded>N</Unbounded>
	</RowData>
	<RowData><DataStructureId>159</DataStructureId><ProcessDefId>4</ProcessDefId><ExtMethodIndex>39</ExtMethodIndex><Name>REF_DOC_NO_LONG</Name><Type>10</Type><ParentIndex>110</ParentIndex><ClassName></ClassName><Unbounded>N</Unbounded>
	</RowData>
	<RowData><DataStructureId>160</DataStructureId><ProcessDefId>4</ProcessDefId><ExtMethodIndex>39</ExtMethodIndex><Name>STK_SEGMENT</Name><Type>10</Type><ParentIndex>110</ParentIndex><ClassName></ClassName><Unbounded>N</Unbounded>
	</RowData>
	<RowData><DataStructureId>161</DataStructureId><ProcessDefId>4</ProcessDefId><ExtMethodIndex>39</ExtMethodIndex><Name>POITEM</Name><Type>11</Type><ParentIndex>0</ParentIndex><ClassName>BAPIMEPOITEM</ClassName><Unbounded>Y</Unbounded>
	</RowData>
	<RowData><DataStructureId>162</DataStructureId><ProcessDefId>4</ProcessDefId><ExtMethodIndex>39</ExtMethodIndex><Name>PO_ITEM</Name><Type>3</Type><ParentIndex>161</ParentIndex><ClassName></ClassName><Unbounded>N</Unbounded>
	</RowData>
	<RowData><DataStructureId>163</DataStructureId><ProcessDefId>4</ProcessDefId><ExtMethodIndex>39</ExtMethodIndex><Name>DELETE_IND</Name><Type>10</Type><ParentIndex>161</ParentIndex><ClassName></ClassName><Unbounded>N</Unbounded>
	</RowData>
	<RowData><DataStructureId>164</DataStructureId><ProcessDefId>4</ProcessDefId><ExtMethodIndex>39</ExtMethodIndex><Name>SHORT_TEXT</Name><Type>10</Type><ParentIndex>161</ParentIndex><ClassName></ClassName><Unbounded>N</Unbounded>
	</RowData>
	<RowData><DataStructureId>165</DataStructureId><ProcessDefId>4</ProcessDefId><ExtMethodIndex>39</ExtMethodIndex><Name>MATERIAL</Name><Type>10</Type><ParentIndex>161</ParentIndex><ClassName></ClassName><Unbounded>N</Unbounded>
	</RowData>
	<RowData><DataStructureId>166</DataStructureId><ProcessDefId>4</ProcessDefId><ExtMethodIndex>39</ExtMethodIndex><Name>MATERIAL_EXTERNAL</Name><Type>10</Type><ParentIndex>161</ParentIndex><ClassName></ClassName><Unbounded>N</Unbounded>
	</RowData>
	<RowData><DataStructureId>167</DataStructureId><ProcessDefId>4</ProcessDefId><ExtMethodIndex>39</ExtMethodIndex><Name>MATERIAL_GUID</Name><Type>10</Type><ParentIndex>161</ParentIndex><ClassName></ClassName><Unbounded>N</Unbounded>
	</RowData>
	<RowData><DataStructureId>168</DataStructureId><ProcessDefId>4</ProcessDefId><ExtMethodIndex>39</ExtMethodIndex><Name>MATERIAL_VERSION</Name><Type>10</Type><ParentIndex>161</ParentIndex><ClassName></ClassName><Unbounded>N</Unbounded>
	</RowData>
	<RowData><DataStructureId>169</DataStructureId><ProcessDefId>4</ProcessDefId><ExtMethodIndex>39</ExtMethodIndex><Name>EMATERIAL</Name><Type>10</Type><ParentIndex>161</ParentIndex><ClassName></ClassName><Unbounded>N</Unbounded>
	</RowData>
	<RowData><DataStructureId>170</DataStructureId><ProcessDefId>4</ProcessDefId><ExtMethodIndex>39</ExtMethodIndex><Name>EMATERIAL_EXTERNAL</Name><Type>10</Type><ParentIndex>161</ParentIndex><ClassName></ClassName><Unbounded>N</Unbounded>
	</RowData>
	<RowData><DataStructureId>171</DataStructureId><ProcessDefId>4</ProcessDefId><ExtMethodIndex>39</ExtMethodIndex><Name>EMATERIAL_GUID</Name><Type>10</Type><ParentIndex>161</ParentIndex><ClassName></ClassName><Unbounded>N</Unbounded>
	</RowData>
	<RowData><DataStructureId>172</DataStructureId><ProcessDefId>4</ProcessDefId><ExtMethodIndex>39</ExtMethodIndex><Name>EMATERIAL_VERSION</Name><Type>10</Type><ParentIndex>161</ParentIndex><ClassName></ClassName><Unbounded>N</Unbounded>
	</RowData>
	<RowData><DataStructureId>173</DataStructureId><ProcessDefId>4</ProcessDefId><ExtMethodIndex>39</ExtMethodIndex><Name>PLANT</Name><Type>10</Type><ParentIndex>161</ParentIndex><ClassName></ClassName><Unbounded>N</Unbounded>
	</RowData>
	<RowData><DataStructureId>174</DataStructureId><ProcessDefId>4</ProcessDefId><ExtMethodIndex>39</ExtMethodIndex><Name>STGE_LOC</Name><Type>10</Type><ParentIndex>161</ParentIndex><ClassName></ClassName><Unbounded>N</Unbounded>
	</RowData>
	<RowData><DataStructureId>175</DataStructureId><ProcessDefId>4</ProcessDefId><ExtMethodIndex>39</ExtMethodIndex><Name>TRACKINGNO</Name><Type>10</Type><ParentIndex>161</ParentIndex><ClassName></ClassName><Unbounded>N</Unbounded>
	</RowData>
	<RowData><DataStructureId>176</DataStructureId><ProcessDefId>4</ProcessDefId><ExtMethodIndex>39</ExtMethodIndex><Name>MATL_GROUP</Name><Type>10</Type><ParentIndex>161</ParentIndex><ClassName></ClassName><Unbounded>N</Unbounded>
	</RowData>
	<RowData><DataStructureId>177</DataStructureId><ProcessDefId>4</ProcessDefId><ExtMethodIndex>39</ExtMethodIndex><Name>INFO_REC</Name><Type>10</Type><ParentIndex>161</ParentIndex><ClassName></ClassName><Unbounded>N</Unbounded>
	</RowData>
	<RowData><DataStructureId>178</DataStructureId><ProcessDefId>4</ProcessDefId><ExtMethodIndex>39</ExtMethodIndex><Name>VEND_MAT</Name><Type>10</Type><ParentIndex>161</ParentIndex><ClassName></ClassName><Unbounded>N</Unbounded>
	</RowData>
</PMWDataStructureTable_7>