<PMWDataStructureTable>
	<RowData><DataStructureId>1</DataStructureId><ProcessDefId>4</ProcessDefId><ExtMethodIndex>35</ExtMethodIndex><Name>PO_ADDRESS</Name><Type>11</Type><ParentIndex>0</ParentIndex><ClassName>BAPIADDRESS</ClassName><Unbounded>N</Unbounded>
	</RowData>
	<RowData><DataStructureId>2</DataStructureId><ProcessDefId>4</ProcessDefId><ExtMethodIndex>35</ExtMethodIndex><Name>ADDRNUMBER</Name><Type>10</Type><ParentIndex>1</ParentIndex><ClassName></ClassName><Unbounded>N</Unbounded>
	</RowData>
	<RowData><DataStructureId>3</DataStructureId><ProcessDefId>4</ProcessDefId><ExtMethodIndex>35</ExtMethodIndex><Name>ADDRHANDLE</Name><Type>10</Type><ParentIndex>1</ParentIndex><ClassName></ClassName><Unbounded>N</Unbounded>
	</RowData>
	<RowData><DataStructureId>4</DataStructureId><ProcessDefId>4</ProcessDefId><ExtMethodIndex>35</ExtMethodIndex><Name>NATION</Name><Type>10</Type><ParentIndex>1</ParentIndex><ClassName></ClassName><Unbounded>N</Unbounded>
	</RowData>
	<RowData><DataStructureId>5</DataStructureId><ProcessDefId>4</ProcessDefId><ExtMethodIndex>35</ExtMethodIndex><Name>DATE</Name><Type>8</Type><ParentIndex>1</ParentIndex><ClassName></ClassName><Unbounded>N</Unbounded>
	</RowData>
	<RowData><DataStructureId>6</DataStructureId><ProcessDefId>4</ProcessDefId><ExtMethodIndex>35</ExtMethodIndex><Name>DATE_FROM</Name><Type>8</Type><ParentIndex>1</ParentIndex><ClassName></ClassName><Unbounded>N</Unbounded>
	</RowData>
	<RowData><DataStructureId>7</DataStructureId><ProcessDefId>4</ProcessDefId><ExtMethodIndex>35</ExtMethodIndex><Name>DATE_TO</Name><Type>8</Type><ParentIndex>1</ParentIndex><ClassName></ClassName><Unbounded>N</Unbounded>
	</RowData>
	<RowData><DataStructureId>8</DataStructureId><ProcessDefId>4</ProcessDefId><ExtMethodIndex>35</ExtMethodIndex><Name>TITLE</Name><Type>10</Type><ParentIndex>1</ParentIndex><ClassName></ClassName><Unbounded>N</Unbounded>
	</RowData>
	<RowData><DataStructureId>9</DataStructureId><ProcessDefId>4</ProcessDefId><ExtMethodIndex>35</ExtMethodIndex><Name>NAME1</Name><Type>10</Type><ParentIndex>1</ParentIndex><ClassName></ClassName><Unbounded>N</Unbounded>
	</RowData>
	<RowData><DataStructureId>10</DataStructureId><ProcessDefId>4</ProcessDefId><ExtMethodIndex>35</ExtMethodIndex><Name>NAME2</Name><Type>10</Type><ParentIndex>1</ParentIndex><ClassName></ClassName><Unbounded>N</Unbounded>
	</RowData>
	<RowData><DataStructureId>11</DataStructureId><ProcessDefId>4</ProcessDefId><ExtMethodIndex>35</ExtMethodIndex><Name>NAME3</Name><Type>10</Type><ParentIndex>1</ParentIndex><ClassName></ClassName><Unbounded>N</Unbounded>
	</RowData>
	<RowData><DataStructureId>12</DataStructureId><ProcessDefId>4</ProcessDefId><ExtMethodIndex>35</ExtMethodIndex><Name>NAME4</Name><Type>10</Type><ParentIndex>1</ParentIndex><ClassName></ClassName><Unbounded>N</Unbounded>
	</RowData>
	<RowData><DataStructureId>13</DataStructureId><ProcessDefId>4</ProcessDefId><ExtMethodIndex>35</ExtMethodIndex><Name>NAME_TXT</Name><Type>10</Type><ParentIndex>1</ParentIndex><ClassName></ClassName><Unbounded>N</Unbounded>
	</RowData>
	<RowData><DataStructureId>14</DataStructureId><ProcessDefId>4</ProcessDefId><ExtMethodIndex>35</ExtMethodIndex><Name>NAME_CO</Name><Type>10</Type><ParentIndex>1</ParentIndex><ClassName></ClassName><Unbounded>N</Unbounded>
	</RowData>
	<RowData><DataStructureId>15</DataStructureId><ProcessDefId>4</ProcessDefId><ExtMethodIndex>35</ExtMethodIndex><Name>CITY1</Name><Type>10</Type><ParentIndex>1</ParentIndex><ClassName></ClassName><Unbounded>N</Unbounded>
	</RowData>
	<RowData><DataStructureId>16</DataStructureId><ProcessDefId>4</ProcessDefId><ExtMethodIndex>35</ExtMethodIndex><Name>CITY2</Name><Type>10</Type><ParentIndex>1</ParentIndex><ClassName></ClassName><Unbounded>N</Unbounded>
	</RowData>
	<RowData><DataStructureId>17</DataStructureId><ProcessDefId>4</ProcessDefId><ExtMethodIndex>35</ExtMethodIndex><Name>CITY_CODE</Name><Type>10</Type><ParentIndex>1</ParentIndex><ClassName></ClassName><Unbounded>N</Unbounded>
	</RowData>
	<RowData><DataStructureId>18</DataStructureId><ProcessDefId>4</ProcessDefId><ExtMethodIndex>35</ExtMethodIndex><Name>CITYP_CODE</Name><Type>10</Type><ParentIndex>1</ParentIndex><ClassName></ClassName><Unbounded>N</Unbounded>
	</RowData>
	<RowData><DataStructureId>19</DataStructureId><ProcessDefId>4</ProcessDefId><ExtMethodIndex>35</ExtMethodIndex><Name>CHCKSTATUS</Name><Type>10</Type><ParentIndex>1</ParentIndex><ClassName></ClassName><Unbounded>N</Unbounded>
	</RowData>
	<RowData><DataStructureId>20</DataStructureId><ProcessDefId>4</ProcessDefId><ExtMethodIndex>35</ExtMethodIndex><Name>POST_CODE1</Name><Type>10</Type><ParentIndex>1</ParentIndex><ClassName></ClassName><Unbounded>N</Unbounded>
	</RowData>
	<RowData><DataStructureId>21</DataStructureId><ProcessDefId>4</ProcessDefId><ExtMethodIndex>35</ExtMethodIndex><Name>POST_CODE2</Name><Type>10</Type><ParentIndex>1</ParentIndex><ClassName></ClassName><Unbounded>N</Unbounded>
	</RowData>
	<RowData><DataStructureId>22</DataStructureId><ProcessDefId>4</ProcessDefId><ExtMethodIndex>35</ExtMethodIndex><Name>POST_CODE3</Name><Type>10</Type><ParentIndex>1</ParentIndex><ClassName></ClassName><Unbounded>N</Unbounded>
	</RowData>
	<RowData><DataStructureId>23</DataStructureId><ProcessDefId>4</ProcessDefId><ExtMethodIndex>35</ExtMethodIndex><Name>PO_BOX</Name><Type>10</Type><ParentIndex>1</ParentIndex><ClassName></ClassName><Unbounded>N</Unbounded>
	</RowData>
	<RowData><DataStructureId>24</DataStructureId><ProcessDefId>4</ProcessDefId><ExtMethodIndex>35</ExtMethodIndex><Name>PO_BOX_NUM</Name><Type>10</Type><ParentIndex>1</ParentIndex><ClassName></ClassName><Unbounded>N</Unbounded>
	</RowData>
	<RowData><DataStructureId>25</DataStructureId><ProcessDefId>4</ProcessDefId><ExtMethodIndex>35</ExtMethodIndex><Name>PO_BOX_LOC</Name><Type>10</Type><ParentIndex>1</ParentIndex><ClassName></ClassName><Unbounded>N</Unbounded>
	</RowData>
	<RowData><DataStructureId>26</DataStructureId><ProcessDefId>4</ProcessDefId><ExtMethodIndex>35</ExtMethodIndex><Name>CITY_CODE2</Name><Type>10</Type><ParentIndex>1</ParentIndex><ClassName></ClassName><Unbounded>N</Unbounded>
	</RowData>
	<RowData><DataStructureId>27</DataStructureId><ProcessDefId>4</ProcessDefId><ExtMethodIndex>35</ExtMethodIndex><Name>PO_BOX_REG</Name><Type>10</Type><ParentIndex>1</ParentIndex><ClassName></ClassName><Unbounded>N</Unbounded>
	</RowData>
	<RowData><DataStructureId>28</DataStructureId><ProcessDefId>4</ProcessDefId><ExtMethodIndex>35</ExtMethodIndex><Name>PO_BOX_CTY</Name><Type>10</Type><ParentIndex>1</ParentIndex><ClassName></ClassName><Unbounded>N</Unbounded>
	</RowData>
	<RowData><DataStructureId>29</DataStructureId><ProcessDefId>4</ProcessDefId><ExtMethodIndex>35</ExtMethodIndex><Name>POSTALAREA</Name><Type>10</Type><ParentIndex>1</ParentIndex><ClassName></ClassName><Unbounded>N</Unbounded>
	</RowData>
	<RowData><DataStructureId>30</DataStructureId><ProcessDefId>4</ProcessDefId><ExtMethodIndex>35</ExtMethodIndex><Name>TRANSPZONE</Name><Type>10</Type><ParentIndex>1</ParentIndex><ClassName></ClassName><Unbounded>N</Unbounded>
	</RowData>
	<RowData><DataStructureId>31</DataStructureId><ProcessDefId>4</ProcessDefId><ExtMethodIndex>35</ExtMethodIndex><Name>STREET</Name><Type>10</Type><ParentIndex>1</ParentIndex><ClassName></ClassName><Unbounded>N</Unbounded>
	</RowData>
	<RowData><DataStructureId>32</DataStructureId><ProcessDefId>4</ProcessDefId><ExtMethodIndex>35</ExtMethodIndex><Name>STREETCODE</Name><Type>10</Type><ParentIndex>1</ParentIndex><ClassName></ClassName><Unbounded>N</Unbounded>
	</RowData>
	<RowData><DataStructureId>33</DataStructureId><ProcessDefId>4</ProcessDefId><ExtMethodIndex>35</ExtMethodIndex><Name>STREETABBR</Name><Type>10</Type><ParentIndex>1</ParentIndex><ClassName></ClassName><Unbounded>N</Unbounded>
	</RowData>
	<RowData><DataStructureId>34</DataStructureId><ProcessDefId>4</ProcessDefId><ExtMethodIndex>35</ExtMethodIndex><Name>HOUSE_NUM1</Name><Type>10</Type><ParentIndex>1</ParentIndex><ClassName></ClassName><Unbounded>N</Unbounded>
	</RowData>
	<RowData><DataStructureId>35</DataStructureId><ProcessDefId>4</ProcessDefId><ExtMethodIndex>35</ExtMethodIndex><Name>HOUSE_NUM2</Name><Type>10</Type><ParentIndex>1</ParentIndex><ClassName></ClassName><Unbounded>N</Unbounded>
	</RowData>
	<RowData><DataStructureId>36</DataStructureId><ProcessDefId>4</ProcessDefId><ExtMethodIndex>35</ExtMethodIndex><Name>HOUSE_NUM3</Name><Type>10</Type><ParentIndex>1</ParentIndex><ClassName></ClassName><Unbounded>N</Unbounded>
	</RowData>
	<RowData><DataStructureId>37</DataStructureId><ProcessDefId>4</ProcessDefId><ExtMethodIndex>35</ExtMethodIndex><Name>STR_SUPPL1</Name><Type>10</Type><ParentIndex>1</ParentIndex><ClassName></ClassName><Unbounded>N</Unbounded>
	</RowData>
	<RowData><DataStructureId>38</DataStructureId><ProcessDefId>4</ProcessDefId><ExtMethodIndex>35</ExtMethodIndex><Name>STR_SUPPL2</Name><Type>10</Type><ParentIndex>1</ParentIndex><ClassName></ClassName><Unbounded>N</Unbounded>
	</RowData>
	<RowData><DataStructureId>39</DataStructureId><ProcessDefId>4</ProcessDefId><ExtMethodIndex>35</ExtMethodIndex><Name>LOCATION</Name><Type>10</Type><ParentIndex>1</ParentIndex><ClassName></ClassName><Unbounded>N</Unbounded>
	</RowData>
	<RowData><DataStructureId>40</DataStructureId><ProcessDefId>4</ProcessDefId><ExtMethodIndex>35</ExtMethodIndex><Name>BUILDING</Name><Type>10</Type><ParentIndex>1</ParentIndex><ClassName></ClassName><Unbounded>N</Unbounded>
	</RowData>
	<RowData><DataStructureId>41</DataStructureId><ProcessDefId>4</ProcessDefId><ExtMethodIndex>35</ExtMethodIndex><Name>FLOOR</Name><Type>10</Type><ParentIndex>1</ParentIndex><ClassName></ClassName><Unbounded>N</Unbounded>
	</RowData>
	<RowData><DataStructureId>42</DataStructureId><ProcessDefId>4</ProcessDefId><ExtMethodIndex>35</ExtMethodIndex><Name>ROOMNUMBER</Name><Type>10</Type><ParentIndex>1</ParentIndex><ClassName></ClassName><Unbounded>N</Unbounded>
	</RowData>
	<RowData><DataStructureId>43</DataStructureId><ProcessDefId>4</ProcessDefId><ExtMethodIndex>35</ExtMethodIndex><Name>COUNTRY</Name><Type>10</Type><ParentIndex>1</ParentIndex><ClassName></ClassName><Unbounded>N</Unbounded>
	</RowData>
	<RowData><DataStructureId>44</DataStructureId><ProcessDefId>4</ProcessDefId><ExtMethodIndex>35</ExtMethodIndex><Name>LANGU</Name><Type>10</Type><ParentIndex>1</ParentIndex><ClassName></ClassName><Unbounded>N</Unbounded>
	</RowData>
	<RowData><DataStructureId>45</DataStructureId><ProcessDefId>4</ProcessDefId><ExtMethodIndex>35</ExtMethodIndex><Name>REGION</Name><Type>10</Type><ParentIndex>1</ParentIndex><ClassName></ClassName><Unbounded>N</Unbounded>
	</RowData>
	<RowData><DataStructureId>46</DataStructureId><ProcessDefId>4</ProcessDefId><ExtMethodIndex>35</ExtMethodIndex><Name>SORT1</Name><Type>10</Type><ParentIndex>1</ParentIndex><ClassName></ClassName><Unbounded>N</Unbounded>
	</RowData>
	<RowData><DataStructureId>47</DataStructureId><ProcessDefId>4</ProcessDefId><ExtMethodIndex>35</ExtMethodIndex><Name>SORT2</Name><Type>10</Type><ParentIndex>1</ParentIndex><ClassName></ClassName><Unbounded>N</Unbounded>
	</RowData>
	<RowData><DataStructureId>48</DataStructureId><ProcessDefId>4</ProcessDefId><ExtMethodIndex>35</ExtMethodIndex><Name>SORT_PHN</Name><Type>10</Type><ParentIndex>1</ParentIndex><ClassName></ClassName><Unbounded>N</Unbounded>
	</RowData>
	<RowData><DataStructureId>49</DataStructureId><ProcessDefId>4</ProcessDefId><ExtMethodIndex>35</ExtMethodIndex><Name>ADDRORIGIN</Name><Type>10</Type><ParentIndex>1</ParentIndex><ClassName></ClassName><Unbounded>N</Unbounded>
	</RowData>
	<RowData><DataStructureId>50</DataStructureId><ProcessDefId>4</ProcessDefId><ExtMethodIndex>35</ExtMethodIndex><Name>EXTENSION1</Name><Type>10</Type><ParentIndex>1</ParentIndex><ClassName></ClassName><Unbounded>N</Unbounded>
	</RowData>
	<RowData><DataStructureId>51</DataStructureId><ProcessDefId>4</ProcessDefId><ExtMethodIndex>35</ExtMethodIndex><Name>EXTENSION2</Name><Type>10</Type><ParentIndex>1</ParentIndex><ClassName></ClassName><Unbounded>N</Unbounded>
	</RowData>
	<RowData><DataStructureId>52</DataStructureId><ProcessDefId>4</ProcessDefId><ExtMethodIndex>35</ExtMethodIndex><Name>TIME_ZONE</Name><Type>10</Type><ParentIndex>1</ParentIndex><ClassName></ClassName><Unbounded>N</Unbounded>
	</RowData>
	<RowData><DataStructureId>53</DataStructureId><ProcessDefId>4</ProcessDefId><ExtMethodIndex>35</ExtMethodIndex><Name>TAXJURCODE</Name><Type>10</Type><ParentIndex>1</ParentIndex><ClassName></ClassName><Unbounded>N</Unbounded>
	</RowData>
	<RowData><DataStructureId>54</DataStructureId><ProcessDefId>4</ProcessDefId><ExtMethodIndex>35</ExtMethodIndex><Name>ADDRESS_ID</Name><Type>10</Type><ParentIndex>1</ParentIndex><ClassName></ClassName><Unbounded>N</Unbounded>
	</RowData>
	<RowData><DataStructureId>55</DataStructureId><ProcessDefId>4</ProcessDefId><ExtMethodIndex>35</ExtMethodIndex><Name>REMARK</Name><Type>10</Type><ParentIndex>1</ParentIndex><ClassName></ClassName><Unbounded>N</Unbounded>
	</RowData>
	<RowData><DataStructureId>56</DataStructureId><ProcessDefId>4</ProcessDefId><ExtMethodIndex>35</ExtMethodIndex><Name>DEFLT_COMM</Name><Type>10</Type><ParentIndex>1</ParentIndex><ClassName></ClassName><Unbounded>N</Unbounded>
	</RowData>
	<RowData><DataStructureId>57</DataStructureId><ProcessDefId>4</ProcessDefId><ExtMethodIndex>35</ExtMethodIndex><Name>TEL_NUMBER</Name><Type>10</Type><ParentIndex>1</ParentIndex><ClassName></ClassName><Unbounded>N</Unbounded>
	</RowData>
	<RowData><DataStructureId>58</DataStructureId><ProcessDefId>4</ProcessDefId><ExtMethodIndex>35</ExtMethodIndex><Name>TEL_EXTENS</Name><Type>10</Type><ParentIndex>1</ParentIndex><ClassName></ClassName><Unbounded>N</Unbounded>
	</RowData>
	<RowData><DataStructureId>59</DataStructureId><ProcessDefId>4</ProcessDefId><ExtMethodIndex>35</ExtMethodIndex><Name>FAX_NUMBER</Name><Type>10</Type><ParentIndex>1</ParentIndex><ClassName></ClassName><Unbounded>N</Unbounded>
	</RowData>
	<RowData><DataStructureId>60</DataStructureId><ProcessDefId>4</ProcessDefId><ExtMethodIndex>35</ExtMethodIndex><Name>FAX_EXTENS</Name><Type>10</Type><ParentIndex>1</ParentIndex><ClassName></ClassName><Unbounded>N</Unbounded>
	</RowData>
	<RowData><DataStructureId>61</DataStructureId><ProcessDefId>4</ProcessDefId><ExtMethodIndex>35</ExtMethodIndex><Name>BUILD_LONG</Name><Type>10</Type><ParentIndex>1</ParentIndex><ClassName></ClassName><Unbounded>N</Unbounded>
	</RowData>
	<RowData><DataStructureId>62</DataStructureId><ProcessDefId>4</ProcessDefId><ExtMethodIndex>35</ExtMethodIndex><Name>PO_HEADER</Name><Type>11</Type><ParentIndex>0</ParentIndex><ClassName>BAPIEKKOL</ClassName><Unbounded>N</Unbounded>
	</RowData>
	<RowData><DataStructureId>63</DataStructureId><ProcessDefId>4</ProcessDefId><ExtMethodIndex>35</ExtMethodIndex><Name>PO_NUMBER</Name><Type>10</Type><ParentIndex>62</ParentIndex><ClassName></ClassName><Unbounded>N</Unbounded>
	</RowData>
	<RowData><DataStructureId>64</DataStructureId><ProcessDefId>4</ProcessDefId><ExtMethodIndex>35</ExtMethodIndex><Name>CO_CODE</Name><Type>10</Type><ParentIndex>62</ParentIndex><ClassName></ClassName><Unbounded>N</Unbounded>
	</RowData>
	<RowData><DataStructureId>65</DataStructureId><ProcessDefId>4</ProcessDefId><ExtMethodIndex>35</ExtMethodIndex><Name>DOC_CAT</Name><Type>10</Type><ParentIndex>62</ParentIndex><ClassName></ClassName><Unbounded>N</Unbounded>
	</RowData>
	<RowData><DataStructureId>66</DataStructureId><ProcessDefId>4</ProcessDefId><ExtMethodIndex>35</ExtMethodIndex><Name>DOC_TYPE</Name><Type>10</Type><ParentIndex>62</ParentIndex><ClassName></ClassName><Unbounded>N</Unbounded>
	</RowData>
	<RowData><DataStructureId>67</DataStructureId><ProcessDefId>4</ProcessDefId><ExtMethodIndex>35</ExtMethodIndex><Name>CNTRL_IND</Name><Type>10</Type><ParentIndex>62</ParentIndex><ClassName></ClassName><Unbounded>N</Unbounded>
	</RowData>
	<RowData><DataStructureId>68</DataStructureId><ProcessDefId>4</ProcessDefId><ExtMethodIndex>35</ExtMethodIndex><Name>DELETE_IND</Name><Type>10</Type><ParentIndex>62</ParentIndex><ClassName></ClassName><Unbounded>N</Unbounded>
	</RowData>
	<RowData><DataStructureId>69</DataStructureId><ProcessDefId>4</ProcessDefId><ExtMethodIndex>35</ExtMethodIndex><Name>STATUS</Name><Type>10</Type><ParentIndex>62</ParentIndex><ClassName></ClassName><Unbounded>N</Unbounded>
	</RowData>
	<RowData><DataStructureId>70</DataStructureId><ProcessDefId>4</ProcessDefId><ExtMethodIndex>35</ExtMethodIndex><Name>CREATED_ON</Name><Type>8</Type><ParentIndex>62</ParentIndex><ClassName></ClassName><Unbounded>N</Unbounded>
	</RowData>
	<RowData><DataStructureId>71</DataStructureId><ProcessDefId>4</ProcessDefId><ExtMethodIndex>35</ExtMethodIndex><Name>CREATED_BY</Name><Type>10</Type><ParentIndex>62</ParentIndex><ClassName></ClassName><Unbounded>N</Unbounded>
	</RowData>
	<RowData><DataStructureId>72</DataStructureId><ProcessDefId>4</ProcessDefId><ExtMethodIndex>35</ExtMethodIndex><Name>ITEM_INTVL</Name><Type>3</Type><ParentIndex>62</ParentIndex><ClassName></ClassName><Unbounded>N</Unbounded>
	</RowData>
	<RowData><DataStructureId>73</DataStructureId><ProcessDefId>4</ProcessDefId><ExtMethodIndex>35</ExtMethodIndex><Name>LAST_ITEM</Name><Type>3</Type><ParentIndex>62</ParentIndex><ClassName></ClassName><Unbounded>N</Unbounded>
	</RowData>
	<RowData><DataStructureId>74</DataStructureId><ProcessDefId>4</ProcessDefId><ExtMethodIndex>35</ExtMethodIndex><Name>VENDOR</Name><Type>10</Type><ParentIndex>62</ParentIndex><ClassName></ClassName><Unbounded>N</Unbounded>
	</RowData>
	<RowData><DataStructureId>75</DataStructureId><ProcessDefId>4</ProcessDefId><ExtMethodIndex>35</ExtMethodIndex><Name>LANGUAGE</Name><Type>10</Type><ParentIndex>62</ParentIndex><ClassName></ClassName><Unbounded>N</Unbounded>
	</RowData>
	<RowData><DataStructureId>76</DataStructureId><ProcessDefId>4</ProcessDefId><ExtMethodIndex>35</ExtMethodIndex><Name>PMNTTRMS</Name><Type>10</Type><ParentIndex>62</ParentIndex><ClassName></ClassName><Unbounded>N</Unbounded>
	</RowData>
	<RowData><DataStructureId>77</DataStructureId><ProcessDefId>4</ProcessDefId><ExtMethodIndex>35</ExtMethodIndex><Name>DSCNT1_TO</Name><Type>10</Type><ParentIndex>62</ParentIndex><ClassName></ClassName><Unbounded>N</Unbounded>
	</RowData>
	<RowData><DataStructureId>78</DataStructureId><ProcessDefId>4</ProcessDefId><ExtMethodIndex>35</ExtMethodIndex><Name>DSCNT2_TO</Name><Type>10</Type><ParentIndex>62</ParentIndex><ClassName></ClassName><Unbounded>N</Unbounded>
	</RowData>
	<RowData><DataStructureId>79</DataStructureId><ProcessDefId>4</ProcessDefId><ExtMethodIndex>35</ExtMethodIndex><Name>DSCNT3_TO</Name><Type>10</Type><ParentIndex>62</ParentIndex><ClassName></ClassName><Unbounded>N</Unbounded>
	</RowData>
	<RowData><DataStructureId>80</DataStructureId><ProcessDefId>4</ProcessDefId><ExtMethodIndex>35</ExtMethodIndex><Name>CASH_DISC1</Name><Type>10</Type><ParentIndex>62</ParentIndex><ClassName></ClassName><Unbounded>N</Unbounded>
	</RowData>
	<RowData><DataStructureId>81</DataStructureId><ProcessDefId>4</ProcessDefId><ExtMethodIndex>35</ExtMethodIndex><Name>CASH_DISC2</Name><Type>10</Type><ParentIndex>62</ParentIndex><ClassName></ClassName><Unbounded>N</Unbounded>
	</RowData>
	<RowData><DataStructureId>82</DataStructureId><ProcessDefId>4</ProcessDefId><ExtMethodIndex>35</ExtMethodIndex><Name>PURCH_ORG</Name><Type>10</Type><ParentIndex>62</ParentIndex><ClassName></ClassName><Unbounded>N</Unbounded>
	</RowData>
	<RowData><DataStructureId>83</DataStructureId><ProcessDefId>4</ProcessDefId><ExtMethodIndex>35</ExtMethodIndex><Name>PUR_GROUP</Name><Type>10</Type><ParentIndex>62</ParentIndex><ClassName></ClassName><Unbounded>N</Unbounded>
	</RowData>
	<RowData><DataStructureId>84</DataStructureId><ProcessDefId>4</ProcessDefId><ExtMethodIndex>35</ExtMethodIndex><Name>CURRENCY</Name><Type>10</Type><ParentIndex>62</ParentIndex><ClassName></ClassName><Unbounded>N</Unbounded>
	</RowData>
	<RowData><DataStructureId>85</DataStructureId><ProcessDefId>4</ProcessDefId><ExtMethodIndex>35</ExtMethodIndex><Name>EXCH_RATE</Name><Type>10</Type><ParentIndex>62</ParentIndex><ClassName></ClassName><Unbounded>N</Unbounded>
	</RowData>
	<RowData><DataStructureId>86</DataStructureId><ProcessDefId>4</ProcessDefId><ExtMethodIndex>35</ExtMethodIndex><Name>EX_RATE_FX</Name><Type>10</Type><ParentIndex>62</ParentIndex><ClassName></ClassName><Unbounded>N</Unbounded>
	</RowData>
	<RowData><DataStructureId>87</DataStructureId><ProcessDefId>4</ProcessDefId><ExtMethodIndex>35</ExtMethodIndex><Name>DOC_DATE</Name><Type>8</Type><ParentIndex>62</ParentIndex><ClassName></ClassName><Unbounded>N</Unbounded>
	</RowData>
	<RowData><DataStructureId>88</DataStructureId><ProcessDefId>4</ProcessDefId><ExtMethodIndex>35</ExtMethodIndex><Name>VPER_START</Name><Type>8</Type><ParentIndex>62</ParentIndex><ClassName></ClassName><Unbounded>N</Unbounded>
	</RowData>
	<RowData><DataStructureId>89</DataStructureId><ProcessDefId>4</ProcessDefId><ExtMethodIndex>35</ExtMethodIndex><Name>VPER_END</Name><Type>8</Type><ParentIndex>62</ParentIndex><ClassName></ClassName><Unbounded>N</Unbounded>
	</RowData>
	<RowData><DataStructureId>90</DataStructureId><ProcessDefId>4</ProcessDefId><ExtMethodIndex>35</ExtMethodIndex><Name>APPLIC_BY</Name><Type>8</Type><ParentIndex>62</ParentIndex><ClassName></ClassName><Unbounded>N</Unbounded>
	</RowData>
	<RowData><DataStructureId>91</DataStructureId><ProcessDefId>4</ProcessDefId><ExtMethodIndex>35</ExtMethodIndex><Name>QUOT_DEAD</Name><Type>8</Type><ParentIndex>62</ParentIndex><ClassName></ClassName><Unbounded>N</Unbounded>
	</RowData>
	<RowData><DataStructureId>92</DataStructureId><ProcessDefId>4</ProcessDefId><ExtMethodIndex>35</ExtMethodIndex><Name>BINDG_PER</Name><Type>8</Type><ParentIndex>62</ParentIndex><ClassName></ClassName><Unbounded>N</Unbounded>
	</RowData>
	<RowData><DataStructureId>93</DataStructureId><ProcessDefId>4</ProcessDefId><ExtMethodIndex>35</ExtMethodIndex><Name>WARRANTY</Name><Type>8</Type><ParentIndex>62</ParentIndex><ClassName></ClassName><Unbounded>N</Unbounded>
	</RowData>
	<RowData><DataStructureId>94</DataStructureId><ProcessDefId>4</ProcessDefId><ExtMethodIndex>35</ExtMethodIndex><Name>BIDINV_NO</Name><Type>10</Type><ParentIndex>62</ParentIndex><ClassName></ClassName><Unbounded>N</Unbounded>
	</RowData>
	<RowData><DataStructureId>95</DataStructureId><ProcessDefId>4</ProcessDefId><ExtMethodIndex>35</ExtMethodIndex><Name>QUOTATION</Name><Type>10</Type><ParentIndex>62</ParentIndex><ClassName></ClassName><Unbounded>N</Unbounded>
	</RowData>
	<RowData><DataStructureId>96</DataStructureId><ProcessDefId>4</ProcessDefId><ExtMethodIndex>35</ExtMethodIndex><Name>QUOT_DATE</Name><Type>8</Type><ParentIndex>62</ParentIndex><ClassName></ClassName><Unbounded>N</Unbounded>
	</RowData>
	<RowData><DataStructureId>97</DataStructureId><ProcessDefId>4</ProcessDefId><ExtMethodIndex>35</ExtMethodIndex><Name>REF_1</Name><Type>10</Type><ParentIndex>62</ParentIndex><ClassName></ClassName><Unbounded>N</Unbounded>
	</RowData>
	<RowData><DataStructureId>98</DataStructureId><ProcessDefId>4</ProcessDefId><ExtMethodIndex>35</ExtMethodIndex><Name>SALES_PERS</Name><Type>10</Type><ParentIndex>62</ParentIndex><ClassName></ClassName><Unbounded>N</Unbounded>
	</RowData>
	<RowData><DataStructureId>99</DataStructureId><ProcessDefId>4</ProcessDefId><ExtMethodIndex>35</ExtMethodIndex><Name>TELEPHONE</Name><Type>10</Type><ParentIndex>62</ParentIndex><ClassName></ClassName><Unbounded>N</Unbounded>
	</RowData>
	<RowData><DataStructureId>100</DataStructureId><ProcessDefId>4</ProcessDefId><ExtMethodIndex>35</ExtMethodIndex><Name>SUPPL_VEND</Name><Type>10</Type><ParentIndex>62</ParentIndex><ClassName></ClassName><Unbounded>N</Unbounded>
	</RowData>
	<RowData><DataStructureId>101</DataStructureId><ProcessDefId>4</ProcessDefId><ExtMethodIndex>35</ExtMethodIndex><Name>CUSTOMER</Name><Type>10</Type><ParentIndex>62</ParentIndex><ClassName></ClassName><Unbounded>N</Unbounded>
	</RowData>
	<RowData><DataStructureId>102</DataStructureId><ProcessDefId>4</ProcessDefId><ExtMethodIndex>35</ExtMethodIndex><Name>AGREEMENT</Name><Type>10</Type><ParentIndex>62</ParentIndex><ClassName></ClassName><Unbounded>N</Unbounded>
	</RowData>
	<RowData><DataStructureId>103</DataStructureId><ProcessDefId>4</ProcessDefId><ExtMethodIndex>35</ExtMethodIndex><Name>REJ_REASON</Name><Type>10</Type><ParentIndex>62</ParentIndex><ClassName></ClassName><Unbounded>N</Unbounded>
	</RowData>
	<RowData><DataStructureId>104</DataStructureId><ProcessDefId>4</ProcessDefId><ExtMethodIndex>35</ExtMethodIndex><Name>COMPL_DLV</Name><Type>10</Type><ParentIndex>62</ParentIndex><ClassName></ClassName><Unbounded>N</Unbounded>
	</RowData>
	<RowData><DataStructureId>105</DataStructureId><ProcessDefId>4</ProcessDefId><ExtMethodIndex>35</ExtMethodIndex><Name>GR_MESSAGE</Name><Type>10</Type><ParentIndex>62</ParentIndex><ClassName></ClassName><Unbounded>N</Unbounded>
	</RowData>
	<RowData><DataStructureId>106</DataStructureId><ProcessDefId>4</ProcessDefId><ExtMethodIndex>35</ExtMethodIndex><Name>SUPPL_PLNT</Name><Type>10</Type><ParentIndex>62</ParentIndex><ClassName></ClassName><Unbounded>N</Unbounded>
	</RowData>
	<RowData><DataStructureId>107</DataStructureId><ProcessDefId>4</ProcessDefId><ExtMethodIndex>35</ExtMethodIndex><Name>RCVG_VEND</Name><Type>10</Type><ParentIndex>62</ParentIndex><ClassName></ClassName><Unbounded>N</Unbounded>
	</RowData>
	<RowData><DataStructureId>108</DataStructureId><ProcessDefId>4</ProcessDefId><ExtMethodIndex>35</ExtMethodIndex><Name>INCOTERMS1</Name><Type>10</Type><ParentIndex>62</ParentIndex><ClassName></ClassName><Unbounded>N</Unbounded>
	</RowData>
	<RowData><DataStructureId>109</DataStructureId><ProcessDefId>4</ProcessDefId><ExtMethodIndex>35</ExtMethodIndex><Name>INCOTERMS2</Name><Type>10</Type><ParentIndex>62</ParentIndex><ClassName></ClassName><Unbounded>N</Unbounded>
	</RowData>
	<RowData><DataStructureId>110</DataStructureId><ProcessDefId>4</ProcessDefId><ExtMethodIndex>35</ExtMethodIndex><Name>TARGET_VAL</Name><Type>10</Type><ParentIndex>62</ParentIndex><ClassName></ClassName><Unbounded>N</Unbounded>
	</RowData>
	<RowData><DataStructureId>111</DataStructureId><ProcessDefId>4</ProcessDefId><ExtMethodIndex>35</ExtMethodIndex><Name>COLL_NO</Name><Type>10</Type><ParentIndex>62</ParentIndex><ClassName></ClassName><Unbounded>N</Unbounded>
	</RowData>
	<RowData><DataStructureId>112</DataStructureId><ProcessDefId>4</ProcessDefId><ExtMethodIndex>35</ExtMethodIndex><Name>DOC_COND</Name><Type>10</Type><ParentIndex>62</ParentIndex><ClassName></ClassName><Unbounded>N</Unbounded>
	</RowData>
	<RowData><DataStructureId>113</DataStructureId><ProcessDefId>4</ProcessDefId><ExtMethodIndex>35</ExtMethodIndex><Name>PROCEDURE</Name><Type>10</Type><ParentIndex>62</ParentIndex><ClassName></ClassName><Unbounded>N</Unbounded>
	</RowData>
	<RowData><DataStructureId>114</DataStructureId><ProcessDefId>4</ProcessDefId><ExtMethodIndex>35</ExtMethodIndex><Name>UPDATE_GRP</Name><Type>10</Type><ParentIndex>62</ParentIndex><ClassName></ClassName><Unbounded>N</Unbounded>
	</RowData>
	<RowData><DataStructureId>115</DataStructureId><ProcessDefId>4</ProcessDefId><ExtMethodIndex>35</ExtMethodIndex><Name>DIFF_INV</Name><Type>10</Type><ParentIndex>62</ParentIndex><ClassName></ClassName><Unbounded>N</Unbounded>
	</RowData>
	<RowData><DataStructureId>116</DataStructureId><ProcessDefId>4</ProcessDefId><ExtMethodIndex>35</ExtMethodIndex><Name>EXPORT_NO</Name><Type>10</Type><ParentIndex>62</ParentIndex><ClassName></ClassName><Unbounded>N</Unbounded>
	</RowData>
	<RowData><DataStructureId>117</DataStructureId><ProcessDefId>4</ProcessDefId><ExtMethodIndex>35</ExtMethodIndex><Name>OUR_REF</Name><Type>10</Type><ParentIndex>62</ParentIndex><ClassName></ClassName><Unbounded>N</Unbounded>
	</RowData>
	<RowData><DataStructureId>118</DataStructureId><ProcessDefId>4</ProcessDefId><ExtMethodIndex>35</ExtMethodIndex><Name>LOGSYSTEM</Name><Type>10</Type><ParentIndex>62</ParentIndex><ClassName></ClassName><Unbounded>N</Unbounded>
	</RowData>
	<RowData><DataStructureId>119</DataStructureId><ProcessDefId>4</ProcessDefId><ExtMethodIndex>35</ExtMethodIndex><Name>SUBITEMINT</Name><Type>3</Type><ParentIndex>62</ParentIndex><ClassName></ClassName><Unbounded>N</Unbounded>
	</RowData>
	<RowData><DataStructureId>120</DataStructureId><ProcessDefId>4</ProcessDefId><ExtMethodIndex>35</ExtMethodIndex><Name>MAST_COND</Name><Type>10</Type><ParentIndex>62</ParentIndex><ClassName></ClassName><Unbounded>N</Unbounded>
	</RowData>
	<RowData><DataStructureId>121</DataStructureId><ProcessDefId>4</ProcessDefId><ExtMethodIndex>35</ExtMethodIndex><Name>REL_GROUP</Name><Type>10</Type><ParentIndex>62</ParentIndex><ClassName></ClassName><Unbounded>N</Unbounded>
	</RowData>
	<RowData><DataStructureId>122</DataStructureId><ProcessDefId>4</ProcessDefId><ExtMethodIndex>35</ExtMethodIndex><Name>REL_STRAT</Name><Type>10</Type><ParentIndex>62</ParentIndex><ClassName></ClassName><Unbounded>N</Unbounded>
	</RowData>
	<RowData><DataStructureId>123</DataStructureId><ProcessDefId>4</ProcessDefId><ExtMethodIndex>35</ExtMethodIndex><Name>REL_IND</Name><Type>10</Type><ParentIndex>62</ParentIndex><ClassName></ClassName><Unbounded>N</Unbounded>
	</RowData>
	<RowData><DataStructureId>124</DataStructureId><ProcessDefId>4</ProcessDefId><ExtMethodIndex>35</ExtMethodIndex><Name>REL_STATUS</Name><Type>10</Type><ParentIndex>62</ParentIndex><ClassName></ClassName><Unbounded>N</Unbounded>
	</RowData>
	<RowData><DataStructureId>125</DataStructureId><ProcessDefId>4</ProcessDefId><ExtMethodIndex>35</ExtMethodIndex><Name>SUBJ_TO_R</Name><Type>10</Type><ParentIndex>62</ParentIndex><ClassName></ClassName><Unbounded>N</Unbounded>
	</RowData>
	<RowData><DataStructureId>126</DataStructureId><ProcessDefId>4</ProcessDefId><ExtMethodIndex>35</ExtMethodIndex><Name>TAXR_CNTRY</Name><Type>10</Type><ParentIndex>62</ParentIndex><ClassName></ClassName><Unbounded>N</Unbounded>
	</RowData>
	<RowData><DataStructureId>127</DataStructureId><ProcessDefId>4</ProcessDefId><ExtMethodIndex>35</ExtMethodIndex><Name>SCHED_IND</Name><Type>10</Type><ParentIndex>62</ParentIndex><ClassName></ClassName><Unbounded>N</Unbounded>
	</RowData>
	<RowData><DataStructureId>128</DataStructureId><ProcessDefId>4</ProcessDefId><ExtMethodIndex>35</ExtMethodIndex><Name>VEND_NAME</Name><Type>10</Type><ParentIndex>62</ParentIndex><ClassName></ClassName><Unbounded>N</Unbounded>
	</RowData>
	<RowData><DataStructureId>129</DataStructureId><ProcessDefId>4</ProcessDefId><ExtMethodIndex>35</ExtMethodIndex><Name>CURRENCY_ISO</Name><Type>10</Type><ParentIndex>62</ParentIndex><ClassName></ClassName><Unbounded>N</Unbounded>
	</RowData>
	<RowData><DataStructureId>130</DataStructureId><ProcessDefId>4</ProcessDefId><ExtMethodIndex>35</ExtMethodIndex><Name>EXCH_RATE_CM</Name><Type>10</Type><ParentIndex>62</ParentIndex><ClassName></ClassName><Unbounded>N</Unbounded>
	</RowData>
	<RowData><DataStructureId>131</DataStructureId><ProcessDefId>4</ProcessDefId><ExtMethodIndex>35</ExtMethodIndex><Name>HOLD</Name><Type>10</Type><ParentIndex>62</ParentIndex><ClassName></ClassName><Unbounded>N</Unbounded>
	</RowData>
	<RowData><DataStructureId>132</DataStructureId><ProcessDefId>4</ProcessDefId><ExtMethodIndex>35</ExtMethodIndex><Name>PO_ITEM_ACCOUNT_ASSIGNMENT</Name><Type>11</Type><ParentIndex>0</ParentIndex><ClassName>BAPIEKKN</ClassName><Unbounded>Y</Unbounded>
	</RowData>
	<RowData><DataStructureId>133</DataStructureId><ProcessDefId>4</ProcessDefId><ExtMethodIndex>35</ExtMethodIndex><Name>PO_ITEM</Name><Type>3</Type><ParentIndex>132</ParentIndex><ClassName></ClassName><Unbounded>N</Unbounded>
	</RowData>
	<RowData><DataStructureId>134</DataStructureId><ProcessDefId>4</ProcessDefId><ExtMethodIndex>35</ExtMethodIndex><Name>SERIAL_NO</Name><Type>3</Type><ParentIndex>132</ParentIndex><ClassName></ClassName><Unbounded>N</Unbounded>
	</RowData>
	<RowData><DataStructureId>135</DataStructureId><ProcessDefId>4</ProcessDefId><ExtMethodIndex>35</ExtMethodIndex><Name>QUANTITY</Name><Type>10</Type><ParentIndex>132</ParentIndex><ClassName></ClassName><Unbounded>N</Unbounded>
	</RowData>
	<RowData><DataStructureId>136</DataStructureId><ProcessDefId>4</ProcessDefId><ExtMethodIndex>35</ExtMethodIndex><Name>DISTR_PERC</Name><Type>10</Type><ParentIndex>132</ParentIndex><ClassName></ClassName><Unbounded>N</Unbounded>
	</RowData>
	<RowData><DataStructureId>137</DataStructureId><ProcessDefId>4</ProcessDefId><ExtMethodIndex>35</ExtMethodIndex><Name>G_L_ACCT</Name><Type>10</Type><ParentIndex>132</ParentIndex><ClassName></ClassName><Unbounded>N</Unbounded>
	</RowData>
	<RowData><DataStructureId>138</DataStructureId><ProcessDefId>4</ProcessDefId><ExtMethodIndex>35</ExtMethodIndex><Name>BUS_AREA</Name><Type>10</Type><ParentIndex>132</ParentIndex><ClassName></ClassName><Unbounded>N</Unbounded>
	</RowData>
	<RowData><DataStructureId>139</DataStructureId><ProcessDefId>4</ProcessDefId><ExtMethodIndex>35</ExtMethodIndex><Name>COST_CTR</Name><Type>10</Type><ParentIndex>132</ParentIndex><ClassName></ClassName><Unbounded>N</Unbounded>
	</RowData>
	<RowData><DataStructureId>140</DataStructureId><ProcessDefId>4</ProcessDefId><ExtMethodIndex>35</ExtMethodIndex><Name>PROJ_EXT</Name><Type>10</Type><ParentIndex>132</ParentIndex><ClassName></ClassName><Unbounded>N</Unbounded>
	</RowData>
	<RowData><DataStructureId>141</DataStructureId><ProcessDefId>4</ProcessDefId><ExtMethodIndex>35</ExtMethodIndex><Name>SD_DOC</Name><Type>10</Type><ParentIndex>132</ParentIndex><ClassName></ClassName><Unbounded>N</Unbounded>
	</RowData>
	<RowData><DataStructureId>142</DataStructureId><ProcessDefId>4</ProcessDefId><ExtMethodIndex>35</ExtMethodIndex><Name>SDOC_ITEM</Name><Type>3</Type><ParentIndex>132</ParentIndex><ClassName></ClassName><Unbounded>N</Unbounded>
	</RowData>
	<RowData><DataStructureId>143</DataStructureId><ProcessDefId>4</ProcessDefId><ExtMethodIndex>35</ExtMethodIndex><Name>SCHED_LINE</Name><Type>3</Type><ParentIndex>132</ParentIndex><ClassName></ClassName><Unbounded>N</Unbounded>
	</RowData>
	<RowData><DataStructureId>144</DataStructureId><ProcessDefId>4</ProcessDefId><ExtMethodIndex>35</ExtMethodIndex><Name>ASSET_NO</Name><Type>10</Type><ParentIndex>132</ParentIndex><ClassName></ClassName><Unbounded>N</Unbounded>
	</RowData>
	<RowData><DataStructureId>145</DataStructureId><ProcessDefId>4</ProcessDefId><ExtMethodIndex>35</ExtMethodIndex><Name>SUB_NUMBER</Name><Type>10</Type><ParentIndex>132</ParentIndex><ClassName></ClassName><Unbounded>N</Unbounded>
	</RowData>
	<RowData><DataStructureId>146</DataStructureId><ProcessDefId>4</ProcessDefId><ExtMethodIndex>35</ExtMethodIndex><Name>ORDER_NO</Name><Type>10</Type><ParentIndex>132</ParentIndex><ClassName></ClassName><Unbounded>N</Unbounded>
	</RowData>
	<RowData><DataStructureId>147</DataStructureId><ProcessDefId>4</ProcessDefId><ExtMethodIndex>35</ExtMethodIndex><Name>GR_RCPT</Name><Type>10</Type><ParentIndex>132</ParentIndex><ClassName></ClassName><Unbounded>N</Unbounded>
	</RowData>
	<RowData><DataStructureId>148</DataStructureId><ProcessDefId>4</ProcessDefId><ExtMethodIndex>35</ExtMethodIndex><Name>UNLOAD_PT</Name><Type>10</Type><ParentIndex>132</ParentIndex><ClassName></ClassName><Unbounded>N</Unbounded>
	</RowData>
	<RowData><DataStructureId>149</DataStructureId><ProcessDefId>4</ProcessDefId><ExtMethodIndex>35</ExtMethodIndex><Name>CO_AREA</Name><Type>10</Type><ParentIndex>132</ParentIndex><ClassName></ClassName><Unbounded>N</Unbounded>
	</RowData>
	<RowData><DataStructureId>150</DataStructureId><ProcessDefId>4</ProcessDefId><ExtMethodIndex>35</ExtMethodIndex><Name>TO_COSTCTR</Name><Type>10</Type><ParentIndex>132</ParentIndex><ClassName></ClassName><Unbounded>N</Unbounded>
	</RowData>
</PMWDataStructureTable>