<PMWDataStructureTable_2>
	<RowData><DataStructureId>301</DataStructureId><ProcessDefId>4</ProcessDefId><ExtMethodIndex>35</ExtMethodIndex><Name>ADDRESS2</Name><Type>10</Type><ParentIndex>180</ParentIndex><ClassName></ClassName><Unbounded>N</Unbounded>
	</RowData>
	<RowData><DataStructureId>302</DataStructureId><ProcessDefId>4</ProcessDefId><ExtMethodIndex>35</ExtMethodIndex><Name>INT_OBJ_NO</Name><Type>3</Type><ParentIndex>180</ParentIndex><ClassName></ClassName><Unbounded>N</Unbounded>
	</RowData>
	<RowData><DataStructureId>303</DataStructureId><ProcessDefId>4</ProcessDefId><ExtMethodIndex>35</ExtMethodIndex><Name>ERS</Name><Type>10</Type><ParentIndex>180</ParentIndex><ClassName></ClassName><Unbounded>N</Unbounded>
	</RowData>
	<RowData><DataStructureId>304</DataStructureId><ProcessDefId>4</ProcessDefId><ExtMethodIndex>35</ExtMethodIndex><Name>GRSETTFROM</Name><Type>8</Type><ParentIndex>180</ParentIndex><ClassName></ClassName><Unbounded>N</Unbounded>
	</RowData>
	<RowData><DataStructureId>305</DataStructureId><ProcessDefId>4</ProcessDefId><ExtMethodIndex>35</ExtMethodIndex><Name>LAST_TRANS</Name><Type>8</Type><ParentIndex>180</ParentIndex><ClassName></ClassName><Unbounded>N</Unbounded>
	</RowData>
	<RowData><DataStructureId>306</DataStructureId><ProcessDefId>4</ProcessDefId><ExtMethodIndex>35</ExtMethodIndex><Name>TRANS_TIME</Name><Type>10</Type><ParentIndex>180</ParentIndex><ClassName></ClassName><Unbounded>N</Unbounded>
	</RowData>
	<RowData><DataStructureId>307</DataStructureId><ProcessDefId>4</ProcessDefId><ExtMethodIndex>35</ExtMethodIndex><Name>SER_NO</Name><Type>3</Type><ParentIndex>180</ParentIndex><ClassName></ClassName><Unbounded>N</Unbounded>
	</RowData>
	<RowData><DataStructureId>308</DataStructureId><ProcessDefId>4</ProcessDefId><ExtMethodIndex>35</ExtMethodIndex><Name>PROMOTION</Name><Type>10</Type><ParentIndex>180</ParentIndex><ClassName></ClassName><Unbounded>N</Unbounded>
	</RowData>
	<RowData><DataStructureId>309</DataStructureId><ProcessDefId>4</ProcessDefId><ExtMethodIndex>35</ExtMethodIndex><Name>ALLOC_TBL</Name><Type>10</Type><ParentIndex>180</ParentIndex><ClassName></ClassName><Unbounded>N</Unbounded>
	</RowData>
	<RowData><DataStructureId>310</DataStructureId><ProcessDefId>4</ProcessDefId><ExtMethodIndex>35</ExtMethodIndex><Name>AT_ITEM</Name><Type>3</Type><ParentIndex>180</ParentIndex><ClassName></ClassName><Unbounded>N</Unbounded>
	</RowData>
	<RowData><DataStructureId>311</DataStructureId><ProcessDefId>4</ProcessDefId><ExtMethodIndex>35</ExtMethodIndex><Name>POINTS</Name><Type>10</Type><ParentIndex>180</ParentIndex><ClassName></ClassName><Unbounded>N</Unbounded>
	</RowData>
	<RowData><DataStructureId>312</DataStructureId><ProcessDefId>4</ProcessDefId><ExtMethodIndex>35</ExtMethodIndex><Name>POINTS_UN</Name><Type>10</Type><ParentIndex>180</ParentIndex><ClassName></ClassName><Unbounded>N</Unbounded>
	</RowData>
	<RowData><DataStructureId>313</DataStructureId><ProcessDefId>4</ProcessDefId><ExtMethodIndex>35</ExtMethodIndex><Name>SEASON_TY</Name><Type>10</Type><ParentIndex>180</ParentIndex><ClassName></ClassName><Unbounded>N</Unbounded>
	</RowData>
	<RowData><DataStructureId>314</DataStructureId><ProcessDefId>4</ProcessDefId><ExtMethodIndex>35</ExtMethodIndex><Name>SEASON_YR</Name><Type>10</Type><ParentIndex>180</ParentIndex><ClassName></ClassName><Unbounded>N</Unbounded>
	</RowData>
	<RowData><DataStructureId>315</DataStructureId><ProcessDefId>4</ProcessDefId><ExtMethodIndex>35</ExtMethodIndex><Name>SETT_GRP_2</Name><Type>10</Type><ParentIndex>180</ParentIndex><ClassName></ClassName><Unbounded>N</Unbounded>
	</RowData>
	<RowData><DataStructureId>316</DataStructureId><ProcessDefId>4</ProcessDefId><ExtMethodIndex>35</ExtMethodIndex><Name>SETT_GRP_3</Name><Type>10</Type><ParentIndex>180</ParentIndex><ClassName></ClassName><Unbounded>N</Unbounded>
	</RowData>
	<RowData><DataStructureId>317</DataStructureId><ProcessDefId>4</ProcessDefId><ExtMethodIndex>35</ExtMethodIndex><Name>SETT_ITEM</Name><Type>10</Type><ParentIndex>180</ParentIndex><ClassName></ClassName><Unbounded>N</Unbounded>
	</RowData>
	<RowData><DataStructureId>318</DataStructureId><ProcessDefId>4</ProcessDefId><ExtMethodIndex>35</ExtMethodIndex><Name>ML_AKT</Name><Type>10</Type><ParentIndex>180</ParentIndex><ClassName></ClassName><Unbounded>N</Unbounded>
	</RowData>
	<RowData><DataStructureId>319</DataStructureId><ProcessDefId>4</ProcessDefId><ExtMethodIndex>35</ExtMethodIndex><Name>REMSHLIFE</Name><Type>10</Type><ParentIndex>180</ParentIndex><ClassName></ClassName><Unbounded>N</Unbounded>
	</RowData>
	<RowData><DataStructureId>320</DataStructureId><ProcessDefId>4</ProcessDefId><ExtMethodIndex>35</ExtMethodIndex><Name>RFQ</Name><Type>10</Type><ParentIndex>180</ParentIndex><ClassName></ClassName><Unbounded>N</Unbounded>
	</RowData>
	<RowData><DataStructureId>321</DataStructureId><ProcessDefId>4</ProcessDefId><ExtMethodIndex>35</ExtMethodIndex><Name>RFQ_ITEM</Name><Type>3</Type><ParentIndex>180</ParentIndex><ClassName></ClassName><Unbounded>N</Unbounded>
	</RowData>
	<RowData><DataStructureId>322</DataStructureId><ProcessDefId>4</ProcessDefId><ExtMethodIndex>35</ExtMethodIndex><Name>CONFIG_ORG</Name><Type>10</Type><ParentIndex>180</ParentIndex><ClassName></ClassName><Unbounded>N</Unbounded>
	</RowData>
	<RowData><DataStructureId>323</DataStructureId><ProcessDefId>4</ProcessDefId><ExtMethodIndex>35</ExtMethodIndex><Name>QUOTAUSAGE</Name><Type>10</Type><ParentIndex>180</ParentIndex><ClassName></ClassName><Unbounded>N</Unbounded>
	</RowData>
	<RowData><DataStructureId>324</DataStructureId><ProcessDefId>4</ProcessDefId><ExtMethodIndex>35</ExtMethodIndex><Name>SPSTCK_PHY</Name><Type>10</Type><ParentIndex>180</ParentIndex><ClassName></ClassName><Unbounded>N</Unbounded>
	</RowData>
	<RowData><DataStructureId>325</DataStructureId><ProcessDefId>4</ProcessDefId><ExtMethodIndex>35</ExtMethodIndex><Name>PREQ_NO</Name><Type>10</Type><ParentIndex>180</ParentIndex><ClassName></ClassName><Unbounded>N</Unbounded>
	</RowData>
	<RowData><DataStructureId>326</DataStructureId><ProcessDefId>4</ProcessDefId><ExtMethodIndex>35</ExtMethodIndex><Name>PREQ_ITEM</Name><Type>3</Type><ParentIndex>180</ParentIndex><ClassName></ClassName><Unbounded>N</Unbounded>
	</RowData>
	<RowData><DataStructureId>327</DataStructureId><ProcessDefId>4</ProcessDefId><ExtMethodIndex>35</ExtMethodIndex><Name>MAT_TYPE</Name><Type>10</Type><ParentIndex>180</ParentIndex><ClassName></ClassName><Unbounded>N</Unbounded>
	</RowData>
	<RowData><DataStructureId>328</DataStructureId><ProcessDefId>4</ProcessDefId><ExtMethodIndex>35</ExtMethodIndex><Name>SI_CAT</Name><Type>10</Type><ParentIndex>180</ParentIndex><ClassName></ClassName><Unbounded>N</Unbounded>
	</RowData>
	<RowData><DataStructureId>329</DataStructureId><ProcessDefId>4</ProcessDefId><ExtMethodIndex>35</ExtMethodIndex><Name>SUB_ITEMS</Name><Type>10</Type><ParentIndex>180</ParentIndex><ClassName></ClassName><Unbounded>N</Unbounded>
	</RowData>
	<RowData><DataStructureId>330</DataStructureId><ProcessDefId>4</ProcessDefId><ExtMethodIndex>35</ExtMethodIndex><Name>SUBTOTAL_1</Name><Type>10</Type><ParentIndex>180</ParentIndex><ClassName></ClassName><Unbounded>N</Unbounded>
	</RowData>
	<RowData><DataStructureId>331</DataStructureId><ProcessDefId>4</ProcessDefId><ExtMethodIndex>35</ExtMethodIndex><Name>SUBTOTAL_2</Name><Type>10</Type><ParentIndex>180</ParentIndex><ClassName></ClassName><Unbounded>N</Unbounded>
	</RowData>
	<RowData><DataStructureId>332</DataStructureId><ProcessDefId>4</ProcessDefId><ExtMethodIndex>35</ExtMethodIndex><Name>SUBTOTAL_3</Name><Type>10</Type><ParentIndex>180</ParentIndex><ClassName></ClassName><Unbounded>N</Unbounded>
	</RowData>
	<RowData><DataStructureId>333</DataStructureId><ProcessDefId>4</ProcessDefId><ExtMethodIndex>35</ExtMethodIndex><Name>SUBTOTAL_4</Name><Type>10</Type><ParentIndex>180</ParentIndex><ClassName></ClassName><Unbounded>N</Unbounded>
	</RowData>
	<RowData><DataStructureId>334</DataStructureId><ProcessDefId>4</ProcessDefId><ExtMethodIndex>35</ExtMethodIndex><Name>SUBTOTAL_5</Name><Type>10</Type><ParentIndex>180</ParentIndex><ClassName></ClassName><Unbounded>N</Unbounded>
	</RowData>
	<RowData><DataStructureId>335</DataStructureId><ProcessDefId>4</ProcessDefId><ExtMethodIndex>35</ExtMethodIndex><Name>SUBTOTAL_6</Name><Type>10</Type><ParentIndex>180</ParentIndex><ClassName></ClassName><Unbounded>N</Unbounded>
	</RowData>
	<RowData><DataStructureId>336</DataStructureId><ProcessDefId>4</ProcessDefId><ExtMethodIndex>35</ExtMethodIndex><Name>SUBITM_KEY</Name><Type>10</Type><ParentIndex>180</ParentIndex><ClassName></ClassName><Unbounded>N</Unbounded>
	</RowData>
	<RowData><DataStructureId>337</DataStructureId><ProcessDefId>4</ProcessDefId><ExtMethodIndex>35</ExtMethodIndex><Name>MAX_CMG</Name><Type>10</Type><ParentIndex>180</ParentIndex><ClassName></ClassName><Unbounded>N</Unbounded>
	</RowData>
	<RowData><DataStructureId>338</DataStructureId><ProcessDefId>4</ProcessDefId><ExtMethodIndex>35</ExtMethodIndex><Name>MAX_CPGO</Name><Type>10</Type><ParentIndex>180</ParentIndex><ClassName></ClassName><Unbounded>N</Unbounded>
	</RowData>
	<RowData><DataStructureId>339</DataStructureId><ProcessDefId>4</ProcessDefId><ExtMethodIndex>35</ExtMethodIndex><Name>RET_ITEM</Name><Type>10</Type><ParentIndex>180</ParentIndex><ClassName></ClassName><Unbounded>N</Unbounded>
	</RowData>
	<RowData><DataStructureId>340</DataStructureId><ProcessDefId>4</ProcessDefId><ExtMethodIndex>35</ExtMethodIndex><Name>AT_RELEV</Name><Type>10</Type><ParentIndex>180</ParentIndex><ClassName></ClassName><Unbounded>N</Unbounded>
	</RowData>
	<RowData><DataStructureId>341</DataStructureId><ProcessDefId>4</ProcessDefId><ExtMethodIndex>35</ExtMethodIndex><Name>ORD_REAS</Name><Type>10</Type><ParentIndex>180</ParentIndex><ClassName></ClassName><Unbounded>N</Unbounded>
	</RowData>
	<RowData><DataStructureId>342</DataStructureId><ProcessDefId>4</ProcessDefId><ExtMethodIndex>35</ExtMethodIndex><Name>DEL_TYP_RT</Name><Type>10</Type><ParentIndex>180</ParentIndex><ClassName></ClassName><Unbounded>N</Unbounded>
	</RowData>
	<RowData><DataStructureId>343</DataStructureId><ProcessDefId>4</ProcessDefId><ExtMethodIndex>35</ExtMethodIndex><Name>PRDTE_CTRL</Name><Type>10</Type><ParentIndex>180</ParentIndex><ClassName></ClassName><Unbounded>N</Unbounded>
	</RowData>
	<RowData><DataStructureId>344</DataStructureId><ProcessDefId>4</ProcessDefId><ExtMethodIndex>35</ExtMethodIndex><Name>MANUF_PROF</Name><Type>10</Type><ParentIndex>180</ParentIndex><ClassName></ClassName><Unbounded>N</Unbounded>
	</RowData>
	<RowData><DataStructureId>345</DataStructureId><ProcessDefId>4</ProcessDefId><ExtMethodIndex>35</ExtMethodIndex><Name>MANU_MAT</Name><Type>10</Type><ParentIndex>180</ParentIndex><ClassName></ClassName><Unbounded>N</Unbounded>
	</RowData>
	<RowData><DataStructureId>346</DataStructureId><ProcessDefId>4</ProcessDefId><ExtMethodIndex>35</ExtMethodIndex><Name>MFR_NO</Name><Type>10</Type><ParentIndex>180</ParentIndex><ClassName></ClassName><Unbounded>N</Unbounded>
	</RowData>
	<RowData><DataStructureId>347</DataStructureId><ProcessDefId>4</ProcessDefId><ExtMethodIndex>35</ExtMethodIndex><Name>MFR_NO_EXT</Name><Type>10</Type><ParentIndex>180</ParentIndex><ClassName></ClassName><Unbounded>N</Unbounded>
	</RowData>
	<RowData><DataStructureId>348</DataStructureId><ProcessDefId>4</ProcessDefId><ExtMethodIndex>35</ExtMethodIndex><Name>ITEM_CAT_EXT</Name><Type>10</Type><ParentIndex>180</ParentIndex><ClassName></ClassName><Unbounded>N</Unbounded>
	</RowData>
	<RowData><DataStructureId>349</DataStructureId><ProcessDefId>4</ProcessDefId><ExtMethodIndex>35</ExtMethodIndex><Name>PO_UNIT_ISO</Name><Type>10</Type><ParentIndex>180</ParentIndex><ClassName></ClassName><Unbounded>N</Unbounded>
	</RowData>
	<RowData><DataStructureId>350</DataStructureId><ProcessDefId>4</ProcessDefId><ExtMethodIndex>35</ExtMethodIndex><Name>ORDERPR_UN_ISO</Name><Type>10</Type><ParentIndex>180</ParentIndex><ClassName></ClassName><Unbounded>N</Unbounded>
	</RowData>
	<RowData><DataStructureId>351</DataStructureId><ProcessDefId>4</ProcessDefId><ExtMethodIndex>35</ExtMethodIndex><Name>BASE_UOM_ISO</Name><Type>10</Type><ParentIndex>180</ParentIndex><ClassName></ClassName><Unbounded>N</Unbounded>
	</RowData>
	<RowData><DataStructureId>352</DataStructureId><ProcessDefId>4</ProcessDefId><ExtMethodIndex>35</ExtMethodIndex><Name>WEIGHTUNIT_ISO</Name><Type>10</Type><ParentIndex>180</ParentIndex><ClassName></ClassName><Unbounded>N</Unbounded>
	</RowData>
	<RowData><DataStructureId>353</DataStructureId><ProcessDefId>4</ProcessDefId><ExtMethodIndex>35</ExtMethodIndex><Name>VOLUMEUNIT_ISO</Name><Type>10</Type><ParentIndex>180</ParentIndex><ClassName></ClassName><Unbounded>N</Unbounded>
	</RowData>
	<RowData><DataStructureId>354</DataStructureId><ProcessDefId>4</ProcessDefId><ExtMethodIndex>35</ExtMethodIndex><Name>POINTS_UN_ISO</Name><Type>10</Type><ParentIndex>180</ParentIndex><ClassName></ClassName><Unbounded>N</Unbounded>
	</RowData>
	<RowData><DataStructureId>355</DataStructureId><ProcessDefId>4</ProcessDefId><ExtMethodIndex>35</ExtMethodIndex><Name>CONF_MATL_EXTERNAL</Name><Type>10</Type><ParentIndex>180</ParentIndex><ClassName></ClassName><Unbounded>N</Unbounded>
	</RowData>
	<RowData><DataStructureId>356</DataStructureId><ProcessDefId>4</ProcessDefId><ExtMethodIndex>35</ExtMethodIndex><Name>CONF_MATL_GUID</Name><Type>10</Type><ParentIndex>180</ParentIndex><ClassName></ClassName><Unbounded>N</Unbounded>
	</RowData>
	<RowData><DataStructureId>357</DataStructureId><ProcessDefId>4</ProcessDefId><ExtMethodIndex>35</ExtMethodIndex><Name>CONF_MATL_VERSION</Name><Type>10</Type><ParentIndex>180</ParentIndex><ClassName></ClassName><Unbounded>N</Unbounded>
	</RowData>
	<RowData><DataStructureId>358</DataStructureId><ProcessDefId>4</ProcessDefId><ExtMethodIndex>35</ExtMethodIndex><Name>MATERIAL_EXTERNAL</Name><Type>10</Type><ParentIndex>180</ParentIndex><ClassName></ClassName><Unbounded>N</Unbounded>
	</RowData>
	<RowData><DataStructureId>359</DataStructureId><ProcessDefId>4</ProcessDefId><ExtMethodIndex>35</ExtMethodIndex><Name>MATERIAL_GUID</Name><Type>10</Type><ParentIndex>180</ParentIndex><ClassName></ClassName><Unbounded>N</Unbounded>
	</RowData>
	<RowData><DataStructureId>360</DataStructureId><ProcessDefId>4</ProcessDefId><ExtMethodIndex>35</ExtMethodIndex><Name>MATERIAL_VERSION</Name><Type>10</Type><ParentIndex>180</ParentIndex><ClassName></ClassName><Unbounded>N</Unbounded>
	</RowData>
	<RowData><DataStructureId>361</DataStructureId><ProcessDefId>4</ProcessDefId><ExtMethodIndex>35</ExtMethodIndex><Name>PUR_MAT_EXTERNAL</Name><Type>10</Type><ParentIndex>180</ParentIndex><ClassName></ClassName><Unbounded>N</Unbounded>
	</RowData>
	<RowData><DataStructureId>362</DataStructureId><ProcessDefId>4</ProcessDefId><ExtMethodIndex>35</ExtMethodIndex><Name>PUR_MAT_GUID</Name><Type>10</Type><ParentIndex>180</ParentIndex><ClassName></ClassName><Unbounded>N</Unbounded>
	</RowData>
	<RowData><DataStructureId>363</DataStructureId><ProcessDefId>4</ProcessDefId><ExtMethodIndex>35</ExtMethodIndex><Name>PUR_MAT_VERSION</Name><Type>10</Type><ParentIndex>180</ParentIndex><ClassName></ClassName><Unbounded>N</Unbounded>
	</RowData>
	<RowData><DataStructureId>364</DataStructureId><ProcessDefId>4</ProcessDefId><ExtMethodIndex>35</ExtMethodIndex><Name>GRANT_NBR</Name><Type>10</Type><ParentIndex>180</ParentIndex><ClassName></ClassName><Unbounded>N</Unbounded>
	</RowData>
	<RowData><DataStructureId>365</DataStructureId><ProcessDefId>4</ProcessDefId><ExtMethodIndex>35</ExtMethodIndex><Name>CMMT_ITEM_LONG</Name><Type>10</Type><ParentIndex>180</ParentIndex><ClassName></ClassName><Unbounded>N</Unbounded>
	</RowData>
	<RowData><DataStructureId>366</DataStructureId><ProcessDefId>4</ProcessDefId><ExtMethodIndex>35</ExtMethodIndex><Name>FUNC_AREA_LONG</Name><Type>10</Type><ParentIndex>180</ParentIndex><ClassName></ClassName><Unbounded>N</Unbounded>
	</RowData>
	<RowData><DataStructureId>367</DataStructureId><ProcessDefId>4</ProcessDefId><ExtMethodIndex>35</ExtMethodIndex><Name>BUDGET_PERIOD</Name><Type>10</Type><ParentIndex>180</ParentIndex><ClassName></ClassName><Unbounded>N</Unbounded>
	</RowData>
	<RowData><DataStructureId>368</DataStructureId><ProcessDefId>4</ProcessDefId><ExtMethodIndex>35</ExtMethodIndex><Name>PO_ITEM_SERVICES</Name><Type>11</Type><ParentIndex>0</ParentIndex><ClassName>BAPIESLL</ClassName><Unbounded>Y</Unbounded>
	</RowData>
	<RowData><DataStructureId>369</DataStructureId><ProcessDefId>4</ProcessDefId><ExtMethodIndex>35</ExtMethodIndex><Name>PCKG_NO</Name><Type>3</Type><ParentIndex>368</ParentIndex><ClassName></ClassName><Unbounded>N</Unbounded>
	</RowData>
	<RowData><DataStructureId>370</DataStructureId><ProcessDefId>4</ProcessDefId><ExtMethodIndex>35</ExtMethodIndex><Name>LINE_NO</Name><Type>3</Type><ParentIndex>368</ParentIndex><ClassName></ClassName><Unbounded>N</Unbounded>
	</RowData>
	<RowData><DataStructureId>371</DataStructureId><ProcessDefId>4</ProcessDefId><ExtMethodIndex>35</ExtMethodIndex><Name>EXT_LINE</Name><Type>3</Type><ParentIndex>368</ParentIndex><ClassName></ClassName><Unbounded>N</Unbounded>
	</RowData>
	<RowData><DataStructureId>372</DataStructureId><ProcessDefId>4</ProcessDefId><ExtMethodIndex>35</ExtMethodIndex><Name>OUTL_LEVEL</Name><Type>10</Type><ParentIndex>368</ParentIndex><ClassName></ClassName><Unbounded>N</Unbounded>
	</RowData>
	<RowData><DataStructureId>373</DataStructureId><ProcessDefId>4</ProcessDefId><ExtMethodIndex>35</ExtMethodIndex><Name>OUTL_NO</Name><Type>10</Type><ParentIndex>368</ParentIndex><ClassName></ClassName><Unbounded>N</Unbounded>
	</RowData>
	<RowData><DataStructureId>374</DataStructureId><ProcessDefId>4</ProcessDefId><ExtMethodIndex>35</ExtMethodIndex><Name>OUTL_IND</Name><Type>10</Type><ParentIndex>368</ParentIndex><ClassName></ClassName><Unbounded>N</Unbounded>
	</RowData>
	<RowData><DataStructureId>375</DataStructureId><ProcessDefId>4</ProcessDefId><ExtMethodIndex>35</ExtMethodIndex><Name>SUBPCKG_NO</Name><Type>3</Type><ParentIndex>368</ParentIndex><ClassName></ClassName><Unbounded>N</Unbounded>
	</RowData>
	<RowData><DataStructureId>376</DataStructureId><ProcessDefId>4</ProcessDefId><ExtMethodIndex>35</ExtMethodIndex><Name>DELETE_IND</Name><Type>10</Type><ParentIndex>368</ParentIndex><ClassName></ClassName><Unbounded>N</Unbounded>
	</RowData>
	<RowData><DataStructureId>377</DataStructureId><ProcessDefId>4</ProcessDefId><ExtMethodIndex>35</ExtMethodIndex><Name>SERVICE</Name><Type>10</Type><ParentIndex>368</ParentIndex><ClassName></ClassName><Unbounded>N</Unbounded>
	</RowData>
	<RowData><DataStructureId>378</DataStructureId><ProcessDefId>4</ProcessDefId><ExtMethodIndex>35</ExtMethodIndex><Name>SERV_TYPE</Name><Type>10</Type><ParentIndex>368</ParentIndex><ClassName></ClassName><Unbounded>N</Unbounded>
	</RowData>
	<RowData><DataStructureId>379</DataStructureId><ProcessDefId>4</ProcessDefId><ExtMethodIndex>35</ExtMethodIndex><Name>EDITION</Name><Type>3</Type><ParentIndex>368</ParentIndex><ClassName></ClassName><Unbounded>N</Unbounded>
	</RowData>
	<RowData><DataStructureId>380</DataStructureId><ProcessDefId>4</ProcessDefId><ExtMethodIndex>35</ExtMethodIndex><Name>SSC_ITEM</Name><Type>10</Type><ParentIndex>368</ParentIndex><ClassName></ClassName><Unbounded>N</Unbounded>
	</RowData>
	<RowData><DataStructureId>381</DataStructureId><ProcessDefId>4</ProcessDefId><ExtMethodIndex>35</ExtMethodIndex><Name>EXT_SERV</Name><Type>10</Type><ParentIndex>368</ParentIndex><ClassName></ClassName><Unbounded>N</Unbounded>
	</RowData>
	<RowData><DataStructureId>382</DataStructureId><ProcessDefId>4</ProcessDefId><ExtMethodIndex>35</ExtMethodIndex><Name>QUANTITY</Name><Type>10</Type><ParentIndex>368</ParentIndex><ClassName></ClassName><Unbounded>N</Unbounded>
	</RowData>
	<RowData><DataStructureId>383</DataStructureId><ProcessDefId>4</ProcessDefId><ExtMethodIndex>35</ExtMethodIndex><Name>BASE_UOM</Name><Type>10</Type><ParentIndex>368</ParentIndex><ClassName></ClassName><Unbounded>N</Unbounded>
	</RowData>
	<RowData><DataStructureId>384</DataStructureId><ProcessDefId>4</ProcessDefId><ExtMethodIndex>35</ExtMethodIndex><Name>UOM_ISO</Name><Type>10</Type><ParentIndex>368</ParentIndex><ClassName></ClassName><Unbounded>N</Unbounded>
	</RowData>
	<RowData><DataStructureId>385</DataStructureId><ProcessDefId>4</ProcessDefId><ExtMethodIndex>35</ExtMethodIndex><Name>OVF_TOL</Name><Type>10</Type><ParentIndex>368</ParentIndex><ClassName></ClassName><Unbounded>N</Unbounded>
	</RowData>
	<RowData><DataStructureId>386</DataStructureId><ProcessDefId>4</ProcessDefId><ExtMethodIndex>35</ExtMethodIndex><Name>OVF_UNLIM</Name><Type>10</Type><ParentIndex>368</ParentIndex><ClassName></ClassName><Unbounded>N</Unbounded>
	</RowData>
	<RowData><DataStructureId>387</DataStructureId><ProcessDefId>4</ProcessDefId><ExtMethodIndex>35</ExtMethodIndex><Name>PRICE_UNIT</Name><Type>10</Type><ParentIndex>368</ParentIndex><ClassName></ClassName><Unbounded>N</Unbounded>
	</RowData>
	<RowData><DataStructureId>388</DataStructureId><ProcessDefId>4</ProcessDefId><ExtMethodIndex>35</ExtMethodIndex><Name>GROSS_VAL</Name><Type>10</Type><ParentIndex>368</ParentIndex><ClassName></ClassName><Unbounded>N</Unbounded>
	</RowData>
	<RowData><DataStructureId>389</DataStructureId><ProcessDefId>4</ProcessDefId><ExtMethodIndex>35</ExtMethodIndex><Name>NET_VALUE</Name><Type>10</Type><ParentIndex>368</ParentIndex><ClassName></ClassName><Unbounded>N</Unbounded>
	</RowData>
	<RowData><DataStructureId>390</DataStructureId><ProcessDefId>4</ProcessDefId><ExtMethodIndex>35</ExtMethodIndex><Name>FROM_LINE</Name><Type>10</Type><ParentIndex>368</ParentIndex><ClassName></ClassName><Unbounded>N</Unbounded>
	</RowData>
	<RowData><DataStructureId>391</DataStructureId><ProcessDefId>4</ProcessDefId><ExtMethodIndex>35</ExtMethodIndex><Name>TO_LINE</Name><Type>10</Type><ParentIndex>368</ParentIndex><ClassName></ClassName><Unbounded>N</Unbounded>
	</RowData>
	<RowData><DataStructureId>392</DataStructureId><ProcessDefId>4</ProcessDefId><ExtMethodIndex>35</ExtMethodIndex><Name>SHORT_TEXT</Name><Type>10</Type><ParentIndex>368</ParentIndex><ClassName></ClassName><Unbounded>N</Unbounded>
	</RowData>
	<RowData><DataStructureId>393</DataStructureId><ProcessDefId>4</ProcessDefId><ExtMethodIndex>35</ExtMethodIndex><Name>DISTRIB</Name><Type>10</Type><ParentIndex>368</ParentIndex><ClassName></ClassName><Unbounded>N</Unbounded>
	</RowData>
	<RowData><DataStructureId>394</DataStructureId><ProcessDefId>4</ProcessDefId><ExtMethodIndex>35</ExtMethodIndex><Name>PERS_NO</Name><Type>3</Type><ParentIndex>368</ParentIndex><ClassName></ClassName><Unbounded>N</Unbounded>
	</RowData>
	<RowData><DataStructureId>395</DataStructureId><ProcessDefId>4</ProcessDefId><ExtMethodIndex>35</ExtMethodIndex><Name>WAGETYPE</Name><Type>10</Type><ParentIndex>368</ParentIndex><ClassName></ClassName><Unbounded>N</Unbounded>
	</RowData>
	<RowData><DataStructureId>396</DataStructureId><ProcessDefId>4</ProcessDefId><ExtMethodIndex>35</ExtMethodIndex><Name>PLN_PCKG</Name><Type>3</Type><ParentIndex>368</ParentIndex><ClassName></ClassName><Unbounded>N</Unbounded>
	</RowData>
	<RowData><DataStructureId>397</DataStructureId><ProcessDefId>4</ProcessDefId><ExtMethodIndex>35</ExtMethodIndex><Name>PLN_LINE</Name><Type>3</Type><ParentIndex>368</ParentIndex><ClassName></ClassName><Unbounded>N</Unbounded>
	</RowData>
	<RowData><DataStructureId>398</DataStructureId><ProcessDefId>4</ProcessDefId><ExtMethodIndex>35</ExtMethodIndex><Name>CON_PCKG</Name><Type>3</Type><ParentIndex>368</ParentIndex><ClassName></ClassName><Unbounded>N</Unbounded>
	</RowData>
	<RowData><DataStructureId>399</DataStructureId><ProcessDefId>4</ProcessDefId><ExtMethodIndex>35</ExtMethodIndex><Name>CON_LINE</Name><Type>3</Type><ParentIndex>368</ParentIndex><ClassName></ClassName><Unbounded>N</Unbounded>
	</RowData>
	<RowData><DataStructureId>400</DataStructureId><ProcessDefId>4</ProcessDefId><ExtMethodIndex>35</ExtMethodIndex><Name>TMP_PCKG</Name><Type>3</Type><ParentIndex>368</ParentIndex><ClassName></ClassName><Unbounded>N</Unbounded>
	</RowData>
	<RowData><DataStructureId>401</DataStructureId><ProcessDefId>4</ProcessDefId><ExtMethodIndex>35</ExtMethodIndex><Name>TMP_LINE</Name><Type>3</Type><ParentIndex>368</ParentIndex><ClassName></ClassName><Unbounded>N</Unbounded>
	</RowData>
	<RowData><DataStructureId>402</DataStructureId><ProcessDefId>4</ProcessDefId><ExtMethodIndex>35</ExtMethodIndex><Name>SSC_LIM</Name><Type>10</Type><ParentIndex>368</ParentIndex><ClassName></ClassName><Unbounded>N</Unbounded>
	</RowData>
	<RowData><DataStructureId>403</DataStructureId><ProcessDefId>4</ProcessDefId><ExtMethodIndex>35</ExtMethodIndex><Name>LIMIT_LINE</Name><Type>3</Type><ParentIndex>368</ParentIndex><ClassName></ClassName><Unbounded>N</Unbounded>
	</RowData>
	<RowData><DataStructureId>404</DataStructureId><ProcessDefId>4</ProcessDefId><ExtMethodIndex>35</ExtMethodIndex><Name>ACTUAL_QTY</Name><Type>10</Type><ParentIndex>368</ParentIndex><ClassName></ClassName><Unbounded>N</Unbounded>
	</RowData>
	<RowData><DataStructureId>405</DataStructureId><ProcessDefId>4</ProcessDefId><ExtMethodIndex>35</ExtMethodIndex><Name>ACTUAL_VAL</Name><Type>10</Type><ParentIndex>368</ParentIndex><ClassName></ClassName><Unbounded>N</Unbounded>
	</RowData>
	<RowData><DataStructureId>406</DataStructureId><ProcessDefId>4</ProcessDefId><ExtMethodIndex>35</ExtMethodIndex><Name>CON_VALUE</Name><Type>10</Type><ParentIndex>368</ParentIndex><ClassName></ClassName><Unbounded>N</Unbounded>
	</RowData>
	<RowData><DataStructureId>407</DataStructureId><ProcessDefId>4</ProcessDefId><ExtMethodIndex>35</ExtMethodIndex><Name>CON_QTY</Name><Type>10</Type><ParentIndex>368</ParentIndex><ClassName></ClassName><Unbounded>N</Unbounded>
	</RowData>
	<RowData><DataStructureId>408</DataStructureId><ProcessDefId>4</ProcessDefId><ExtMethodIndex>35</ExtMethodIndex><Name>TARGET_VAL</Name><Type>10</Type><ParentIndex>368</ParentIndex><ClassName></ClassName><Unbounded>N</Unbounded>
	</RowData>
	<RowData><DataStructureId>409</DataStructureId><ProcessDefId>4</ProcessDefId><ExtMethodIndex>35</ExtMethodIndex><Name>UNPL_VAL</Name><Type>10</Type><ParentIndex>368</ParentIndex><ClassName></ClassName><Unbounded>N</Unbounded>
	</RowData>
	<RowData><DataStructureId>410</DataStructureId><ProcessDefId>4</ProcessDefId><ExtMethodIndex>35</ExtMethodIndex><Name>UNPL_QTY</Name><Type>10</Type><ParentIndex>368</ParentIndex><ClassName></ClassName><Unbounded>N</Unbounded>
	</RowData>
	<RowData><DataStructureId>411</DataStructureId><ProcessDefId>4</ProcessDefId><ExtMethodIndex>35</ExtMethodIndex><Name>BASLINE_NO</Name><Type>3</Type><ParentIndex>368</ParentIndex><ClassName></ClassName><Unbounded>N</Unbounded>
	</RowData>
	<RowData><DataStructureId>412</DataStructureId><ProcessDefId>4</ProcessDefId><ExtMethodIndex>35</ExtMethodIndex><Name>BASIC_LINE</Name><Type>10</Type><ParentIndex>368</ParentIndex><ClassName></ClassName><Unbounded>N</Unbounded>
	</RowData>
	<RowData><DataStructureId>413</DataStructureId><ProcessDefId>4</ProcessDefId><ExtMethodIndex>35</ExtMethodIndex><Name>ALTERNAT</Name><Type>10</Type><ParentIndex>368</ParentIndex><ClassName></ClassName><Unbounded>N</Unbounded>
	</RowData>
	<RowData><DataStructureId>414</DataStructureId><ProcessDefId>4</ProcessDefId><ExtMethodIndex>35</ExtMethodIndex><Name>BIDDER</Name><Type>10</Type><ParentIndex>368</ParentIndex><ClassName></ClassName><Unbounded>N</Unbounded>
	</RowData>
	<RowData><DataStructureId>415</DataStructureId><ProcessDefId>4</ProcessDefId><ExtMethodIndex>35</ExtMethodIndex><Name>SUPP_LINE</Name><Type>10</Type><ParentIndex>368</ParentIndex><ClassName></ClassName><Unbounded>N</Unbounded>
	</RowData>
	<RowData><DataStructureId>416</DataStructureId><ProcessDefId>4</ProcessDefId><ExtMethodIndex>35</ExtMethodIndex><Name>OPEN_QTY</Name><Type>10</Type><ParentIndex>368</ParentIndex><ClassName></ClassName><Unbounded>N</Unbounded>
	</RowData>
	<RowData><DataStructureId>417</DataStructureId><ProcessDefId>4</ProcessDefId><ExtMethodIndex>35</ExtMethodIndex><Name>INFORM</Name><Type>10</Type><ParentIndex>368</ParentIndex><ClassName></ClassName><Unbounded>N</Unbounded>
	</RowData>
	<RowData><DataStructureId>418</DataStructureId><ProcessDefId>4</ProcessDefId><ExtMethodIndex>35</ExtMethodIndex><Name>BLANKET</Name><Type>10</Type><ParentIndex>368</ParentIndex><ClassName></ClassName><Unbounded>N</Unbounded>
	</RowData>
	<RowData><DataStructureId>419</DataStructureId><ProcessDefId>4</ProcessDefId><ExtMethodIndex>35</ExtMethodIndex><Name>EVENTUAL</Name><Type>10</Type><ParentIndex>368</ParentIndex><ClassName></ClassName><Unbounded>N</Unbounded>
	</RowData>
	<RowData><DataStructureId>420</DataStructureId><ProcessDefId>4</ProcessDefId><ExtMethodIndex>35</ExtMethodIndex><Name>TAX_CODE</Name><Type>10</Type><ParentIndex>368</ParentIndex><ClassName></ClassName><Unbounded>N</Unbounded>
	</RowData>
	<RowData><DataStructureId>421</DataStructureId><ProcessDefId>4</ProcessDefId><ExtMethodIndex>35</ExtMethodIndex><Name>TAXJURCODE</Name><Type>10</Type><ParentIndex>368</ParentIndex><ClassName></ClassName><Unbounded>N</Unbounded>
	</RowData>
	<RowData><DataStructureId>422</DataStructureId><ProcessDefId>4</ProcessDefId><ExtMethodIndex>35</ExtMethodIndex><Name>PRICE_CHG</Name><Type>10</Type><ParentIndex>368</ParentIndex><ClassName></ClassName><Unbounded>N</Unbounded>
	</RowData>
	<RowData><DataStructureId>423</DataStructureId><ProcessDefId>4</ProcessDefId><ExtMethodIndex>35</ExtMethodIndex><Name>MATL_GROUP</Name><Type>10</Type><ParentIndex>368</ParentIndex><ClassName></ClassName><Unbounded>N</Unbounded>
	</RowData>
	<RowData><DataStructureId>424</DataStructureId><ProcessDefId>4</ProcessDefId><ExtMethodIndex>35</ExtMethodIndex><Name>NOND_ITAX</Name><Type>10</Type><ParentIndex>368</ParentIndex><ClassName></ClassName><Unbounded>N</Unbounded>
	</RowData>
	<RowData><DataStructureId>425</DataStructureId><ProcessDefId>4</ProcessDefId><ExtMethodIndex>35</ExtMethodIndex><Name>DATE</Name><Type>8</Type><ParentIndex>368</ParentIndex><ClassName></ClassName><Unbounded>N</Unbounded>
	</RowData>
	<RowData><DataStructureId>426</DataStructureId><ProcessDefId>4</ProcessDefId><ExtMethodIndex>35</ExtMethodIndex><Name>BEGINTIME</Name><Type>10</Type><ParentIndex>368</ParentIndex><ClassName></ClassName><Unbounded>N</Unbounded>
	</RowData>
	<RowData><DataStructureId>427</DataStructureId><ProcessDefId>4</ProcessDefId><ExtMethodIndex>35</ExtMethodIndex><Name>ENDTIME</Name><Type>10</Type><ParentIndex>368</ParentIndex><ClassName></ClassName><Unbounded>N</Unbounded>
	</RowData>
	<RowData><DataStructureId>428</DataStructureId><ProcessDefId>4</ProcessDefId><ExtMethodIndex>35</ExtMethodIndex><Name>EXTPERS_NO</Name><Type>10</Type><ParentIndex>368</ParentIndex><ClassName></ClassName><Unbounded>N</Unbounded>
	</RowData>
	<RowData><DataStructureId>429</DataStructureId><ProcessDefId>4</ProcessDefId><ExtMethodIndex>35</ExtMethodIndex><Name>FORMULA</Name><Type>10</Type><ParentIndex>368</ParentIndex><ClassName></ClassName><Unbounded>N</Unbounded>
	</RowData>
	<RowData><DataStructureId>430</DataStructureId><ProcessDefId>4</ProcessDefId><ExtMethodIndex>35</ExtMethodIndex><Name>FORM_VAL1</Name><Type>10</Type><ParentIndex>368</ParentIndex><ClassName></ClassName><Unbounded>N</Unbounded>
	</RowData>
	<RowData><DataStructureId>431</DataStructureId><ProcessDefId>4</ProcessDefId><ExtMethodIndex>35</ExtMethodIndex><Name>FORM_VAL2</Name><Type>10</Type><ParentIndex>368</ParentIndex><ClassName></ClassName><Unbounded>N</Unbounded>
	</RowData>
	<RowData><DataStructureId>432</DataStructureId><ProcessDefId>4</ProcessDefId><ExtMethodIndex>35</ExtMethodIndex><Name>FORM_VAL3</Name><Type>10</Type><ParentIndex>368</ParentIndex><ClassName></ClassName><Unbounded>N</Unbounded>
	</RowData>
	<RowData><DataStructureId>433</DataStructureId><ProcessDefId>4</ProcessDefId><ExtMethodIndex>35</ExtMethodIndex><Name>FORM_VAL4</Name><Type>10</Type><ParentIndex>368</ParentIndex><ClassName></ClassName><Unbounded>N</Unbounded>
	</RowData>
	<RowData><DataStructureId>434</DataStructureId><ProcessDefId>4</ProcessDefId><ExtMethodIndex>35</ExtMethodIndex><Name>FORM_VAL5</Name><Type>10</Type><ParentIndex>368</ParentIndex><ClassName></ClassName><Unbounded>N</Unbounded>
	</RowData>
	<RowData><DataStructureId>435</DataStructureId><ProcessDefId>4</ProcessDefId><ExtMethodIndex>35</ExtMethodIndex><Name>USERF1_NUM</Name><Type>3</Type><ParentIndex>368</ParentIndex><ClassName></ClassName><Unbounded>N</Unbounded>
	</RowData>
	<RowData><DataStructureId>436</DataStructureId><ProcessDefId>4</ProcessDefId><ExtMethodIndex>35</ExtMethodIndex><Name>USERF2_NUM</Name><Type>10</Type><ParentIndex>368</ParentIndex><ClassName></ClassName><Unbounded>N</Unbounded>
	</RowData>
	<RowData><DataStructureId>437</DataStructureId><ProcessDefId>4</ProcessDefId><ExtMethodIndex>35</ExtMethodIndex><Name>USERF1_TXT</Name><Type>10</Type><ParentIndex>368</ParentIndex><ClassName></ClassName><Unbounded>N</Unbounded>
	</RowData>
	<RowData><DataStructureId>438</DataStructureId><ProcessDefId>4</ProcessDefId><ExtMethodIndex>35</ExtMethodIndex><Name>USERF2_TXT</Name><Type>10</Type><ParentIndex>368</ParentIndex><ClassName></ClassName><Unbounded>N</Unbounded>
	</RowData>
	<RowData><DataStructureId>439</DataStructureId><ProcessDefId>4</ProcessDefId><ExtMethodIndex>35</ExtMethodIndex><Name>GR_PRICE</Name><Type>10</Type><ParentIndex>368</ParentIndex><ClassName></ClassName><Unbounded>N</Unbounded>
	</RowData>
	<RowData><DataStructureId>440</DataStructureId><ProcessDefId>4</ProcessDefId><ExtMethodIndex>35</ExtMethodIndex><Name>HI_LINE_NO</Name><Type>3</Type><ParentIndex>368</ParentIndex><ClassName></ClassName><Unbounded>N</Unbounded>
	</RowData>
	<RowData><DataStructureId>441</DataStructureId><ProcessDefId>4</ProcessDefId><ExtMethodIndex>35</ExtMethodIndex><Name>EXTREFKEY</Name><Type>10</Type><ParentIndex>368</ParentIndex><ClassName></ClassName><Unbounded>N</Unbounded>
	</RowData>
	<RowData><DataStructureId>442</DataStructureId><ProcessDefId>4</ProcessDefId><ExtMethodIndex>35</ExtMethodIndex><Name>PER_SDATE</Name><Type>8</Type><ParentIndex>368</ParentIndex><ClassName></ClassName><Unbounded>N</Unbounded>
	</RowData>
	<RowData><DataStructureId>443</DataStructureId><ProcessDefId>4</ProcessDefId><ExtMethodIndex>35</ExtMethodIndex><Name>PER_EDATE</Name><Type>8</Type><ParentIndex>368</ParentIndex><ClassName></ClassName><Unbounded>N</Unbounded>
	</RowData>
	<RowData><DataStructureId>444</DataStructureId><ProcessDefId>4</ProcessDefId><ExtMethodIndex>35</ExtMethodIndex><Name>EXTERNAL_ITEM_ID</Name><Type>10</Type><ParentIndex>368</ParentIndex><ClassName></ClassName><Unbounded>N</Unbounded>
	</RowData>
	<RowData><DataStructureId>445</DataStructureId><ProcessDefId>4</ProcessDefId><ExtMethodIndex>35</ExtMethodIndex><Name>SERVICE_ITEM_KEY</Name><Type>3</Type><ParentIndex>368</ParentIndex><ClassName></ClassName><Unbounded>N</Unbounded>
	</RowData>
	<RowData><DataStructureId>446</DataStructureId><ProcessDefId>4</ProcessDefId><ExtMethodIndex>35</ExtMethodIndex><Name>PO_ITEM_CONTRACT_LIMITS</Name><Type>11</Type><ParentIndex>0</ParentIndex><ClassName>BAPIESUC</ClassName><Unbounded>Y</Unbounded>
	</RowData>
	<RowData><DataStructureId>447</DataStructureId><ProcessDefId>4</ProcessDefId><ExtMethodIndex>35</ExtMethodIndex><Name>PCKG_NO</Name><Type>3</Type><ParentIndex>446</ParentIndex><ClassName></ClassName><Unbounded>N</Unbounded>
	</RowData>
	<RowData><DataStructureId>448</DataStructureId><ProcessDefId>4</ProcessDefId><ExtMethodIndex>35</ExtMethodIndex><Name>LINE_NO</Name><Type>3</Type><ParentIndex>446</ParentIndex><ClassName></ClassName><Unbounded>N</Unbounded>
	</RowData>
	<RowData><DataStructureId>449</DataStructureId><ProcessDefId>4</ProcessDefId><ExtMethodIndex>35</ExtMethodIndex><Name>DELETE_IND</Name><Type>10</Type><ParentIndex>446</ParentIndex><ClassName></ClassName><Unbounded>N</Unbounded>
	</RowData>
	<RowData><DataStructureId>450</DataStructureId><ProcessDefId>4</ProcessDefId><ExtMethodIndex>35</ExtMethodIndex><Name>CON_NUMBER</Name><Type>10</Type><ParentIndex>446</ParentIndex><ClassName></ClassName><Unbounded>N</Unbounded>
	</RowData>
</PMWDataStructureTable_2>