<PMWDataStructureTable_4>
	<RowData><DataStructureId>601</DataStructureId><ProcessDefId>4</ProcessDefId><ExtMethodIndex>35</ExtMethodIndex><Name>DELIV_UNIT</Name><Type>10</Type><ParentIndex>566</ParentIndex><ClassName></ClassName><Unbounded>N</Unbounded>
	</RowData>
	<RowData><DataStructureId>602</DataStructureId><ProcessDefId>4</ProcessDefId><ExtMethodIndex>35</ExtMethodIndex><Name>PUR_MAT</Name><Type>10</Type><ParentIndex>566</ParentIndex><ClassName></ClassName><Unbounded>N</Unbounded>
	</RowData>
	<RowData><DataStructureId>603</DataStructureId><ProcessDefId>4</ProcessDefId><ExtMethodIndex>35</ExtMethodIndex><Name>LOC_CURR</Name><Type>10</Type><ParentIndex>566</ParentIndex><ClassName></ClassName><Unbounded>N</Unbounded>
	</RowData>
	<RowData><DataStructureId>604</DataStructureId><ProcessDefId>4</ProcessDefId><ExtMethodIndex>35</ExtMethodIndex><Name>BATCH</Name><Type>10</Type><ParentIndex>566</ParentIndex><ClassName></ClassName><Unbounded>N</Unbounded>
	</RowData>
	<RowData><DataStructureId>605</DataStructureId><ProcessDefId>4</ProcessDefId><ExtMethodIndex>35</ExtMethodIndex><Name>DOC_DATE</Name><Type>8</Type><ParentIndex>566</ParentIndex><ClassName></ClassName><Unbounded>N</Unbounded>
	</RowData>
	<RowData><DataStructureId>606</DataStructureId><ProcessDefId>4</ProcessDefId><ExtMethodIndex>35</ExtMethodIndex><Name>CURRENCY_ISO</Name><Type>10</Type><ParentIndex>566</ParentIndex><ClassName></ClassName><Unbounded>N</Unbounded>
	</RowData>
	<RowData><DataStructureId>607</DataStructureId><ProcessDefId>4</ProcessDefId><ExtMethodIndex>35</ExtMethodIndex><Name>LOC_CURR_ISO</Name><Type>10</Type><ParentIndex>566</ParentIndex><ClassName></ClassName><Unbounded>N</Unbounded>
	</RowData>
	<RowData><DataStructureId>608</DataStructureId><ProcessDefId>4</ProcessDefId><ExtMethodIndex>35</ExtMethodIndex><Name>DELIV_UNIT_ISO</Name><Type>10</Type><ParentIndex>566</ParentIndex><ClassName></ClassName><Unbounded>N</Unbounded>
	</RowData>
	<RowData><DataStructureId>609</DataStructureId><ProcessDefId>4</ProcessDefId><ExtMethodIndex>35</ExtMethodIndex><Name>MATERIAL_EXTERNAL</Name><Type>10</Type><ParentIndex>566</ParentIndex><ClassName></ClassName><Unbounded>N</Unbounded>
	</RowData>
	<RowData><DataStructureId>610</DataStructureId><ProcessDefId>4</ProcessDefId><ExtMethodIndex>35</ExtMethodIndex><Name>MATERIAL_GUID</Name><Type>10</Type><ParentIndex>566</ParentIndex><ClassName></ClassName><Unbounded>N</Unbounded>
	</RowData>
	<RowData><DataStructureId>611</DataStructureId><ProcessDefId>4</ProcessDefId><ExtMethodIndex>35</ExtMethodIndex><Name>MATERIAL_VERSION</Name><Type>10</Type><ParentIndex>566</ParentIndex><ClassName></ClassName><Unbounded>N</Unbounded>
	</RowData>
	<RowData><DataStructureId>612</DataStructureId><ProcessDefId>4</ProcessDefId><ExtMethodIndex>35</ExtMethodIndex><Name>PUR_MAT_EXTERNAL</Name><Type>10</Type><ParentIndex>566</ParentIndex><ClassName></ClassName><Unbounded>N</Unbounded>
	</RowData>
	<RowData><DataStructureId>613</DataStructureId><ProcessDefId>4</ProcessDefId><ExtMethodIndex>35</ExtMethodIndex><Name>PUR_MAT_GUID</Name><Type>10</Type><ParentIndex>566</ParentIndex><ClassName></ClassName><Unbounded>N</Unbounded>
	</RowData>
	<RowData><DataStructureId>614</DataStructureId><ProcessDefId>4</ProcessDefId><ExtMethodIndex>35</ExtMethodIndex><Name>PUR_MAT_VERSION</Name><Type>10</Type><ParentIndex>566</ParentIndex><ClassName></ClassName><Unbounded>N</Unbounded>
	</RowData>
	<RowData><DataStructureId>615</DataStructureId><ProcessDefId>4</ProcessDefId><ExtMethodIndex>35</ExtMethodIndex><Name>REF_DOC_NO_LONG</Name><Type>10</Type><ParentIndex>566</ParentIndex><ClassName></ClassName><Unbounded>N</Unbounded>
	</RowData>
	<RowData><DataStructureId>616</DataStructureId><ProcessDefId>4</ProcessDefId><ExtMethodIndex>35</ExtMethodIndex><Name>STK_SEGMENT</Name><Type>10</Type><ParentIndex>566</ParentIndex><ClassName></ClassName><Unbounded>N</Unbounded>
	</RowData>
	<RowData><DataStructureId>617</DataStructureId><ProcessDefId>4</ProcessDefId><ExtMethodIndex>35</ExtMethodIndex><Name>EXTENSIONOUT</Name><Type>11</Type><ParentIndex>0</ParentIndex><ClassName>BAPIPAREX</ClassName><Unbounded>Y</Unbounded>
	</RowData>
	<RowData><DataStructureId>618</DataStructureId><ProcessDefId>4</ProcessDefId><ExtMethodIndex>35</ExtMethodIndex><Name>STRUCTURE</Name><Type>10</Type><ParentIndex>617</ParentIndex><ClassName></ClassName><Unbounded>N</Unbounded>
	</RowData>
	<RowData><DataStructureId>619</DataStructureId><ProcessDefId>4</ProcessDefId><ExtMethodIndex>35</ExtMethodIndex><Name>VALUEPART1</Name><Type>10</Type><ParentIndex>617</ParentIndex><ClassName></ClassName><Unbounded>N</Unbounded>
	</RowData>
	<RowData><DataStructureId>620</DataStructureId><ProcessDefId>4</ProcessDefId><ExtMethodIndex>35</ExtMethodIndex><Name>VALUEPART2</Name><Type>10</Type><ParentIndex>617</ParentIndex><ClassName></ClassName><Unbounded>N</Unbounded>
	</RowData>
	<RowData><DataStructureId>621</DataStructureId><ProcessDefId>4</ProcessDefId><ExtMethodIndex>35</ExtMethodIndex><Name>VALUEPART3</Name><Type>10</Type><ParentIndex>617</ParentIndex><ClassName></ClassName><Unbounded>N</Unbounded>
	</RowData>
	<RowData><DataStructureId>622</DataStructureId><ProcessDefId>4</ProcessDefId><ExtMethodIndex>35</ExtMethodIndex><Name>VALUEPART4</Name><Type>10</Type><ParentIndex>617</ParentIndex><ClassName></ClassName><Unbounded>N</Unbounded>
	</RowData>
	<RowData><DataStructureId>623</DataStructureId><ProcessDefId>4</ProcessDefId><ExtMethodIndex>35</ExtMethodIndex><Name>PO_ITEM_SRV_ACCASS_VALUES</Name><Type>11</Type><ParentIndex>0</ParentIndex><ClassName>BAPIESKL</ClassName><Unbounded>Y</Unbounded>
	</RowData>
	<RowData><DataStructureId>624</DataStructureId><ProcessDefId>4</ProcessDefId><ExtMethodIndex>35</ExtMethodIndex><Name>PCKG_NO</Name><Type>3</Type><ParentIndex>623</ParentIndex><ClassName></ClassName><Unbounded>N</Unbounded>
	</RowData>
	<RowData><DataStructureId>625</DataStructureId><ProcessDefId>4</ProcessDefId><ExtMethodIndex>35</ExtMethodIndex><Name>LINE_NO</Name><Type>3</Type><ParentIndex>623</ParentIndex><ClassName></ClassName><Unbounded>N</Unbounded>
	</RowData>
	<RowData><DataStructureId>626</DataStructureId><ProcessDefId>4</ProcessDefId><ExtMethodIndex>35</ExtMethodIndex><Name>SERNO_LINE</Name><Type>3</Type><ParentIndex>623</ParentIndex><ClassName></ClassName><Unbounded>N</Unbounded>
	</RowData>
	<RowData><DataStructureId>627</DataStructureId><ProcessDefId>4</ProcessDefId><ExtMethodIndex>35</ExtMethodIndex><Name>DELETE_IND</Name><Type>10</Type><ParentIndex>623</ParentIndex><ClassName></ClassName><Unbounded>N</Unbounded>
	</RowData>
	<RowData><DataStructureId>628</DataStructureId><ProcessDefId>4</ProcessDefId><ExtMethodIndex>35</ExtMethodIndex><Name>INACTIVE</Name><Type>10</Type><ParentIndex>623</ParentIndex><ClassName></ClassName><Unbounded>N</Unbounded>
	</RowData>
	<RowData><DataStructureId>629</DataStructureId><ProcessDefId>4</ProcessDefId><ExtMethodIndex>35</ExtMethodIndex><Name>QUANTITY</Name><Type>10</Type><ParentIndex>623</ParentIndex><ClassName></ClassName><Unbounded>N</Unbounded>
	</RowData>
	<RowData><DataStructureId>630</DataStructureId><ProcessDefId>4</ProcessDefId><ExtMethodIndex>35</ExtMethodIndex><Name>PERCENTAGE</Name><Type>10</Type><ParentIndex>623</ParentIndex><ClassName></ClassName><Unbounded>N</Unbounded>
	</RowData>
	<RowData><DataStructureId>631</DataStructureId><ProcessDefId>4</ProcessDefId><ExtMethodIndex>35</ExtMethodIndex><Name>NET_VALUE</Name><Type>10</Type><ParentIndex>623</ParentIndex><ClassName></ClassName><Unbounded>N</Unbounded>
	</RowData>
	<RowData><DataStructureId>632</DataStructureId><ProcessDefId>4</ProcessDefId><ExtMethodIndex>35</ExtMethodIndex><Name>SERIAL_NO</Name><Type>3</Type><ParentIndex>623</ParentIndex><ClassName></ClassName><Unbounded>N</Unbounded>
	</RowData>
	<RowData><DataStructureId>633</DataStructureId><ProcessDefId>4</ProcessDefId><ExtMethodIndex>35</ExtMethodIndex><Name>HPACKNO</Name><Type>3</Type><ParentIndex>623</ParentIndex><ClassName></ClassName><Unbounded>N</Unbounded>
	</RowData>
	<RowData><DataStructureId>634</DataStructureId><ProcessDefId>4</ProcessDefId><ExtMethodIndex>35</ExtMethodIndex><Name>PO_SERVICES_TEXTS</Name><Type>11</Type><ParentIndex>0</ParentIndex><ClassName>BAPIESLLTX</ClassName><Unbounded>Y</Unbounded>
	</RowData>
	<RowData><DataStructureId>635</DataStructureId><ProcessDefId>4</ProcessDefId><ExtMethodIndex>35</ExtMethodIndex><Name>PCKG_NO</Name><Type>3</Type><ParentIndex>634</ParentIndex><ClassName></ClassName><Unbounded>N</Unbounded>
	</RowData>
	<RowData><DataStructureId>636</DataStructureId><ProcessDefId>4</ProcessDefId><ExtMethodIndex>35</ExtMethodIndex><Name>LINE_NO</Name><Type>3</Type><ParentIndex>634</ParentIndex><ClassName></ClassName><Unbounded>N</Unbounded>
	</RowData>
	<RowData><DataStructureId>637</DataStructureId><ProcessDefId>4</ProcessDefId><ExtMethodIndex>35</ExtMethodIndex><Name>TEXT_ID</Name><Type>10</Type><ParentIndex>634</ParentIndex><ClassName></ClassName><Unbounded>N</Unbounded>
	</RowData>
	<RowData><DataStructureId>638</DataStructureId><ProcessDefId>4</ProcessDefId><ExtMethodIndex>35</ExtMethodIndex><Name>FORMAT_COL</Name><Type>10</Type><ParentIndex>634</ParentIndex><ClassName></ClassName><Unbounded>N</Unbounded>
	</RowData>
	<RowData><DataStructureId>639</DataStructureId><ProcessDefId>4</ProcessDefId><ExtMethodIndex>35</ExtMethodIndex><Name>TEXT_LINE</Name><Type>10</Type><ParentIndex>634</ParentIndex><ClassName></ClassName><Unbounded>N</Unbounded>
	</RowData>
	<RowData><DataStructureId>1</DataStructureId><ProcessDefId>4</ProcessDefId><ExtMethodIndex>36</ExtMethodIndex><Name>GOODSMVT_HEADER</Name><Type>11</Type><ParentIndex>0</ParentIndex><ClassName>BAPI2017_GM_HEAD_01</ClassName><Unbounded>N</Unbounded>
	</RowData>
	<RowData><DataStructureId>2</DataStructureId><ProcessDefId>4</ProcessDefId><ExtMethodIndex>36</ExtMethodIndex><Name>PSTNG_DATE</Name><Type>8</Type><ParentIndex>1</ParentIndex><ClassName></ClassName><Unbounded>N</Unbounded>
	</RowData>
	<RowData><DataStructureId>3</DataStructureId><ProcessDefId>4</ProcessDefId><ExtMethodIndex>36</ExtMethodIndex><Name>DOC_DATE</Name><Type>8</Type><ParentIndex>1</ParentIndex><ClassName></ClassName><Unbounded>N</Unbounded>
	</RowData>
	<RowData><DataStructureId>4</DataStructureId><ProcessDefId>4</ProcessDefId><ExtMethodIndex>36</ExtMethodIndex><Name>REF_DOC_NO</Name><Type>10</Type><ParentIndex>1</ParentIndex><ClassName></ClassName><Unbounded>N</Unbounded>
	</RowData>
	<RowData><DataStructureId>5</DataStructureId><ProcessDefId>4</ProcessDefId><ExtMethodIndex>36</ExtMethodIndex><Name>BILL_OF_LADING</Name><Type>10</Type><ParentIndex>1</ParentIndex><ClassName></ClassName><Unbounded>N</Unbounded>
	</RowData>
	<RowData><DataStructureId>6</DataStructureId><ProcessDefId>4</ProcessDefId><ExtMethodIndex>36</ExtMethodIndex><Name>GR_GI_SLIP_NO</Name><Type>10</Type><ParentIndex>1</ParentIndex><ClassName></ClassName><Unbounded>N</Unbounded>
	</RowData>
	<RowData><DataStructureId>7</DataStructureId><ProcessDefId>4</ProcessDefId><ExtMethodIndex>36</ExtMethodIndex><Name>PR_UNAME</Name><Type>10</Type><ParentIndex>1</ParentIndex><ClassName></ClassName><Unbounded>N</Unbounded>
	</RowData>
	<RowData><DataStructureId>8</DataStructureId><ProcessDefId>4</ProcessDefId><ExtMethodIndex>36</ExtMethodIndex><Name>HEADER_TXT</Name><Type>10</Type><ParentIndex>1</ParentIndex><ClassName></ClassName><Unbounded>N</Unbounded>
	</RowData>
	<RowData><DataStructureId>9</DataStructureId><ProcessDefId>4</ProcessDefId><ExtMethodIndex>36</ExtMethodIndex><Name>VER_GR_GI_SLIP</Name><Type>10</Type><ParentIndex>1</ParentIndex><ClassName></ClassName><Unbounded>N</Unbounded>
	</RowData>
	<RowData><DataStructureId>10</DataStructureId><ProcessDefId>4</ProcessDefId><ExtMethodIndex>36</ExtMethodIndex><Name>VER_GR_GI_SLIPX</Name><Type>10</Type><ParentIndex>1</ParentIndex><ClassName></ClassName><Unbounded>N</Unbounded>
	</RowData>
	<RowData><DataStructureId>11</DataStructureId><ProcessDefId>4</ProcessDefId><ExtMethodIndex>36</ExtMethodIndex><Name>EXT_WMS</Name><Type>10</Type><ParentIndex>1</ParentIndex><ClassName></ClassName><Unbounded>N</Unbounded>
	</RowData>
	<RowData><DataStructureId>12</DataStructureId><ProcessDefId>4</ProcessDefId><ExtMethodIndex>36</ExtMethodIndex><Name>REF_DOC_NO_LONG</Name><Type>10</Type><ParentIndex>1</ParentIndex><ClassName></ClassName><Unbounded>N</Unbounded>
	</RowData>
	<RowData><DataStructureId>13</DataStructureId><ProcessDefId>4</ProcessDefId><ExtMethodIndex>36</ExtMethodIndex><Name>BILL_OF_LADING_LONG</Name><Type>10</Type><ParentIndex>1</ParentIndex><ClassName></ClassName><Unbounded>N</Unbounded>
	</RowData>
	<RowData><DataStructureId>14</DataStructureId><ProcessDefId>4</ProcessDefId><ExtMethodIndex>36</ExtMethodIndex><Name>BAR_CODE</Name><Type>10</Type><ParentIndex>1</ParentIndex><ClassName></ClassName><Unbounded>N</Unbounded>
	</RowData>
	<RowData><DataStructureId>15</DataStructureId><ProcessDefId>4</ProcessDefId><ExtMethodIndex>36</ExtMethodIndex><Name>GOODSMVT_CODE</Name><Type>11</Type><ParentIndex>0</ParentIndex><ClassName>BAPI2017_GM_CODE</ClassName><Unbounded>N</Unbounded>
	</RowData>
	<RowData><DataStructureId>16</DataStructureId><ProcessDefId>4</ProcessDefId><ExtMethodIndex>36</ExtMethodIndex><Name>GM_CODE</Name><Type>10</Type><ParentIndex>15</ParentIndex><ClassName></ClassName><Unbounded>N</Unbounded>
	</RowData>
	<RowData><DataStructureId>17</DataStructureId><ProcessDefId>4</ProcessDefId><ExtMethodIndex>36</ExtMethodIndex><Name>GOODSMVT_REF_EWM</Name><Type>11</Type><ParentIndex>0</ParentIndex><ClassName>/SPE/BAPI2017_GM_REF_EWM</ClassName><Unbounded>N</Unbounded>
	</RowData>
	<RowData><DataStructureId>18</DataStructureId><ProcessDefId>4</ProcessDefId><ExtMethodIndex>36</ExtMethodIndex><Name>REF_DOC_EWM</Name><Type>10</Type><ParentIndex>17</ParentIndex><ClassName></ClassName><Unbounded>N</Unbounded>
	</RowData>
	<RowData><DataStructureId>19</DataStructureId><ProcessDefId>4</ProcessDefId><ExtMethodIndex>36</ExtMethodIndex><Name>LOGSYS</Name><Type>10</Type><ParentIndex>17</ParentIndex><ClassName></ClassName><Unbounded>N</Unbounded>
	</RowData>
	<RowData><DataStructureId>20</DataStructureId><ProcessDefId>4</ProcessDefId><ExtMethodIndex>36</ExtMethodIndex><Name>GTS_SCRAP_NO</Name><Type>10</Type><ParentIndex>17</ParentIndex><ClassName></ClassName><Unbounded>N</Unbounded>
	</RowData>
	<RowData><DataStructureId>21</DataStructureId><ProcessDefId>4</ProcessDefId><ExtMethodIndex>36</ExtMethodIndex><Name>GOODSMVT_HEADRET</Name><Type>11</Type><ParentIndex>0</ParentIndex><ClassName>BAPI2017_GM_HEAD_RET</ClassName><Unbounded>N</Unbounded>
	</RowData>
	<RowData><DataStructureId>22</DataStructureId><ProcessDefId>4</ProcessDefId><ExtMethodIndex>36</ExtMethodIndex><Name>MAT_DOC</Name><Type>10</Type><ParentIndex>21</ParentIndex><ClassName></ClassName><Unbounded>N</Unbounded>
	</RowData>
	<RowData><DataStructureId>23</DataStructureId><ProcessDefId>4</ProcessDefId><ExtMethodIndex>36</ExtMethodIndex><Name>DOC_YEAR</Name><Type>3</Type><ParentIndex>21</ParentIndex><ClassName></ClassName><Unbounded>N</Unbounded>
	</RowData>
	<RowData><DataStructureId>24</DataStructureId><ProcessDefId>4</ProcessDefId><ExtMethodIndex>36</ExtMethodIndex><Name>GOODSMVT_SERIALNUMBER</Name><Type>11</Type><ParentIndex>0</ParentIndex><ClassName>BAPI2017_GM_SERIALNUMBER</ClassName><Unbounded>Y</Unbounded>
	</RowData>
	<RowData><DataStructureId>25</DataStructureId><ProcessDefId>4</ProcessDefId><ExtMethodIndex>36</ExtMethodIndex><Name>MATDOC_ITM</Name><Type>3</Type><ParentIndex>24</ParentIndex><ClassName></ClassName><Unbounded>N</Unbounded>
	</RowData>
	<RowData><DataStructureId>26</DataStructureId><ProcessDefId>4</ProcessDefId><ExtMethodIndex>36</ExtMethodIndex><Name>SERIALNO</Name><Type>10</Type><ParentIndex>24</ParentIndex><ClassName></ClassName><Unbounded>N</Unbounded>
	</RowData>
	<RowData><DataStructureId>27</DataStructureId><ProcessDefId>4</ProcessDefId><ExtMethodIndex>36</ExtMethodIndex><Name>UII</Name><Type>10</Type><ParentIndex>24</ParentIndex><ClassName></ClassName><Unbounded>N</Unbounded>
	</RowData>
	<RowData><DataStructureId>28</DataStructureId><ProcessDefId>4</ProcessDefId><ExtMethodIndex>36</ExtMethodIndex><Name>EXTENSIONIN</Name><Type>11</Type><ParentIndex>0</ParentIndex><ClassName>BAPIPAREX</ClassName><Unbounded>Y</Unbounded>
	</RowData>
	<RowData><DataStructureId>29</DataStructureId><ProcessDefId>4</ProcessDefId><ExtMethodIndex>36</ExtMethodIndex><Name>STRUCTURE</Name><Type>10</Type><ParentIndex>28</ParentIndex><ClassName></ClassName><Unbounded>N</Unbounded>
	</RowData>
	<RowData><DataStructureId>30</DataStructureId><ProcessDefId>4</ProcessDefId><ExtMethodIndex>36</ExtMethodIndex><Name>VALUEPART1</Name><Type>10</Type><ParentIndex>28</ParentIndex><ClassName></ClassName><Unbounded>N</Unbounded>
	</RowData>
	<RowData><DataStructureId>31</DataStructureId><ProcessDefId>4</ProcessDefId><ExtMethodIndex>36</ExtMethodIndex><Name>VALUEPART2</Name><Type>10</Type><ParentIndex>28</ParentIndex><ClassName></ClassName><Unbounded>N</Unbounded>
	</RowData>
	<RowData><DataStructureId>32</DataStructureId><ProcessDefId>4</ProcessDefId><ExtMethodIndex>36</ExtMethodIndex><Name>VALUEPART3</Name><Type>10</Type><ParentIndex>28</ParentIndex><ClassName></ClassName><Unbounded>N</Unbounded>
	</RowData>
	<RowData><DataStructureId>33</DataStructureId><ProcessDefId>4</ProcessDefId><ExtMethodIndex>36</ExtMethodIndex><Name>VALUEPART4</Name><Type>10</Type><ParentIndex>28</ParentIndex><ClassName></ClassName><Unbounded>N</Unbounded>
	</RowData>
	<RowData><DataStructureId>34</DataStructureId><ProcessDefId>4</ProcessDefId><ExtMethodIndex>36</ExtMethodIndex><Name>GOODSMVT_ITEM</Name><Type>11</Type><ParentIndex>0</ParentIndex><ClassName>BAPI2017_GM_ITEM_CREATE</ClassName><Unbounded>Y</Unbounded>
	</RowData>
	<RowData><DataStructureId>35</DataStructureId><ProcessDefId>4</ProcessDefId><ExtMethodIndex>36</ExtMethodIndex><Name>MATERIAL</Name><Type>10</Type><ParentIndex>34</ParentIndex><ClassName></ClassName><Unbounded>N</Unbounded>
	</RowData>
	<RowData><DataStructureId>36</DataStructureId><ProcessDefId>4</ProcessDefId><ExtMethodIndex>36</ExtMethodIndex><Name>PLANT</Name><Type>10</Type><ParentIndex>34</ParentIndex><ClassName></ClassName><Unbounded>N</Unbounded>
	</RowData>
	<RowData><DataStructureId>37</DataStructureId><ProcessDefId>4</ProcessDefId><ExtMethodIndex>36</ExtMethodIndex><Name>STGE_LOC</Name><Type>10</Type><ParentIndex>34</ParentIndex><ClassName></ClassName><Unbounded>N</Unbounded>
	</RowData>
	<RowData><DataStructureId>38</DataStructureId><ProcessDefId>4</ProcessDefId><ExtMethodIndex>36</ExtMethodIndex><Name>BATCH</Name><Type>10</Type><ParentIndex>34</ParentIndex><ClassName></ClassName><Unbounded>N</Unbounded>
	</RowData>
	<RowData><DataStructureId>39</DataStructureId><ProcessDefId>4</ProcessDefId><ExtMethodIndex>36</ExtMethodIndex><Name>MOVE_TYPE</Name><Type>10</Type><ParentIndex>34</ParentIndex><ClassName></ClassName><Unbounded>N</Unbounded>
	</RowData>
	<RowData><DataStructureId>40</DataStructureId><ProcessDefId>4</ProcessDefId><ExtMethodIndex>36</ExtMethodIndex><Name>STCK_TYPE</Name><Type>10</Type><ParentIndex>34</ParentIndex><ClassName></ClassName><Unbounded>N</Unbounded>
	</RowData>
	<RowData><DataStructureId>41</DataStructureId><ProcessDefId>4</ProcessDefId><ExtMethodIndex>36</ExtMethodIndex><Name>SPEC_STOCK</Name><Type>10</Type><ParentIndex>34</ParentIndex><ClassName></ClassName><Unbounded>N</Unbounded>
	</RowData>
	<RowData><DataStructureId>42</DataStructureId><ProcessDefId>4</ProcessDefId><ExtMethodIndex>36</ExtMethodIndex><Name>VENDOR</Name><Type>10</Type><ParentIndex>34</ParentIndex><ClassName></ClassName><Unbounded>N</Unbounded>
	</RowData>
	<RowData><DataStructureId>43</DataStructureId><ProcessDefId>4</ProcessDefId><ExtMethodIndex>36</ExtMethodIndex><Name>CUSTOMER</Name><Type>10</Type><ParentIndex>34</ParentIndex><ClassName></ClassName><Unbounded>N</Unbounded>
	</RowData>
	<RowData><DataStructureId>44</DataStructureId><ProcessDefId>4</ProcessDefId><ExtMethodIndex>36</ExtMethodIndex><Name>SALES_ORD</Name><Type>10</Type><ParentIndex>34</ParentIndex><ClassName></ClassName><Unbounded>N</Unbounded>
	</RowData>
	<RowData><DataStructureId>45</DataStructureId><ProcessDefId>4</ProcessDefId><ExtMethodIndex>36</ExtMethodIndex><Name>S_ORD_ITEM</Name><Type>3</Type><ParentIndex>34</ParentIndex><ClassName></ClassName><Unbounded>N</Unbounded>
	</RowData>
	<RowData><DataStructureId>46</DataStructureId><ProcessDefId>4</ProcessDefId><ExtMethodIndex>36</ExtMethodIndex><Name>SCHED_LINE</Name><Type>3</Type><ParentIndex>34</ParentIndex><ClassName></ClassName><Unbounded>N</Unbounded>
	</RowData>
	<RowData><DataStructureId>47</DataStructureId><ProcessDefId>4</ProcessDefId><ExtMethodIndex>36</ExtMethodIndex><Name>VAL_TYPE</Name><Type>10</Type><ParentIndex>34</ParentIndex><ClassName></ClassName><Unbounded>N</Unbounded>
	</RowData>
	<RowData><DataStructureId>48</DataStructureId><ProcessDefId>4</ProcessDefId><ExtMethodIndex>36</ExtMethodIndex><Name>ENTRY_QNT</Name><Type>10</Type><ParentIndex>34</ParentIndex><ClassName></ClassName><Unbounded>N</Unbounded>
	</RowData>
	<RowData><DataStructureId>49</DataStructureId><ProcessDefId>4</ProcessDefId><ExtMethodIndex>36</ExtMethodIndex><Name>ENTRY_UOM</Name><Type>10</Type><ParentIndex>34</ParentIndex><ClassName></ClassName><Unbounded>N</Unbounded>
	</RowData>
	<RowData><DataStructureId>50</DataStructureId><ProcessDefId>4</ProcessDefId><ExtMethodIndex>36</ExtMethodIndex><Name>ENTRY_UOM_ISO</Name><Type>10</Type><ParentIndex>34</ParentIndex><ClassName></ClassName><Unbounded>N</Unbounded>
	</RowData>
	<RowData><DataStructureId>51</DataStructureId><ProcessDefId>4</ProcessDefId><ExtMethodIndex>36</ExtMethodIndex><Name>PO_PR_QNT</Name><Type>10</Type><ParentIndex>34</ParentIndex><ClassName></ClassName><Unbounded>N</Unbounded>
	</RowData>
	<RowData><DataStructureId>52</DataStructureId><ProcessDefId>4</ProcessDefId><ExtMethodIndex>36</ExtMethodIndex><Name>ORDERPR_UN</Name><Type>10</Type><ParentIndex>34</ParentIndex><ClassName></ClassName><Unbounded>N</Unbounded>
	</RowData>
	<RowData><DataStructureId>53</DataStructureId><ProcessDefId>4</ProcessDefId><ExtMethodIndex>36</ExtMethodIndex><Name>ORDERPR_UN_ISO</Name><Type>10</Type><ParentIndex>34</ParentIndex><ClassName></ClassName><Unbounded>N</Unbounded>
	</RowData>
	<RowData><DataStructureId>54</DataStructureId><ProcessDefId>4</ProcessDefId><ExtMethodIndex>36</ExtMethodIndex><Name>PO_NUMBER</Name><Type>10</Type><ParentIndex>34</ParentIndex><ClassName></ClassName><Unbounded>N</Unbounded>
	</RowData>
	<RowData><DataStructureId>55</DataStructureId><ProcessDefId>4</ProcessDefId><ExtMethodIndex>36</ExtMethodIndex><Name>PO_ITEM</Name><Type>3</Type><ParentIndex>34</ParentIndex><ClassName></ClassName><Unbounded>N</Unbounded>
	</RowData>
	<RowData><DataStructureId>56</DataStructureId><ProcessDefId>4</ProcessDefId><ExtMethodIndex>36</ExtMethodIndex><Name>SHIPPING</Name><Type>10</Type><ParentIndex>34</ParentIndex><ClassName></ClassName><Unbounded>N</Unbounded>
	</RowData>
	<RowData><DataStructureId>57</DataStructureId><ProcessDefId>4</ProcessDefId><ExtMethodIndex>36</ExtMethodIndex><Name>COMP_SHIP</Name><Type>10</Type><ParentIndex>34</ParentIndex><ClassName></ClassName><Unbounded>N</Unbounded>
	</RowData>
	<RowData><DataStructureId>58</DataStructureId><ProcessDefId>4</ProcessDefId><ExtMethodIndex>36</ExtMethodIndex><Name>NO_MORE_GR</Name><Type>10</Type><ParentIndex>34</ParentIndex><ClassName></ClassName><Unbounded>N</Unbounded>
	</RowData>
	<RowData><DataStructureId>59</DataStructureId><ProcessDefId>4</ProcessDefId><ExtMethodIndex>36</ExtMethodIndex><Name>ITEM_TEXT</Name><Type>10</Type><ParentIndex>34</ParentIndex><ClassName></ClassName><Unbounded>N</Unbounded>
	</RowData>
	<RowData><DataStructureId>60</DataStructureId><ProcessDefId>4</ProcessDefId><ExtMethodIndex>36</ExtMethodIndex><Name>GR_RCPT</Name><Type>10</Type><ParentIndex>34</ParentIndex><ClassName></ClassName><Unbounded>N</Unbounded>
	</RowData>
	<RowData><DataStructureId>61</DataStructureId><ProcessDefId>4</ProcessDefId><ExtMethodIndex>36</ExtMethodIndex><Name>UNLOAD_PT</Name><Type>10</Type><ParentIndex>34</ParentIndex><ClassName></ClassName><Unbounded>N</Unbounded>
	</RowData>
	<RowData><DataStructureId>62</DataStructureId><ProcessDefId>4</ProcessDefId><ExtMethodIndex>36</ExtMethodIndex><Name>COSTCENTER</Name><Type>10</Type><ParentIndex>34</ParentIndex><ClassName></ClassName><Unbounded>N</Unbounded>
	</RowData>
	<RowData><DataStructureId>63</DataStructureId><ProcessDefId>4</ProcessDefId><ExtMethodIndex>36</ExtMethodIndex><Name>ORDERID</Name><Type>10</Type><ParentIndex>34</ParentIndex><ClassName></ClassName><Unbounded>N</Unbounded>
	</RowData>
	<RowData><DataStructureId>64</DataStructureId><ProcessDefId>4</ProcessDefId><ExtMethodIndex>36</ExtMethodIndex><Name>ORDER_ITNO</Name><Type>3</Type><ParentIndex>34</ParentIndex><ClassName></ClassName><Unbounded>N</Unbounded>
	</RowData>
	<RowData><DataStructureId>65</DataStructureId><ProcessDefId>4</ProcessDefId><ExtMethodIndex>36</ExtMethodIndex><Name>CALC_MOTIVE</Name><Type>10</Type><ParentIndex>34</ParentIndex><ClassName></ClassName><Unbounded>N</Unbounded>
	</RowData>
	<RowData><DataStructureId>66</DataStructureId><ProcessDefId>4</ProcessDefId><ExtMethodIndex>36</ExtMethodIndex><Name>ASSET_NO</Name><Type>10</Type><ParentIndex>34</ParentIndex><ClassName></ClassName><Unbounded>N</Unbounded>
	</RowData>
	<RowData><DataStructureId>67</DataStructureId><ProcessDefId>4</ProcessDefId><ExtMethodIndex>36</ExtMethodIndex><Name>SUB_NUMBER</Name><Type>10</Type><ParentIndex>34</ParentIndex><ClassName></ClassName><Unbounded>N</Unbounded>
	</RowData>
	<RowData><DataStructureId>68</DataStructureId><ProcessDefId>4</ProcessDefId><ExtMethodIndex>36</ExtMethodIndex><Name>RESERV_NO</Name><Type>3</Type><ParentIndex>34</ParentIndex><ClassName></ClassName><Unbounded>N</Unbounded>
	</RowData>
	<RowData><DataStructureId>69</DataStructureId><ProcessDefId>4</ProcessDefId><ExtMethodIndex>36</ExtMethodIndex><Name>RES_ITEM</Name><Type>3</Type><ParentIndex>34</ParentIndex><ClassName></ClassName><Unbounded>N</Unbounded>
	</RowData>
	<RowData><DataStructureId>70</DataStructureId><ProcessDefId>4</ProcessDefId><ExtMethodIndex>36</ExtMethodIndex><Name>RES_TYPE</Name><Type>10</Type><ParentIndex>34</ParentIndex><ClassName></ClassName><Unbounded>N</Unbounded>
	</RowData>
	<RowData><DataStructureId>71</DataStructureId><ProcessDefId>4</ProcessDefId><ExtMethodIndex>36</ExtMethodIndex><Name>WITHDRAWN</Name><Type>10</Type><ParentIndex>34</ParentIndex><ClassName></ClassName><Unbounded>N</Unbounded>
	</RowData>
	<RowData><DataStructureId>72</DataStructureId><ProcessDefId>4</ProcessDefId><ExtMethodIndex>36</ExtMethodIndex><Name>MOVE_MAT</Name><Type>10</Type><ParentIndex>34</ParentIndex><ClassName></ClassName><Unbounded>N</Unbounded>
	</RowData>
	<RowData><DataStructureId>73</DataStructureId><ProcessDefId>4</ProcessDefId><ExtMethodIndex>36</ExtMethodIndex><Name>MOVE_PLANT</Name><Type>10</Type><ParentIndex>34</ParentIndex><ClassName></ClassName><Unbounded>N</Unbounded>
	</RowData>
	<RowData><DataStructureId>74</DataStructureId><ProcessDefId>4</ProcessDefId><ExtMethodIndex>36</ExtMethodIndex><Name>MOVE_STLOC</Name><Type>10</Type><ParentIndex>34</ParentIndex><ClassName></ClassName><Unbounded>N</Unbounded>
	</RowData>
	<RowData><DataStructureId>75</DataStructureId><ProcessDefId>4</ProcessDefId><ExtMethodIndex>36</ExtMethodIndex><Name>MOVE_BATCH</Name><Type>10</Type><ParentIndex>34</ParentIndex><ClassName></ClassName><Unbounded>N</Unbounded>
	</RowData>
	<RowData><DataStructureId>76</DataStructureId><ProcessDefId>4</ProcessDefId><ExtMethodIndex>36</ExtMethodIndex><Name>MOVE_VAL_TYPE</Name><Type>10</Type><ParentIndex>34</ParentIndex><ClassName></ClassName><Unbounded>N</Unbounded>
	</RowData>
	<RowData><DataStructureId>77</DataStructureId><ProcessDefId>4</ProcessDefId><ExtMethodIndex>36</ExtMethodIndex><Name>MVT_IND</Name><Type>10</Type><ParentIndex>34</ParentIndex><ClassName></ClassName><Unbounded>N</Unbounded>
	</RowData>
	<RowData><DataStructureId>78</DataStructureId><ProcessDefId>4</ProcessDefId><ExtMethodIndex>36</ExtMethodIndex><Name>MOVE_REAS</Name><Type>3</Type><ParentIndex>34</ParentIndex><ClassName></ClassName><Unbounded>N</Unbounded>
	</RowData>
	<RowData><DataStructureId>79</DataStructureId><ProcessDefId>4</ProcessDefId><ExtMethodIndex>36</ExtMethodIndex><Name>RL_EST_KEY</Name><Type>10</Type><ParentIndex>34</ParentIndex><ClassName></ClassName><Unbounded>N</Unbounded>
	</RowData>
	<RowData><DataStructureId>80</DataStructureId><ProcessDefId>4</ProcessDefId><ExtMethodIndex>36</ExtMethodIndex><Name>REF_DATE</Name><Type>8</Type><ParentIndex>34</ParentIndex><ClassName></ClassName><Unbounded>N</Unbounded>
	</RowData>
	<RowData><DataStructureId>81</DataStructureId><ProcessDefId>4</ProcessDefId><ExtMethodIndex>36</ExtMethodIndex><Name>COST_OBJ</Name><Type>10</Type><ParentIndex>34</ParentIndex><ClassName></ClassName><Unbounded>N</Unbounded>
	</RowData>
	<RowData><DataStructureId>82</DataStructureId><ProcessDefId>4</ProcessDefId><ExtMethodIndex>36</ExtMethodIndex><Name>PROFIT_SEGM_NO</Name><Type>3</Type><ParentIndex>34</ParentIndex><ClassName></ClassName><Unbounded>N</Unbounded>
	</RowData>
	<RowData><DataStructureId>83</DataStructureId><ProcessDefId>4</ProcessDefId><ExtMethodIndex>36</ExtMethodIndex><Name>PROFIT_CTR</Name><Type>10</Type><ParentIndex>34</ParentIndex><ClassName></ClassName><Unbounded>N</Unbounded>
	</RowData>
	<RowData><DataStructureId>84</DataStructureId><ProcessDefId>4</ProcessDefId><ExtMethodIndex>36</ExtMethodIndex><Name>WBS_ELEM</Name><Type>10</Type><ParentIndex>34</ParentIndex><ClassName></ClassName><Unbounded>N</Unbounded>
	</RowData>
	<RowData><DataStructureId>85</DataStructureId><ProcessDefId>4</ProcessDefId><ExtMethodIndex>36</ExtMethodIndex><Name>NETWORK</Name><Type>10</Type><ParentIndex>34</ParentIndex><ClassName></ClassName><Unbounded>N</Unbounded>
	</RowData>
	<RowData><DataStructureId>86</DataStructureId><ProcessDefId>4</ProcessDefId><ExtMethodIndex>36</ExtMethodIndex><Name>ACTIVITY</Name><Type>10</Type><ParentIndex>34</ParentIndex><ClassName></ClassName><Unbounded>N</Unbounded>
	</RowData>
	<RowData><DataStructureId>87</DataStructureId><ProcessDefId>4</ProcessDefId><ExtMethodIndex>36</ExtMethodIndex><Name>PART_ACCT</Name><Type>10</Type><ParentIndex>34</ParentIndex><ClassName></ClassName><Unbounded>N</Unbounded>
	</RowData>
	<RowData><DataStructureId>88</DataStructureId><ProcessDefId>4</ProcessDefId><ExtMethodIndex>36</ExtMethodIndex><Name>AMOUNT_LC</Name><Type>10</Type><ParentIndex>34</ParentIndex><ClassName></ClassName><Unbounded>N</Unbounded>
	</RowData>
	<RowData><DataStructureId>89</DataStructureId><ProcessDefId>4</ProcessDefId><ExtMethodIndex>36</ExtMethodIndex><Name>AMOUNT_SV</Name><Type>10</Type><ParentIndex>34</ParentIndex><ClassName></ClassName><Unbounded>N</Unbounded>
	</RowData>
	<RowData><DataStructureId>90</DataStructureId><ProcessDefId>4</ProcessDefId><ExtMethodIndex>36</ExtMethodIndex><Name>REF_DOC_YR</Name><Type>3</Type><ParentIndex>34</ParentIndex><ClassName></ClassName><Unbounded>N</Unbounded>
	</RowData>
	<RowData><DataStructureId>91</DataStructureId><ProcessDefId>4</ProcessDefId><ExtMethodIndex>36</ExtMethodIndex><Name>REF_DOC</Name><Type>10</Type><ParentIndex>34</ParentIndex><ClassName></ClassName><Unbounded>N</Unbounded>
	</RowData>
	<RowData><DataStructureId>92</DataStructureId><ProcessDefId>4</ProcessDefId><ExtMethodIndex>36</ExtMethodIndex><Name>REF_DOC_IT</Name><Type>3</Type><ParentIndex>34</ParentIndex><ClassName></ClassName><Unbounded>N</Unbounded>
	</RowData>
	<RowData><DataStructureId>93</DataStructureId><ProcessDefId>4</ProcessDefId><ExtMethodIndex>36</ExtMethodIndex><Name>EXPIRYDATE</Name><Type>8</Type><ParentIndex>34</ParentIndex><ClassName></ClassName><Unbounded>N</Unbounded>
	</RowData>
	<RowData><DataStructureId>94</DataStructureId><ProcessDefId>4</ProcessDefId><ExtMethodIndex>36</ExtMethodIndex><Name>PROD_DATE</Name><Type>8</Type><ParentIndex>34</ParentIndex><ClassName></ClassName><Unbounded>N</Unbounded>
	</RowData>
	<RowData><DataStructureId>95</DataStructureId><ProcessDefId>4</ProcessDefId><ExtMethodIndex>36</ExtMethodIndex><Name>FUND</Name><Type>10</Type><ParentIndex>34</ParentIndex><ClassName></ClassName><Unbounded>N</Unbounded>
	</RowData>
	<RowData><DataStructureId>96</DataStructureId><ProcessDefId>4</ProcessDefId><ExtMethodIndex>36</ExtMethodIndex><Name>FUNDS_CTR</Name><Type>10</Type><ParentIndex>34</ParentIndex><ClassName></ClassName><Unbounded>N</Unbounded>
	</RowData>
	<RowData><DataStructureId>97</DataStructureId><ProcessDefId>4</ProcessDefId><ExtMethodIndex>36</ExtMethodIndex><Name>CMMT_ITEM</Name><Type>10</Type><ParentIndex>34</ParentIndex><ClassName></ClassName><Unbounded>N</Unbounded>
	</RowData>
	<RowData><DataStructureId>98</DataStructureId><ProcessDefId>4</ProcessDefId><ExtMethodIndex>36</ExtMethodIndex><Name>VAL_SALES_ORD</Name><Type>10</Type><ParentIndex>34</ParentIndex><ClassName></ClassName><Unbounded>N</Unbounded>
	</RowData>
	<RowData><DataStructureId>99</DataStructureId><ProcessDefId>4</ProcessDefId><ExtMethodIndex>36</ExtMethodIndex><Name>VAL_S_ORD_ITEM</Name><Type>3</Type><ParentIndex>34</ParentIndex><ClassName></ClassName><Unbounded>N</Unbounded>
	</RowData>
	<RowData><DataStructureId>100</DataStructureId><ProcessDefId>4</ProcessDefId><ExtMethodIndex>36</ExtMethodIndex><Name>VAL_WBS_ELEM</Name><Type>10</Type><ParentIndex>34</ParentIndex><ClassName></ClassName><Unbounded>N</Unbounded>
	</RowData>
	<RowData><DataStructureId>101</DataStructureId><ProcessDefId>4</ProcessDefId><ExtMethodIndex>36</ExtMethodIndex><Name>GL_ACCOUNT</Name><Type>10</Type><ParentIndex>34</ParentIndex><ClassName></ClassName><Unbounded>N</Unbounded>
	</RowData>
	<RowData><DataStructureId>102</DataStructureId><ProcessDefId>4</ProcessDefId><ExtMethodIndex>36</ExtMethodIndex><Name>IND_PROPOSE_QUANX</Name><Type>10</Type><ParentIndex>34</ParentIndex><ClassName></ClassName><Unbounded>N</Unbounded>
	</RowData>
	<RowData><DataStructureId>103</DataStructureId><ProcessDefId>4</ProcessDefId><ExtMethodIndex>36</ExtMethodIndex><Name>XSTOB</Name><Type>10</Type><ParentIndex>34</ParentIndex><ClassName></ClassName><Unbounded>N</Unbounded>
	</RowData>
	<RowData><DataStructureId>104</DataStructureId><ProcessDefId>4</ProcessDefId><ExtMethodIndex>36</ExtMethodIndex><Name>EAN_UPC</Name><Type>10</Type><ParentIndex>34</ParentIndex><ClassName></ClassName><Unbounded>N</Unbounded>
	</RowData>
	<RowData><DataStructureId>105</DataStructureId><ProcessDefId>4</ProcessDefId><ExtMethodIndex>36</ExtMethodIndex><Name>DELIV_NUMB_TO_SEARCH</Name><Type>10</Type><ParentIndex>34</ParentIndex><ClassName></ClassName><Unbounded>N</Unbounded>
	</RowData>
	<RowData><DataStructureId>106</DataStructureId><ProcessDefId>4</ProcessDefId><ExtMethodIndex>36</ExtMethodIndex><Name>DELIV_ITEM_TO_SEARCH</Name><Type>3</Type><ParentIndex>34</ParentIndex><ClassName></ClassName><Unbounded>N</Unbounded>
	</RowData>
	<RowData><DataStructureId>107</DataStructureId><ProcessDefId>4</ProcessDefId><ExtMethodIndex>36</ExtMethodIndex><Name>SERIALNO_AUTO_NUMBERASSIGNMENT</Name><Type>10</Type><ParentIndex>34</ParentIndex><ClassName></ClassName><Unbounded>N</Unbounded>
	</RowData>
	<RowData><DataStructureId>108</DataStructureId><ProcessDefId>4</ProcessDefId><ExtMethodIndex>36</ExtMethodIndex><Name>VENDRBATCH</Name><Type>10</Type><ParentIndex>34</ParentIndex><ClassName></ClassName><Unbounded>N</Unbounded>
	</RowData>
	<RowData><DataStructureId>109</DataStructureId><ProcessDefId>4</ProcessDefId><ExtMethodIndex>36</ExtMethodIndex><Name>STGE_TYPE</Name><Type>10</Type><ParentIndex>34</ParentIndex><ClassName></ClassName><Unbounded>N</Unbounded>
	</RowData>
	<RowData><DataStructureId>110</DataStructureId><ProcessDefId>4</ProcessDefId><ExtMethodIndex>36</ExtMethodIndex><Name>STGE_BIN</Name><Type>10</Type><ParentIndex>34</ParentIndex><ClassName></ClassName><Unbounded>N</Unbounded>
	</RowData>
	<RowData><DataStructureId>111</DataStructureId><ProcessDefId>4</ProcessDefId><ExtMethodIndex>36</ExtMethodIndex><Name>SU_PL_STCK_1</Name><Type>10</Type><ParentIndex>34</ParentIndex><ClassName></ClassName><Unbounded>N</Unbounded>
	</RowData>
</PMWDataStructureTable_4>