<PMWDataStructureTable_1>
	<RowData><DataStructureId>151</DataStructureId><ProcessDefId>4</ProcessDefId><ExtMethodIndex>35</ExtMethodIndex><Name>TO_ORDER</Name><Type>10</Type><ParentIndex>132</ParentIndex><ClassName></ClassName><Unbounded>N</Unbounded>
	</RowData>
	<RowData><DataStructureId>152</DataStructureId><ProcessDefId>4</ProcessDefId><ExtMethodIndex>35</ExtMethodIndex><Name>TO_PROJECT</Name><Type>10</Type><ParentIndex>132</ParentIndex><ClassName></ClassName><Unbounded>N</Unbounded>
	</RowData>
	<RowData><DataStructureId>153</DataStructureId><ProcessDefId>4</ProcessDefId><ExtMethodIndex>35</ExtMethodIndex><Name>COST_OBJ</Name><Type>10</Type><ParentIndex>132</ParentIndex><ClassName></ClassName><Unbounded>N</Unbounded>
	</RowData>
	<RowData><DataStructureId>154</DataStructureId><ProcessDefId>4</ProcessDefId><ExtMethodIndex>35</ExtMethodIndex><Name>PROF_SEGM</Name><Type>3</Type><ParentIndex>132</ParentIndex><ClassName></ClassName><Unbounded>N</Unbounded>
	</RowData>
	<RowData><DataStructureId>155</DataStructureId><ProcessDefId>4</ProcessDefId><ExtMethodIndex>35</ExtMethodIndex><Name>PROFIT_CTR</Name><Type>10</Type><ParentIndex>132</ParentIndex><ClassName></ClassName><Unbounded>N</Unbounded>
	</RowData>
	<RowData><DataStructureId>156</DataStructureId><ProcessDefId>4</ProcessDefId><ExtMethodIndex>35</ExtMethodIndex><Name>WBS_ELEM_E</Name><Type>10</Type><ParentIndex>132</ParentIndex><ClassName></ClassName><Unbounded>N</Unbounded>
	</RowData>
	<RowData><DataStructureId>157</DataStructureId><ProcessDefId>4</ProcessDefId><ExtMethodIndex>35</ExtMethodIndex><Name>NETWORK</Name><Type>10</Type><ParentIndex>132</ParentIndex><ClassName></ClassName><Unbounded>N</Unbounded>
	</RowData>
	<RowData><DataStructureId>158</DataStructureId><ProcessDefId>4</ProcessDefId><ExtMethodIndex>35</ExtMethodIndex><Name>ROUTING_NO</Name><Type>3</Type><ParentIndex>132</ParentIndex><ClassName></ClassName><Unbounded>N</Unbounded>
	</RowData>
	<RowData><DataStructureId>159</DataStructureId><ProcessDefId>4</ProcessDefId><ExtMethodIndex>35</ExtMethodIndex><Name>RL_EST_KEY</Name><Type>10</Type><ParentIndex>132</ParentIndex><ClassName></ClassName><Unbounded>N</Unbounded>
	</RowData>
	<RowData><DataStructureId>160</DataStructureId><ProcessDefId>4</ProcessDefId><ExtMethodIndex>35</ExtMethodIndex><Name>COUNTER</Name><Type>3</Type><ParentIndex>132</ParentIndex><ClassName></ClassName><Unbounded>N</Unbounded>
	</RowData>
	<RowData><DataStructureId>161</DataStructureId><ProcessDefId>4</ProcessDefId><ExtMethodIndex>35</ExtMethodIndex><Name>PART_ACCT</Name><Type>10</Type><ParentIndex>132</ParentIndex><ClassName></ClassName><Unbounded>N</Unbounded>
	</RowData>
	<RowData><DataStructureId>162</DataStructureId><ProcessDefId>4</ProcessDefId><ExtMethodIndex>35</ExtMethodIndex><Name>CMMT_ITEM</Name><Type>10</Type><ParentIndex>132</ParentIndex><ClassName></ClassName><Unbounded>N</Unbounded>
	</RowData>
	<RowData><DataStructureId>163</DataStructureId><ProcessDefId>4</ProcessDefId><ExtMethodIndex>35</ExtMethodIndex><Name>REC_IND</Name><Type>10</Type><ParentIndex>132</ParentIndex><ClassName></ClassName><Unbounded>N</Unbounded>
	</RowData>
	<RowData><DataStructureId>164</DataStructureId><ProcessDefId>4</ProcessDefId><ExtMethodIndex>35</ExtMethodIndex><Name>FUNDS_CTR</Name><Type>10</Type><ParentIndex>132</ParentIndex><ClassName></ClassName><Unbounded>N</Unbounded>
	</RowData>
	<RowData><DataStructureId>165</DataStructureId><ProcessDefId>4</ProcessDefId><ExtMethodIndex>35</ExtMethodIndex><Name>FUND</Name><Type>10</Type><ParentIndex>132</ParentIndex><ClassName></ClassName><Unbounded>N</Unbounded>
	</RowData>
	<RowData><DataStructureId>166</DataStructureId><ProcessDefId>4</ProcessDefId><ExtMethodIndex>35</ExtMethodIndex><Name>FUNC_AREA</Name><Type>10</Type><ParentIndex>132</ParentIndex><ClassName></ClassName><Unbounded>N</Unbounded>
	</RowData>
	<RowData><DataStructureId>167</DataStructureId><ProcessDefId>4</ProcessDefId><ExtMethodIndex>35</ExtMethodIndex><Name>REF_DATE</Name><Type>8</Type><ParentIndex>132</ParentIndex><ClassName></ClassName><Unbounded>N</Unbounded>
	</RowData>
	<RowData><DataStructureId>168</DataStructureId><ProcessDefId>4</ProcessDefId><ExtMethodIndex>35</ExtMethodIndex><Name>ACTIVITY</Name><Type>10</Type><ParentIndex>132</ParentIndex><ClassName></ClassName><Unbounded>N</Unbounded>
	</RowData>
	<RowData><DataStructureId>169</DataStructureId><ProcessDefId>4</ProcessDefId><ExtMethodIndex>35</ExtMethodIndex><Name>GRANT_NBR</Name><Type>10</Type><ParentIndex>132</ParentIndex><ClassName></ClassName><Unbounded>N</Unbounded>
	</RowData>
	<RowData><DataStructureId>170</DataStructureId><ProcessDefId>4</ProcessDefId><ExtMethodIndex>35</ExtMethodIndex><Name>CMMT_ITEM_LONG</Name><Type>10</Type><ParentIndex>132</ParentIndex><ClassName></ClassName><Unbounded>N</Unbounded>
	</RowData>
	<RowData><DataStructureId>171</DataStructureId><ProcessDefId>4</ProcessDefId><ExtMethodIndex>35</ExtMethodIndex><Name>FUNC_AREA_LONG</Name><Type>10</Type><ParentIndex>132</ParentIndex><ClassName></ClassName><Unbounded>N</Unbounded>
	</RowData>
	<RowData><DataStructureId>172</DataStructureId><ProcessDefId>4</ProcessDefId><ExtMethodIndex>35</ExtMethodIndex><Name>FUNDS_RES</Name><Type>10</Type><ParentIndex>132</ParentIndex><ClassName></ClassName><Unbounded>N</Unbounded>
	</RowData>
	<RowData><DataStructureId>173</DataStructureId><ProcessDefId>4</ProcessDefId><ExtMethodIndex>35</ExtMethodIndex><Name>RES_ITEM</Name><Type>3</Type><ParentIndex>132</ParentIndex><ClassName></ClassName><Unbounded>N</Unbounded>
	</RowData>
	<RowData><DataStructureId>174</DataStructureId><ProcessDefId>4</ProcessDefId><ExtMethodIndex>35</ExtMethodIndex><Name>BUDGET_PERIOD</Name><Type>10</Type><ParentIndex>132</ParentIndex><ClassName></ClassName><Unbounded>N</Unbounded>
	</RowData>
	<RowData><DataStructureId>175</DataStructureId><ProcessDefId>4</ProcessDefId><ExtMethodIndex>35</ExtMethodIndex><Name>PO_HEADER_TEXTS</Name><Type>11</Type><ParentIndex>0</ParentIndex><ClassName>BAPIEKKOTX</ClassName><Unbounded>Y</Unbounded>
	</RowData>
	<RowData><DataStructureId>176</DataStructureId><ProcessDefId>4</ProcessDefId><ExtMethodIndex>35</ExtMethodIndex><Name>PO_NUMBER</Name><Type>10</Type><ParentIndex>175</ParentIndex><ClassName></ClassName><Unbounded>N</Unbounded>
	</RowData>
	<RowData><DataStructureId>177</DataStructureId><ProcessDefId>4</ProcessDefId><ExtMethodIndex>35</ExtMethodIndex><Name>TEXT_ID</Name><Type>10</Type><ParentIndex>175</ParentIndex><ClassName></ClassName><Unbounded>N</Unbounded>
	</RowData>
	<RowData><DataStructureId>178</DataStructureId><ProcessDefId>4</ProcessDefId><ExtMethodIndex>35</ExtMethodIndex><Name>TEXT_FORM</Name><Type>10</Type><ParentIndex>175</ParentIndex><ClassName></ClassName><Unbounded>N</Unbounded>
	</RowData>
	<RowData><DataStructureId>179</DataStructureId><ProcessDefId>4</ProcessDefId><ExtMethodIndex>35</ExtMethodIndex><Name>TEXT_LINE</Name><Type>10</Type><ParentIndex>175</ParentIndex><ClassName></ClassName><Unbounded>N</Unbounded>
	</RowData>
	<RowData><DataStructureId>180</DataStructureId><ProcessDefId>4</ProcessDefId><ExtMethodIndex>35</ExtMethodIndex><Name>PO_ITEMS</Name><Type>11</Type><ParentIndex>0</ParentIndex><ClassName>BAPIEKPO</ClassName><Unbounded>Y</Unbounded>
	</RowData>
	<RowData><DataStructureId>181</DataStructureId><ProcessDefId>4</ProcessDefId><ExtMethodIndex>35</ExtMethodIndex><Name>PO_NUMBER</Name><Type>10</Type><ParentIndex>180</ParentIndex><ClassName></ClassName><Unbounded>N</Unbounded>
	</RowData>
	<RowData><DataStructureId>182</DataStructureId><ProcessDefId>4</ProcessDefId><ExtMethodIndex>35</ExtMethodIndex><Name>PO_ITEM</Name><Type>3</Type><ParentIndex>180</ParentIndex><ClassName></ClassName><Unbounded>N</Unbounded>
	</RowData>
	<RowData><DataStructureId>183</DataStructureId><ProcessDefId>4</ProcessDefId><ExtMethodIndex>35</ExtMethodIndex><Name>DELETE_IND</Name><Type>10</Type><ParentIndex>180</ParentIndex><ClassName></ClassName><Unbounded>N</Unbounded>
	</RowData>
	<RowData><DataStructureId>184</DataStructureId><ProcessDefId>4</ProcessDefId><ExtMethodIndex>35</ExtMethodIndex><Name>STATUS</Name><Type>10</Type><ParentIndex>180</ParentIndex><ClassName></ClassName><Unbounded>N</Unbounded>
	</RowData>
	<RowData><DataStructureId>185</DataStructureId><ProcessDefId>4</ProcessDefId><ExtMethodIndex>35</ExtMethodIndex><Name>CHANGED_ON</Name><Type>8</Type><ParentIndex>180</ParentIndex><ClassName></ClassName><Unbounded>N</Unbounded>
	</RowData>
	<RowData><DataStructureId>186</DataStructureId><ProcessDefId>4</ProcessDefId><ExtMethodIndex>35</ExtMethodIndex><Name>SHORT_TEXT</Name><Type>10</Type><ParentIndex>180</ParentIndex><ClassName></ClassName><Unbounded>N</Unbounded>
	</RowData>
	<RowData><DataStructureId>187</DataStructureId><ProcessDefId>4</ProcessDefId><ExtMethodIndex>35</ExtMethodIndex><Name>MATERIAL</Name><Type>10</Type><ParentIndex>180</ParentIndex><ClassName></ClassName><Unbounded>N</Unbounded>
	</RowData>
	<RowData><DataStructureId>188</DataStructureId><ProcessDefId>4</ProcessDefId><ExtMethodIndex>35</ExtMethodIndex><Name>PUR_MAT</Name><Type>10</Type><ParentIndex>180</ParentIndex><ClassName></ClassName><Unbounded>N</Unbounded>
	</RowData>
	<RowData><DataStructureId>189</DataStructureId><ProcessDefId>4</ProcessDefId><ExtMethodIndex>35</ExtMethodIndex><Name>CO_CODE</Name><Type>10</Type><ParentIndex>180</ParentIndex><ClassName></ClassName><Unbounded>N</Unbounded>
	</RowData>
	<RowData><DataStructureId>190</DataStructureId><ProcessDefId>4</ProcessDefId><ExtMethodIndex>35</ExtMethodIndex><Name>PLANT</Name><Type>10</Type><ParentIndex>180</ParentIndex><ClassName></ClassName><Unbounded>N</Unbounded>
	</RowData>
	<RowData><DataStructureId>191</DataStructureId><ProcessDefId>4</ProcessDefId><ExtMethodIndex>35</ExtMethodIndex><Name>STORE_LOC</Name><Type>10</Type><ParentIndex>180</ParentIndex><ClassName></ClassName><Unbounded>N</Unbounded>
	</RowData>
	<RowData><DataStructureId>192</DataStructureId><ProcessDefId>4</ProcessDefId><ExtMethodIndex>35</ExtMethodIndex><Name>TRACKINGNO</Name><Type>10</Type><ParentIndex>180</ParentIndex><ClassName></ClassName><Unbounded>N</Unbounded>
	</RowData>
	<RowData><DataStructureId>193</DataStructureId><ProcessDefId>4</ProcessDefId><ExtMethodIndex>35</ExtMethodIndex><Name>MAT_GRP</Name><Type>10</Type><ParentIndex>180</ParentIndex><ClassName></ClassName><Unbounded>N</Unbounded>
	</RowData>
	<RowData><DataStructureId>194</DataStructureId><ProcessDefId>4</ProcessDefId><ExtMethodIndex>35</ExtMethodIndex><Name>INFO_REC</Name><Type>10</Type><ParentIndex>180</ParentIndex><ClassName></ClassName><Unbounded>N</Unbounded>
	</RowData>
	<RowData><DataStructureId>195</DataStructureId><ProcessDefId>4</ProcessDefId><ExtMethodIndex>35</ExtMethodIndex><Name>VEND_MAT</Name><Type>10</Type><ParentIndex>180</ParentIndex><ClassName></ClassName><Unbounded>N</Unbounded>
	</RowData>
	<RowData><DataStructureId>196</DataStructureId><ProcessDefId>4</ProcessDefId><ExtMethodIndex>35</ExtMethodIndex><Name>TARGET_QTY</Name><Type>10</Type><ParentIndex>180</ParentIndex><ClassName></ClassName><Unbounded>N</Unbounded>
	</RowData>
	<RowData><DataStructureId>197</DataStructureId><ProcessDefId>4</ProcessDefId><ExtMethodIndex>35</ExtMethodIndex><Name>QUANTITY</Name><Type>10</Type><ParentIndex>180</ParentIndex><ClassName></ClassName><Unbounded>N</Unbounded>
	</RowData>
	<RowData><DataStructureId>198</DataStructureId><ProcessDefId>4</ProcessDefId><ExtMethodIndex>35</ExtMethodIndex><Name>UNIT</Name><Type>10</Type><ParentIndex>180</ParentIndex><ClassName></ClassName><Unbounded>N</Unbounded>
	</RowData>
	<RowData><DataStructureId>199</DataStructureId><ProcessDefId>4</ProcessDefId><ExtMethodIndex>35</ExtMethodIndex><Name>ORDERPR_UN</Name><Type>10</Type><ParentIndex>180</ParentIndex><ClassName></ClassName><Unbounded>N</Unbounded>
	</RowData>
	<RowData><DataStructureId>200</DataStructureId><ProcessDefId>4</ProcessDefId><ExtMethodIndex>35</ExtMethodIndex><Name>CONV_NUM1</Name><Type>10</Type><ParentIndex>180</ParentIndex><ClassName></ClassName><Unbounded>N</Unbounded>
	</RowData>
	<RowData><DataStructureId>201</DataStructureId><ProcessDefId>4</ProcessDefId><ExtMethodIndex>35</ExtMethodIndex><Name>CONV_DEN1</Name><Type>10</Type><ParentIndex>180</ParentIndex><ClassName></ClassName><Unbounded>N</Unbounded>
	</RowData>
	<RowData><DataStructureId>202</DataStructureId><ProcessDefId>4</ProcessDefId><ExtMethodIndex>35</ExtMethodIndex><Name>CONV_NUM2</Name><Type>10</Type><ParentIndex>180</ParentIndex><ClassName></ClassName><Unbounded>N</Unbounded>
	</RowData>
	<RowData><DataStructureId>203</DataStructureId><ProcessDefId>4</ProcessDefId><ExtMethodIndex>35</ExtMethodIndex><Name>CONV_DEN2</Name><Type>10</Type><ParentIndex>180</ParentIndex><ClassName></ClassName><Unbounded>N</Unbounded>
	</RowData>
	<RowData><DataStructureId>204</DataStructureId><ProcessDefId>4</ProcessDefId><ExtMethodIndex>35</ExtMethodIndex><Name>NET_PRICE</Name><Type>10</Type><ParentIndex>180</ParentIndex><ClassName></ClassName><Unbounded>N</Unbounded>
	</RowData>
	<RowData><DataStructureId>205</DataStructureId><ProcessDefId>4</ProcessDefId><ExtMethodIndex>35</ExtMethodIndex><Name>PRICE_UNIT</Name><Type>10</Type><ParentIndex>180</ParentIndex><ClassName></ClassName><Unbounded>N</Unbounded>
	</RowData>
	<RowData><DataStructureId>206</DataStructureId><ProcessDefId>4</ProcessDefId><ExtMethodIndex>35</ExtMethodIndex><Name>NET_VALUE</Name><Type>10</Type><ParentIndex>180</ParentIndex><ClassName></ClassName><Unbounded>N</Unbounded>
	</RowData>
	<RowData><DataStructureId>207</DataStructureId><ProcessDefId>4</ProcessDefId><ExtMethodIndex>35</ExtMethodIndex><Name>GROS_VALUE</Name><Type>10</Type><ParentIndex>180</ParentIndex><ClassName></ClassName><Unbounded>N</Unbounded>
	</RowData>
	<RowData><DataStructureId>208</DataStructureId><ProcessDefId>4</ProcessDefId><ExtMethodIndex>35</ExtMethodIndex><Name>QUOT_DEAD</Name><Type>8</Type><ParentIndex>180</ParentIndex><ClassName></ClassName><Unbounded>N</Unbounded>
	</RowData>
	<RowData><DataStructureId>209</DataStructureId><ProcessDefId>4</ProcessDefId><ExtMethodIndex>35</ExtMethodIndex><Name>GR_PR_TIME</Name><Type>10</Type><ParentIndex>180</ParentIndex><ClassName></ClassName><Unbounded>N</Unbounded>
	</RowData>
	<RowData><DataStructureId>210</DataStructureId><ProcessDefId>4</ProcessDefId><ExtMethodIndex>35</ExtMethodIndex><Name>TAX_CODE</Name><Type>10</Type><ParentIndex>180</ParentIndex><ClassName></ClassName><Unbounded>N</Unbounded>
	</RowData>
	<RowData><DataStructureId>211</DataStructureId><ProcessDefId>4</ProcessDefId><ExtMethodIndex>35</ExtMethodIndex><Name>SETT_GRP1</Name><Type>10</Type><ParentIndex>180</ParentIndex><ClassName></ClassName><Unbounded>N</Unbounded>
	</RowData>
	<RowData><DataStructureId>212</DataStructureId><ProcessDefId>4</ProcessDefId><ExtMethodIndex>35</ExtMethodIndex><Name>QUAL_INSP</Name><Type>10</Type><ParentIndex>180</ParentIndex><ClassName></ClassName><Unbounded>N</Unbounded>
	</RowData>
	<RowData><DataStructureId>213</DataStructureId><ProcessDefId>4</ProcessDefId><ExtMethodIndex>35</ExtMethodIndex><Name>INFO_UPD</Name><Type>10</Type><ParentIndex>180</ParentIndex><ClassName></ClassName><Unbounded>N</Unbounded>
	</RowData>
	<RowData><DataStructureId>214</DataStructureId><ProcessDefId>4</ProcessDefId><ExtMethodIndex>35</ExtMethodIndex><Name>PRNT_PRICE</Name><Type>10</Type><ParentIndex>180</ParentIndex><ClassName></ClassName><Unbounded>N</Unbounded>
	</RowData>
	<RowData><DataStructureId>215</DataStructureId><ProcessDefId>4</ProcessDefId><ExtMethodIndex>35</ExtMethodIndex><Name>EST_PRICE</Name><Type>10</Type><ParentIndex>180</ParentIndex><ClassName></ClassName><Unbounded>N</Unbounded>
	</RowData>
	<RowData><DataStructureId>216</DataStructureId><ProcessDefId>4</ProcessDefId><ExtMethodIndex>35</ExtMethodIndex><Name>NUM_REMIND</Name><Type>10</Type><ParentIndex>180</ParentIndex><ClassName></ClassName><Unbounded>N</Unbounded>
	</RowData>
	<RowData><DataStructureId>217</DataStructureId><ProcessDefId>4</ProcessDefId><ExtMethodIndex>35</ExtMethodIndex><Name>REMINDER1</Name><Type>10</Type><ParentIndex>180</ParentIndex><ClassName></ClassName><Unbounded>N</Unbounded>
	</RowData>
	<RowData><DataStructureId>218</DataStructureId><ProcessDefId>4</ProcessDefId><ExtMethodIndex>35</ExtMethodIndex><Name>REMINDER2</Name><Type>10</Type><ParentIndex>180</ParentIndex><ClassName></ClassName><Unbounded>N</Unbounded>
	</RowData>
	<RowData><DataStructureId>219</DataStructureId><ProcessDefId>4</ProcessDefId><ExtMethodIndex>35</ExtMethodIndex><Name>REMINDER3</Name><Type>10</Type><ParentIndex>180</ParentIndex><ClassName></ClassName><Unbounded>N</Unbounded>
	</RowData>
	<RowData><DataStructureId>220</DataStructureId><ProcessDefId>4</ProcessDefId><ExtMethodIndex>35</ExtMethodIndex><Name>OVERDELTOL</Name><Type>10</Type><ParentIndex>180</ParentIndex><ClassName></ClassName><Unbounded>N</Unbounded>
	</RowData>
	<RowData><DataStructureId>221</DataStructureId><ProcessDefId>4</ProcessDefId><ExtMethodIndex>35</ExtMethodIndex><Name>UNLIMITED</Name><Type>10</Type><ParentIndex>180</ParentIndex><ClassName></ClassName><Unbounded>N</Unbounded>
	</RowData>
	<RowData><DataStructureId>222</DataStructureId><ProcessDefId>4</ProcessDefId><ExtMethodIndex>35</ExtMethodIndex><Name>UNDER_TOL</Name><Type>10</Type><ParentIndex>180</ParentIndex><ClassName></ClassName><Unbounded>N</Unbounded>
	</RowData>
	<RowData><DataStructureId>223</DataStructureId><ProcessDefId>4</ProcessDefId><ExtMethodIndex>35</ExtMethodIndex><Name>VAL_TYPE</Name><Type>10</Type><ParentIndex>180</ParentIndex><ClassName></ClassName><Unbounded>N</Unbounded>
	</RowData>
	<RowData><DataStructureId>224</DataStructureId><ProcessDefId>4</ProcessDefId><ExtMethodIndex>35</ExtMethodIndex><Name>VAL_CAT</Name><Type>10</Type><ParentIndex>180</ParentIndex><ClassName></ClassName><Unbounded>N</Unbounded>
	</RowData>
	<RowData><DataStructureId>225</DataStructureId><ProcessDefId>4</ProcessDefId><ExtMethodIndex>35</ExtMethodIndex><Name>REJ_IND</Name><Type>10</Type><ParentIndex>180</ParentIndex><ClassName></ClassName><Unbounded>N</Unbounded>
	</RowData>
	<RowData><DataStructureId>226</DataStructureId><ProcessDefId>4</ProcessDefId><ExtMethodIndex>35</ExtMethodIndex><Name>COMMENT</Name><Type>10</Type><ParentIndex>180</ParentIndex><ClassName></ClassName><Unbounded>N</Unbounded>
	</RowData>
	<RowData><DataStructureId>227</DataStructureId><ProcessDefId>4</ProcessDefId><ExtMethodIndex>35</ExtMethodIndex><Name>DEL_COMPL</Name><Type>10</Type><ParentIndex>180</ParentIndex><ClassName></ClassName><Unbounded>N</Unbounded>
	</RowData>
	<RowData><DataStructureId>228</DataStructureId><ProcessDefId>4</ProcessDefId><ExtMethodIndex>35</ExtMethodIndex><Name>FINAL_INV</Name><Type>10</Type><ParentIndex>180</ParentIndex><ClassName></ClassName><Unbounded>N</Unbounded>
	</RowData>
	<RowData><DataStructureId>229</DataStructureId><ProcessDefId>4</ProcessDefId><ExtMethodIndex>35</ExtMethodIndex><Name>ITEM_CAT</Name><Type>10</Type><ParentIndex>180</ParentIndex><ClassName></ClassName><Unbounded>N</Unbounded>
	</RowData>
	<RowData><DataStructureId>230</DataStructureId><ProcessDefId>4</ProcessDefId><ExtMethodIndex>35</ExtMethodIndex><Name>ACCTASSCAT</Name><Type>10</Type><ParentIndex>180</ParentIndex><ClassName></ClassName><Unbounded>N</Unbounded>
	</RowData>
	<RowData><DataStructureId>231</DataStructureId><ProcessDefId>4</ProcessDefId><ExtMethodIndex>35</ExtMethodIndex><Name>CONSUMPT</Name><Type>10</Type><ParentIndex>180</ParentIndex><ClassName></ClassName><Unbounded>N</Unbounded>
	</RowData>
	<RowData><DataStructureId>232</DataStructureId><ProcessDefId>4</ProcessDefId><ExtMethodIndex>35</ExtMethodIndex><Name>DISTRIB</Name><Type>10</Type><ParentIndex>180</ParentIndex><ClassName></ClassName><Unbounded>N</Unbounded>
	</RowData>
	<RowData><DataStructureId>233</DataStructureId><ProcessDefId>4</ProcessDefId><ExtMethodIndex>35</ExtMethodIndex><Name>PART_INV</Name><Type>10</Type><ParentIndex>180</ParentIndex><ClassName></ClassName><Unbounded>N</Unbounded>
	</RowData>
	<RowData><DataStructureId>234</DataStructureId><ProcessDefId>4</ProcessDefId><ExtMethodIndex>35</ExtMethodIndex><Name>GR_IND</Name><Type>10</Type><ParentIndex>180</ParentIndex><ClassName></ClassName><Unbounded>N</Unbounded>
	</RowData>
	<RowData><DataStructureId>235</DataStructureId><ProcessDefId>4</ProcessDefId><ExtMethodIndex>35</ExtMethodIndex><Name>GR_NON_VAL</Name><Type>10</Type><ParentIndex>180</ParentIndex><ClassName></ClassName><Unbounded>N</Unbounded>
	</RowData>
	<RowData><DataStructureId>236</DataStructureId><ProcessDefId>4</ProcessDefId><ExtMethodIndex>35</ExtMethodIndex><Name>IR_IND</Name><Type>10</Type><ParentIndex>180</ParentIndex><ClassName></ClassName><Unbounded>N</Unbounded>
	</RowData>
	<RowData><DataStructureId>237</DataStructureId><ProcessDefId>4</ProcessDefId><ExtMethodIndex>35</ExtMethodIndex><Name>GR_BASEDIV</Name><Type>10</Type><ParentIndex>180</ParentIndex><ClassName></ClassName><Unbounded>N</Unbounded>
	</RowData>
	<RowData><DataStructureId>238</DataStructureId><ProcessDefId>4</ProcessDefId><ExtMethodIndex>35</ExtMethodIndex><Name>ACKN_REQD</Name><Type>10</Type><ParentIndex>180</ParentIndex><ClassName></ClassName><Unbounded>N</Unbounded>
	</RowData>
	<RowData><DataStructureId>239</DataStructureId><ProcessDefId>4</ProcessDefId><ExtMethodIndex>35</ExtMethodIndex><Name>ACKNOWL_NO</Name><Type>10</Type><ParentIndex>180</ParentIndex><ClassName></ClassName><Unbounded>N</Unbounded>
	</RowData>
	<RowData><DataStructureId>240</DataStructureId><ProcessDefId>4</ProcessDefId><ExtMethodIndex>35</ExtMethodIndex><Name>AGREEMENT</Name><Type>10</Type><ParentIndex>180</ParentIndex><ClassName></ClassName><Unbounded>N</Unbounded>
	</RowData>
	<RowData><DataStructureId>241</DataStructureId><ProcessDefId>4</ProcessDefId><ExtMethodIndex>35</ExtMethodIndex><Name>AGMT_ITEM</Name><Type>3</Type><ParentIndex>180</ParentIndex><ClassName></ClassName><Unbounded>N</Unbounded>
	</RowData>
	<RowData><DataStructureId>242</DataStructureId><ProcessDefId>4</ProcessDefId><ExtMethodIndex>35</ExtMethodIndex><Name>RECON_DATE</Name><Type>8</Type><ParentIndex>180</ParentIndex><ClassName></ClassName><Unbounded>N</Unbounded>
	</RowData>
	<RowData><DataStructureId>243</DataStructureId><ProcessDefId>4</ProcessDefId><ExtMethodIndex>35</ExtMethodIndex><Name>AGRCUMQTY</Name><Type>10</Type><ParentIndex>180</ParentIndex><ClassName></ClassName><Unbounded>N</Unbounded>
	</RowData>
	<RowData><DataStructureId>244</DataStructureId><ProcessDefId>4</ProcessDefId><ExtMethodIndex>35</ExtMethodIndex><Name>FIRM_ZONE</Name><Type>10</Type><ParentIndex>180</ParentIndex><ClassName></ClassName><Unbounded>N</Unbounded>
	</RowData>
	<RowData><DataStructureId>245</DataStructureId><ProcessDefId>4</ProcessDefId><ExtMethodIndex>35</ExtMethodIndex><Name>TRADE_OFF</Name><Type>10</Type><ParentIndex>180</ParentIndex><ClassName></ClassName><Unbounded>N</Unbounded>
	</RowData>
	<RowData><DataStructureId>246</DataStructureId><ProcessDefId>4</ProcessDefId><ExtMethodIndex>35</ExtMethodIndex><Name>BOM_EXPL</Name><Type>10</Type><ParentIndex>180</ParentIndex><ClassName></ClassName><Unbounded>N</Unbounded>
	</RowData>
	<RowData><DataStructureId>247</DataStructureId><ProcessDefId>4</ProcessDefId><ExtMethodIndex>35</ExtMethodIndex><Name>EXCLUSION</Name><Type>10</Type><ParentIndex>180</ParentIndex><ClassName></ClassName><Unbounded>N</Unbounded>
	</RowData>
	<RowData><DataStructureId>248</DataStructureId><ProcessDefId>4</ProcessDefId><ExtMethodIndex>35</ExtMethodIndex><Name>BASE_UNIT</Name><Type>10</Type><ParentIndex>180</ParentIndex><ClassName></ClassName><Unbounded>N</Unbounded>
	</RowData>
	<RowData><DataStructureId>249</DataStructureId><ProcessDefId>4</ProcessDefId><ExtMethodIndex>35</ExtMethodIndex><Name>SHIPPING</Name><Type>10</Type><ParentIndex>180</ParentIndex><ClassName></ClassName><Unbounded>N</Unbounded>
	</RowData>
	<RowData><DataStructureId>250</DataStructureId><ProcessDefId>4</ProcessDefId><ExtMethodIndex>35</ExtMethodIndex><Name>OUTL_TARGV</Name><Type>10</Type><ParentIndex>180</ParentIndex><ClassName></ClassName><Unbounded>N</Unbounded>
	</RowData>
	<RowData><DataStructureId>251</DataStructureId><ProcessDefId>4</ProcessDefId><ExtMethodIndex>35</ExtMethodIndex><Name>NOND_ITAX</Name><Type>10</Type><ParentIndex>180</ParentIndex><ClassName></ClassName><Unbounded>N</Unbounded>
	</RowData>
	<RowData><DataStructureId>252</DataStructureId><ProcessDefId>4</ProcessDefId><ExtMethodIndex>35</ExtMethodIndex><Name>RELORD_QTY</Name><Type>10</Type><ParentIndex>180</ParentIndex><ClassName></ClassName><Unbounded>N</Unbounded>
	</RowData>
	<RowData><DataStructureId>253</DataStructureId><ProcessDefId>4</ProcessDefId><ExtMethodIndex>35</ExtMethodIndex><Name>PRICE_DATE</Name><Type>8</Type><ParentIndex>180</ParentIndex><ClassName></ClassName><Unbounded>N</Unbounded>
	</RowData>
	<RowData><DataStructureId>254</DataStructureId><ProcessDefId>4</ProcessDefId><ExtMethodIndex>35</ExtMethodIndex><Name>DOC_CAT</Name><Type>10</Type><ParentIndex>180</ParentIndex><ClassName></ClassName><Unbounded>N</Unbounded>
	</RowData>
	<RowData><DataStructureId>255</DataStructureId><ProcessDefId>4</ProcessDefId><ExtMethodIndex>35</ExtMethodIndex><Name>EFF_VALUE</Name><Type>10</Type><ParentIndex>180</ParentIndex><ClassName></ClassName><Unbounded>N</Unbounded>
	</RowData>
	<RowData><DataStructureId>256</DataStructureId><ProcessDefId>4</ProcessDefId><ExtMethodIndex>35</ExtMethodIndex><Name>COMMITMENT</Name><Type>10</Type><ParentIndex>180</ParentIndex><ClassName></ClassName><Unbounded>N</Unbounded>
	</RowData>
	<RowData><DataStructureId>257</DataStructureId><ProcessDefId>4</ProcessDefId><ExtMethodIndex>35</ExtMethodIndex><Name>CUSTOMER</Name><Type>10</Type><ParentIndex>180</ParentIndex><ClassName></ClassName><Unbounded>N</Unbounded>
	</RowData>
	<RowData><DataStructureId>258</DataStructureId><ProcessDefId>4</ProcessDefId><ExtMethodIndex>35</ExtMethodIndex><Name>ADDRESS</Name><Type>10</Type><ParentIndex>180</ParentIndex><ClassName></ClassName><Unbounded>N</Unbounded>
	</RowData>
	<RowData><DataStructureId>259</DataStructureId><ProcessDefId>4</ProcessDefId><ExtMethodIndex>35</ExtMethodIndex><Name>COND_GROUP</Name><Type>10</Type><ParentIndex>180</ParentIndex><ClassName></ClassName><Unbounded>N</Unbounded>
	</RowData>
	<RowData><DataStructureId>260</DataStructureId><ProcessDefId>4</ProcessDefId><ExtMethodIndex>35</ExtMethodIndex><Name>NO_C_DISC</Name><Type>10</Type><ParentIndex>180</ParentIndex><ClassName></ClassName><Unbounded>N</Unbounded>
	</RowData>
	<RowData><DataStructureId>261</DataStructureId><ProcessDefId>4</ProcessDefId><ExtMethodIndex>35</ExtMethodIndex><Name>UPDATE_GRP</Name><Type>10</Type><ParentIndex>180</ParentIndex><ClassName></ClassName><Unbounded>N</Unbounded>
	</RowData>
	<RowData><DataStructureId>262</DataStructureId><ProcessDefId>4</ProcessDefId><ExtMethodIndex>35</ExtMethodIndex><Name>PLAN_DEL</Name><Type>10</Type><ParentIndex>180</ParentIndex><ClassName></ClassName><Unbounded>N</Unbounded>
	</RowData>
	<RowData><DataStructureId>263</DataStructureId><ProcessDefId>4</ProcessDefId><ExtMethodIndex>35</ExtMethodIndex><Name>NET_WEIGHT</Name><Type>10</Type><ParentIndex>180</ParentIndex><ClassName></ClassName><Unbounded>N</Unbounded>
	</RowData>
	<RowData><DataStructureId>264</DataStructureId><ProcessDefId>4</ProcessDefId><ExtMethodIndex>35</ExtMethodIndex><Name>WEIGHTUNIT</Name><Type>10</Type><ParentIndex>180</ParentIndex><ClassName></ClassName><Unbounded>N</Unbounded>
	</RowData>
	<RowData><DataStructureId>265</DataStructureId><ProcessDefId>4</ProcessDefId><ExtMethodIndex>35</ExtMethodIndex><Name>TAX_JUR_CD</Name><Type>10</Type><ParentIndex>180</ParentIndex><ClassName></ClassName><Unbounded>N</Unbounded>
	</RowData>
	<RowData><DataStructureId>266</DataStructureId><ProcessDefId>4</ProcessDefId><ExtMethodIndex>35</ExtMethodIndex><Name>PRINT_REL</Name><Type>10</Type><ParentIndex>180</ParentIndex><ClassName></ClassName><Unbounded>N</Unbounded>
	</RowData>
	<RowData><DataStructureId>267</DataStructureId><ProcessDefId>4</ProcessDefId><ExtMethodIndex>35</ExtMethodIndex><Name>SPEC_STOCK</Name><Type>10</Type><ParentIndex>180</ParentIndex><ClassName></ClassName><Unbounded>N</Unbounded>
	</RowData>
	<RowData><DataStructureId>268</DataStructureId><ProcessDefId>4</ProcessDefId><ExtMethodIndex>35</ExtMethodIndex><Name>SETRESERNO</Name><Type>3</Type><ParentIndex>180</ParentIndex><ClassName></ClassName><Unbounded>N</Unbounded>
	</RowData>
	<RowData><DataStructureId>269</DataStructureId><ProcessDefId>4</ProcessDefId><ExtMethodIndex>35</ExtMethodIndex><Name>SETTLITMNO</Name><Type>3</Type><ParentIndex>180</ParentIndex><ClassName></ClassName><Unbounded>N</Unbounded>
	</RowData>
	<RowData><DataStructureId>270</DataStructureId><ProcessDefId>4</ProcessDefId><ExtMethodIndex>35</ExtMethodIndex><Name>NOT_CHGBL</Name><Type>10</Type><ParentIndex>180</ParentIndex><ClassName></ClassName><Unbounded>N</Unbounded>
	</RowData>
	<RowData><DataStructureId>271</DataStructureId><ProcessDefId>4</ProcessDefId><ExtMethodIndex>35</ExtMethodIndex><Name>CTR_KEY_QM</Name><Type>10</Type><ParentIndex>180</ParentIndex><ClassName></ClassName><Unbounded>N</Unbounded>
	</RowData>
	<RowData><DataStructureId>272</DataStructureId><ProcessDefId>4</ProcessDefId><ExtMethodIndex>35</ExtMethodIndex><Name>CERT_TYPE</Name><Type>10</Type><ParentIndex>180</ParentIndex><ClassName></ClassName><Unbounded>N</Unbounded>
	</RowData>
	<RowData><DataStructureId>273</DataStructureId><ProcessDefId>4</ProcessDefId><ExtMethodIndex>35</ExtMethodIndex><Name>EAN_UPC</Name><Type>10</Type><ParentIndex>180</ParentIndex><ClassName></ClassName><Unbounded>N</Unbounded>
	</RowData>
	<RowData><DataStructureId>274</DataStructureId><ProcessDefId>4</ProcessDefId><ExtMethodIndex>35</ExtMethodIndex><Name>CONF_CTRL</Name><Type>10</Type><ParentIndex>180</ParentIndex><ClassName></ClassName><Unbounded>N</Unbounded>
	</RowData>
	<RowData><DataStructureId>275</DataStructureId><ProcessDefId>4</ProcessDefId><ExtMethodIndex>35</ExtMethodIndex><Name>REV_LEV</Name><Type>10</Type><ParentIndex>180</ParentIndex><ClassName></ClassName><Unbounded>N</Unbounded>
	</RowData>
	<RowData><DataStructureId>276</DataStructureId><ProcessDefId>4</ProcessDefId><ExtMethodIndex>35</ExtMethodIndex><Name>FUND</Name><Type>10</Type><ParentIndex>180</ParentIndex><ClassName></ClassName><Unbounded>N</Unbounded>
	</RowData>
	<RowData><DataStructureId>277</DataStructureId><ProcessDefId>4</ProcessDefId><ExtMethodIndex>35</ExtMethodIndex><Name>FUNDS_CTR</Name><Type>10</Type><ParentIndex>180</ParentIndex><ClassName></ClassName><Unbounded>N</Unbounded>
	</RowData>
	<RowData><DataStructureId>278</DataStructureId><ProcessDefId>4</ProcessDefId><ExtMethodIndex>35</ExtMethodIndex><Name>CMMT_ITEM</Name><Type>10</Type><ParentIndex>180</ParentIndex><ClassName></ClassName><Unbounded>N</Unbounded>
	</RowData>
	<RowData><DataStructureId>279</DataStructureId><ProcessDefId>4</ProcessDefId><ExtMethodIndex>35</ExtMethodIndex><Name>BA_PARTNER</Name><Type>10</Type><ParentIndex>180</ParentIndex><ClassName></ClassName><Unbounded>N</Unbounded>
	</RowData>
	<RowData><DataStructureId>280</DataStructureId><ProcessDefId>4</ProcessDefId><ExtMethodIndex>35</ExtMethodIndex><Name>PTR_ASS_BA</Name><Type>10</Type><ParentIndex>180</ParentIndex><ClassName></ClassName><Unbounded>N</Unbounded>
	</RowData>
	<RowData><DataStructureId>281</DataStructureId><ProcessDefId>4</ProcessDefId><ExtMethodIndex>35</ExtMethodIndex><Name>PROFIT_CTR</Name><Type>10</Type><ParentIndex>180</ParentIndex><ClassName></ClassName><Unbounded>N</Unbounded>
	</RowData>
	<RowData><DataStructureId>282</DataStructureId><ProcessDefId>4</ProcessDefId><ExtMethodIndex>35</ExtMethodIndex><Name>PARTNER_PC</Name><Type>10</Type><ParentIndex>180</ParentIndex><ClassName></ClassName><Unbounded>N</Unbounded>
	</RowData>
	<RowData><DataStructureId>283</DataStructureId><ProcessDefId>4</ProcessDefId><ExtMethodIndex>35</ExtMethodIndex><Name>PRICE_CTR</Name><Type>10</Type><ParentIndex>180</ParentIndex><ClassName></ClassName><Unbounded>N</Unbounded>
	</RowData>
	<RowData><DataStructureId>284</DataStructureId><ProcessDefId>4</ProcessDefId><ExtMethodIndex>35</ExtMethodIndex><Name>GROSS_WGHT</Name><Type>10</Type><ParentIndex>180</ParentIndex><ClassName></ClassName><Unbounded>N</Unbounded>
	</RowData>
	<RowData><DataStructureId>285</DataStructureId><ProcessDefId>4</ProcessDefId><ExtMethodIndex>35</ExtMethodIndex><Name>VOLUME</Name><Type>10</Type><ParentIndex>180</ParentIndex><ClassName></ClassName><Unbounded>N</Unbounded>
	</RowData>
	<RowData><DataStructureId>286</DataStructureId><ProcessDefId>4</ProcessDefId><ExtMethodIndex>35</ExtMethodIndex><Name>VOLUMEUNIT</Name><Type>10</Type><ParentIndex>180</ParentIndex><ClassName></ClassName><Unbounded>N</Unbounded>
	</RowData>
	<RowData><DataStructureId>287</DataStructureId><ProcessDefId>4</ProcessDefId><ExtMethodIndex>35</ExtMethodIndex><Name>INCOTERMS1</Name><Type>10</Type><ParentIndex>180</ParentIndex><ClassName></ClassName><Unbounded>N</Unbounded>
	</RowData>
	<RowData><DataStructureId>288</DataStructureId><ProcessDefId>4</ProcessDefId><ExtMethodIndex>35</ExtMethodIndex><Name>INCOTERMS2</Name><Type>10</Type><ParentIndex>180</ParentIndex><ClassName></ClassName><Unbounded>N</Unbounded>
	</RowData>
	<RowData><DataStructureId>289</DataStructureId><ProcessDefId>4</ProcessDefId><ExtMethodIndex>35</ExtMethodIndex><Name>ADVANCE</Name><Type>10</Type><ParentIndex>180</ParentIndex><ClassName></ClassName><Unbounded>N</Unbounded>
	</RowData>
	<RowData><DataStructureId>290</DataStructureId><ProcessDefId>4</ProcessDefId><ExtMethodIndex>35</ExtMethodIndex><Name>PRIOR_VEND</Name><Type>10</Type><ParentIndex>180</ParentIndex><ClassName></ClassName><Unbounded>N</Unbounded>
	</RowData>
	<RowData><DataStructureId>291</DataStructureId><ProcessDefId>4</ProcessDefId><ExtMethodIndex>35</ExtMethodIndex><Name>SUB_RANGE</Name><Type>10</Type><ParentIndex>180</ParentIndex><ClassName></ClassName><Unbounded>N</Unbounded>
	</RowData>
	<RowData><DataStructureId>292</DataStructureId><ProcessDefId>4</ProcessDefId><ExtMethodIndex>35</ExtMethodIndex><Name>PCKG_NO</Name><Type>3</Type><ParentIndex>180</ParentIndex><ClassName></ClassName><Unbounded>N</Unbounded>
	</RowData>
	<RowData><DataStructureId>293</DataStructureId><ProcessDefId>4</ProcessDefId><ExtMethodIndex>35</ExtMethodIndex><Name>STATISTIC</Name><Type>10</Type><ParentIndex>180</ParentIndex><ClassName></ClassName><Unbounded>N</Unbounded>
	</RowData>
	<RowData><DataStructureId>294</DataStructureId><ProcessDefId>4</ProcessDefId><ExtMethodIndex>35</ExtMethodIndex><Name>HL_ITEM</Name><Type>3</Type><ParentIndex>180</ParentIndex><ClassName></ClassName><Unbounded>N</Unbounded>
	</RowData>
	<RowData><DataStructureId>295</DataStructureId><ProcessDefId>4</ProcessDefId><ExtMethodIndex>35</ExtMethodIndex><Name>GR_TO_DATE</Name><Type>8</Type><ParentIndex>180</ParentIndex><ClassName></ClassName><Unbounded>N</Unbounded>
	</RowData>
	<RowData><DataStructureId>296</DataStructureId><ProcessDefId>4</ProcessDefId><ExtMethodIndex>35</ExtMethodIndex><Name>SUPPL_VEND</Name><Type>10</Type><ParentIndex>180</ParentIndex><ClassName></ClassName><Unbounded>N</Unbounded>
	</RowData>
	<RowData><DataStructureId>297</DataStructureId><ProcessDefId>4</ProcessDefId><ExtMethodIndex>35</ExtMethodIndex><Name>SC_VENDOR</Name><Type>10</Type><ParentIndex>180</ParentIndex><ClassName></ClassName><Unbounded>N</Unbounded>
	</RowData>
	<RowData><DataStructureId>298</DataStructureId><ProcessDefId>4</ProcessDefId><ExtMethodIndex>35</ExtMethodIndex><Name>CONF_MATL</Name><Type>10</Type><ParentIndex>180</ParentIndex><ClassName></ClassName><Unbounded>N</Unbounded>
	</RowData>
	<RowData><DataStructureId>299</DataStructureId><ProcessDefId>4</ProcessDefId><ExtMethodIndex>35</ExtMethodIndex><Name>MAT_CAT</Name><Type>10</Type><ParentIndex>180</ParentIndex><ClassName></ClassName><Unbounded>N</Unbounded>
	</RowData>
	<RowData><DataStructureId>300</DataStructureId><ProcessDefId>4</ProcessDefId><ExtMethodIndex>35</ExtMethodIndex><Name>KANBAN_IND</Name><Type>10</Type><ParentIndex>180</ParentIndex><ClassName></ClassName><Unbounded>N</Unbounded>
	</RowData>
</PMWDataStructureTable_1>