<PMWEXTDBFIELDDEFINITIONTABLE_4>
	<RowData><ProcessDefId>4</ProcessDefId><FieldName>LOC_CURR</FieldName><FieldType>STRING</FieldType><FieldLength>50</FieldLength><Attribute></Attribute><VarPrecision>0</VarPrecision><ExtObjId>7</ExtObjId>
	</RowData>
	<RowData><ProcessDefId>4</ProcessDefId><FieldName>LOC_CURR_ISO</FieldName><FieldType>STRING</FieldType><FieldLength>50</FieldLength><Attribute></Attribute><VarPrecision>0</VarPrecision><ExtObjId>7</ExtObjId>
	</RowData>
	<RowData><ProcessDefId>4</ProcessDefId><FieldName>MAT_DOC</FieldName><FieldType>STRING</FieldType><FieldLength>50</FieldLength><Attribute></Attribute><VarPrecision>0</VarPrecision><ExtObjId>7</ExtObjId>
	</RowData>
	<RowData><ProcessDefId>4</ProcessDefId><FieldName>MATDOC_ITM</FieldName><FieldType>INTEGER</FieldType><FieldLength>2</FieldLength><Attribute></Attribute><VarPrecision>0</VarPrecision><ExtObjId>7</ExtObjId>
	</RowData>
	<RowData><ProcessDefId>4</ProcessDefId><FieldName>MATERIAL</FieldName><FieldType>STRING</FieldType><FieldLength>50</FieldLength><Attribute></Attribute><VarPrecision>0</VarPrecision><ExtObjId>7</ExtObjId>
	</RowData>
	<RowData><ProcessDefId>4</ProcessDefId><FieldName>MATERIAL_EXTERNAL</FieldName><FieldType>STRING</FieldType><FieldLength>50</FieldLength><Attribute></Attribute><VarPrecision>0</VarPrecision><ExtObjId>7</ExtObjId>
	</RowData>
	<RowData><ProcessDefId>4</ProcessDefId><FieldName>MATERIAL_GUID</FieldName><FieldType>STRING</FieldType><FieldLength>50</FieldLength><Attribute></Attribute><VarPrecision>0</VarPrecision><ExtObjId>7</ExtObjId>
	</RowData>
	<RowData><ProcessDefId>4</ProcessDefId><FieldName>MATERIAL_VERSION</FieldName><FieldType>STRING</FieldType><FieldLength>50</FieldLength><Attribute></Attribute><VarPrecision>0</VarPrecision><ExtObjId>7</ExtObjId>
	</RowData>
	<RowData><ProcessDefId>4</ProcessDefId><FieldName>MOVE_REAS</FieldName><FieldType>INTEGER</FieldType><FieldLength>2</FieldLength><Attribute></Attribute><VarPrecision>0</VarPrecision><ExtObjId>7</ExtObjId>
	</RowData>
	<RowData><ProcessDefId>4</ProcessDefId><FieldName>MOVE_TYPE</FieldName><FieldType>STRING</FieldType><FieldLength>50</FieldLength><Attribute></Attribute><VarPrecision>0</VarPrecision><ExtObjId>7</ExtObjId>
	</RowData>
	<RowData><ProcessDefId>4</ProcessDefId><FieldName>NO_MORE_GR</FieldName><FieldType>STRING</FieldType><FieldLength>50</FieldLength><Attribute></Attribute><VarPrecision>0</VarPrecision><ExtObjId>7</ExtObjId>
	</RowData>
	<RowData><ProcessDefId>4</ProcessDefId><FieldName>pinstanceid</FieldName><FieldType>STRING</FieldType><FieldLength>50</FieldLength><Attribute></Attribute><VarPrecision>0</VarPrecision><ExtObjId>7</ExtObjId>
	</RowData>
	<RowData><ProcessDefId>4</ProcessDefId><FieldName>PLANT</FieldName><FieldType>STRING</FieldType><FieldLength>50</FieldLength><Attribute></Attribute><VarPrecision>0</VarPrecision><ExtObjId>7</ExtObjId>
	</RowData>
	<RowData><ProcessDefId>4</ProcessDefId><FieldName>PO_ITEM</FieldName><FieldType>INTEGER</FieldType><FieldLength>2</FieldLength><Attribute></Attribute><VarPrecision>0</VarPrecision><ExtObjId>7</ExtObjId>
	</RowData>
	<RowData><ProcessDefId>4</ProcessDefId><FieldName>PROCESS_ID</FieldName><FieldType>STRING</FieldType><FieldLength>50</FieldLength><Attribute></Attribute><VarPrecision>0</VarPrecision><ExtObjId>7</ExtObjId>
	</RowData>
	<RowData><ProcessDefId>4</ProcessDefId><FieldName>PSTNG_DATE</FieldName><FieldType>DATE</FieldType><FieldLength>8</FieldLength><Attribute></Attribute><VarPrecision>0</VarPrecision><ExtObjId>7</ExtObjId>
	</RowData>
	<RowData><ProcessDefId>4</ProcessDefId><FieldName>PUR_MAT</FieldName><FieldType>STRING</FieldType><FieldLength>50</FieldLength><Attribute></Attribute><VarPrecision>0</VarPrecision><ExtObjId>7</ExtObjId>
	</RowData>
	<RowData><ProcessDefId>4</ProcessDefId><FieldName>PUR_MAT_EXTERNAL</FieldName><FieldType>STRING</FieldType><FieldLength>50</FieldLength><Attribute></Attribute><VarPrecision>0</VarPrecision><ExtObjId>7</ExtObjId>
	</RowData>
	<RowData><ProcessDefId>4</ProcessDefId><FieldName>PUR_MAT_GUID</FieldName><FieldType>STRING</FieldType><FieldLength>50</FieldLength><Attribute></Attribute><VarPrecision>0</VarPrecision><ExtObjId>7</ExtObjId>
	</RowData>
	<RowData><ProcessDefId>4</ProcessDefId><FieldName>PUR_MAT_VERSION</FieldName><FieldType>STRING</FieldType><FieldLength>50</FieldLength><Attribute></Attribute><VarPrecision>0</VarPrecision><ExtObjId>7</ExtObjId>
	</RowData>
	<RowData><ProcessDefId>4</ProcessDefId><FieldName>purchaseorder</FieldName><FieldType>STRING</FieldType><FieldLength>50</FieldLength><Attribute></Attribute><VarPrecision>0</VarPrecision><ExtObjId>7</ExtObjId>
	</RowData>
	<RowData><ProcessDefId>4</ProcessDefId><FieldName>QUANTITY</FieldName><FieldType>STRING</FieldType><FieldLength>50</FieldLength><Attribute></Attribute><VarPrecision>0</VarPrecision><ExtObjId>7</ExtObjId>
	</RowData>
	<RowData><ProcessDefId>4</ProcessDefId><FieldName>REF_DOC</FieldName><FieldType>STRING</FieldType><FieldLength>50</FieldLength><Attribute></Attribute><VarPrecision>0</VarPrecision><ExtObjId>7</ExtObjId>
	</RowData>
	<RowData><ProcessDefId>4</ProcessDefId><FieldName>REF_DOC_IT</FieldName><FieldType>INTEGER</FieldType><FieldLength>2</FieldLength><Attribute></Attribute><VarPrecision>0</VarPrecision><ExtObjId>7</ExtObjId>
	</RowData>
	<RowData><ProcessDefId>4</ProcessDefId><FieldName>REF_DOC_NO</FieldName><FieldType>STRING</FieldType><FieldLength>50</FieldLength><Attribute></Attribute><VarPrecision>0</VarPrecision><ExtObjId>7</ExtObjId>
	</RowData>
	<RowData><ProcessDefId>4</ProcessDefId><FieldName>REF_DOC_NO_LONG</FieldName><FieldType>STRING</FieldType><FieldLength>50</FieldLength><Attribute></Attribute><VarPrecision>0</VarPrecision><ExtObjId>7</ExtObjId>
	</RowData>
	<RowData><ProcessDefId>4</ProcessDefId><FieldName>REF_DOC_YR</FieldName><FieldType>INTEGER</FieldType><FieldLength>2</FieldLength><Attribute></Attribute><VarPrecision>0</VarPrecision><ExtObjId>7</ExtObjId>
	</RowData>
	<RowData><ProcessDefId>4</ProcessDefId><FieldName>SERIAL_NO</FieldName><FieldType>INTEGER</FieldType><FieldLength>2</FieldLength><Attribute></Attribute><VarPrecision>0</VarPrecision><ExtObjId>7</ExtObjId>
	</RowData>
	<RowData><ProcessDefId>4</ProcessDefId><FieldName>STK_SEGMENT</FieldName><FieldType>STRING</FieldType><FieldLength>50</FieldLength><Attribute></Attribute><VarPrecision>0</VarPrecision><ExtObjId>7</ExtObjId>
	</RowData>
	<RowData><ProcessDefId>4</ProcessDefId><FieldName>TAX_CODE</FieldName><FieldType>STRING</FieldType><FieldLength>50</FieldLength><Attribute></Attribute><VarPrecision>0</VarPrecision><ExtObjId>7</ExtObjId>
	</RowData>
	<RowData><ProcessDefId>4</ProcessDefId><FieldName>VAL_FORCUR</FieldName><FieldType>STRING</FieldType><FieldLength>50</FieldLength><Attribute></Attribute><VarPrecision>0</VarPrecision><ExtObjId>7</ExtObjId>
	</RowData>
	<RowData><ProcessDefId>4</ProcessDefId><FieldName>VAL_LOCCUR</FieldName><FieldType>STRING</FieldType><FieldLength>50</FieldLength><Attribute></Attribute><VarPrecision>0</VarPrecision><ExtObjId>7</ExtObjId>
	</RowData>
	<RowData><ProcessDefId>4</ProcessDefId><FieldName>VAL_TYPE</FieldName><FieldType>STRING</FieldType><FieldLength>50</FieldLength><Attribute></Attribute><VarPrecision>0</VarPrecision><ExtObjId>7</ExtObjId>
	</RowData>
	<RowData><ProcessDefId>4</ProcessDefId><FieldName>ACCTASSCAT</FieldName><FieldType>STRING</FieldType><FieldLength>50</FieldLength><Attribute></Attribute><VarPrecision>0</VarPrecision><ExtObjId>8</ExtObjId>
	</RowData>
	<RowData><ProcessDefId>4</ProcessDefId><FieldName>ACKN_REQD</FieldName><FieldType>STRING</FieldType><FieldLength>50</FieldLength><Attribute></Attribute><VarPrecision>0</VarPrecision><ExtObjId>8</ExtObjId>
	</RowData>
	<RowData><ProcessDefId>4</ProcessDefId><FieldName>ACKNOWL_NO</FieldName><FieldType>STRING</FieldType><FieldLength>50</FieldLength><Attribute></Attribute><VarPrecision>0</VarPrecision><ExtObjId>8</ExtObjId>
	</RowData>
	<RowData><ProcessDefId>4</ProcessDefId><FieldName>ADDRESS</FieldName><FieldType>STRING</FieldType><FieldLength>50</FieldLength><Attribute></Attribute><VarPrecision>0</VarPrecision><ExtObjId>8</ExtObjId>
	</RowData>
	<RowData><ProcessDefId>4</ProcessDefId><FieldName>ADDRESS2</FieldName><FieldType>STRING</FieldType><FieldLength>50</FieldLength><Attribute></Attribute><VarPrecision>0</VarPrecision><ExtObjId>8</ExtObjId>
	</RowData>
	<RowData><ProcessDefId>4</ProcessDefId><FieldName>ADVANCE</FieldName><FieldType>STRING</FieldType><FieldLength>50</FieldLength><Attribute></Attribute><VarPrecision>0</VarPrecision><ExtObjId>8</ExtObjId>
	</RowData>
	<RowData><ProcessDefId>4</ProcessDefId><FieldName>AGMT_ITEM</FieldName><FieldType>INTEGER</FieldType><FieldLength>2</FieldLength><Attribute></Attribute><VarPrecision>0</VarPrecision><ExtObjId>8</ExtObjId>
	</RowData>
	<RowData><ProcessDefId>4</ProcessDefId><FieldName>AGRCUMQTY</FieldName><FieldType>STRING</FieldType><FieldLength>50</FieldLength><Attribute></Attribute><VarPrecision>0</VarPrecision><ExtObjId>8</ExtObjId>
	</RowData>
	<RowData><ProcessDefId>4</ProcessDefId><FieldName>AGREEMENT</FieldName><FieldType>STRING</FieldType><FieldLength>50</FieldLength><Attribute></Attribute><VarPrecision>0</VarPrecision><ExtObjId>8</ExtObjId>
	</RowData>
	<RowData><ProcessDefId>4</ProcessDefId><FieldName>ALLOC_TBL</FieldName><FieldType>STRING</FieldType><FieldLength>50</FieldLength><Attribute></Attribute><VarPrecision>0</VarPrecision><ExtObjId>8</ExtObjId>
	</RowData>
	<RowData><ProcessDefId>4</ProcessDefId><FieldName>AT_ITEM</FieldName><FieldType>INTEGER</FieldType><FieldLength>2</FieldLength><Attribute></Attribute><VarPrecision>0</VarPrecision><ExtObjId>8</ExtObjId>
	</RowData>
	<RowData><ProcessDefId>4</ProcessDefId><FieldName>AT_RELEV</FieldName><FieldType>STRING</FieldType><FieldLength>50</FieldLength><Attribute></Attribute><VarPrecision>0</VarPrecision><ExtObjId>8</ExtObjId>
	</RowData>
	<RowData><ProcessDefId>4</ProcessDefId><FieldName>BA_PARTNER</FieldName><FieldType>STRING</FieldType><FieldLength>50</FieldLength><Attribute></Attribute><VarPrecision>0</VarPrecision><ExtObjId>8</ExtObjId>
	</RowData>
	<RowData><ProcessDefId>4</ProcessDefId><FieldName>BASE_UNIT</FieldName><FieldType>STRING</FieldType><FieldLength>50</FieldLength><Attribute></Attribute><VarPrecision>0</VarPrecision><ExtObjId>8</ExtObjId>
	</RowData>
	<RowData><ProcessDefId>4</ProcessDefId><FieldName>BASE_UOM_ISO</FieldName><FieldType>STRING</FieldType><FieldLength>50</FieldLength><Attribute></Attribute><VarPrecision>0</VarPrecision><ExtObjId>8</ExtObjId>
	</RowData>
	<RowData><ProcessDefId>4</ProcessDefId><FieldName>BOM_EXPL</FieldName><FieldType>STRING</FieldType><FieldLength>50</FieldLength><Attribute></Attribute><VarPrecision>0</VarPrecision><ExtObjId>8</ExtObjId>
	</RowData>
	<RowData><ProcessDefId>4</ProcessDefId><FieldName>BUDGET_PERIOD</FieldName><FieldType>STRING</FieldType><FieldLength>50</FieldLength><Attribute></Attribute><VarPrecision>0</VarPrecision><ExtObjId>8</ExtObjId>
	</RowData>
	<RowData><ProcessDefId>4</ProcessDefId><FieldName>CERT_TYPE</FieldName><FieldType>STRING</FieldType><FieldLength>50</FieldLength><Attribute></Attribute><VarPrecision>0</VarPrecision><ExtObjId>8</ExtObjId>
	</RowData>
	<RowData><ProcessDefId>4</ProcessDefId><FieldName>CHANGED_ON</FieldName><FieldType>DATE</FieldType><FieldLength>8</FieldLength><Attribute></Attribute><VarPrecision>0</VarPrecision><ExtObjId>8</ExtObjId>
	</RowData>
	<RowData><ProcessDefId>4</ProcessDefId><FieldName>CMMT_ITEM</FieldName><FieldType>STRING</FieldType><FieldLength>50</FieldLength><Attribute></Attribute><VarPrecision>0</VarPrecision><ExtObjId>8</ExtObjId>
	</RowData>
	<RowData><ProcessDefId>4</ProcessDefId><FieldName>CMMT_ITEM_LONG</FieldName><FieldType>STRING</FieldType><FieldLength>50</FieldLength><Attribute></Attribute><VarPrecision>0</VarPrecision><ExtObjId>8</ExtObjId>
	</RowData>
	<RowData><ProcessDefId>4</ProcessDefId><FieldName>CO_CODE</FieldName><FieldType>STRING</FieldType><FieldLength>50</FieldLength><Attribute></Attribute><VarPrecision>0</VarPrecision><ExtObjId>8</ExtObjId>
	</RowData>
	<RowData><ProcessDefId>4</ProcessDefId><FieldName>COMMENT_1</FieldName><FieldType>STRING</FieldType><FieldLength>50</FieldLength><Attribute></Attribute><VarPrecision>0</VarPrecision><ExtObjId>8</ExtObjId>
	</RowData>
	<RowData><ProcessDefId>4</ProcessDefId><FieldName>COMMITMENT</FieldName><FieldType>STRING</FieldType><FieldLength>50</FieldLength><Attribute></Attribute><VarPrecision>0</VarPrecision><ExtObjId>8</ExtObjId>
	</RowData>
	<RowData><ProcessDefId>4</ProcessDefId><FieldName>COND_GROUP</FieldName><FieldType>STRING</FieldType><FieldLength>50</FieldLength><Attribute></Attribute><VarPrecision>0</VarPrecision><ExtObjId>8</ExtObjId>
	</RowData>
	<RowData><ProcessDefId>4</ProcessDefId><FieldName>CONF_CTRL</FieldName><FieldType>STRING</FieldType><FieldLength>50</FieldLength><Attribute></Attribute><VarPrecision>0</VarPrecision><ExtObjId>8</ExtObjId>
	</RowData>
	<RowData><ProcessDefId>4</ProcessDefId><FieldName>CONF_MATL</FieldName><FieldType>STRING</FieldType><FieldLength>50</FieldLength><Attribute></Attribute><VarPrecision>0</VarPrecision><ExtObjId>8</ExtObjId>
	</RowData>
	<RowData><ProcessDefId>4</ProcessDefId><FieldName>CONF_MATL_EXTERNAL</FieldName><FieldType>STRING</FieldType><FieldLength>50</FieldLength><Attribute></Attribute><VarPrecision>0</VarPrecision><ExtObjId>8</ExtObjId>
	</RowData>
	<RowData><ProcessDefId>4</ProcessDefId><FieldName>CONF_MATL_GUID</FieldName><FieldType>STRING</FieldType><FieldLength>50</FieldLength><Attribute></Attribute><VarPrecision>0</VarPrecision><ExtObjId>8</ExtObjId>
	</RowData>
	<RowData><ProcessDefId>4</ProcessDefId><FieldName>CONF_MATL_VERSION</FieldName><FieldType>STRING</FieldType><FieldLength>50</FieldLength><Attribute></Attribute><VarPrecision>0</VarPrecision><ExtObjId>8</ExtObjId>
	</RowData>
	<RowData><ProcessDefId>4</ProcessDefId><FieldName>CONFIG_ORG</FieldName><FieldType>STRING</FieldType><FieldLength>50</FieldLength><Attribute></Attribute><VarPrecision>0</VarPrecision><ExtObjId>8</ExtObjId>
	</RowData>
	<RowData><ProcessDefId>4</ProcessDefId><FieldName>CONSUMPT</FieldName><FieldType>STRING</FieldType><FieldLength>50</FieldLength><Attribute></Attribute><VarPrecision>0</VarPrecision><ExtObjId>8</ExtObjId>
	</RowData>
	<RowData><ProcessDefId>4</ProcessDefId><FieldName>CONV_DEN1</FieldName><FieldType>STRING</FieldType><FieldLength>50</FieldLength><Attribute></Attribute><VarPrecision>0</VarPrecision><ExtObjId>8</ExtObjId>
	</RowData>
	<RowData><ProcessDefId>4</ProcessDefId><FieldName>CONV_DEN2</FieldName><FieldType>STRING</FieldType><FieldLength>50</FieldLength><Attribute></Attribute><VarPrecision>0</VarPrecision><ExtObjId>8</ExtObjId>
	</RowData>
	<RowData><ProcessDefId>4</ProcessDefId><FieldName>CONV_NUM1</FieldName><FieldType>STRING</FieldType><FieldLength>50</FieldLength><Attribute></Attribute><VarPrecision>0</VarPrecision><ExtObjId>8</ExtObjId>
	</RowData>
	<RowData><ProcessDefId>4</ProcessDefId><FieldName>CONV_NUM2</FieldName><FieldType>STRING</FieldType><FieldLength>50</FieldLength><Attribute></Attribute><VarPrecision>0</VarPrecision><ExtObjId>8</ExtObjId>
	</RowData>
	<RowData><ProcessDefId>4</ProcessDefId><FieldName>CTR_KEY_QM</FieldName><FieldType>STRING</FieldType><FieldLength>50</FieldLength><Attribute></Attribute><VarPrecision>0</VarPrecision><ExtObjId>8</ExtObjId>
	</RowData>
	<RowData><ProcessDefId>4</ProcessDefId><FieldName>CUSTOMER</FieldName><FieldType>STRING</FieldType><FieldLength>50</FieldLength><Attribute></Attribute><VarPrecision>0</VarPrecision><ExtObjId>8</ExtObjId>
	</RowData>
	<RowData><ProcessDefId>4</ProcessDefId><FieldName>DEL_COMPL</FieldName><FieldType>STRING</FieldType><FieldLength>50</FieldLength><Attribute></Attribute><VarPrecision>0</VarPrecision><ExtObjId>8</ExtObjId>
	</RowData>
	<RowData><ProcessDefId>4</ProcessDefId><FieldName>DEL_TYP_RT</FieldName><FieldType>STRING</FieldType><FieldLength>50</FieldLength><Attribute></Attribute><VarPrecision>0</VarPrecision><ExtObjId>8</ExtObjId>
	</RowData>
	<RowData><ProcessDefId>4</ProcessDefId><FieldName>DELETE_IND</FieldName><FieldType>STRING</FieldType><FieldLength>50</FieldLength><Attribute></Attribute><VarPrecision>0</VarPrecision><ExtObjId>8</ExtObjId>
	</RowData>
	<RowData><ProcessDefId>4</ProcessDefId><FieldName>DISTRIB</FieldName><FieldType>STRING</FieldType><FieldLength>50</FieldLength><Attribute></Attribute><VarPrecision>0</VarPrecision><ExtObjId>8</ExtObjId>
	</RowData>
	<RowData><ProcessDefId>4</ProcessDefId><FieldName>DOC_CAT</FieldName><FieldType>STRING</FieldType><FieldLength>50</FieldLength><Attribute></Attribute><VarPrecision>0</VarPrecision><ExtObjId>8</ExtObjId>
	</RowData>
	<RowData><ProcessDefId>4</ProcessDefId><FieldName>EAN_UPC</FieldName><FieldType>STRING</FieldType><FieldLength>50</FieldLength><Attribute></Attribute><VarPrecision>0</VarPrecision><ExtObjId>8</ExtObjId>
	</RowData>
	<RowData><ProcessDefId>4</ProcessDefId><FieldName>EFF_VALUE</FieldName><FieldType>STRING</FieldType><FieldLength>50</FieldLength><Attribute></Attribute><VarPrecision>0</VarPrecision><ExtObjId>8</ExtObjId>
	</RowData>
	<RowData><ProcessDefId>4</ProcessDefId><FieldName>ERS</FieldName><FieldType>STRING</FieldType><FieldLength>50</FieldLength><Attribute></Attribute><VarPrecision>0</VarPrecision><ExtObjId>8</ExtObjId>
	</RowData>
	<RowData><ProcessDefId>4</ProcessDefId><FieldName>EST_PRICE</FieldName><FieldType>STRING</FieldType><FieldLength>50</FieldLength><Attribute></Attribute><VarPrecision>0</VarPrecision><ExtObjId>8</ExtObjId>
	</RowData>
	<RowData><ProcessDefId>4</ProcessDefId><FieldName>EXCLUSION</FieldName><FieldType>STRING</FieldType><FieldLength>50</FieldLength><Attribute></Attribute><VarPrecision>0</VarPrecision><ExtObjId>8</ExtObjId>
	</RowData>
	<RowData><ProcessDefId>4</ProcessDefId><FieldName>FINAL_INV</FieldName><FieldType>STRING</FieldType><FieldLength>50</FieldLength><Attribute></Attribute><VarPrecision>0</VarPrecision><ExtObjId>8</ExtObjId>
	</RowData>
	<RowData><ProcessDefId>4</ProcessDefId><FieldName>FIRM_ZONE</FieldName><FieldType>STRING</FieldType><FieldLength>50</FieldLength><Attribute></Attribute><VarPrecision>0</VarPrecision><ExtObjId>8</ExtObjId>
	</RowData>
	<RowData><ProcessDefId>4</ProcessDefId><FieldName>FUNC_AREA_LONG</FieldName><FieldType>STRING</FieldType><FieldLength>50</FieldLength><Attribute></Attribute><VarPrecision>0</VarPrecision><ExtObjId>8</ExtObjId>
	</RowData>
	<RowData><ProcessDefId>4</ProcessDefId><FieldName>FUND</FieldName><FieldType>STRING</FieldType><FieldLength>50</FieldLength><Attribute></Attribute><VarPrecision>0</VarPrecision><ExtObjId>8</ExtObjId>
	</RowData>
	<RowData><ProcessDefId>4</ProcessDefId><FieldName>FUNDS_CTR</FieldName><FieldType>STRING</FieldType><FieldLength>50</FieldLength><Attribute></Attribute><VarPrecision>0</VarPrecision><ExtObjId>8</ExtObjId>
	</RowData>
	<RowData><ProcessDefId>4</ProcessDefId><FieldName>GR_BASEDIV</FieldName><FieldType>STRING</FieldType><FieldLength>50</FieldLength><Attribute></Attribute><VarPrecision>0</VarPrecision><ExtObjId>8</ExtObjId>
	</RowData>
	<RowData><ProcessDefId>4</ProcessDefId><FieldName>GR_IND</FieldName><FieldType>STRING</FieldType><FieldLength>50</FieldLength><Attribute></Attribute><VarPrecision>0</VarPrecision><ExtObjId>8</ExtObjId>
	</RowData>
	<RowData><ProcessDefId>4</ProcessDefId><FieldName>GR_NON_VAL</FieldName><FieldType>STRING</FieldType><FieldLength>50</FieldLength><Attribute></Attribute><VarPrecision>0</VarPrecision><ExtObjId>8</ExtObjId>
	</RowData>
	<RowData><ProcessDefId>4</ProcessDefId><FieldName>GR_PR_TIME</FieldName><FieldType>STRING</FieldType><FieldLength>50</FieldLength><Attribute></Attribute><VarPrecision>0</VarPrecision><ExtObjId>8</ExtObjId>
	</RowData>
	<RowData><ProcessDefId>4</ProcessDefId><FieldName>GR_TO_DATE</FieldName><FieldType>DATE</FieldType><FieldLength>8</FieldLength><Attribute></Attribute><VarPrecision>0</VarPrecision><ExtObjId>8</ExtObjId>
	</RowData>
	<RowData><ProcessDefId>4</ProcessDefId><FieldName>GRANT_NBR</FieldName><FieldType>STRING</FieldType><FieldLength>50</FieldLength><Attribute></Attribute><VarPrecision>0</VarPrecision><ExtObjId>8</ExtObjId>
	</RowData>
	<RowData><ProcessDefId>4</ProcessDefId><FieldName>GROS_VALUE</FieldName><FieldType>STRING</FieldType><FieldLength>50</FieldLength><Attribute></Attribute><VarPrecision>0</VarPrecision><ExtObjId>8</ExtObjId>
	</RowData>
	<RowData><ProcessDefId>4</ProcessDefId><FieldName>GROSS_WGHT</FieldName><FieldType>STRING</FieldType><FieldLength>50</FieldLength><Attribute></Attribute><VarPrecision>0</VarPrecision><ExtObjId>8</ExtObjId>
	</RowData>
	<RowData><ProcessDefId>4</ProcessDefId><FieldName>GRSETTFROM</FieldName><FieldType>DATE</FieldType><FieldLength>8</FieldLength><Attribute></Attribute><VarPrecision>0</VarPrecision><ExtObjId>8</ExtObjId>
	</RowData>
	<RowData><ProcessDefId>4</ProcessDefId><FieldName>HL_ITEM</FieldName><FieldType>INTEGER</FieldType><FieldLength>2</FieldLength><Attribute></Attribute><VarPrecision>0</VarPrecision><ExtObjId>8</ExtObjId>
	</RowData>
	<RowData><ProcessDefId>4</ProcessDefId><FieldName>INCOTERMS1</FieldName><FieldType>STRING</FieldType><FieldLength>50</FieldLength><Attribute></Attribute><VarPrecision>0</VarPrecision><ExtObjId>8</ExtObjId>
	</RowData>
	<RowData><ProcessDefId>4</ProcessDefId><FieldName>INCOTERMS2</FieldName><FieldType>STRING</FieldType><FieldLength>50</FieldLength><Attribute></Attribute><VarPrecision>0</VarPrecision><ExtObjId>8</ExtObjId>
	</RowData>
	<RowData><ProcessDefId>4</ProcessDefId><FieldName>INFO_REC</FieldName><FieldType>STRING</FieldType><FieldLength>50</FieldLength><Attribute></Attribute><VarPrecision>0</VarPrecision><ExtObjId>8</ExtObjId>
	</RowData>
	<RowData><ProcessDefId>4</ProcessDefId><FieldName>INFO_UPD</FieldName><FieldType>STRING</FieldType><FieldLength>50</FieldLength><Attribute></Attribute><VarPrecision>0</VarPrecision><ExtObjId>8</ExtObjId>
	</RowData>
	<RowData><ProcessDefId>4</ProcessDefId><FieldName>insertionorderid</FieldName><FieldType>LONG</FieldType><FieldLength>4</FieldLength><Attribute></Attribute><VarPrecision>0</VarPrecision><ExtObjId>8</ExtObjId>
	</RowData>
	<RowData><ProcessDefId>4</ProcessDefId><FieldName>INT_OBJ_NO</FieldName><FieldType>INTEGER</FieldType><FieldLength>2</FieldLength><Attribute></Attribute><VarPrecision>0</VarPrecision><ExtObjId>8</ExtObjId>
	</RowData>
	<RowData><ProcessDefId>4</ProcessDefId><FieldName>IR_IND</FieldName><FieldType>STRING</FieldType><FieldLength>50</FieldLength><Attribute></Attribute><VarPrecision>0</VarPrecision><ExtObjId>8</ExtObjId>
	</RowData>
	<RowData><ProcessDefId>4</ProcessDefId><FieldName>ITEM_CAT</FieldName><FieldType>STRING</FieldType><FieldLength>50</FieldLength><Attribute></Attribute><VarPrecision>0</VarPrecision><ExtObjId>8</ExtObjId>
	</RowData>
	<RowData><ProcessDefId>4</ProcessDefId><FieldName>ITEM_CAT_EXT</FieldName><FieldType>STRING</FieldType><FieldLength>50</FieldLength><Attribute></Attribute><VarPrecision>0</VarPrecision><ExtObjId>8</ExtObjId>
	</RowData>
	<RowData><ProcessDefId>4</ProcessDefId><FieldName>KANBAN_IND</FieldName><FieldType>STRING</FieldType><FieldLength>50</FieldLength><Attribute></Attribute><VarPrecision>0</VarPrecision><ExtObjId>8</ExtObjId>
	</RowData>
	<RowData><ProcessDefId>4</ProcessDefId><FieldName>LAST_TRANS</FieldName><FieldType>DATE</FieldType><FieldLength>8</FieldLength><Attribute></Attribute><VarPrecision>0</VarPrecision><ExtObjId>8</ExtObjId>
	</RowData>
	<RowData><ProcessDefId>4</ProcessDefId><FieldName>MANU_MAT</FieldName><FieldType>STRING</FieldType><FieldLength>50</FieldLength><Attribute></Attribute><VarPrecision>0</VarPrecision><ExtObjId>8</ExtObjId>
	</RowData>
	<RowData><ProcessDefId>4</ProcessDefId><FieldName>MANUF_PROF</FieldName><FieldType>STRING</FieldType><FieldLength>50</FieldLength><Attribute></Attribute><VarPrecision>0</VarPrecision><ExtObjId>8</ExtObjId>
	</RowData>
	<RowData><ProcessDefId>4</ProcessDefId><FieldName>MAT_CAT</FieldName><FieldType>STRING</FieldType><FieldLength>50</FieldLength><Attribute></Attribute><VarPrecision>0</VarPrecision><ExtObjId>8</ExtObjId>
	</RowData>
	<RowData><ProcessDefId>4</ProcessDefId><FieldName>MAT_GRP</FieldName><FieldType>STRING</FieldType><FieldLength>50</FieldLength><Attribute></Attribute><VarPrecision>0</VarPrecision><ExtObjId>8</ExtObjId>
	</RowData>
	<RowData><ProcessDefId>4</ProcessDefId><FieldName>MAT_TYPE</FieldName><FieldType>STRING</FieldType><FieldLength>50</FieldLength><Attribute></Attribute><VarPrecision>0</VarPrecision><ExtObjId>8</ExtObjId>
	</RowData>
	<RowData><ProcessDefId>4</ProcessDefId><FieldName>MATERIAL</FieldName><FieldType>STRING</FieldType><FieldLength>50</FieldLength><Attribute></Attribute><VarPrecision>0</VarPrecision><ExtObjId>8</ExtObjId>
	</RowData>
	<RowData><ProcessDefId>4</ProcessDefId><FieldName>MATERIAL_EXTERNAL</FieldName><FieldType>STRING</FieldType><FieldLength>50</FieldLength><Attribute></Attribute><VarPrecision>0</VarPrecision><ExtObjId>8</ExtObjId>
	</RowData>
	<RowData><ProcessDefId>4</ProcessDefId><FieldName>MATERIAL_GUID</FieldName><FieldType>STRING</FieldType><FieldLength>50</FieldLength><Attribute></Attribute><VarPrecision>0</VarPrecision><ExtObjId>8</ExtObjId>
	</RowData>
	<RowData><ProcessDefId>4</ProcessDefId><FieldName>MATERIAL_VERSION</FieldName><FieldType>STRING</FieldType><FieldLength>50</FieldLength><Attribute></Attribute><VarPrecision>0</VarPrecision><ExtObjId>8</ExtObjId>
	</RowData>
	<RowData><ProcessDefId>4</ProcessDefId><FieldName>MAX_CMG</FieldName><FieldType>STRING</FieldType><FieldLength>50</FieldLength><Attribute></Attribute><VarPrecision>0</VarPrecision><ExtObjId>8</ExtObjId>
	</RowData>
	<RowData><ProcessDefId>4</ProcessDefId><FieldName>MAX_CPGO</FieldName><FieldType>STRING</FieldType><FieldLength>50</FieldLength><Attribute></Attribute><VarPrecision>0</VarPrecision><ExtObjId>8</ExtObjId>
	</RowData>
	<RowData><ProcessDefId>4</ProcessDefId><FieldName>MFR_NO</FieldName><FieldType>STRING</FieldType><FieldLength>50</FieldLength><Attribute></Attribute><VarPrecision>0</VarPrecision><ExtObjId>8</ExtObjId>
	</RowData>
	<RowData><ProcessDefId>4</ProcessDefId><FieldName>MFR_NO_EXT</FieldName><FieldType>STRING</FieldType><FieldLength>50</FieldLength><Attribute></Attribute><VarPrecision>0</VarPrecision><ExtObjId>8</ExtObjId>
	</RowData>
	<RowData><ProcessDefId>4</ProcessDefId><FieldName>ML_AKT</FieldName><FieldType>STRING</FieldType><FieldLength>50</FieldLength><Attribute></Attribute><VarPrecision>0</VarPrecision><ExtObjId>8</ExtObjId>
	</RowData>
	<RowData><ProcessDefId>4</ProcessDefId><FieldName>NET_PRICE</FieldName><FieldType>STRING</FieldType><FieldLength>50</FieldLength><Attribute></Attribute><VarPrecision>0</VarPrecision><ExtObjId>8</ExtObjId>
	</RowData>
	<RowData><ProcessDefId>4</ProcessDefId><FieldName>NET_VALUE</FieldName><FieldType>STRING</FieldType><FieldLength>50</FieldLength><Attribute></Attribute><VarPrecision>0</VarPrecision><ExtObjId>8</ExtObjId>
	</RowData>
	<RowData><ProcessDefId>4</ProcessDefId><FieldName>NET_WEIGHT</FieldName><FieldType>STRING</FieldType><FieldLength>50</FieldLength><Attribute></Attribute><VarPrecision>0</VarPrecision><ExtObjId>8</ExtObjId>
	</RowData>
	<RowData><ProcessDefId>4</ProcessDefId><FieldName>NO_C_DISC</FieldName><FieldType>STRING</FieldType><FieldLength>50</FieldLength><Attribute></Attribute><VarPrecision>0</VarPrecision><ExtObjId>8</ExtObjId>
	</RowData>
	<RowData><ProcessDefId>4</ProcessDefId><FieldName>NOND_ITAX</FieldName><FieldType>STRING</FieldType><FieldLength>50</FieldLength><Attribute></Attribute><VarPrecision>0</VarPrecision><ExtObjId>8</ExtObjId>
	</RowData>
	<RowData><ProcessDefId>4</ProcessDefId><FieldName>NOT_CHGBL</FieldName><FieldType>STRING</FieldType><FieldLength>50</FieldLength><Attribute></Attribute><VarPrecision>0</VarPrecision><ExtObjId>8</ExtObjId>
	</RowData>
	<RowData><ProcessDefId>4</ProcessDefId><FieldName>NUM_REMIND</FieldName><FieldType>STRING</FieldType><FieldLength>50</FieldLength><Attribute></Attribute><VarPrecision>0</VarPrecision><ExtObjId>8</ExtObjId>
	</RowData>
	<RowData><ProcessDefId>4</ProcessDefId><FieldName>ORD_REAS</FieldName><FieldType>STRING</FieldType><FieldLength>50</FieldLength><Attribute></Attribute><VarPrecision>0</VarPrecision><ExtObjId>8</ExtObjId>
	</RowData>
	<RowData><ProcessDefId>4</ProcessDefId><FieldName>ORDERPR_UN</FieldName><FieldType>STRING</FieldType><FieldLength>50</FieldLength><Attribute></Attribute><VarPrecision>0</VarPrecision><ExtObjId>8</ExtObjId>
	</RowData>
	<RowData><ProcessDefId>4</ProcessDefId><FieldName>ORDERPR_UN_ISO</FieldName><FieldType>STRING</FieldType><FieldLength>50</FieldLength><Attribute></Attribute><VarPrecision>0</VarPrecision><ExtObjId>8</ExtObjId>
	</RowData>
	<RowData><ProcessDefId>4</ProcessDefId><FieldName>OUTL_TARGV</FieldName><FieldType>STRING</FieldType><FieldLength>50</FieldLength><Attribute></Attribute><VarPrecision>0</VarPrecision><ExtObjId>8</ExtObjId>
	</RowData>
	<RowData><ProcessDefId>4</ProcessDefId><FieldName>OVERDELTOL</FieldName><FieldType>STRING</FieldType><FieldLength>50</FieldLength><Attribute></Attribute><VarPrecision>0</VarPrecision><ExtObjId>8</ExtObjId>
	</RowData>
	<RowData><ProcessDefId>4</ProcessDefId><FieldName>PART_INV</FieldName><FieldType>STRING</FieldType><FieldLength>50</FieldLength><Attribute></Attribute><VarPrecision>0</VarPrecision><ExtObjId>8</ExtObjId>
	</RowData>
	<RowData><ProcessDefId>4</ProcessDefId><FieldName>PARTNER_PC</FieldName><FieldType>STRING</FieldType><FieldLength>50</FieldLength><Attribute></Attribute><VarPrecision>0</VarPrecision><ExtObjId>8</ExtObjId>
	</RowData>
	<RowData><ProcessDefId>4</ProcessDefId><FieldName>PCKG_NO</FieldName><FieldType>INTEGER</FieldType><FieldLength>2</FieldLength><Attribute></Attribute><VarPrecision>0</VarPrecision><ExtObjId>8</ExtObjId>
	</RowData>
	<RowData><ProcessDefId>4</ProcessDefId><FieldName>pinstanceid</FieldName><FieldType>STRING</FieldType><FieldLength>50</FieldLength><Attribute></Attribute><VarPrecision>0</VarPrecision><ExtObjId>8</ExtObjId>
	</RowData>
	<RowData><ProcessDefId>4</ProcessDefId><FieldName>PLAN_DEL</FieldName><FieldType>STRING</FieldType><FieldLength>50</FieldLength><Attribute></Attribute><VarPrecision>0</VarPrecision><ExtObjId>8</ExtObjId>
	</RowData>
	<RowData><ProcessDefId>4</ProcessDefId><FieldName>PLANT</FieldName><FieldType>STRING</FieldType><FieldLength>50</FieldLength><Attribute></Attribute><VarPrecision>0</VarPrecision><ExtObjId>8</ExtObjId>
	</RowData>
	<RowData><ProcessDefId>4</ProcessDefId><FieldName>PO_ITEM</FieldName><FieldType>INTEGER</FieldType><FieldLength>2</FieldLength><Attribute></Attribute><VarPrecision>0</VarPrecision><ExtObjId>8</ExtObjId>
	</RowData>
	<RowData><ProcessDefId>4</ProcessDefId><FieldName>PO_NUMBER</FieldName><FieldType>STRING</FieldType><FieldLength>50</FieldLength><Attribute></Attribute><VarPrecision>0</VarPrecision><ExtObjId>8</ExtObjId>
	</RowData>
	<RowData><ProcessDefId>4</ProcessDefId><FieldName>PO_UNIT_ISO</FieldName><FieldType>STRING</FieldType><FieldLength>50</FieldLength><Attribute></Attribute><VarPrecision>0</VarPrecision><ExtObjId>8</ExtObjId>
	</RowData>
	<RowData><ProcessDefId>4</ProcessDefId><FieldName>POINTS</FieldName><FieldType>STRING</FieldType><FieldLength>50</FieldLength><Attribute></Attribute><VarPrecision>0</VarPrecision><ExtObjId>8</ExtObjId>
	</RowData>
	<RowData><ProcessDefId>4</ProcessDefId><FieldName>POINTS_UN</FieldName><FieldType>STRING</FieldType><FieldLength>50</FieldLength><Attribute></Attribute><VarPrecision>0</VarPrecision><ExtObjId>8</ExtObjId>
	</RowData>
	<RowData><ProcessDefId>4</ProcessDefId><FieldName>POINTS_UN_ISO</FieldName><FieldType>STRING</FieldType><FieldLength>50</FieldLength><Attribute></Attribute><VarPrecision>0</VarPrecision><ExtObjId>8</ExtObjId>
	</RowData>
	<RowData><ProcessDefId>4</ProcessDefId><FieldName>PRDTE_CTRL</FieldName><FieldType>STRING</FieldType><FieldLength>50</FieldLength><Attribute></Attribute><VarPrecision>0</VarPrecision><ExtObjId>8</ExtObjId>
	</RowData>
	<RowData><ProcessDefId>4</ProcessDefId><FieldName>PREQ_ITEM</FieldName><FieldType>INTEGER</FieldType><FieldLength>2</FieldLength><Attribute></Attribute><VarPrecision>0</VarPrecision><ExtObjId>8</ExtObjId>
	</RowData>
	<RowData><ProcessDefId>4</ProcessDefId><FieldName>PREQ_NO</FieldName><FieldType>STRING</FieldType><FieldLength>50</FieldLength><Attribute></Attribute><VarPrecision>0</VarPrecision><ExtObjId>8</ExtObjId>
	</RowData>
	<RowData><ProcessDefId>4</ProcessDefId><FieldName>PRICE_CTR</FieldName><FieldType>STRING</FieldType><FieldLength>50</FieldLength><Attribute></Attribute><VarPrecision>0</VarPrecision><ExtObjId>8</ExtObjId>
	</RowData>
	<RowData><ProcessDefId>4</ProcessDefId><FieldName>PRICE_DATE</FieldName><FieldType>DATE</FieldType><FieldLength>8</FieldLength><Attribute></Attribute><VarPrecision>0</VarPrecision><ExtObjId>8</ExtObjId>
	</RowData>
</PMWEXTDBFIELDDEFINITIONTABLE_4>