<PMWEXTDBFIELDDEFINITIONTABLE_6>
	<RowData><ProcessDefId>4</ProcessDefId><FieldName>PRICE_UNIT</FieldName><FieldType>STRING</FieldType><FieldLength>50</FieldLength><Attribute></Attribute><VarPrecision>0</VarPrecision><ExtObjId>10</ExtObjId>
	</RowData>
	<RowData><ProcessDefId>4</ProcessDefId><FieldName>QUANTITY</FieldName><FieldType>STRING</FieldType><FieldLength>50</FieldLength><Attribute></Attribute><VarPrecision>0</VarPrecision><ExtObjId>10</ExtObjId>
	</RowData>
	<RowData><ProcessDefId>4</ProcessDefId><FieldName>SERV_TYPE</FieldName><FieldType>STRING</FieldType><FieldLength>50</FieldLength><Attribute></Attribute><VarPrecision>0</VarPrecision><ExtObjId>10</ExtObjId>
	</RowData>
	<RowData><ProcessDefId>4</ProcessDefId><FieldName>SERVICE</FieldName><FieldType>STRING</FieldType><FieldLength>50</FieldLength><Attribute></Attribute><VarPrecision>0</VarPrecision><ExtObjId>10</ExtObjId>
	</RowData>
	<RowData><ProcessDefId>4</ProcessDefId><FieldName>SERVICE_ITEM_KEY</FieldName><FieldType>INTEGER</FieldType><FieldLength>2</FieldLength><Attribute></Attribute><VarPrecision>0</VarPrecision><ExtObjId>10</ExtObjId>
	</RowData>
	<RowData><ProcessDefId>4</ProcessDefId><FieldName>SHORT_TEXT</FieldName><FieldType>STRING</FieldType><FieldLength>50</FieldLength><Attribute></Attribute><VarPrecision>0</VarPrecision><ExtObjId>10</ExtObjId>
	</RowData>
	<RowData><ProcessDefId>4</ProcessDefId><FieldName>SSC_ITEM</FieldName><FieldType>STRING</FieldType><FieldLength>50</FieldLength><Attribute></Attribute><VarPrecision>0</VarPrecision><ExtObjId>10</ExtObjId>
	</RowData>
	<RowData><ProcessDefId>4</ProcessDefId><FieldName>SSC_LIM</FieldName><FieldType>STRING</FieldType><FieldLength>50</FieldLength><Attribute></Attribute><VarPrecision>0</VarPrecision><ExtObjId>10</ExtObjId>
	</RowData>
	<RowData><ProcessDefId>4</ProcessDefId><FieldName>SUBPCKG_NO</FieldName><FieldType>INTEGER</FieldType><FieldLength>2</FieldLength><Attribute></Attribute><VarPrecision>0</VarPrecision><ExtObjId>10</ExtObjId>
	</RowData>
	<RowData><ProcessDefId>4</ProcessDefId><FieldName>SUPP_LINE</FieldName><FieldType>STRING</FieldType><FieldLength>50</FieldLength><Attribute></Attribute><VarPrecision>0</VarPrecision><ExtObjId>10</ExtObjId>
	</RowData>
	<RowData><ProcessDefId>4</ProcessDefId><FieldName>TARGET_VAL</FieldName><FieldType>STRING</FieldType><FieldLength>50</FieldLength><Attribute></Attribute><VarPrecision>0</VarPrecision><ExtObjId>10</ExtObjId>
	</RowData>
	<RowData><ProcessDefId>4</ProcessDefId><FieldName>TAX_CODE</FieldName><FieldType>STRING</FieldType><FieldLength>50</FieldLength><Attribute></Attribute><VarPrecision>0</VarPrecision><ExtObjId>10</ExtObjId>
	</RowData>
	<RowData><ProcessDefId>4</ProcessDefId><FieldName>TAXJURCODE</FieldName><FieldType>STRING</FieldType><FieldLength>50</FieldLength><Attribute></Attribute><VarPrecision>0</VarPrecision><ExtObjId>10</ExtObjId>
	</RowData>
	<RowData><ProcessDefId>4</ProcessDefId><FieldName>TMP_LINE</FieldName><FieldType>INTEGER</FieldType><FieldLength>2</FieldLength><Attribute></Attribute><VarPrecision>0</VarPrecision><ExtObjId>10</ExtObjId>
	</RowData>
	<RowData><ProcessDefId>4</ProcessDefId><FieldName>TMP_PCKG</FieldName><FieldType>INTEGER</FieldType><FieldLength>2</FieldLength><Attribute></Attribute><VarPrecision>0</VarPrecision><ExtObjId>10</ExtObjId>
	</RowData>
	<RowData><ProcessDefId>4</ProcessDefId><FieldName>TO_LINE</FieldName><FieldType>STRING</FieldType><FieldLength>50</FieldLength><Attribute></Attribute><VarPrecision>0</VarPrecision><ExtObjId>10</ExtObjId>
	</RowData>
	<RowData><ProcessDefId>4</ProcessDefId><FieldName>UNPL_QTY</FieldName><FieldType>STRING</FieldType><FieldLength>50</FieldLength><Attribute></Attribute><VarPrecision>0</VarPrecision><ExtObjId>10</ExtObjId>
	</RowData>
	<RowData><ProcessDefId>4</ProcessDefId><FieldName>UNPL_VAL</FieldName><FieldType>STRING</FieldType><FieldLength>50</FieldLength><Attribute></Attribute><VarPrecision>0</VarPrecision><ExtObjId>10</ExtObjId>
	</RowData>
	<RowData><ProcessDefId>4</ProcessDefId><FieldName>UOM_ISO</FieldName><FieldType>STRING</FieldType><FieldLength>50</FieldLength><Attribute></Attribute><VarPrecision>0</VarPrecision><ExtObjId>10</ExtObjId>
	</RowData>
	<RowData><ProcessDefId>4</ProcessDefId><FieldName>USERF1_NUM</FieldName><FieldType>INTEGER</FieldType><FieldLength>2</FieldLength><Attribute></Attribute><VarPrecision>0</VarPrecision><ExtObjId>10</ExtObjId>
	</RowData>
	<RowData><ProcessDefId>4</ProcessDefId><FieldName>USERF1_TXT</FieldName><FieldType>STRING</FieldType><FieldLength>50</FieldLength><Attribute></Attribute><VarPrecision>0</VarPrecision><ExtObjId>10</ExtObjId>
	</RowData>
	<RowData><ProcessDefId>4</ProcessDefId><FieldName>USERF2_NUM</FieldName><FieldType>STRING</FieldType><FieldLength>50</FieldLength><Attribute></Attribute><VarPrecision>0</VarPrecision><ExtObjId>10</ExtObjId>
	</RowData>
	<RowData><ProcessDefId>4</ProcessDefId><FieldName>USERF2_TXT</FieldName><FieldType>STRING</FieldType><FieldLength>50</FieldLength><Attribute></Attribute><VarPrecision>0</VarPrecision><ExtObjId>10</ExtObjId>
	</RowData>
	<RowData><ProcessDefId>4</ProcessDefId><FieldName>WAGETYPE</FieldName><FieldType>STRING</FieldType><FieldLength>50</FieldLength><Attribute></Attribute><VarPrecision>0</VarPrecision><ExtObjId>10</ExtObjId>
	</RowData>
	<RowData><ProcessDefId>4</ProcessDefId><FieldName>ACTIVITY</FieldName><FieldType>STRING</FieldType><FieldLength>50</FieldLength><Attribute></Attribute><VarPrecision>0</VarPrecision><ExtObjId>11</ExtObjId>
	</RowData>
	<RowData><ProcessDefId>4</ProcessDefId><FieldName>ASSET_NO</FieldName><FieldType>STRING</FieldType><FieldLength>50</FieldLength><Attribute></Attribute><VarPrecision>0</VarPrecision><ExtObjId>11</ExtObjId>
	</RowData>
	<RowData><ProcessDefId>4</ProcessDefId><FieldName>BUDGET_PERIOD</FieldName><FieldType>STRING</FieldType><FieldLength>50</FieldLength><Attribute></Attribute><VarPrecision>0</VarPrecision><ExtObjId>11</ExtObjId>
	</RowData>
	<RowData><ProcessDefId>4</ProcessDefId><FieldName>BUS_AREA</FieldName><FieldType>STRING</FieldType><FieldLength>50</FieldLength><Attribute></Attribute><VarPrecision>0</VarPrecision><ExtObjId>11</ExtObjId>
	</RowData>
	<RowData><ProcessDefId>4</ProcessDefId><FieldName>CHARTITY</FieldName><FieldType>STRING</FieldType><FieldLength>50</FieldLength><Attribute></Attribute><VarPrecision>0</VarPrecision><ExtObjId>11</ExtObjId>
	</RowData>
	<RowData><ProcessDefId>4</ProcessDefId><FieldName>CMMT_ITEM</FieldName><FieldType>STRING</FieldType><FieldLength>50</FieldLength><Attribute></Attribute><VarPrecision>0</VarPrecision><ExtObjId>11</ExtObjId>
	</RowData>
	<RowData><ProcessDefId>4</ProcessDefId><FieldName>CMMT_ITEM_LONG</FieldName><FieldType>STRING</FieldType><FieldLength>50</FieldLength><Attribute></Attribute><VarPrecision>0</VarPrecision><ExtObjId>11</ExtObjId>
	</RowData>
	<RowData><ProcessDefId>4</ProcessDefId><FieldName>CO_AREA</FieldName><FieldType>STRING</FieldType><FieldLength>50</FieldLength><Attribute></Attribute><VarPrecision>0</VarPrecision><ExtObjId>11</ExtObjId>
	</RowData>
	<RowData><ProcessDefId>4</ProcessDefId><FieldName>COST_CTR</FieldName><FieldType>STRING</FieldType><FieldLength>50</FieldLength><Attribute></Attribute><VarPrecision>0</VarPrecision><ExtObjId>11</ExtObjId>
	</RowData>
	<RowData><ProcessDefId>4</ProcessDefId><FieldName>COST_OBJ</FieldName><FieldType>STRING</FieldType><FieldLength>50</FieldLength><Attribute></Attribute><VarPrecision>0</VarPrecision><ExtObjId>11</ExtObjId>
	</RowData>
	<RowData><ProcessDefId>4</ProcessDefId><FieldName>COUNTER</FieldName><FieldType>INTEGER</FieldType><FieldLength>50</FieldLength><Attribute></Attribute><VarPrecision>0</VarPrecision><ExtObjId>11</ExtObjId>
	</RowData>
	<RowData><ProcessDefId>4</ProcessDefId><FieldName>DISTR_PERC</FieldName><FieldType>STRING</FieldType><FieldLength>50</FieldLength><Attribute></Attribute><VarPrecision>0</VarPrecision><ExtObjId>11</ExtObjId>
	</RowData>
	<RowData><ProcessDefId>4</ProcessDefId><FieldName>FUNC_AREA</FieldName><FieldType>STRING</FieldType><FieldLength>50</FieldLength><Attribute></Attribute><VarPrecision>0</VarPrecision><ExtObjId>11</ExtObjId>
	</RowData>
	<RowData><ProcessDefId>4</ProcessDefId><FieldName>FUNC_AREA_LONG</FieldName><FieldType>STRING</FieldType><FieldLength>50</FieldLength><Attribute></Attribute><VarPrecision>0</VarPrecision><ExtObjId>11</ExtObjId>
	</RowData>
	<RowData><ProcessDefId>4</ProcessDefId><FieldName>FUND</FieldName><FieldType>STRING</FieldType><FieldLength>50</FieldLength><Attribute></Attribute><VarPrecision>0</VarPrecision><ExtObjId>11</ExtObjId>
	</RowData>
	<RowData><ProcessDefId>4</ProcessDefId><FieldName>FUNDS_CTR</FieldName><FieldType>STRING</FieldType><FieldLength>50</FieldLength><Attribute></Attribute><VarPrecision>0</VarPrecision><ExtObjId>11</ExtObjId>
	</RowData>
	<RowData><ProcessDefId>4</ProcessDefId><FieldName>FUNDS_RES</FieldName><FieldType>STRING</FieldType><FieldLength>50</FieldLength><Attribute></Attribute><VarPrecision>0</VarPrecision><ExtObjId>11</ExtObjId>
	</RowData>
	<RowData><ProcessDefId>4</ProcessDefId><FieldName>G_L_ACCT</FieldName><FieldType>STRING</FieldType><FieldLength>50</FieldLength><Attribute></Attribute><VarPrecision>0</VarPrecision><ExtObjId>11</ExtObjId>
	</RowData>
	<RowData><ProcessDefId>4</ProcessDefId><FieldName>GR_RCPT</FieldName><FieldType>STRING</FieldType><FieldLength>50</FieldLength><Attribute></Attribute><VarPrecision>0</VarPrecision><ExtObjId>11</ExtObjId>
	</RowData>
	<RowData><ProcessDefId>4</ProcessDefId><FieldName>GRANT_NBR</FieldName><FieldType>STRING</FieldType><FieldLength>50</FieldLength><Attribute></Attribute><VarPrecision>0</VarPrecision><ExtObjId>11</ExtObjId>
	</RowData>
	<RowData><ProcessDefId>4</ProcessDefId><FieldName>insertionorderid</FieldName><FieldType>LONG</FieldType><FieldLength>4</FieldLength><Attribute>Primary</Attribute><VarPrecision>0</VarPrecision><ExtObjId>11</ExtObjId>
	</RowData>
	<RowData><ProcessDefId>4</ProcessDefId><FieldName>NETWORK</FieldName><FieldType>STRING</FieldType><FieldLength>50</FieldLength><Attribute></Attribute><VarPrecision>0</VarPrecision><ExtObjId>11</ExtObjId>
	</RowData>
	<RowData><ProcessDefId>4</ProcessDefId><FieldName>ORDER_NO</FieldName><FieldType>STRING</FieldType><FieldLength>50</FieldLength><Attribute></Attribute><VarPrecision>0</VarPrecision><ExtObjId>11</ExtObjId>
	</RowData>
	<RowData><ProcessDefId>4</ProcessDefId><FieldName>PART_ACCT</FieldName><FieldType>STRING</FieldType><FieldLength>50</FieldLength><Attribute></Attribute><VarPrecision>0</VarPrecision><ExtObjId>11</ExtObjId>
	</RowData>
	<RowData><ProcessDefId>4</ProcessDefId><FieldName>pinstanceid</FieldName><FieldType>STRING</FieldType><FieldLength>50</FieldLength><Attribute></Attribute><VarPrecision>0</VarPrecision><ExtObjId>11</ExtObjId>
	</RowData>
	<RowData><ProcessDefId>4</ProcessDefId><FieldName>PO_ITEM</FieldName><FieldType>INTEGER</FieldType><FieldLength>2</FieldLength><Attribute></Attribute><VarPrecision>0</VarPrecision><ExtObjId>11</ExtObjId>
	</RowData>
	<RowData><ProcessDefId>4</ProcessDefId><FieldName>PROF_SEGM</FieldName><FieldType>INTEGER</FieldType><FieldLength>50</FieldLength><Attribute></Attribute><VarPrecision>0</VarPrecision><ExtObjId>11</ExtObjId>
	</RowData>
	<RowData><ProcessDefId>4</ProcessDefId><FieldName>PROFIT_CTR</FieldName><FieldType>STRING</FieldType><FieldLength>50</FieldLength><Attribute></Attribute><VarPrecision>0</VarPrecision><ExtObjId>11</ExtObjId>
	</RowData>
	<RowData><ProcessDefId>4</ProcessDefId><FieldName>PROJ_EXT</FieldName><FieldType>STRING</FieldType><FieldLength>50</FieldLength><Attribute></Attribute><VarPrecision>0</VarPrecision><ExtObjId>11</ExtObjId>
	</RowData>
	<RowData><ProcessDefId>4</ProcessDefId><FieldName>QUANTITY</FieldName><FieldType>STRING</FieldType><FieldLength>50</FieldLength><Attribute></Attribute><VarPrecision>0</VarPrecision><ExtObjId>11</ExtObjId>
	</RowData>
	<RowData><ProcessDefId>4</ProcessDefId><FieldName>REC_IND</FieldName><FieldType>STRING</FieldType><FieldLength>50</FieldLength><Attribute></Attribute><VarPrecision>0</VarPrecision><ExtObjId>11</ExtObjId>
	</RowData>
	<RowData><ProcessDefId>4</ProcessDefId><FieldName>REF_DATE</FieldName><FieldType>DATE</FieldType><FieldLength>8</FieldLength><Attribute></Attribute><VarPrecision>0</VarPrecision><ExtObjId>11</ExtObjId>
	</RowData>
	<RowData><ProcessDefId>4</ProcessDefId><FieldName>RES_ITEM</FieldName><FieldType>INTEGER</FieldType><FieldLength>2</FieldLength><Attribute></Attribute><VarPrecision>0</VarPrecision><ExtObjId>11</ExtObjId>
	</RowData>
	<RowData><ProcessDefId>4</ProcessDefId><FieldName>RL_EST_KEY</FieldName><FieldType>STRING</FieldType><FieldLength>50</FieldLength><Attribute></Attribute><VarPrecision>0</VarPrecision><ExtObjId>11</ExtObjId>
	</RowData>
	<RowData><ProcessDefId>4</ProcessDefId><FieldName>ROUTING_NO</FieldName><FieldType>INTEGER</FieldType><FieldLength>50</FieldLength><Attribute></Attribute><VarPrecision>0</VarPrecision><ExtObjId>11</ExtObjId>
	</RowData>
	<RowData><ProcessDefId>4</ProcessDefId><FieldName>SCHED_LINE</FieldName><FieldType>INTEGER</FieldType><FieldLength>50</FieldLength><Attribute></Attribute><VarPrecision>0</VarPrecision><ExtObjId>11</ExtObjId>
	</RowData>
	<RowData><ProcessDefId>4</ProcessDefId><FieldName>SD_DOC</FieldName><FieldType>STRING</FieldType><FieldLength>50</FieldLength><Attribute></Attribute><VarPrecision>0</VarPrecision><ExtObjId>11</ExtObjId>
	</RowData>
	<RowData><ProcessDefId>4</ProcessDefId><FieldName>SDOC_ITEM</FieldName><FieldType>INTEGER</FieldType><FieldLength>2</FieldLength><Attribute></Attribute><VarPrecision>0</VarPrecision><ExtObjId>11</ExtObjId>
	</RowData>
	<RowData><ProcessDefId>4</ProcessDefId><FieldName>SERIAL_NO</FieldName><FieldType>INTEGER</FieldType><FieldLength>50</FieldLength><Attribute></Attribute><VarPrecision>0</VarPrecision><ExtObjId>11</ExtObjId>
	</RowData>
	<RowData><ProcessDefId>4</ProcessDefId><FieldName>SUB_NUMBER</FieldName><FieldType>STRING</FieldType><FieldLength>50</FieldLength><Attribute></Attribute><VarPrecision>0</VarPrecision><ExtObjId>11</ExtObjId>
	</RowData>
	<RowData><ProcessDefId>4</ProcessDefId><FieldName>TO_COSTCTR</FieldName><FieldType>STRING</FieldType><FieldLength>50</FieldLength><Attribute></Attribute><VarPrecision>0</VarPrecision><ExtObjId>11</ExtObjId>
	</RowData>
	<RowData><ProcessDefId>4</ProcessDefId><FieldName>TO_ORDER</FieldName><FieldType>STRING</FieldType><FieldLength>50</FieldLength><Attribute></Attribute><VarPrecision>0</VarPrecision><ExtObjId>11</ExtObjId>
	</RowData>
	<RowData><ProcessDefId>4</ProcessDefId><FieldName>TO_PROJECT</FieldName><FieldType>STRING</FieldType><FieldLength>50</FieldLength><Attribute></Attribute><VarPrecision>0</VarPrecision><ExtObjId>11</ExtObjId>
	</RowData>
	<RowData><ProcessDefId>4</ProcessDefId><FieldName>UNLOAD_PT</FieldName><FieldType>STRING</FieldType><FieldLength>50</FieldLength><Attribute></Attribute><VarPrecision>0</VarPrecision><ExtObjId>11</ExtObjId>
	</RowData>
	<RowData><ProcessDefId>4</ProcessDefId><FieldName>WBS_ELEM_E</FieldName><FieldType>STRING</FieldType><FieldLength>50</FieldLength><Attribute></Attribute><VarPrecision>0</VarPrecision><ExtObjId>11</ExtObjId>
	</RowData>
	<RowData><ProcessDefId>4</ProcessDefId><FieldName>actedby</FieldName><FieldType>STRING</FieldType><FieldLength>150</FieldLength><Attribute></Attribute><VarPrecision>0</VarPrecision><ExtObjId>12</ExtObjId>
	</RowData>
	<RowData><ProcessDefId>4</ProcessDefId><FieldName>actedon</FieldName><FieldType>DATE</FieldType><FieldLength>23</FieldLength><Attribute></Attribute><VarPrecision>0</VarPrecision><ExtObjId>12</ExtObjId>
	</RowData>
	<RowData><ProcessDefId>4</ProcessDefId><FieldName>insertionOrderId</FieldName><FieldType>LONG</FieldType><FieldLength>20</FieldLength><Attribute></Attribute><VarPrecision>0</VarPrecision><ExtObjId>12</ExtObjId>
	</RowData>
	<RowData><ProcessDefId>4</ProcessDefId><FieldName>level</FieldName><FieldType>STRING</FieldType><FieldLength>50</FieldLength><Attribute></Attribute><VarPrecision>0</VarPrecision><ExtObjId>12</ExtObjId>
	</RowData>
	<RowData><ProcessDefId>4</ProcessDefId><FieldName>pinstanceid</FieldName><FieldType>STRING</FieldType><FieldLength>50</FieldLength><Attribute></Attribute><VarPrecision>0</VarPrecision><ExtObjId>12</ExtObjId>
	</RowData>
	<RowData><ProcessDefId>4</ProcessDefId><FieldName>remarks</FieldName><FieldType>STRING</FieldType><FieldLength>250</FieldLength><Attribute></Attribute><VarPrecision>0</VarPrecision><ExtObjId>12</ExtObjId>
	</RowData>
	<RowData><ProcessDefId>4</ProcessDefId><FieldName>service_status</FieldName><FieldType>STRING</FieldType><FieldLength>50</FieldLength><Attribute></Attribute><VarPrecision>0</VarPrecision><ExtObjId>12</ExtObjId>
	</RowData>
	<RowData><ProcessDefId>4</ProcessDefId><FieldName>gross_price</FieldName><FieldType>STRING</FieldType><FieldLength>50</FieldLength><Attribute></Attribute><VarPrecision>0</VarPrecision><ExtObjId>13</ExtObjId>
	</RowData>
	<RowData><ProcessDefId>4</ProcessDefId><FieldName>hsn_sac</FieldName><FieldType>STRING</FieldType><FieldLength>50</FieldLength><Attribute></Attribute><VarPrecision>0</VarPrecision><ExtObjId>13</ExtObjId>
	</RowData>
	<RowData><ProcessDefId>4</ProcessDefId><FieldName>insertionorderid</FieldName><FieldType>LONG</FieldType><FieldLength>4</FieldLength><Attribute>Primary</Attribute><VarPrecision>0</VarPrecision><ExtObjId>13</ExtObjId>
	</RowData>
	<RowData><ProcessDefId>4</ProcessDefId><FieldName>line_no</FieldName><FieldType>STRING</FieldType><FieldLength>50</FieldLength><Attribute></Attribute><VarPrecision>0</VarPrecision><ExtObjId>13</ExtObjId>
	</RowData>
	<RowData><ProcessDefId>4</ProcessDefId><FieldName>pinstanceid</FieldName><FieldType>STRING</FieldType><FieldLength>50</FieldLength><Attribute></Attribute><VarPrecision>0</VarPrecision><ExtObjId>13</ExtObjId>
	</RowData>
	<RowData><ProcessDefId>4</ProcessDefId><FieldName>price_per_unit</FieldName><FieldType>STRING</FieldType><FieldLength>50</FieldLength><Attribute></Attribute><VarPrecision>0</VarPrecision><ExtObjId>13</ExtObjId>
	</RowData>
	<RowData><ProcessDefId>4</ProcessDefId><FieldName>quantity</FieldName><FieldType>STRING</FieldType><FieldLength>50</FieldLength><Attribute></Attribute><VarPrecision>0</VarPrecision><ExtObjId>13</ExtObjId>
	</RowData>
	<RowData><ProcessDefId>4</ProcessDefId><FieldName>select_flag</FieldName><FieldType>STRING</FieldType><FieldLength>50</FieldLength><Attribute></Attribute><VarPrecision>0</VarPrecision><ExtObjId>13</ExtObjId>
	</RowData>
	<RowData><ProcessDefId>4</ProcessDefId><FieldName>short_text</FieldName><FieldType>STRING</FieldType><FieldLength>250</FieldLength><Attribute></Attribute><VarPrecision>0</VarPrecision><ExtObjId>13</ExtObjId>
	</RowData>
	<RowData><ProcessDefId>4</ProcessDefId><FieldName>insertionorderid</FieldName><FieldType>LONG</FieldType><FieldLength>4</FieldLength><Attribute>Primary</Attribute><VarPrecision>0</VarPrecision><ExtObjId>14</ExtObjId>
	</RowData>
	<RowData><ProcessDefId>4</ProcessDefId><FieldName>pinstanceid</FieldName><FieldType>STRING</FieldType><FieldLength>50</FieldLength><Attribute></Attribute><VarPrecision>0</VarPrecision><ExtObjId>14</ExtObjId>
	</RowData>
	<RowData><ProcessDefId>4</ProcessDefId><FieldName>ponumber</FieldName><FieldType>STRING</FieldType><FieldLength>50</FieldLength><Attribute></Attribute><VarPrecision>0</VarPrecision><ExtObjId>14</ExtObjId>
	</RowData>
	<RowData><ProcessDefId>4</ProcessDefId><FieldName>errordate</FieldName><FieldType>STRING</FieldType><FieldLength>50</FieldLength><Attribute></Attribute><VarPrecision>0</VarPrecision><ExtObjId>15</ExtObjId>
	</RowData>
	<RowData><ProcessDefId>4</ProcessDefId><FieldName>errormessage</FieldName><FieldType>STRING</FieldType><FieldLength>255</FieldLength><Attribute></Attribute><VarPrecision>0</VarPrecision><ExtObjId>15</ExtObjId>
	</RowData>
	<RowData><ProcessDefId>4</ProcessDefId><FieldName>insertionorderid</FieldName><FieldType>LONG</FieldType><FieldLength>4</FieldLength><Attribute>Primary</Attribute><VarPrecision>0</VarPrecision><ExtObjId>15</ExtObjId>
	</RowData>
	<RowData><ProcessDefId>4</ProcessDefId><FieldName>pinstanceid</FieldName><FieldType>STRING</FieldType><FieldLength>50</FieldLength><Attribute></Attribute><VarPrecision>0</VarPrecision><ExtObjId>15</ExtObjId>
	</RowData>
	<RowData><ProcessDefId>4</ProcessDefId><FieldName>resolutionremarks</FieldName><FieldType>STRING</FieldType><FieldLength>255</FieldLength><Attribute></Attribute><VarPrecision>0</VarPrecision><ExtObjId>15</ExtObjId>
	</RowData>
	<RowData><ProcessDefId>4</ProcessDefId><FieldName>resolutionstatus</FieldName><FieldType>STRING</FieldType><FieldLength>50</FieldLength><Attribute></Attribute><VarPrecision>0</VarPrecision><ExtObjId>15</ExtObjId>
	</RowData>
	<RowData><ProcessDefId>4</ProcessDefId><FieldName>resolvedby</FieldName><FieldType>STRING</FieldType><FieldLength>50</FieldLength><Attribute></Attribute><VarPrecision>0</VarPrecision><ExtObjId>15</ExtObjId>
	</RowData>
	<RowData><ProcessDefId>4</ProcessDefId><FieldName>resolveddate</FieldName><FieldType>STRING</FieldType><FieldLength>50</FieldLength><Attribute></Attribute><VarPrecision>0</VarPrecision><ExtObjId>15</ExtObjId>
	</RowData>
</PMWEXTDBFIELDDEFINITIONTABLE_6>