<PMWEXTMETHODPARAMDEFTABLE>
	<RowData><ProcessDefId>4</ProcessDefId><ExtMethodParamIndex>1</ExtMethodParamIndex><ExtMethodIndex>1</ExtMethodIndex><ParameterName>Param1</ParameterName><ParameterType>10</ParameterType><ParameterOrder>1</ParameterOrder><DataStructureId>0</DataStructureId><ParameterScope></ParameterScope><Unbounded>N</Unbounded>
	</RowData>
	<RowData><ProcessDefId>4</ProcessDefId><ExtMethodParamIndex>2</ExtMethodParamIndex><ExtMethodIndex>1</ExtMethodIndex><ParameterName>Param2</ParameterName><ParameterType>10</ParameterType><ParameterOrder>2</ParameterOrder><DataStructureId>0</DataStructureId><ParameterScope></ParameterScope><Unbounded>N</Unbounded>
	</RowData>
	<RowData><ProcessDefId>4</ProcessDefId><ExtMethodParamIndex>1</ExtMethodParamIndex><ExtMethodIndex>2</ExtMethodIndex><ParameterName>Param1</ParameterName><ParameterType>10</ParameterType><ParameterOrder>1</ParameterOrder><DataStructureId>0</DataStructureId><ParameterScope></ParameterScope><Unbounded>N</Unbounded>
	</RowData>
	<RowData><ProcessDefId>4</ProcessDefId><ExtMethodParamIndex>1</ExtMethodParamIndex><ExtMethodIndex>3</ExtMethodIndex><ParameterName>Param1</ParameterName><ParameterType>10</ParameterType><ParameterOrder>1</ParameterOrder><DataStructureId>0</DataStructureId><ParameterScope></ParameterScope><Unbounded>N</Unbounded>
	</RowData>
	<RowData><ProcessDefId>4</ProcessDefId><ExtMethodParamIndex>1</ExtMethodParamIndex><ExtMethodIndex>4</ExtMethodIndex><ParameterName>Param1</ParameterName><ParameterType>8</ParameterType><ParameterOrder>1</ParameterOrder><DataStructureId>0</DataStructureId><ParameterScope></ParameterScope><Unbounded>N</Unbounded>
	</RowData>
	<RowData><ProcessDefId>4</ProcessDefId><ExtMethodParamIndex>1</ExtMethodParamIndex><ExtMethodIndex>5</ExtMethodIndex><ParameterName>Param1</ParameterName><ParameterType>6</ParameterType><ParameterOrder>1</ParameterOrder><DataStructureId>0</DataStructureId><ParameterScope></ParameterScope><Unbounded>N</Unbounded>
	</RowData>
	<RowData><ProcessDefId>4</ProcessDefId><ExtMethodParamIndex>1</ExtMethodParamIndex><ExtMethodIndex>6</ExtMethodIndex><ParameterName>Param1</ParameterName><ParameterType>4</ParameterType><ParameterOrder>1</ParameterOrder><DataStructureId>0</DataStructureId><ParameterScope></ParameterScope><Unbounded>N</Unbounded>
	</RowData>
	<RowData><ProcessDefId>4</ProcessDefId><ExtMethodParamIndex>1</ExtMethodParamIndex><ExtMethodIndex>7</ExtMethodIndex><ParameterName>Param1</ParameterName><ParameterType>3</ParameterType><ParameterOrder>1</ParameterOrder><DataStructureId>0</DataStructureId><ParameterScope></ParameterScope><Unbounded>N</Unbounded>
	</RowData>
	<RowData><ProcessDefId>4</ProcessDefId><ExtMethodParamIndex>1</ExtMethodParamIndex><ExtMethodIndex>8</ExtMethodIndex><ParameterName>Param1</ParameterName><ParameterType>12</ParameterType><ParameterOrder>1</ParameterOrder><DataStructureId>0</DataStructureId><ParameterScope></ParameterScope><Unbounded>N</Unbounded>
	</RowData>
	<RowData><ProcessDefId>4</ProcessDefId><ExtMethodParamIndex>1</ExtMethodParamIndex><ExtMethodIndex>9</ExtMethodIndex><ParameterName>Param1</ParameterName><ParameterType>10</ParameterType><ParameterOrder>1</ParameterOrder><DataStructureId>0</DataStructureId><ParameterScope></ParameterScope><Unbounded>N</Unbounded>
	</RowData>
	<RowData><ProcessDefId>4</ProcessDefId><ExtMethodParamIndex>1</ExtMethodParamIndex><ExtMethodIndex>10</ExtMethodIndex><ParameterName>Param1</ParameterName><ParameterType>3</ParameterType><ParameterOrder>1</ParameterOrder><DataStructureId>0</DataStructureId><ParameterScope></ParameterScope><Unbounded>N</Unbounded>
	</RowData>
	<RowData><ProcessDefId>4</ProcessDefId><ExtMethodParamIndex>1</ExtMethodParamIndex><ExtMethodIndex>11</ExtMethodIndex><ParameterName>Param1</ParameterName><ParameterType>10</ParameterType><ParameterOrder>1</ParameterOrder><DataStructureId>0</DataStructureId><ParameterScope></ParameterScope><Unbounded>N</Unbounded>
	</RowData>
	<RowData><ProcessDefId>4</ProcessDefId><ExtMethodParamIndex>2</ExtMethodParamIndex><ExtMethodIndex>11</ExtMethodIndex><ParameterName>Param2</ParameterName><ParameterType>10</ParameterType><ParameterOrder>2</ParameterOrder><DataStructureId>0</DataStructureId><ParameterScope></ParameterScope><Unbounded>N</Unbounded>
	</RowData>
	<RowData><ProcessDefId>4</ProcessDefId><ExtMethodParamIndex>1</ExtMethodParamIndex><ExtMethodIndex>12</ExtMethodIndex><ParameterName>Param1</ParameterName><ParameterType>10</ParameterType><ParameterOrder>1</ParameterOrder><DataStructureId>0</DataStructureId><ParameterScope></ParameterScope><Unbounded>N</Unbounded>
	</RowData>
	<RowData><ProcessDefId>4</ProcessDefId><ExtMethodParamIndex>1</ExtMethodParamIndex><ExtMethodIndex>13</ExtMethodIndex><ParameterName>Param1</ParameterName><ParameterType>10</ParameterType><ParameterOrder>1</ParameterOrder><DataStructureId>0</DataStructureId><ParameterScope></ParameterScope><Unbounded>N</Unbounded>
	</RowData>
	<RowData><ProcessDefId>4</ProcessDefId><ExtMethodParamIndex>2</ExtMethodParamIndex><ExtMethodIndex>13</ExtMethodIndex><ParameterName>Param2</ParameterName><ParameterType>3</ParameterType><ParameterOrder>2</ParameterOrder><DataStructureId>0</DataStructureId><ParameterScope></ParameterScope><Unbounded>N</Unbounded>
	</RowData>
	<RowData><ProcessDefId>4</ProcessDefId><ExtMethodParamIndex>3</ExtMethodParamIndex><ExtMethodIndex>13</ExtMethodIndex><ParameterName>Param3</ParameterName><ParameterType>3</ParameterType><ParameterOrder>3</ParameterOrder><DataStructureId>0</DataStructureId><ParameterScope></ParameterScope><Unbounded>N</Unbounded>
	</RowData>
	<RowData><ProcessDefId>4</ProcessDefId><ExtMethodParamIndex>1</ExtMethodParamIndex><ExtMethodIndex>14</ExtMethodIndex><ParameterName>Param1</ParameterName><ParameterType>10</ParameterType><ParameterOrder>1</ParameterOrder><DataStructureId>0</DataStructureId><ParameterScope></ParameterScope><Unbounded>N</Unbounded>
	</RowData>
	<RowData><ProcessDefId>4</ProcessDefId><ExtMethodParamIndex>2</ExtMethodParamIndex><ExtMethodIndex>14</ExtMethodIndex><ParameterName>Param2</ParameterName><ParameterType>10</ParameterType><ParameterOrder>2</ParameterOrder><DataStructureId>0</DataStructureId><ParameterScope></ParameterScope><Unbounded>N</Unbounded>
	</RowData>
	<RowData><ProcessDefId>4</ProcessDefId><ExtMethodParamIndex>1</ExtMethodParamIndex><ExtMethodIndex>15</ExtMethodIndex><ParameterName>Param1</ParameterName><ParameterType>10</ParameterType><ParameterOrder>1</ParameterOrder><DataStructureId>0</DataStructureId><ParameterScope></ParameterScope><Unbounded>N</Unbounded>
	</RowData>
	<RowData><ProcessDefId>4</ProcessDefId><ExtMethodParamIndex>2</ExtMethodParamIndex><ExtMethodIndex>15</ExtMethodIndex><ParameterName>Param2</ParameterName><ParameterType>10</ParameterType><ParameterOrder>2</ParameterOrder><DataStructureId>0</DataStructureId><ParameterScope></ParameterScope><Unbounded>N</Unbounded>
	</RowData>
	<RowData><ProcessDefId>4</ProcessDefId><ExtMethodParamIndex>1</ExtMethodParamIndex><ExtMethodIndex>16</ExtMethodIndex><ParameterName>Param1</ParameterName><ParameterType>10</ParameterType><ParameterOrder>1</ParameterOrder><DataStructureId>0</DataStructureId><ParameterScope></ParameterScope><Unbounded>N</Unbounded>
	</RowData>
	<RowData><ProcessDefId>4</ProcessDefId><ExtMethodParamIndex>2</ExtMethodParamIndex><ExtMethodIndex>16</ExtMethodIndex><ParameterName>Param2</ParameterName><ParameterType>10</ParameterType><ParameterOrder>2</ParameterOrder><DataStructureId>0</DataStructureId><ParameterScope></ParameterScope><Unbounded>N</Unbounded>
	</RowData>
	<RowData><ProcessDefId>4</ProcessDefId><ExtMethodParamIndex>3</ExtMethodParamIndex><ExtMethodIndex>16</ExtMethodIndex><ParameterName>Param3</ParameterName><ParameterType>10</ParameterType><ParameterOrder>3</ParameterOrder><DataStructureId>0</DataStructureId><ParameterScope></ParameterScope><Unbounded>N</Unbounded>
	</RowData>
	<RowData><ProcessDefId>4</ProcessDefId><ExtMethodParamIndex>1</ExtMethodParamIndex><ExtMethodIndex>17</ExtMethodIndex><ParameterName>Param1</ParameterName><ParameterType>10</ParameterType><ParameterOrder>1</ParameterOrder><DataStructureId>0</DataStructureId><ParameterScope></ParameterScope><Unbounded>N</Unbounded>
	</RowData>
	<RowData><ProcessDefId>4</ProcessDefId><ExtMethodParamIndex>2</ExtMethodParamIndex><ExtMethodIndex>17</ExtMethodIndex><ParameterName>Param2</ParameterName><ParameterType>10</ParameterType><ParameterOrder>2</ParameterOrder><DataStructureId>0</DataStructureId><ParameterScope></ParameterScope><Unbounded>N</Unbounded>
	</RowData>
	<RowData><ProcessDefId>4</ProcessDefId><ExtMethodParamIndex>1</ExtMethodParamIndex><ExtMethodIndex>18</ExtMethodIndex><ParameterName>Param1</ParameterName><ParameterType>10</ParameterType><ParameterOrder>1</ParameterOrder><DataStructureId>0</DataStructureId><ParameterScope></ParameterScope><Unbounded>N</Unbounded>
	</RowData>
	<RowData><ProcessDefId>4</ProcessDefId><ExtMethodParamIndex>1</ExtMethodParamIndex><ExtMethodIndex>19</ExtMethodIndex><ParameterName>Param1</ParameterName><ParameterType>6</ParameterType><ParameterOrder>1</ParameterOrder><DataStructureId>0</DataStructureId><ParameterScope></ParameterScope><Unbounded>N</Unbounded>
	</RowData>
	<RowData><ProcessDefId>4</ProcessDefId><ExtMethodParamIndex>1</ExtMethodParamIndex><ExtMethodIndex>20</ExtMethodIndex><ParameterName>Param1</ParameterName><ParameterType>4</ParameterType><ParameterOrder>1</ParameterOrder><DataStructureId>0</DataStructureId><ParameterScope></ParameterScope><Unbounded>N</Unbounded>
	</RowData>
	<RowData><ProcessDefId>4</ProcessDefId><ExtMethodParamIndex>1</ExtMethodParamIndex><ExtMethodIndex>21</ExtMethodIndex><ParameterName>Param1</ParameterName><ParameterType>3</ParameterType><ParameterOrder>1</ParameterOrder><DataStructureId>0</DataStructureId><ParameterScope></ParameterScope><Unbounded>N</Unbounded>
	</RowData>
	<RowData><ProcessDefId>4</ProcessDefId><ExtMethodParamIndex>1</ExtMethodParamIndex><ExtMethodIndex>22</ExtMethodIndex><ParameterName>Param1</ParameterName><ParameterType>12</ParameterType><ParameterOrder>1</ParameterOrder><DataStructureId>0</DataStructureId><ParameterScope></ParameterScope><Unbounded>N</Unbounded>
	</RowData>
	<RowData><ProcessDefId>4</ProcessDefId><ExtMethodParamIndex>1</ExtMethodParamIndex><ExtMethodIndex>23</ExtMethodIndex><ParameterName>Param1</ParameterName><ParameterType>6</ParameterType><ParameterOrder>1</ParameterOrder><DataStructureId>0</DataStructureId><ParameterScope></ParameterScope><Unbounded>N</Unbounded>
	</RowData>
	<RowData><ProcessDefId>4</ProcessDefId><ExtMethodParamIndex>1</ExtMethodParamIndex><ExtMethodIndex>24</ExtMethodIndex><ParameterName>Param1</ParameterName><ParameterType>6</ParameterType><ParameterOrder>1</ParameterOrder><DataStructureId>0</DataStructureId><ParameterScope></ParameterScope><Unbounded>N</Unbounded>
	</RowData>
	<RowData><ProcessDefId>4</ProcessDefId><ExtMethodParamIndex>1</ExtMethodParamIndex><ExtMethodIndex>25</ExtMethodIndex><ParameterName>Param1</ParameterName><ParameterType>6</ParameterType><ParameterOrder>1</ParameterOrder><DataStructureId>0</DataStructureId><ParameterScope></ParameterScope><Unbounded>N</Unbounded>
	</RowData>
	<RowData><ProcessDefId>4</ProcessDefId><ExtMethodParamIndex>1</ExtMethodParamIndex><ExtMethodIndex>29</ExtMethodIndex><ParameterName>Param1</ParameterName><ParameterType>8</ParameterType><ParameterOrder>1</ParameterOrder><DataStructureId>0</DataStructureId><ParameterScope></ParameterScope><Unbounded>N</Unbounded>
	</RowData>
	<RowData><ProcessDefId>4</ProcessDefId><ExtMethodParamIndex>1</ExtMethodParamIndex><ExtMethodIndex>30</ExtMethodIndex><ParameterName>Param1</ParameterName><ParameterType>8</ParameterType><ParameterOrder>1</ParameterOrder><DataStructureId>0</DataStructureId><ParameterScope></ParameterScope><Unbounded>N</Unbounded>
	</RowData>
	<RowData><ProcessDefId>4</ProcessDefId><ExtMethodParamIndex>1</ExtMethodParamIndex><ExtMethodIndex>31</ExtMethodIndex><ParameterName>Param1</ParameterName><ParameterType>6</ParameterType><ParameterOrder>1</ParameterOrder><DataStructureId>0</DataStructureId><ParameterScope></ParameterScope><Unbounded>N</Unbounded>
	</RowData>
	<RowData><ProcessDefId>4</ProcessDefId><ExtMethodParamIndex>1</ExtMethodParamIndex><ExtMethodIndex>32</ExtMethodIndex><ParameterName>Param1</ParameterName><ParameterType>3</ParameterType><ParameterOrder>1</ParameterOrder><DataStructureId>0</DataStructureId><ParameterScope></ParameterScope><Unbounded>Y</Unbounded>
	</RowData>
	<RowData><ProcessDefId>4</ProcessDefId><ExtMethodParamIndex>2</ExtMethodParamIndex><ExtMethodIndex>32</ExtMethodIndex><ParameterName>Param2</ParameterName><ParameterType>3</ParameterType><ParameterOrder>2</ParameterOrder><DataStructureId>0</DataStructureId><ParameterScope></ParameterScope><Unbounded>N</Unbounded>
	</RowData>
	<RowData><ProcessDefId>4</ProcessDefId><ExtMethodParamIndex>1</ExtMethodParamIndex><ExtMethodIndex>33</ExtMethodIndex><ParameterName>Param1</ParameterName><ParameterType>3</ParameterType><ParameterOrder>1</ParameterOrder><DataStructureId>0</DataStructureId><ParameterScope></ParameterScope><Unbounded>Y</Unbounded>
	</RowData>
	<RowData><ProcessDefId>4</ProcessDefId><ExtMethodParamIndex>2</ExtMethodParamIndex><ExtMethodIndex>33</ExtMethodIndex><ParameterName>Param2</ParameterName><ParameterType>3</ParameterType><ParameterOrder>2</ParameterOrder><DataStructureId>0</DataStructureId><ParameterScope></ParameterScope><Unbounded>N</Unbounded>
	</RowData>
	<RowData><ProcessDefId>4</ProcessDefId><ExtMethodParamIndex>3</ExtMethodParamIndex><ExtMethodIndex>33</ExtMethodIndex><ParameterName>Param3</ParameterName><ParameterType>3</ParameterType><ParameterOrder>3</ParameterOrder><DataStructureId>0</DataStructureId><ParameterScope></ParameterScope><Unbounded>N</Unbounded>
	</RowData>
	<RowData><ProcessDefId>4</ProcessDefId><ExtMethodParamIndex>1</ExtMethodParamIndex><ExtMethodIndex>35</ExtMethodIndex><ParameterName>SERVICE_TEXTS</ParameterName><ParameterType>10</ParameterType><ParameterOrder>1</ParameterOrder><DataStructureId>0</DataStructureId><ParameterScope>I</ParameterScope><Unbounded>N</Unbounded>
	</RowData>
	<RowData><ProcessDefId>4</ProcessDefId><ExtMethodParamIndex>2</ExtMethodParamIndex><ExtMethodIndex>35</ExtMethodIndex><ParameterName>PURCHASEORDER</ParameterName><ParameterType>10</ParameterType><ParameterOrder>2</ParameterOrder><DataStructureId>0</DataStructureId><ParameterScope>I</ParameterScope><Unbounded>N</Unbounded>
	</RowData>
	<RowData><ProcessDefId>4</ProcessDefId><ExtMethodParamIndex>3</ExtMethodParamIndex><ExtMethodIndex>35</ExtMethodIndex><ParameterName>HISTORY</ParameterName><ParameterType>10</ParameterType><ParameterOrder>3</ParameterOrder><DataStructureId>0</DataStructureId><ParameterScope>I</ParameterScope><Unbounded>N</Unbounded>
	</RowData>
	<RowData><ProcessDefId>4</ProcessDefId><ExtMethodParamIndex>4</ExtMethodParamIndex><ExtMethodIndex>35</ExtMethodIndex><ParameterName>ITEMS</ParameterName><ParameterType>10</ParameterType><ParameterOrder>4</ParameterOrder><DataStructureId>0</DataStructureId><ParameterScope>I</ParameterScope><Unbounded>N</Unbounded>
	</RowData>
	<RowData><ProcessDefId>4</ProcessDefId><ExtMethodParamIndex>5</ExtMethodParamIndex><ExtMethodIndex>35</ExtMethodIndex><ParameterName>EXTENSIONS</ParameterName><ParameterType>10</ParameterType><ParameterOrder>5</ParameterOrder><DataStructureId>0</DataStructureId><ParameterScope>I</ParameterScope><Unbounded>N</Unbounded>
	</RowData>
	<RowData><ProcessDefId>4</ProcessDefId><ExtMethodParamIndex>6</ExtMethodParamIndex><ExtMethodIndex>35</ExtMethodIndex><ParameterName>CONFIRMATIONS</ParameterName><ParameterType>10</ParameterType><ParameterOrder>6</ParameterOrder><DataStructureId>0</DataStructureId><ParameterScope>I</ParameterScope><Unbounded>N</Unbounded>
	</RowData>
	<RowData><ProcessDefId>4</ProcessDefId><ExtMethodParamIndex>7</ExtMethodParamIndex><ExtMethodIndex>35</ExtMethodIndex><ParameterName>SERVICES</ParameterName><ParameterType>10</ParameterType><ParameterOrder>7</ParameterOrder><DataStructureId>0</DataStructureId><ParameterScope>I</ParameterScope><Unbounded>N</Unbounded>
	</RowData>
	<RowData><ProcessDefId>4</ProcessDefId><ExtMethodParamIndex>8</ExtMethodParamIndex><ExtMethodIndex>35</ExtMethodIndex><ParameterName>HEADER_TEXTS</ParameterName><ParameterType>10</ParameterType><ParameterOrder>8</ParameterOrder><DataStructureId>0</DataStructureId><ParameterScope>I</ParameterScope><Unbounded>N</Unbounded>
	</RowData>
	<RowData><ProcessDefId>4</ProcessDefId><ExtMethodParamIndex>9</ExtMethodParamIndex><ExtMethodIndex>35</ExtMethodIndex><ParameterName>ACCOUNT_ASSIGNMENT</ParameterName><ParameterType>10</ParameterType><ParameterOrder>9</ParameterOrder><DataStructureId>0</DataStructureId><ParameterScope>I</ParameterScope><Unbounded>N</Unbounded>
	</RowData>
	<RowData><ProcessDefId>4</ProcessDefId><ExtMethodParamIndex>10</ExtMethodParamIndex><ExtMethodIndex>35</ExtMethodIndex><ParameterName>SCHEDULES</ParameterName><ParameterType>10</ParameterType><ParameterOrder>10</ParameterOrder><DataStructureId>0</DataStructureId><ParameterScope>I</ParameterScope><Unbounded>N</Unbounded>
	</RowData>
	<RowData><ProcessDefId>4</ProcessDefId><ExtMethodParamIndex>11</ExtMethodParamIndex><ExtMethodIndex>35</ExtMethodIndex><ParameterName>ITEM_TEXTS</ParameterName><ParameterType>10</ParameterType><ParameterOrder>11</ParameterOrder><DataStructureId>0</DataStructureId><ParameterScope>I</ParameterScope><Unbounded>N</Unbounded>
	</RowData>
	<RowData><ProcessDefId>4</ProcessDefId><ExtMethodParamIndex>12</ExtMethodParamIndex><ExtMethodIndex>35</ExtMethodIndex><ParameterName>PO_ADDRESS</ParameterName><ParameterType>11</ParameterType><ParameterOrder>12</ParameterOrder><DataStructureId>1</DataStructureId><ParameterScope>O</ParameterScope><Unbounded>N</Unbounded>
	</RowData>
	<RowData><ProcessDefId>4</ProcessDefId><ExtMethodParamIndex>13</ExtMethodParamIndex><ExtMethodIndex>35</ExtMethodIndex><ParameterName>PO_HEADER</ParameterName><ParameterType>11</ParameterType><ParameterOrder>13</ParameterOrder><DataStructureId>62</DataStructureId><ParameterScope>O</ParameterScope><Unbounded>N</Unbounded>
	</RowData>
	<RowData><ProcessDefId>4</ProcessDefId><ExtMethodParamIndex>14</ExtMethodParamIndex><ExtMethodIndex>35</ExtMethodIndex><ParameterName>PO_ITEM_ACCOUNT_ASSIGNMENT</ParameterName><ParameterType>11</ParameterType><ParameterOrder>14</ParameterOrder><DataStructureId>132</DataStructureId><ParameterScope>T</ParameterScope><Unbounded>Y</Unbounded>
	</RowData>
	<RowData><ProcessDefId>4</ProcessDefId><ExtMethodParamIndex>15</ExtMethodParamIndex><ExtMethodIndex>35</ExtMethodIndex><ParameterName>PO_HEADER_TEXTS</ParameterName><ParameterType>11</ParameterType><ParameterOrder>15</ParameterOrder><DataStructureId>175</DataStructureId><ParameterScope>T</ParameterScope><Unbounded>Y</Unbounded>
	</RowData>
	<RowData><ProcessDefId>4</ProcessDefId><ExtMethodParamIndex>16</ExtMethodParamIndex><ExtMethodIndex>35</ExtMethodIndex><ParameterName>PO_ITEMS</ParameterName><ParameterType>11</ParameterType><ParameterOrder>16</ParameterOrder><DataStructureId>180</DataStructureId><ParameterScope>T</ParameterScope><Unbounded>Y</Unbounded>
	</RowData>
	<RowData><ProcessDefId>4</ProcessDefId><ExtMethodParamIndex>17</ExtMethodParamIndex><ExtMethodIndex>35</ExtMethodIndex><ParameterName>PO_ITEM_SERVICES</ParameterName><ParameterType>11</ParameterType><ParameterOrder>17</ParameterOrder><DataStructureId>368</DataStructureId><ParameterScope>T</ParameterScope><Unbounded>Y</Unbounded>
	</RowData>
	<RowData><ProcessDefId>4</ProcessDefId><ExtMethodParamIndex>18</ExtMethodParamIndex><ExtMethodIndex>35</ExtMethodIndex><ParameterName>PO_ITEM_CONTRACT_LIMITS</ParameterName><ParameterType>11</ParameterType><ParameterOrder>18</ParameterOrder><DataStructureId>446</DataStructureId><ParameterScope>T</ParameterScope><Unbounded>Y</Unbounded>
	</RowData>
	<RowData><ProcessDefId>4</ProcessDefId><ExtMethodParamIndex>19</ExtMethodParamIndex><ExtMethodIndex>35</ExtMethodIndex><ParameterName>RETURN</ParameterName><ParameterType>11</ParameterType><ParameterOrder>19</ParameterOrder><DataStructureId>459</DataStructureId><ParameterScope>T</ParameterScope><Unbounded>Y</Unbounded>
	</RowData>
	<RowData><ProcessDefId>4</ProcessDefId><ExtMethodParamIndex>20</ExtMethodParamIndex><ExtMethodIndex>35</ExtMethodIndex><ParameterName>PO_ITEM_CONFIRMATIONS</ParameterName><ParameterType>11</ParameterType><ParameterOrder>20</ParameterOrder><DataStructureId>469</DataStructureId><ParameterScope>T</ParameterScope><Unbounded>Y</Unbounded>
	</RowData>
	<RowData><ProcessDefId>4</ProcessDefId><ExtMethodParamIndex>21</ExtMethodParamIndex><ExtMethodIndex>35</ExtMethodIndex><ParameterName>PO_ITEM_LIMITS</ParameterName><ParameterType>11</ParameterType><ParameterOrder>21</ParameterOrder><DataStructureId>488</DataStructureId><ParameterScope>T</ParameterScope><Unbounded>Y</Unbounded>
	</RowData>
	<RowData><ProcessDefId>4</ProcessDefId><ExtMethodParamIndex>22</ExtMethodParamIndex><ExtMethodIndex>35</ExtMethodIndex><ParameterName>PO_ITEM_HISTORY_TOTALS</ParameterName><ParameterType>11</ParameterType><ParameterOrder>22</ParameterOrder><DataStructureId>517</DataStructureId><ParameterScope>T</ParameterScope><Unbounded>Y</Unbounded>
	</RowData>
	<RowData><ProcessDefId>4</ProcessDefId><ExtMethodParamIndex>23</ExtMethodParamIndex><ExtMethodIndex>35</ExtMethodIndex><ParameterName>PO_ITEM_TEXTS</ParameterName><ParameterType>11</ParameterType><ParameterOrder>23</ParameterOrder><DataStructureId>542</DataStructureId><ParameterScope>T</ParameterScope><Unbounded>Y</Unbounded>
	</RowData>
	<RowData><ProcessDefId>4</ProcessDefId><ExtMethodParamIndex>24</ExtMethodParamIndex><ExtMethodIndex>35</ExtMethodIndex><ParameterName>PO_ITEM_SCHEDULES</ParameterName><ParameterType>11</ParameterType><ParameterOrder>24</ParameterOrder><DataStructureId>548</DataStructureId><ParameterScope>T</ParameterScope><Unbounded>Y</Unbounded>
	</RowData>
	<RowData><ProcessDefId>4</ProcessDefId><ExtMethodParamIndex>25</ExtMethodParamIndex><ExtMethodIndex>35</ExtMethodIndex><ParameterName>PO_ITEM_HISTORY</ParameterName><ParameterType>11</ParameterType><ParameterOrder>25</ParameterOrder><DataStructureId>566</DataStructureId><ParameterScope>T</ParameterScope><Unbounded>Y</Unbounded>
	</RowData>
	<RowData><ProcessDefId>4</ProcessDefId><ExtMethodParamIndex>26</ExtMethodParamIndex><ExtMethodIndex>35</ExtMethodIndex><ParameterName>EXTENSIONOUT</ParameterName><ParameterType>11</ParameterType><ParameterOrder>26</ParameterOrder><DataStructureId>617</DataStructureId><ParameterScope>T</ParameterScope><Unbounded>Y</Unbounded>
	</RowData>
	<RowData><ProcessDefId>4</ProcessDefId><ExtMethodParamIndex>27</ExtMethodParamIndex><ExtMethodIndex>35</ExtMethodIndex><ParameterName>PO_ITEM_SRV_ACCASS_VALUES</ParameterName><ParameterType>11</ParameterType><ParameterOrder>27</ParameterOrder><DataStructureId>623</DataStructureId><ParameterScope>T</ParameterScope><Unbounded>Y</Unbounded>
	</RowData>
	<RowData><ProcessDefId>4</ProcessDefId><ExtMethodParamIndex>28</ExtMethodParamIndex><ExtMethodIndex>35</ExtMethodIndex><ParameterName>PO_SERVICES_TEXTS</ParameterName><ParameterType>11</ParameterType><ParameterOrder>28</ParameterOrder><DataStructureId>634</DataStructureId><ParameterScope>T</ParameterScope><Unbounded>Y</Unbounded>
	</RowData>
	<RowData><ProcessDefId>4</ProcessDefId><ExtMethodParamIndex>29</ExtMethodParamIndex><ExtMethodIndex>35</ExtMethodIndex><ParameterName>FaultDesc</ParameterName><ParameterType>10</ParameterType><ParameterOrder>29</ParameterOrder><DataStructureId>0</DataStructureId><ParameterScope>O</ParameterScope><Unbounded>N</Unbounded>
	</RowData>
	<RowData><ProcessDefId>4</ProcessDefId><ExtMethodParamIndex>30</ExtMethodParamIndex><ExtMethodIndex>35</ExtMethodIndex><ParameterName>Fault</ParameterName><ParameterType>3</ParameterType><ParameterOrder>30</ParameterOrder><DataStructureId>0</DataStructureId><ParameterScope>O</ParameterScope><Unbounded>N</Unbounded>
	</RowData>
	<RowData><ProcessDefId>4</ProcessDefId><ExtMethodParamIndex>1</ExtMethodParamIndex><ExtMethodIndex>36</ExtMethodIndex><ParameterName>TESTRUN</ParameterName><ParameterType>10</ParameterType><ParameterOrder>1</ParameterOrder><DataStructureId>0</DataStructureId><ParameterScope>I</ParameterScope><Unbounded>N</Unbounded>
	</RowData>
	<RowData><ProcessDefId>4</ProcessDefId><ExtMethodParamIndex>2</ExtMethodParamIndex><ExtMethodIndex>36</ExtMethodIndex><ParameterName>GOODSMVT_HEADER</ParameterName><ParameterType>11</ParameterType><ParameterOrder>2</ParameterOrder><DataStructureId>1</DataStructureId><ParameterScope>I</ParameterScope><Unbounded>N</Unbounded>
	</RowData>
	<RowData><ProcessDefId>4</ProcessDefId><ExtMethodParamIndex>3</ExtMethodParamIndex><ExtMethodIndex>36</ExtMethodIndex><ParameterName>GOODSMVT_CODE</ParameterName><ParameterType>11</ParameterType><ParameterOrder>3</ParameterOrder><DataStructureId>15</DataStructureId><ParameterScope>I</ParameterScope><Unbounded>N</Unbounded>
	</RowData>
	<RowData><ProcessDefId>4</ProcessDefId><ExtMethodParamIndex>4</ExtMethodParamIndex><ExtMethodIndex>36</ExtMethodIndex><ParameterName>GOODSMVT_REF_EWM</ParameterName><ParameterType>11</ParameterType><ParameterOrder>4</ParameterOrder><DataStructureId>17</DataStructureId><ParameterScope>I</ParameterScope><Unbounded>N</Unbounded>
	</RowData>
	<RowData><ProcessDefId>4</ProcessDefId><ExtMethodParamIndex>5</ExtMethodParamIndex><ExtMethodIndex>36</ExtMethodIndex><ParameterName>MATERIALDOCUMENT</ParameterName><ParameterType>10</ParameterType><ParameterOrder>5</ParameterOrder><DataStructureId>0</DataStructureId><ParameterScope>O</ParameterScope><Unbounded>N</Unbounded>
	</RowData>
	<RowData><ProcessDefId>4</ProcessDefId><ExtMethodParamIndex>6</ExtMethodParamIndex><ExtMethodIndex>36</ExtMethodIndex><ParameterName>MATDOCUMENTYEAR</ParameterName><ParameterType>3</ParameterType><ParameterOrder>6</ParameterOrder><DataStructureId>0</DataStructureId><ParameterScope>O</ParameterScope><Unbounded>N</Unbounded>
	</RowData>
	<RowData><ProcessDefId>4</ProcessDefId><ExtMethodParamIndex>7</ExtMethodParamIndex><ExtMethodIndex>36</ExtMethodIndex><ParameterName>GOODSMVT_HEADRET</ParameterName><ParameterType>11</ParameterType><ParameterOrder>7</ParameterOrder><DataStructureId>21</DataStructureId><ParameterScope>O</ParameterScope><Unbounded>N</Unbounded>
	</RowData>
	<RowData><ProcessDefId>4</ProcessDefId><ExtMethodParamIndex>8</ExtMethodParamIndex><ExtMethodIndex>36</ExtMethodIndex><ParameterName>GOODSMVT_SERIALNUMBER</ParameterName><ParameterType>11</ParameterType><ParameterOrder>8</ParameterOrder><DataStructureId>24</DataStructureId><ParameterScope>T</ParameterScope><Unbounded>Y</Unbounded>
	</RowData>
	<RowData><ProcessDefId>4</ProcessDefId><ExtMethodParamIndex>9</ExtMethodParamIndex><ExtMethodIndex>36</ExtMethodIndex><ParameterName>EXTENSIONIN</ParameterName><ParameterType>11</ParameterType><ParameterOrder>9</ParameterOrder><DataStructureId>28</DataStructureId><ParameterScope>T</ParameterScope><Unbounded>Y</Unbounded>
	</RowData>
	<RowData><ProcessDefId>4</ProcessDefId><ExtMethodParamIndex>10</ExtMethodParamIndex><ExtMethodIndex>36</ExtMethodIndex><ParameterName>GOODSMVT_ITEM</ParameterName><ParameterType>11</ParameterType><ParameterOrder>10</ParameterOrder><DataStructureId>34</DataStructureId><ParameterScope>T</ParameterScope><Unbounded>Y</Unbounded>
	</RowData>
	<RowData><ProcessDefId>4</ProcessDefId><ExtMethodParamIndex>11</ExtMethodParamIndex><ExtMethodIndex>36</ExtMethodIndex><ParameterName>GOODSMVT_SERV_PART_DATA</ParameterName><ParameterType>11</ParameterType><ParameterOrder>11</ParameterOrder><DataStructureId>162</DataStructureId><ParameterScope>T</ParameterScope><Unbounded>Y</Unbounded>
	</RowData>
	<RowData><ProcessDefId>4</ProcessDefId><ExtMethodParamIndex>12</ExtMethodParamIndex><ExtMethodIndex>36</ExtMethodIndex><ParameterName>RETURN</ParameterName><ParameterType>11</ParameterType><ParameterOrder>12</ParameterOrder><DataStructureId>184</DataStructureId><ParameterScope>T</ParameterScope><Unbounded>Y</Unbounded>
	</RowData>
	<RowData><ProcessDefId>4</ProcessDefId><ExtMethodParamIndex>13</ExtMethodParamIndex><ExtMethodIndex>36</ExtMethodIndex><ParameterName>FaultDesc</ParameterName><ParameterType>10</ParameterType><ParameterOrder>13</ParameterOrder><DataStructureId>0</DataStructureId><ParameterScope>O</ParameterScope><Unbounded>N</Unbounded>
	</RowData>
	<RowData><ProcessDefId>4</ProcessDefId><ExtMethodParamIndex>14</ExtMethodParamIndex><ExtMethodIndex>36</ExtMethodIndex><ParameterName>Fault</ParameterName><ParameterType>3</ParameterType><ParameterOrder>14</ParameterOrder><DataStructureId>0</DataStructureId><ParameterScope>O</ParameterScope><Unbounded>N</Unbounded>
	</RowData>
	<RowData><ProcessDefId>4</ProcessDefId><ExtMethodParamIndex>1</ExtMethodParamIndex><ExtMethodIndex>37</ExtMethodIndex><ParameterName>MATERIALDOCUMENT</ParameterName><ParameterType>10</ParameterType><ParameterOrder>1</ParameterOrder><DataStructureId>0</DataStructureId><ParameterScope>I</ParameterScope><Unbounded>N</Unbounded>
	</RowData>
	<RowData><ProcessDefId>4</ProcessDefId><ExtMethodParamIndex>2</ExtMethodParamIndex><ExtMethodIndex>37</ExtMethodIndex><ParameterName>MATDOCUMENTYEAR</ParameterName><ParameterType>3</ParameterType><ParameterOrder>2</ParameterOrder><DataStructureId>0</DataStructureId><ParameterScope>I</ParameterScope><Unbounded>N</Unbounded>
	</RowData>
	<RowData><ProcessDefId>4</ProcessDefId><ExtMethodParamIndex>3</ExtMethodParamIndex><ExtMethodIndex>37</ExtMethodIndex><ParameterName>GOODSMVT_HEADER</ParameterName><ParameterType>11</ParameterType><ParameterOrder>3</ParameterOrder><DataStructureId>1</DataStructureId><ParameterScope>O</ParameterScope><Unbounded>N</Unbounded>
	</RowData>
	<RowData><ProcessDefId>4</ProcessDefId><ExtMethodParamIndex>4</ExtMethodParamIndex><ExtMethodIndex>37</ExtMethodIndex><ParameterName>GOODSMVT_ITEMS</ParameterName><ParameterType>11</ParameterType><ParameterOrder>4</ParameterOrder><DataStructureId>15</DataStructureId><ParameterScope>T</ParameterScope><Unbounded>Y</Unbounded>
	</RowData>
	<RowData><ProcessDefId>4</ProcessDefId><ExtMethodParamIndex>5</ExtMethodParamIndex><ExtMethodIndex>37</ExtMethodIndex><ParameterName>RETURN</ParameterName><ParameterType>11</ParameterType><ParameterOrder>5</ParameterOrder><DataStructureId>107</DataStructureId><ParameterScope>T</ParameterScope><Unbounded>Y</Unbounded>
	</RowData>
	<RowData><ProcessDefId>4</ProcessDefId><ExtMethodParamIndex>6</ExtMethodParamIndex><ExtMethodIndex>37</ExtMethodIndex><ParameterName>FaultDesc</ParameterName><ParameterType>10</ParameterType><ParameterOrder>6</ParameterOrder><DataStructureId>0</DataStructureId><ParameterScope>O</ParameterScope><Unbounded>N</Unbounded>
	</RowData>
	<RowData><ProcessDefId>4</ProcessDefId><ExtMethodParamIndex>7</ExtMethodParamIndex><ExtMethodIndex>37</ExtMethodIndex><ParameterName>Fault</ParameterName><ParameterType>3</ParameterType><ParameterOrder>7</ParameterOrder><DataStructureId>0</DataStructureId><ParameterScope>O</ParameterScope><Unbounded>N</Unbounded>
	</RowData>
	<RowData><ProcessDefId>4</ProcessDefId><ExtMethodParamIndex>1</ExtMethodParamIndex><ExtMethodIndex>38</ExtMethodIndex><ParameterName>COMPANYCODE</ParameterName><ParameterType>10</ParameterType><ParameterOrder>1</ParameterOrder><DataStructureId>0</DataStructureId><ParameterScope>I</ParameterScope><Unbounded>N</Unbounded>
	</RowData>
	<RowData><ProcessDefId>4</ProcessDefId><ExtMethodParamIndex>2</ExtMethodParamIndex><ExtMethodIndex>38</ExtMethodIndex><ParameterName>VENDORNO</ParameterName><ParameterType>10</ParameterType><ParameterOrder>2</ParameterOrder><DataStructureId>0</DataStructureId><ParameterScope>I</ParameterScope><Unbounded>N</Unbounded>
	</RowData>
	<RowData><ProcessDefId>4</ProcessDefId><ExtMethodParamIndex>3</ExtMethodParamIndex><ExtMethodIndex>38</ExtMethodIndex><ParameterName>GENERALDETAIL</ParameterName><ParameterType>11</ParameterType><ParameterOrder>3</ParameterOrder><DataStructureId>1</DataStructureId><ParameterScope>O</ParameterScope><Unbounded>N</Unbounded>
	</RowData>
	<RowData><ProcessDefId>4</ProcessDefId><ExtMethodParamIndex>4</ExtMethodParamIndex><ExtMethodIndex>38</ExtMethodIndex><ParameterName>COMPANYDETAIL</ParameterName><ParameterType>11</ParameterType><ParameterOrder>4</ParameterOrder><DataStructureId>22</DataStructureId><ParameterScope>O</ParameterScope><Unbounded>N</Unbounded>
	</RowData>
	<RowData><ProcessDefId>4</ProcessDefId><ExtMethodParamIndex>5</ExtMethodParamIndex><ExtMethodIndex>38</ExtMethodIndex><ParameterName>RETURN</ParameterName><ParameterType>11</ParameterType><ParameterOrder>5</ParameterOrder><DataStructureId>36</DataStructureId><ParameterScope>O</ParameterScope><Unbounded>N</Unbounded>
	</RowData>
	<RowData><ProcessDefId>4</ProcessDefId><ExtMethodParamIndex>6</ExtMethodParamIndex><ExtMethodIndex>38</ExtMethodIndex><ParameterName>BANKDETAIL</ParameterName><ParameterType>11</ParameterType><ParameterOrder>6</ParameterOrder><DataStructureId>47</DataStructureId><ParameterScope>T</ParameterScope><Unbounded>Y</Unbounded>
	</RowData>
	<RowData><ProcessDefId>4</ProcessDefId><ExtMethodParamIndex>7</ExtMethodParamIndex><ExtMethodIndex>38</ExtMethodIndex><ParameterName>VENDORIBANDETAIL</ParameterName><ParameterType>11</ParameterType><ParameterOrder>7</ParameterOrder><DataStructureId>56</DataStructureId><ParameterScope>T</ParameterScope><Unbounded>Y</Unbounded>
	</RowData>
	<RowData><ProcessDefId>4</ProcessDefId><ExtMethodParamIndex>8</ExtMethodParamIndex><ExtMethodIndex>38</ExtMethodIndex><ParameterName>FaultDesc</ParameterName><ParameterType>10</ParameterType><ParameterOrder>8</ParameterOrder><DataStructureId>0</DataStructureId><ParameterScope>O</ParameterScope><Unbounded>N</Unbounded>
	</RowData>
	<RowData><ProcessDefId>4</ProcessDefId><ExtMethodParamIndex>9</ExtMethodParamIndex><ExtMethodIndex>38</ExtMethodIndex><ParameterName>Fault</ParameterName><ParameterType>3</ParameterType><ParameterOrder>9</ParameterOrder><DataStructureId>0</DataStructureId><ParameterScope>O</ParameterScope><Unbounded>N</Unbounded>
	</RowData>
	<RowData><ProcessDefId>4</ProcessDefId><ExtMethodParamIndex>1</ExtMethodParamIndex><ExtMethodIndex>39</ExtMethodIndex><ParameterName>PURCHASEORDER</ParameterName><ParameterType>10</ParameterType><ParameterOrder>1</ParameterOrder><DataStructureId>0</DataStructureId><ParameterScope>I</ParameterScope><Unbounded>N</Unbounded>
	</RowData>
	<RowData><ProcessDefId>4</ProcessDefId><ExtMethodParamIndex>2</ExtMethodParamIndex><ExtMethodIndex>39</ExtMethodIndex><ParameterName>INVOICEPLAN</ParameterName><ParameterType>10</ParameterType><ParameterOrder>2</ParameterOrder><DataStructureId>0</DataStructureId><ParameterScope>I</ParameterScope><Unbounded>N</Unbounded>
	</RowData>
	<RowData><ProcessDefId>4</ProcessDefId><ExtMethodParamIndex>3</ExtMethodParamIndex><ExtMethodIndex>39</ExtMethodIndex><ParameterName>VERSION</ParameterName><ParameterType>10</ParameterType><ParameterOrder>3</ParameterOrder><DataStructureId>0</DataStructureId><ParameterScope>I</ParameterScope><Unbounded>N</Unbounded>
	</RowData>
	<RowData><ProcessDefId>4</ProcessDefId><ExtMethodParamIndex>4</ExtMethodParamIndex><ExtMethodIndex>39</ExtMethodIndex><ParameterName>SERVICES</ParameterName><ParameterType>10</ParameterType><ParameterOrder>4</ParameterOrder><DataStructureId>0</DataStructureId><ParameterScope>I</ParameterScope><Unbounded>N</Unbounded>
	</RowData>
	<RowData><ProcessDefId>4</ProcessDefId><ExtMethodParamIndex>5</ExtMethodParamIndex><ExtMethodIndex>39</ExtMethodIndex><ParameterName>DELIVERY_ADDRESS</ParameterName><ParameterType>10</ParameterType><ParameterOrder>5</ParameterOrder><DataStructureId>0</DataStructureId><ParameterScope>I</ParameterScope><Unbounded>N</Unbounded>
	</RowData>
	<RowData><ProcessDefId>4</ProcessDefId><ExtMethodParamIndex>6</ExtMethodParamIndex><ExtMethodIndex>39</ExtMethodIndex><ParameterName>ACCOUNT_ASSIGNMENT</ParameterName><ParameterType>10</ParameterType><ParameterOrder>6</ParameterOrder><DataStructureId>0</DataStructureId><ParameterScope>I</ParameterScope><Unbounded>N</Unbounded>
	</RowData>
	<RowData><ProcessDefId>4</ProcessDefId><ExtMethodParamIndex>7</ExtMethodParamIndex><ExtMethodIndex>39</ExtMethodIndex><ParameterName>SERIALNUMBERS</ParameterName><ParameterType>10</ParameterType><ParameterOrder>7</ParameterOrder><DataStructureId>0</DataStructureId><ParameterScope>I</ParameterScope><Unbounded>N</Unbounded>
	</RowData>
	<RowData><ProcessDefId>4</ProcessDefId><ExtMethodParamIndex>8</ExtMethodParamIndex><ExtMethodIndex>39</ExtMethodIndex><ParameterName>ITEM_TEXT</ParameterName><ParameterType>10</ParameterType><ParameterOrder>8</ParameterOrder><DataStructureId>0</DataStructureId><ParameterScope>I</ParameterScope><Unbounded>N</Unbounded>
	</RowData>
	<RowData><ProcessDefId>4</ProcessDefId><ExtMethodParamIndex>9</ExtMethodParamIndex><ExtMethodIndex>39</ExtMethodIndex><ParameterName>HEADER_TEXT</ParameterName><ParameterType>10</ParameterType><ParameterOrder>9</ParameterOrder><DataStructureId>0</DataStructureId><ParameterScope>I</ParameterScope><Unbounded>N</Unbounded>
	</RowData>
	<RowData><ProcessDefId>4</ProcessDefId><ExtMethodParamIndex>10</ExtMethodParamIndex><ExtMethodIndex>39</ExtMethodIndex><ParameterName>POHEADER</ParameterName><ParameterType>11</ParameterType><ParameterOrder>10</ParameterOrder><DataStructureId>1</DataStructureId><ParameterScope>O</ParameterScope><Unbounded>N</Unbounded>
	</RowData>
	<RowData><ProcessDefId>4</ProcessDefId><ExtMethodParamIndex>11</ExtMethodParamIndex><ExtMethodIndex>39</ExtMethodIndex><ParameterName>POEXPIMPHEADER</ParameterName><ParameterType>11</ParameterType><ParameterOrder>11</ParameterOrder><DataStructureId>63</DataStructureId><ParameterScope>O</ParameterScope><Unbounded>N</Unbounded>
	</RowData>
	<RowData><ProcessDefId>4</ProcessDefId><ExtMethodParamIndex>12</ExtMethodParamIndex><ExtMethodIndex>39</ExtMethodIndex><ParameterName>POHISTORY_MA</ParameterName><ParameterType>11</ParameterType><ParameterOrder>12</ParameterOrder><DataStructureId>66</DataStructureId><ParameterScope>T</ParameterScope><Unbounded>Y</Unbounded>
	</RowData>
	<RowData><ProcessDefId>4</ProcessDefId><ExtMethodParamIndex>13</ExtMethodParamIndex><ExtMethodIndex>39</ExtMethodIndex><ParameterName>INVPLANITEM</ParameterName><ParameterType>11</ParameterType><ParameterOrder>13</ParameterOrder><DataStructureId>85</DataStructureId><ParameterScope>T</ParameterScope><Unbounded>Y</Unbounded>
	</RowData>
	<RowData><ProcessDefId>4</ProcessDefId><ExtMethodParamIndex>14</ExtMethodParamIndex><ExtMethodIndex>39</ExtMethodIndex><ParameterName>POHISTORY</ParameterName><ParameterType>11</ParameterType><ParameterOrder>14</ParameterOrder><DataStructureId>110</DataStructureId><ParameterScope>T</ParameterScope><Unbounded>Y</Unbounded>
	</RowData>
	<RowData><ProcessDefId>4</ProcessDefId><ExtMethodParamIndex>15</ExtMethodParamIndex><ExtMethodIndex>39</ExtMethodIndex><ParameterName>POITEM</ParameterName><ParameterType>11</ParameterType><ParameterOrder>15</ParameterOrder><DataStructureId>161</DataStructureId><ParameterScope>T</ParameterScope><Unbounded>Y</Unbounded>
	</RowData>
	<RowData><ProcessDefId>4</ProcessDefId><ExtMethodParamIndex>16</ExtMethodParamIndex><ExtMethodIndex>39</ExtMethodIndex><ParameterName>POLIMITS</ParameterName><ParameterType>11</ParameterType><ParameterOrder>16</ParameterOrder><DataStructureId>335</DataStructureId><ParameterScope>T</ParameterScope><Unbounded>Y</Unbounded>
	</RowData>
	<RowData><ProcessDefId>4</ProcessDefId><ExtMethodParamIndex>17</ExtMethodParamIndex><ExtMethodIndex>39</ExtMethodIndex><ParameterName>POADDRDELIVERY</ParameterName><ParameterType>11</ParameterType><ParameterOrder>17</ParameterOrder><DataStructureId>358</DataStructureId><ParameterScope>T</ParameterScope><Unbounded>Y</Unbounded>
	</RowData>
	<RowData><ProcessDefId>4</ProcessDefId><ExtMethodParamIndex>18</ExtMethodParamIndex><ExtMethodIndex>39</ExtMethodIndex><ParameterName>ALLVERSIONS</ParameterName><ParameterType>11</ParameterType><ParameterOrder>18</ParameterOrder><DataStructureId>415</DataStructureId><ParameterScope>T</ParameterScope><Unbounded>Y</Unbounded>
	</RowData>
	<RowData><ProcessDefId>4</ProcessDefId><ExtMethodParamIndex>19</ExtMethodParamIndex><ExtMethodIndex>39</ExtMethodIndex><ParameterName>POTEXTHEADER</ParameterName><ParameterType>11</ParameterType><ParameterOrder>19</ParameterOrder><DataStructureId>442</DataStructureId><ParameterScope>T</ParameterScope><Unbounded>Y</Unbounded>
	</RowData>
	<RowData><ProcessDefId>4</ProcessDefId><ExtMethodParamIndex>20</ExtMethodParamIndex><ExtMethodIndex>39</ExtMethodIndex><ParameterName>POTEXTITEM</ParameterName><ParameterType>11</ParameterType><ParameterOrder>20</ParameterOrder><DataStructureId>448</DataStructureId><ParameterScope>T</ParameterScope><Unbounded>Y</Unbounded>
	</RowData>
	<RowData><ProcessDefId>4</ProcessDefId><ExtMethodParamIndex>21</ExtMethodParamIndex><ExtMethodIndex>39</ExtMethodIndex><ParameterName>EXTENSIONOUT</ParameterName><ParameterType>11</ParameterType><ParameterOrder>21</ParameterOrder><DataStructureId>454</DataStructureId><ParameterScope>T</ParameterScope><Unbounded>Y</Unbounded>
	</RowData>
	<RowData><ProcessDefId>4</ProcessDefId><ExtMethodParamIndex>22</ExtMethodParamIndex><ExtMethodIndex>39</ExtMethodIndex><ParameterName>POHISTORY_TOTALS</ParameterName><ParameterType>11</ParameterType><ParameterOrder>22</ParameterOrder><DataStructureId>460</DataStructureId><ParameterScope>T</ParameterScope><Unbounded>Y</Unbounded>
	</RowData>
	<RowData><ProcessDefId>4</ProcessDefId><ExtMethodParamIndex>23</ExtMethodParamIndex><ExtMethodIndex>39</ExtMethodIndex><ParameterName>POPARTNER</ParameterName><ParameterType>11</ParameterType><ParameterOrder>23</ParameterOrder><DataStructureId>485</DataStructureId><ParameterScope>T</ParameterScope><Unbounded>Y</Unbounded>
	</RowData>
	<RowData><ProcessDefId>4</ProcessDefId><ExtMethodParamIndex>24</ExtMethodParamIndex><ExtMethodIndex>39</ExtMethodIndex><ParameterName>POSRVACCESSVALUES</ParameterName><ParameterType>11</ParameterType><ParameterOrder>24</ParameterOrder><DataStructureId>490</DataStructureId><ParameterScope>T</ParameterScope><Unbounded>Y</Unbounded>
	</RowData>
	<RowData><ProcessDefId>4</ProcessDefId><ExtMethodParamIndex>25</ExtMethodParamIndex><ExtMethodIndex>39</ExtMethodIndex><ParameterName>POCONDHEADER</ParameterName><ParameterType>11</ParameterType><ParameterOrder>25</ParameterOrder><DataStructureId>498</DataStructureId><ParameterScope>T</ParameterScope><Unbounded>Y</Unbounded>
	</RowData>
	<RowData><ProcessDefId>4</ProcessDefId><ExtMethodParamIndex>26</ExtMethodParamIndex><ExtMethodIndex>39</ExtMethodIndex><ParameterName>POSERVICES</ParameterName><ParameterType>11</ParameterType><ParameterOrder>26</ParameterOrder><DataStructureId>543</DataStructureId><ParameterScope>T</ParameterScope><Unbounded>Y</Unbounded>
	</RowData>
	<RowData><ProcessDefId>4</ProcessDefId><ExtMethodParamIndex>27</ExtMethodParamIndex><ExtMethodIndex>39</ExtMethodIndex><ParameterName>SERIALNUMBER</ParameterName><ParameterType>11</ParameterType><ParameterOrder>27</ParameterOrder><DataStructureId>613</DataStructureId><ParameterScope>T</ParameterScope><Unbounded>Y</Unbounded>
	</RowData>
	<RowData><ProcessDefId>4</ProcessDefId><ExtMethodParamIndex>28</ExtMethodParamIndex><ExtMethodIndex>39</ExtMethodIndex><ParameterName>POCONTRACTLIMITS</ParameterName><ParameterType>11</ParameterType><ParameterOrder>28</ParameterOrder><DataStructureId>619</DataStructureId><ParameterScope>T</ParameterScope><Unbounded>Y</Unbounded>
	</RowData>
	<RowData><ProcessDefId>4</ProcessDefId><ExtMethodParamIndex>29</ExtMethodParamIndex><ExtMethodIndex>39</ExtMethodIndex><ParameterName>POCOMPONENTS</ParameterName><ParameterType>11</ParameterType><ParameterOrder>29</ParameterOrder><DataStructureId>629</DataStructureId><ParameterScope>T</ParameterScope><Unbounded>Y</Unbounded>
	</RowData>
	<RowData><ProcessDefId>4</ProcessDefId><ExtMethodParamIndex>30</ExtMethodParamIndex><ExtMethodIndex>39</ExtMethodIndex><ParameterName>POSCHEDULE</ParameterName><ParameterType>11</ParameterType><ParameterOrder>30</ParameterOrder><DataStructureId>653</DataStructureId><ParameterScope>T</ParameterScope><Unbounded>Y</Unbounded>
	</RowData>
	<RowData><ProcessDefId>4</ProcessDefId><ExtMethodParamIndex>31</ExtMethodParamIndex><ExtMethodIndex>39</ExtMethodIndex><ParameterName>POCONFIRMATION</ParameterName><ParameterType>11</ParameterType><ParameterOrder>31</ParameterOrder><DataStructureId>682</DataStructureId><ParameterScope>T</ParameterScope><Unbounded>Y</Unbounded>
	</RowData>
	<RowData><ProcessDefId>4</ProcessDefId><ExtMethodParamIndex>32</ExtMethodParamIndex><ExtMethodIndex>39</ExtMethodIndex><ParameterName>RETURN</ParameterName><ParameterType>11</ParameterType><ParameterOrder>32</ParameterOrder><DataStructureId>701</DataStructureId><ParameterScope>T</ParameterScope><Unbounded>Y</Unbounded>
	</RowData>
	<RowData><ProcessDefId>4</ProcessDefId><ExtMethodParamIndex>33</ExtMethodParamIndex><ExtMethodIndex>39</ExtMethodIndex><ParameterName>POCOND</ParameterName><ParameterType>11</ParameterType><ParameterOrder>33</ParameterOrder><DataStructureId>716</DataStructureId><ParameterScope>T</ParameterScope><Unbounded>Y</Unbounded>
	</RowData>
	<RowData><ProcessDefId>4</ProcessDefId><ExtMethodParamIndex>34</ExtMethodParamIndex><ExtMethodIndex>39</ExtMethodIndex><ParameterName>POSHIPPINGEXP</ParameterName><ParameterType>11</ParameterType><ParameterOrder>34</ParameterOrder><DataStructureId>761</DataStructureId><ParameterScope>T</ParameterScope><Unbounded>Y</Unbounded>
	</RowData>
	<RowData><ProcessDefId>4</ProcessDefId><ExtMethodParamIndex>35</ExtMethodParamIndex><ExtMethodIndex>39</ExtMethodIndex><ParameterName>POEXPIMPITEM</ParameterName><ParameterType>11</ParameterType><ParameterOrder>35</ParameterOrder><DataStructureId>787</DataStructureId><ParameterScope>T</ParameterScope><Unbounded>Y</Unbounded>
	</RowData>
	<RowData><ProcessDefId>4</ProcessDefId><ExtMethodParamIndex>36</ExtMethodParamIndex><ExtMethodIndex>39</ExtMethodIndex><ParameterName>POACCOUNT</ParameterName><ParameterType>11</ParameterType><ParameterOrder>36</ParameterOrder><DataStructureId>797</DataStructureId><ParameterScope>T</ParameterScope><Unbounded>Y</Unbounded>
	</RowData>
	<RowData><ProcessDefId>4</ProcessDefId><ExtMethodParamIndex>37</ExtMethodParamIndex><ExtMethodIndex>39</ExtMethodIndex><ParameterName>INVPLANHEADER</ParameterName><ParameterType>11</ParameterType><ParameterOrder>37</ParameterOrder><DataStructureId>843</DataStructureId><ParameterScope>T</ParameterScope><Unbounded>Y</Unbounded>
	</RowData>
	<RowData><ProcessDefId>4</ProcessDefId><ExtMethodParamIndex>38</ExtMethodParamIndex><ExtMethodIndex>39</ExtMethodIndex><ParameterName>FaultDesc</ParameterName><ParameterType>10</ParameterType><ParameterOrder>38</ParameterOrder><DataStructureId>0</DataStructureId><ParameterScope>O</ParameterScope><Unbounded>N</Unbounded>
	</RowData>
	<RowData><ProcessDefId>4</ProcessDefId><ExtMethodParamIndex>39</ExtMethodParamIndex><ExtMethodIndex>39</ExtMethodIndex><ParameterName>Fault</ParameterName><ParameterType>3</ParameterType><ParameterOrder>39</ParameterOrder><DataStructureId>0</DataStructureId><ParameterScope>O</ParameterScope><Unbounded>N</Unbounded>
	</RowData>
	<RowData><ProcessDefId>4</ProcessDefId><ExtMethodParamIndex>1</ExtMethodParamIndex><ExtMethodIndex>40</ExtMethodIndex><ParameterName>pid</ParameterName><ParameterType>10</ParameterType><ParameterOrder>1</ParameterOrder><ParameterScope></ParameterScope><Unbounded>N</Unbounded>
	</RowData>
</PMWEXTMETHODPARAMDEFTABLE>