<PMWEXTDBFIELDDEFINITIONTABLE_5>
	<RowData><ProcessDefId>4</ProcessDefId><FieldName>PRICE_UNIT</FieldName><FieldType>STRING</FieldType><FieldLength>50</FieldLength><Attribute></Attribute><VarPrecision>0</VarPrecision><ExtObjId>8</ExtObjId>
	</RowData>
	<RowData><ProcessDefId>4</ProcessDefId><FieldName>PRINT_REL</FieldName><FieldType>STRING</FieldType><FieldLength>50</FieldLength><Attribute></Attribute><VarPrecision>0</VarPrecision><ExtObjId>8</ExtObjId>
	</RowData>
	<RowData><ProcessDefId>4</ProcessDefId><FieldName>PRIOR_VEND</FieldName><FieldType>STRING</FieldType><FieldLength>50</FieldLength><Attribute></Attribute><VarPrecision>0</VarPrecision><ExtObjId>8</ExtObjId>
	</RowData>
	<RowData><ProcessDefId>4</ProcessDefId><FieldName>PRNT_PRICE</FieldName><FieldType>STRING</FieldType><FieldLength>50</FieldLength><Attribute></Attribute><VarPrecision>0</VarPrecision><ExtObjId>8</ExtObjId>
	</RowData>
	<RowData><ProcessDefId>4</ProcessDefId><FieldName>PROFIT_CTR</FieldName><FieldType>STRING</FieldType><FieldLength>50</FieldLength><Attribute></Attribute><VarPrecision>0</VarPrecision><ExtObjId>8</ExtObjId>
	</RowData>
	<RowData><ProcessDefId>4</ProcessDefId><FieldName>PROMOTION</FieldName><FieldType>STRING</FieldType><FieldLength>50</FieldLength><Attribute></Attribute><VarPrecision>0</VarPrecision><ExtObjId>8</ExtObjId>
	</RowData>
	<RowData><ProcessDefId>4</ProcessDefId><FieldName>PTR_ASS_BA</FieldName><FieldType>STRING</FieldType><FieldLength>50</FieldLength><Attribute></Attribute><VarPrecision>0</VarPrecision><ExtObjId>8</ExtObjId>
	</RowData>
	<RowData><ProcessDefId>4</ProcessDefId><FieldName>PUR_MAT</FieldName><FieldType>STRING</FieldType><FieldLength>50</FieldLength><Attribute></Attribute><VarPrecision>0</VarPrecision><ExtObjId>8</ExtObjId>
	</RowData>
	<RowData><ProcessDefId>4</ProcessDefId><FieldName>PUR_MAT_EXTERNAL</FieldName><FieldType>STRING</FieldType><FieldLength>50</FieldLength><Attribute></Attribute><VarPrecision>0</VarPrecision><ExtObjId>8</ExtObjId>
	</RowData>
	<RowData><ProcessDefId>4</ProcessDefId><FieldName>PUR_MAT_GUID</FieldName><FieldType>STRING</FieldType><FieldLength>50</FieldLength><Attribute></Attribute><VarPrecision>0</VarPrecision><ExtObjId>8</ExtObjId>
	</RowData>
	<RowData><ProcessDefId>4</ProcessDefId><FieldName>PUR_MAT_VERSION</FieldName><FieldType>STRING</FieldType><FieldLength>50</FieldLength><Attribute></Attribute><VarPrecision>0</VarPrecision><ExtObjId>8</ExtObjId>
	</RowData>
	<RowData><ProcessDefId>4</ProcessDefId><FieldName>QUAL_INSP</FieldName><FieldType>STRING</FieldType><FieldLength>50</FieldLength><Attribute></Attribute><VarPrecision>0</VarPrecision><ExtObjId>8</ExtObjId>
	</RowData>
	<RowData><ProcessDefId>4</ProcessDefId><FieldName>QUANTITY</FieldName><FieldType>STRING</FieldType><FieldLength>50</FieldLength><Attribute></Attribute><VarPrecision>0</VarPrecision><ExtObjId>8</ExtObjId>
	</RowData>
	<RowData><ProcessDefId>4</ProcessDefId><FieldName>QUOT_DEAD</FieldName><FieldType>DATE</FieldType><FieldLength>8</FieldLength><Attribute></Attribute><VarPrecision>0</VarPrecision><ExtObjId>8</ExtObjId>
	</RowData>
	<RowData><ProcessDefId>4</ProcessDefId><FieldName>QUOTAUSAGE</FieldName><FieldType>STRING</FieldType><FieldLength>50</FieldLength><Attribute></Attribute><VarPrecision>0</VarPrecision><ExtObjId>8</ExtObjId>
	</RowData>
	<RowData><ProcessDefId>4</ProcessDefId><FieldName>RECON_DATE</FieldName><FieldType>DATE</FieldType><FieldLength>8</FieldLength><Attribute></Attribute><VarPrecision>0</VarPrecision><ExtObjId>8</ExtObjId>
	</RowData>
	<RowData><ProcessDefId>4</ProcessDefId><FieldName>REJ_IND</FieldName><FieldType>STRING</FieldType><FieldLength>50</FieldLength><Attribute></Attribute><VarPrecision>0</VarPrecision><ExtObjId>8</ExtObjId>
	</RowData>
	<RowData><ProcessDefId>4</ProcessDefId><FieldName>RELORD_QTY</FieldName><FieldType>STRING</FieldType><FieldLength>50</FieldLength><Attribute></Attribute><VarPrecision>0</VarPrecision><ExtObjId>8</ExtObjId>
	</RowData>
	<RowData><ProcessDefId>4</ProcessDefId><FieldName>REMINDER1</FieldName><FieldType>STRING</FieldType><FieldLength>50</FieldLength><Attribute></Attribute><VarPrecision>0</VarPrecision><ExtObjId>8</ExtObjId>
	</RowData>
	<RowData><ProcessDefId>4</ProcessDefId><FieldName>REMINDER2</FieldName><FieldType>STRING</FieldType><FieldLength>50</FieldLength><Attribute></Attribute><VarPrecision>0</VarPrecision><ExtObjId>8</ExtObjId>
	</RowData>
	<RowData><ProcessDefId>4</ProcessDefId><FieldName>REMINDER3</FieldName><FieldType>STRING</FieldType><FieldLength>50</FieldLength><Attribute></Attribute><VarPrecision>0</VarPrecision><ExtObjId>8</ExtObjId>
	</RowData>
	<RowData><ProcessDefId>4</ProcessDefId><FieldName>REMSHLIFE</FieldName><FieldType>STRING</FieldType><FieldLength>50</FieldLength><Attribute></Attribute><VarPrecision>0</VarPrecision><ExtObjId>8</ExtObjId>
	</RowData>
	<RowData><ProcessDefId>4</ProcessDefId><FieldName>RET_ITEM</FieldName><FieldType>STRING</FieldType><FieldLength>50</FieldLength><Attribute></Attribute><VarPrecision>0</VarPrecision><ExtObjId>8</ExtObjId>
	</RowData>
	<RowData><ProcessDefId>4</ProcessDefId><FieldName>REV_LEV</FieldName><FieldType>STRING</FieldType><FieldLength>50</FieldLength><Attribute></Attribute><VarPrecision>0</VarPrecision><ExtObjId>8</ExtObjId>
	</RowData>
	<RowData><ProcessDefId>4</ProcessDefId><FieldName>RFQ</FieldName><FieldType>STRING</FieldType><FieldLength>50</FieldLength><Attribute></Attribute><VarPrecision>0</VarPrecision><ExtObjId>8</ExtObjId>
	</RowData>
	<RowData><ProcessDefId>4</ProcessDefId><FieldName>RFQ_ITEM</FieldName><FieldType>INTEGER</FieldType><FieldLength>2</FieldLength><Attribute></Attribute><VarPrecision>0</VarPrecision><ExtObjId>8</ExtObjId>
	</RowData>
	<RowData><ProcessDefId>4</ProcessDefId><FieldName>SC_VENDOR</FieldName><FieldType>STRING</FieldType><FieldLength>50</FieldLength><Attribute></Attribute><VarPrecision>0</VarPrecision><ExtObjId>8</ExtObjId>
	</RowData>
	<RowData><ProcessDefId>4</ProcessDefId><FieldName>SEASON_TY</FieldName><FieldType>STRING</FieldType><FieldLength>50</FieldLength><Attribute></Attribute><VarPrecision>0</VarPrecision><ExtObjId>8</ExtObjId>
	</RowData>
	<RowData><ProcessDefId>4</ProcessDefId><FieldName>SEASON_YR</FieldName><FieldType>STRING</FieldType><FieldLength>50</FieldLength><Attribute></Attribute><VarPrecision>0</VarPrecision><ExtObjId>8</ExtObjId>
	</RowData>
	<RowData><ProcessDefId>4</ProcessDefId><FieldName>SER_NO</FieldName><FieldType>INTEGER</FieldType><FieldLength>2</FieldLength><Attribute></Attribute><VarPrecision>0</VarPrecision><ExtObjId>8</ExtObjId>
	</RowData>
	<RowData><ProcessDefId>4</ProcessDefId><FieldName>SETRESERNO</FieldName><FieldType>INTEGER</FieldType><FieldLength>2</FieldLength><Attribute></Attribute><VarPrecision>0</VarPrecision><ExtObjId>8</ExtObjId>
	</RowData>
	<RowData><ProcessDefId>4</ProcessDefId><FieldName>SETT_GRP_2</FieldName><FieldType>STRING</FieldType><FieldLength>50</FieldLength><Attribute></Attribute><VarPrecision>0</VarPrecision><ExtObjId>8</ExtObjId>
	</RowData>
	<RowData><ProcessDefId>4</ProcessDefId><FieldName>SETT_GRP_3</FieldName><FieldType>STRING</FieldType><FieldLength>50</FieldLength><Attribute></Attribute><VarPrecision>0</VarPrecision><ExtObjId>8</ExtObjId>
	</RowData>
	<RowData><ProcessDefId>4</ProcessDefId><FieldName>SETT_GRP1</FieldName><FieldType>STRING</FieldType><FieldLength>50</FieldLength><Attribute></Attribute><VarPrecision>0</VarPrecision><ExtObjId>8</ExtObjId>
	</RowData>
	<RowData><ProcessDefId>4</ProcessDefId><FieldName>SETT_ITEM</FieldName><FieldType>STRING</FieldType><FieldLength>50</FieldLength><Attribute></Attribute><VarPrecision>0</VarPrecision><ExtObjId>8</ExtObjId>
	</RowData>
	<RowData><ProcessDefId>4</ProcessDefId><FieldName>SETTLITMNO</FieldName><FieldType>INTEGER</FieldType><FieldLength>2</FieldLength><Attribute></Attribute><VarPrecision>0</VarPrecision><ExtObjId>8</ExtObjId>
	</RowData>
	<RowData><ProcessDefId>4</ProcessDefId><FieldName>SHIPPING</FieldName><FieldType>STRING</FieldType><FieldLength>50</FieldLength><Attribute></Attribute><VarPrecision>0</VarPrecision><ExtObjId>8</ExtObjId>
	</RowData>
	<RowData><ProcessDefId>4</ProcessDefId><FieldName>SHORT_TEXT</FieldName><FieldType>STRING</FieldType><FieldLength>50</FieldLength><Attribute></Attribute><VarPrecision>0</VarPrecision><ExtObjId>8</ExtObjId>
	</RowData>
	<RowData><ProcessDefId>4</ProcessDefId><FieldName>SI_CAT</FieldName><FieldType>STRING</FieldType><FieldLength>50</FieldLength><Attribute></Attribute><VarPrecision>0</VarPrecision><ExtObjId>8</ExtObjId>
	</RowData>
	<RowData><ProcessDefId>4</ProcessDefId><FieldName>SPEC_STOCK</FieldName><FieldType>STRING</FieldType><FieldLength>50</FieldLength><Attribute></Attribute><VarPrecision>0</VarPrecision><ExtObjId>8</ExtObjId>
	</RowData>
	<RowData><ProcessDefId>4</ProcessDefId><FieldName>SPSTCK_PHY</FieldName><FieldType>STRING</FieldType><FieldLength>50</FieldLength><Attribute></Attribute><VarPrecision>0</VarPrecision><ExtObjId>8</ExtObjId>
	</RowData>
	<RowData><ProcessDefId>4</ProcessDefId><FieldName>STATISTIC</FieldName><FieldType>STRING</FieldType><FieldLength>50</FieldLength><Attribute></Attribute><VarPrecision>0</VarPrecision><ExtObjId>8</ExtObjId>
	</RowData>
	<RowData><ProcessDefId>4</ProcessDefId><FieldName>STATUS_1</FieldName><FieldType>STRING</FieldType><FieldLength>50</FieldLength><Attribute></Attribute><VarPrecision>0</VarPrecision><ExtObjId>8</ExtObjId>
	</RowData>
	<RowData><ProcessDefId>4</ProcessDefId><FieldName>STORE_LOC</FieldName><FieldType>STRING</FieldType><FieldLength>50</FieldLength><Attribute></Attribute><VarPrecision>0</VarPrecision><ExtObjId>8</ExtObjId>
	</RowData>
	<RowData><ProcessDefId>4</ProcessDefId><FieldName>SUB_ITEMS</FieldName><FieldType>STRING</FieldType><FieldLength>50</FieldLength><Attribute></Attribute><VarPrecision>0</VarPrecision><ExtObjId>8</ExtObjId>
	</RowData>
	<RowData><ProcessDefId>4</ProcessDefId><FieldName>SUB_RANGE</FieldName><FieldType>STRING</FieldType><FieldLength>50</FieldLength><Attribute></Attribute><VarPrecision>0</VarPrecision><ExtObjId>8</ExtObjId>
	</RowData>
	<RowData><ProcessDefId>4</ProcessDefId><FieldName>SUBITM_KEY</FieldName><FieldType>STRING</FieldType><FieldLength>50</FieldLength><Attribute></Attribute><VarPrecision>0</VarPrecision><ExtObjId>8</ExtObjId>
	</RowData>
	<RowData><ProcessDefId>4</ProcessDefId><FieldName>SUBTOTAL_1</FieldName><FieldType>STRING</FieldType><FieldLength>50</FieldLength><Attribute></Attribute><VarPrecision>0</VarPrecision><ExtObjId>8</ExtObjId>
	</RowData>
	<RowData><ProcessDefId>4</ProcessDefId><FieldName>SUBTOTAL_2</FieldName><FieldType>STRING</FieldType><FieldLength>50</FieldLength><Attribute></Attribute><VarPrecision>0</VarPrecision><ExtObjId>8</ExtObjId>
	</RowData>
	<RowData><ProcessDefId>4</ProcessDefId><FieldName>SUBTOTAL_3</FieldName><FieldType>STRING</FieldType><FieldLength>50</FieldLength><Attribute></Attribute><VarPrecision>0</VarPrecision><ExtObjId>8</ExtObjId>
	</RowData>
	<RowData><ProcessDefId>4</ProcessDefId><FieldName>SUBTOTAL_4</FieldName><FieldType>STRING</FieldType><FieldLength>50</FieldLength><Attribute></Attribute><VarPrecision>0</VarPrecision><ExtObjId>8</ExtObjId>
	</RowData>
	<RowData><ProcessDefId>4</ProcessDefId><FieldName>SUBTOTAL_5</FieldName><FieldType>STRING</FieldType><FieldLength>50</FieldLength><Attribute></Attribute><VarPrecision>0</VarPrecision><ExtObjId>8</ExtObjId>
	</RowData>
	<RowData><ProcessDefId>4</ProcessDefId><FieldName>SUBTOTAL_6</FieldName><FieldType>STRING</FieldType><FieldLength>50</FieldLength><Attribute></Attribute><VarPrecision>0</VarPrecision><ExtObjId>8</ExtObjId>
	</RowData>
	<RowData><ProcessDefId>4</ProcessDefId><FieldName>SUPPL_VEND</FieldName><FieldType>STRING</FieldType><FieldLength>50</FieldLength><Attribute></Attribute><VarPrecision>0</VarPrecision><ExtObjId>8</ExtObjId>
	</RowData>
	<RowData><ProcessDefId>4</ProcessDefId><FieldName>TARGET_QTY</FieldName><FieldType>STRING</FieldType><FieldLength>50</FieldLength><Attribute></Attribute><VarPrecision>0</VarPrecision><ExtObjId>8</ExtObjId>
	</RowData>
	<RowData><ProcessDefId>4</ProcessDefId><FieldName>TAX_CODE</FieldName><FieldType>STRING</FieldType><FieldLength>50</FieldLength><Attribute></Attribute><VarPrecision>0</VarPrecision><ExtObjId>8</ExtObjId>
	</RowData>
	<RowData><ProcessDefId>4</ProcessDefId><FieldName>TAX_JUR_CD</FieldName><FieldType>STRING</FieldType><FieldLength>50</FieldLength><Attribute></Attribute><VarPrecision>0</VarPrecision><ExtObjId>8</ExtObjId>
	</RowData>
	<RowData><ProcessDefId>4</ProcessDefId><FieldName>TRACKINGNO</FieldName><FieldType>STRING</FieldType><FieldLength>50</FieldLength><Attribute></Attribute><VarPrecision>0</VarPrecision><ExtObjId>8</ExtObjId>
	</RowData>
	<RowData><ProcessDefId>4</ProcessDefId><FieldName>TRADE_OFF</FieldName><FieldType>STRING</FieldType><FieldLength>50</FieldLength><Attribute></Attribute><VarPrecision>0</VarPrecision><ExtObjId>8</ExtObjId>
	</RowData>
	<RowData><ProcessDefId>4</ProcessDefId><FieldName>TRANS_TIME</FieldName><FieldType>STRING</FieldType><FieldLength>50</FieldLength><Attribute></Attribute><VarPrecision>0</VarPrecision><ExtObjId>8</ExtObjId>
	</RowData>
	<RowData><ProcessDefId>4</ProcessDefId><FieldName>UNDER_TOL</FieldName><FieldType>STRING</FieldType><FieldLength>50</FieldLength><Attribute></Attribute><VarPrecision>0</VarPrecision><ExtObjId>8</ExtObjId>
	</RowData>
	<RowData><ProcessDefId>4</ProcessDefId><FieldName>UNIT</FieldName><FieldType>STRING</FieldType><FieldLength>50</FieldLength><Attribute></Attribute><VarPrecision>0</VarPrecision><ExtObjId>8</ExtObjId>
	</RowData>
	<RowData><ProcessDefId>4</ProcessDefId><FieldName>UNLIMITED</FieldName><FieldType>STRING</FieldType><FieldLength>50</FieldLength><Attribute></Attribute><VarPrecision>0</VarPrecision><ExtObjId>8</ExtObjId>
	</RowData>
	<RowData><ProcessDefId>4</ProcessDefId><FieldName>UPDATE_GRP</FieldName><FieldType>STRING</FieldType><FieldLength>50</FieldLength><Attribute></Attribute><VarPrecision>0</VarPrecision><ExtObjId>8</ExtObjId>
	</RowData>
	<RowData><ProcessDefId>4</ProcessDefId><FieldName>VAL_CAT</FieldName><FieldType>STRING</FieldType><FieldLength>50</FieldLength><Attribute></Attribute><VarPrecision>0</VarPrecision><ExtObjId>8</ExtObjId>
	</RowData>
	<RowData><ProcessDefId>4</ProcessDefId><FieldName>VAL_TYPE</FieldName><FieldType>STRING</FieldType><FieldLength>50</FieldLength><Attribute></Attribute><VarPrecision>0</VarPrecision><ExtObjId>8</ExtObjId>
	</RowData>
	<RowData><ProcessDefId>4</ProcessDefId><FieldName>VEND_MAT</FieldName><FieldType>STRING</FieldType><FieldLength>50</FieldLength><Attribute></Attribute><VarPrecision>0</VarPrecision><ExtObjId>8</ExtObjId>
	</RowData>
	<RowData><ProcessDefId>4</ProcessDefId><FieldName>VOLUME</FieldName><FieldType>STRING</FieldType><FieldLength>50</FieldLength><Attribute></Attribute><VarPrecision>0</VarPrecision><ExtObjId>8</ExtObjId>
	</RowData>
	<RowData><ProcessDefId>4</ProcessDefId><FieldName>VOLUMEUNIT</FieldName><FieldType>STRING</FieldType><FieldLength>50</FieldLength><Attribute></Attribute><VarPrecision>0</VarPrecision><ExtObjId>8</ExtObjId>
	</RowData>
	<RowData><ProcessDefId>4</ProcessDefId><FieldName>VOLUMEUNIT_ISO</FieldName><FieldType>STRING</FieldType><FieldLength>50</FieldLength><Attribute></Attribute><VarPrecision>0</VarPrecision><ExtObjId>8</ExtObjId>
	</RowData>
	<RowData><ProcessDefId>4</ProcessDefId><FieldName>WEIGHTUNIT</FieldName><FieldType>STRING</FieldType><FieldLength>50</FieldLength><Attribute></Attribute><VarPrecision>0</VarPrecision><ExtObjId>8</ExtObjId>
	</RowData>
	<RowData><ProcessDefId>4</ProcessDefId><FieldName>WEIGHTUNIT_ISO</FieldName><FieldType>STRING</FieldType><FieldLength>50</FieldLength><Attribute></Attribute><VarPrecision>0</VarPrecision><ExtObjId>8</ExtObjId>
	</RowData>
	<RowData><ProcessDefId>4</ProcessDefId><FieldName>amount_wtax</FieldName><FieldType>STRING</FieldType><FieldLength>50</FieldLength><Attribute></Attribute><VarPrecision>0</VarPrecision><ExtObjId>9</ExtObjId>
	</RowData>
	<RowData><ProcessDefId>4</ProcessDefId><FieldName>asn_item</FieldName><FieldType>STRING</FieldType><FieldLength>50</FieldLength><Attribute></Attribute><VarPrecision>0</VarPrecision><ExtObjId>9</ExtObjId>
	</RowData>
	<RowData><ProcessDefId>4</ProcessDefId><FieldName>base_uom</FieldName><FieldType>STRING</FieldType><FieldLength>50</FieldLength><Attribute></Attribute><VarPrecision>0</VarPrecision><ExtObjId>9</ExtObjId>
	</RowData>
	<RowData><ProcessDefId>4</ProcessDefId><FieldName>base_uom_iso</FieldName><FieldType>STRING</FieldType><FieldLength>50</FieldLength><Attribute></Attribute><VarPrecision>0</VarPrecision><ExtObjId>9</ExtObjId>
	</RowData>
	<RowData><ProcessDefId>4</ProcessDefId><FieldName>batch</FieldName><FieldType>STRING</FieldType><FieldLength>50</FieldLength><Attribute></Attribute><VarPrecision>0</VarPrecision><ExtObjId>9</ExtObjId>
	</RowData>
	<RowData><ProcessDefId>4</ProcessDefId><FieldName>insertionorderid</FieldName><FieldType>LONG</FieldType><FieldLength>4</FieldLength><Attribute>Primary</Attribute><VarPrecision>0</VarPrecision><ExtObjId>9</ExtObjId>
	</RowData>
	<RowData><ProcessDefId>4</ProcessDefId><FieldName>item</FieldName><FieldType>STRING</FieldType><FieldLength>50</FieldLength><Attribute></Attribute><VarPrecision>0</VarPrecision><ExtObjId>9</ExtObjId>
	</RowData>
	<RowData><ProcessDefId>4</ProcessDefId><FieldName>item_desc</FieldName><FieldType>STRING</FieldType><FieldLength>50</FieldLength><Attribute></Attribute><VarPrecision>0</VarPrecision><ExtObjId>9</ExtObjId>
	</RowData>
	<RowData><ProcessDefId>4</ProcessDefId><FieldName>line_total_wtax</FieldName><FieldType>STRING</FieldType><FieldLength>50</FieldLength><Attribute></Attribute><VarPrecision>0</VarPrecision><ExtObjId>9</ExtObjId>
	</RowData>
	<RowData><ProcessDefId>4</ProcessDefId><FieldName>pinstanceid</FieldName><FieldType>STRING</FieldType><FieldLength>50</FieldLength><Attribute></Attribute><VarPrecision>0</VarPrecision><ExtObjId>9</ExtObjId>
	</RowData>
	<RowData><ProcessDefId>4</ProcessDefId><FieldName>plant</FieldName><FieldType>STRING</FieldType><FieldLength>50</FieldLength><Attribute></Attribute><VarPrecision>0</VarPrecision><ExtObjId>9</ExtObjId>
	</RowData>
	<RowData><ProcessDefId>4</ProcessDefId><FieldName>po_item</FieldName><FieldType>STRING</FieldType><FieldLength>50</FieldLength><Attribute></Attribute><VarPrecision>0</VarPrecision><ExtObjId>9</ExtObjId>
	</RowData>
	<RowData><ProcessDefId>4</ProcessDefId><FieldName>price_per_unit</FieldName><FieldType>STRING</FieldType><FieldLength>50</FieldLength><Attribute></Attribute><VarPrecision>0</VarPrecision><ExtObjId>9</ExtObjId>
	</RowData>
	<RowData><ProcessDefId>4</ProcessDefId><FieldName>profit_centre</FieldName><FieldType>STRING</FieldType><FieldLength>50</FieldLength><Attribute></Attribute><VarPrecision>0</VarPrecision><ExtObjId>9</ExtObjId>
	</RowData>
	<RowData><ProcessDefId>4</ProcessDefId><FieldName>purchaseorder</FieldName><FieldType>STRING</FieldType><FieldLength>50</FieldLength><Attribute></Attribute><VarPrecision>0</VarPrecision><ExtObjId>9</ExtObjId>
	</RowData>
	<RowData><ProcessDefId>4</ProcessDefId><FieldName>qa_required</FieldName><FieldType>STRING</FieldType><FieldLength>50</FieldLength><Attribute></Attribute><VarPrecision>0</VarPrecision><ExtObjId>9</ExtObjId>
	</RowData>
	<RowData><ProcessDefId>4</ProcessDefId><FieldName>quantity</FieldName><FieldType>STRING</FieldType><FieldLength>50</FieldLength><Attribute></Attribute><VarPrecision>0</VarPrecision><ExtObjId>9</ExtObjId>
	</RowData>
	<RowData><ProcessDefId>4</ProcessDefId><FieldName>store_location</FieldName><FieldType>STRING</FieldType><FieldLength>50</FieldLength><Attribute></Attribute><VarPrecision>0</VarPrecision><ExtObjId>9</ExtObjId>
	</RowData>
	<RowData><ProcessDefId>4</ProcessDefId><FieldName>tax_code</FieldName><FieldType>STRING</FieldType><FieldLength>50</FieldLength><Attribute></Attribute><VarPrecision>0</VarPrecision><ExtObjId>9</ExtObjId>
	</RowData>
	<RowData><ProcessDefId>4</ProcessDefId><FieldName>taxvalue</FieldName><FieldType>STRING</FieldType><FieldLength>50</FieldLength><Attribute></Attribute><VarPrecision>0</VarPrecision><ExtObjId>9</ExtObjId>
	</RowData>
	<RowData><ProcessDefId>4</ProcessDefId><FieldName>valuation</FieldName><FieldType>STRING</FieldType><FieldLength>50</FieldLength><Attribute></Attribute><VarPrecision>0</VarPrecision><ExtObjId>9</ExtObjId>
	</RowData>
	<RowData><ProcessDefId>4</ProcessDefId><FieldName>weightunit</FieldName><FieldType>STRING</FieldType><FieldLength>50</FieldLength><Attribute></Attribute><VarPrecision>0</VarPrecision><ExtObjId>9</ExtObjId>
	</RowData>
	<RowData><ProcessDefId>4</ProcessDefId><FieldName>ACTUAL_QTY</FieldName><FieldType>STRING</FieldType><FieldLength>50</FieldLength><Attribute></Attribute><VarPrecision>0</VarPrecision><ExtObjId>10</ExtObjId>
	</RowData>
	<RowData><ProcessDefId>4</ProcessDefId><FieldName>ACTUAL_VAL</FieldName><FieldType>STRING</FieldType><FieldLength>50</FieldLength><Attribute></Attribute><VarPrecision>0</VarPrecision><ExtObjId>10</ExtObjId>
	</RowData>
	<RowData><ProcessDefId>4</ProcessDefId><FieldName>ALTERNAT</FieldName><FieldType>STRING</FieldType><FieldLength>50</FieldLength><Attribute></Attribute><VarPrecision>0</VarPrecision><ExtObjId>10</ExtObjId>
	</RowData>
	<RowData><ProcessDefId>4</ProcessDefId><FieldName>BASE_UOM</FieldName><FieldType>STRING</FieldType><FieldLength>50</FieldLength><Attribute></Attribute><VarPrecision>0</VarPrecision><ExtObjId>10</ExtObjId>
	</RowData>
	<RowData><ProcessDefId>4</ProcessDefId><FieldName>BASIC_LINE</FieldName><FieldType>STRING</FieldType><FieldLength>50</FieldLength><Attribute></Attribute><VarPrecision>0</VarPrecision><ExtObjId>10</ExtObjId>
	</RowData>
	<RowData><ProcessDefId>4</ProcessDefId><FieldName>BASLINE_NO</FieldName><FieldType>INTEGER</FieldType><FieldLength>2</FieldLength><Attribute></Attribute><VarPrecision>0</VarPrecision><ExtObjId>10</ExtObjId>
	</RowData>
	<RowData><ProcessDefId>4</ProcessDefId><FieldName>BEGINTIME</FieldName><FieldType>STRING</FieldType><FieldLength>50</FieldLength><Attribute></Attribute><VarPrecision>0</VarPrecision><ExtObjId>10</ExtObjId>
	</RowData>
	<RowData><ProcessDefId>4</ProcessDefId><FieldName>BIDDER</FieldName><FieldType>STRING</FieldType><FieldLength>50</FieldLength><Attribute></Attribute><VarPrecision>0</VarPrecision><ExtObjId>10</ExtObjId>
	</RowData>
	<RowData><ProcessDefId>4</ProcessDefId><FieldName>BLANKET</FieldName><FieldType>STRING</FieldType><FieldLength>50</FieldLength><Attribute></Attribute><VarPrecision>0</VarPrecision><ExtObjId>10</ExtObjId>
	</RowData>
	<RowData><ProcessDefId>4</ProcessDefId><FieldName>CON_LINE</FieldName><FieldType>INTEGER</FieldType><FieldLength>2</FieldLength><Attribute></Attribute><VarPrecision>0</VarPrecision><ExtObjId>10</ExtObjId>
	</RowData>
	<RowData><ProcessDefId>4</ProcessDefId><FieldName>CON_PCKG</FieldName><FieldType>INTEGER</FieldType><FieldLength>2</FieldLength><Attribute></Attribute><VarPrecision>0</VarPrecision><ExtObjId>10</ExtObjId>
	</RowData>
	<RowData><ProcessDefId>4</ProcessDefId><FieldName>CON_QTY</FieldName><FieldType>STRING</FieldType><FieldLength>50</FieldLength><Attribute></Attribute><VarPrecision>0</VarPrecision><ExtObjId>10</ExtObjId>
	</RowData>
	<RowData><ProcessDefId>4</ProcessDefId><FieldName>CON_VALUE</FieldName><FieldType>STRING</FieldType><FieldLength>50</FieldLength><Attribute></Attribute><VarPrecision>0</VarPrecision><ExtObjId>10</ExtObjId>
	</RowData>
	<RowData><ProcessDefId>4</ProcessDefId><FieldName>DATE_1</FieldName><FieldType>DATE</FieldType><FieldLength>8</FieldLength><Attribute></Attribute><VarPrecision>0</VarPrecision><ExtObjId>10</ExtObjId>
	</RowData>
	<RowData><ProcessDefId>4</ProcessDefId><FieldName>DELETE_IND</FieldName><FieldType>STRING</FieldType><FieldLength>50</FieldLength><Attribute></Attribute><VarPrecision>0</VarPrecision><ExtObjId>10</ExtObjId>
	</RowData>
	<RowData><ProcessDefId>4</ProcessDefId><FieldName>DISTRIB</FieldName><FieldType>STRING</FieldType><FieldLength>50</FieldLength><Attribute></Attribute><VarPrecision>0</VarPrecision><ExtObjId>10</ExtObjId>
	</RowData>
	<RowData><ProcessDefId>4</ProcessDefId><FieldName>EDITION</FieldName><FieldType>INTEGER</FieldType><FieldLength>2</FieldLength><Attribute></Attribute><VarPrecision>0</VarPrecision><ExtObjId>10</ExtObjId>
	</RowData>
	<RowData><ProcessDefId>4</ProcessDefId><FieldName>ENDTIME</FieldName><FieldType>STRING</FieldType><FieldLength>50</FieldLength><Attribute></Attribute><VarPrecision>0</VarPrecision><ExtObjId>10</ExtObjId>
	</RowData>
	<RowData><ProcessDefId>4</ProcessDefId><FieldName>EVENTUAL</FieldName><FieldType>STRING</FieldType><FieldLength>50</FieldLength><Attribute></Attribute><VarPrecision>0</VarPrecision><ExtObjId>10</ExtObjId>
	</RowData>
	<RowData><ProcessDefId>4</ProcessDefId><FieldName>EXT_LINE</FieldName><FieldType>INTEGER</FieldType><FieldLength>2</FieldLength><Attribute></Attribute><VarPrecision>0</VarPrecision><ExtObjId>10</ExtObjId>
	</RowData>
	<RowData><ProcessDefId>4</ProcessDefId><FieldName>EXT_SERV</FieldName><FieldType>STRING</FieldType><FieldLength>50</FieldLength><Attribute></Attribute><VarPrecision>0</VarPrecision><ExtObjId>10</ExtObjId>
	</RowData>
	<RowData><ProcessDefId>4</ProcessDefId><FieldName>EXTERNAL_ITEM_ID</FieldName><FieldType>STRING</FieldType><FieldLength>50</FieldLength><Attribute></Attribute><VarPrecision>0</VarPrecision><ExtObjId>10</ExtObjId>
	</RowData>
	<RowData><ProcessDefId>4</ProcessDefId><FieldName>EXTPERS_NO</FieldName><FieldType>STRING</FieldType><FieldLength>50</FieldLength><Attribute></Attribute><VarPrecision>0</VarPrecision><ExtObjId>10</ExtObjId>
	</RowData>
	<RowData><ProcessDefId>4</ProcessDefId><FieldName>EXTREFKEY</FieldName><FieldType>STRING</FieldType><FieldLength>50</FieldLength><Attribute></Attribute><VarPrecision>0</VarPrecision><ExtObjId>10</ExtObjId>
	</RowData>
	<RowData><ProcessDefId>4</ProcessDefId><FieldName>FORM_VAL1</FieldName><FieldType>STRING</FieldType><FieldLength>50</FieldLength><Attribute></Attribute><VarPrecision>0</VarPrecision><ExtObjId>10</ExtObjId>
	</RowData>
	<RowData><ProcessDefId>4</ProcessDefId><FieldName>FORM_VAL2</FieldName><FieldType>STRING</FieldType><FieldLength>50</FieldLength><Attribute></Attribute><VarPrecision>0</VarPrecision><ExtObjId>10</ExtObjId>
	</RowData>
	<RowData><ProcessDefId>4</ProcessDefId><FieldName>FORM_VAL3</FieldName><FieldType>STRING</FieldType><FieldLength>50</FieldLength><Attribute></Attribute><VarPrecision>0</VarPrecision><ExtObjId>10</ExtObjId>
	</RowData>
	<RowData><ProcessDefId>4</ProcessDefId><FieldName>FORM_VAL4</FieldName><FieldType>STRING</FieldType><FieldLength>50</FieldLength><Attribute></Attribute><VarPrecision>0</VarPrecision><ExtObjId>10</ExtObjId>
	</RowData>
	<RowData><ProcessDefId>4</ProcessDefId><FieldName>FORM_VAL5</FieldName><FieldType>STRING</FieldType><FieldLength>50</FieldLength><Attribute></Attribute><VarPrecision>0</VarPrecision><ExtObjId>10</ExtObjId>
	</RowData>
	<RowData><ProcessDefId>4</ProcessDefId><FieldName>FORMULA</FieldName><FieldType>STRING</FieldType><FieldLength>50</FieldLength><Attribute></Attribute><VarPrecision>0</VarPrecision><ExtObjId>10</ExtObjId>
	</RowData>
	<RowData><ProcessDefId>4</ProcessDefId><FieldName>FROM_LINE</FieldName><FieldType>STRING</FieldType><FieldLength>50</FieldLength><Attribute></Attribute><VarPrecision>0</VarPrecision><ExtObjId>10</ExtObjId>
	</RowData>
	<RowData><ProcessDefId>4</ProcessDefId><FieldName>GR_PRICE</FieldName><FieldType>STRING</FieldType><FieldLength>50</FieldLength><Attribute></Attribute><VarPrecision>0</VarPrecision><ExtObjId>10</ExtObjId>
	</RowData>
	<RowData><ProcessDefId>4</ProcessDefId><FieldName>GROSS_VAL</FieldName><FieldType>STRING</FieldType><FieldLength>50</FieldLength><Attribute></Attribute><VarPrecision>0</VarPrecision><ExtObjId>10</ExtObjId>
	</RowData>
	<RowData><ProcessDefId>4</ProcessDefId><FieldName>HI_LINE_NO</FieldName><FieldType>INTEGER</FieldType><FieldLength>2</FieldLength><Attribute></Attribute><VarPrecision>0</VarPrecision><ExtObjId>10</ExtObjId>
	</RowData>
	<RowData><ProcessDefId>4</ProcessDefId><FieldName>INFORM</FieldName><FieldType>STRING</FieldType><FieldLength>50</FieldLength><Attribute></Attribute><VarPrecision>0</VarPrecision><ExtObjId>10</ExtObjId>
	</RowData>
	<RowData><ProcessDefId>4</ProcessDefId><FieldName>insertionorderid</FieldName><FieldType>LONG</FieldType><FieldLength>4</FieldLength><Attribute>Primary</Attribute><VarPrecision>0</VarPrecision><ExtObjId>10</ExtObjId>
	</RowData>
	<RowData><ProcessDefId>4</ProcessDefId><FieldName>LIMIT_LINE</FieldName><FieldType>INTEGER</FieldType><FieldLength>2</FieldLength><Attribute></Attribute><VarPrecision>0</VarPrecision><ExtObjId>10</ExtObjId>
	</RowData>
	<RowData><ProcessDefId>4</ProcessDefId><FieldName>LINE_NO</FieldName><FieldType>INTEGER</FieldType><FieldLength>2</FieldLength><Attribute></Attribute><VarPrecision>0</VarPrecision><ExtObjId>10</ExtObjId>
	</RowData>
	<RowData><ProcessDefId>4</ProcessDefId><FieldName>MATL_GROUP</FieldName><FieldType>STRING</FieldType><FieldLength>50</FieldLength><Attribute></Attribute><VarPrecision>0</VarPrecision><ExtObjId>10</ExtObjId>
	</RowData>
	<RowData><ProcessDefId>4</ProcessDefId><FieldName>NET_VALUE</FieldName><FieldType>STRING</FieldType><FieldLength>50</FieldLength><Attribute></Attribute><VarPrecision>0</VarPrecision><ExtObjId>10</ExtObjId>
	</RowData>
	<RowData><ProcessDefId>4</ProcessDefId><FieldName>NOND_ITAX</FieldName><FieldType>STRING</FieldType><FieldLength>50</FieldLength><Attribute></Attribute><VarPrecision>0</VarPrecision><ExtObjId>10</ExtObjId>
	</RowData>
	<RowData><ProcessDefId>4</ProcessDefId><FieldName>OPEN_QTY</FieldName><FieldType>STRING</FieldType><FieldLength>50</FieldLength><Attribute></Attribute><VarPrecision>0</VarPrecision><ExtObjId>10</ExtObjId>
	</RowData>
	<RowData><ProcessDefId>4</ProcessDefId><FieldName>OUTL_IND</FieldName><FieldType>STRING</FieldType><FieldLength>50</FieldLength><Attribute></Attribute><VarPrecision>0</VarPrecision><ExtObjId>10</ExtObjId>
	</RowData>
	<RowData><ProcessDefId>4</ProcessDefId><FieldName>OUTL_LEVEL</FieldName><FieldType>INTEGER</FieldType><FieldLength>2</FieldLength><Attribute></Attribute><VarPrecision>0</VarPrecision><ExtObjId>10</ExtObjId>
	</RowData>
	<RowData><ProcessDefId>4</ProcessDefId><FieldName>OUTL_LEVEL1</FieldName><FieldType>STRING</FieldType><FieldLength>50</FieldLength><Attribute></Attribute><VarPrecision>0</VarPrecision><ExtObjId>10</ExtObjId>
	</RowData>
	<RowData><ProcessDefId>4</ProcessDefId><FieldName>OUTL_NO</FieldName><FieldType>STRING</FieldType><FieldLength>50</FieldLength><Attribute></Attribute><VarPrecision>0</VarPrecision><ExtObjId>10</ExtObjId>
	</RowData>
	<RowData><ProcessDefId>4</ProcessDefId><FieldName>OVF_TOL</FieldName><FieldType>STRING</FieldType><FieldLength>50</FieldLength><Attribute></Attribute><VarPrecision>0</VarPrecision><ExtObjId>10</ExtObjId>
	</RowData>
	<RowData><ProcessDefId>4</ProcessDefId><FieldName>OVF_UNLIM</FieldName><FieldType>STRING</FieldType><FieldLength>50</FieldLength><Attribute></Attribute><VarPrecision>0</VarPrecision><ExtObjId>10</ExtObjId>
	</RowData>
	<RowData><ProcessDefId>4</ProcessDefId><FieldName>PCKG_NO</FieldName><FieldType>INTEGER</FieldType><FieldLength>2</FieldLength><Attribute></Attribute><VarPrecision>0</VarPrecision><ExtObjId>10</ExtObjId>
	</RowData>
	<RowData><ProcessDefId>4</ProcessDefId><FieldName>PER_EDATE</FieldName><FieldType>DATE</FieldType><FieldLength>8</FieldLength><Attribute></Attribute><VarPrecision>0</VarPrecision><ExtObjId>10</ExtObjId>
	</RowData>
	<RowData><ProcessDefId>4</ProcessDefId><FieldName>PER_SDATE</FieldName><FieldType>DATE</FieldType><FieldLength>8</FieldLength><Attribute></Attribute><VarPrecision>0</VarPrecision><ExtObjId>10</ExtObjId>
	</RowData>
	<RowData><ProcessDefId>4</ProcessDefId><FieldName>PERS_NO</FieldName><FieldType>INTEGER</FieldType><FieldLength>2</FieldLength><Attribute></Attribute><VarPrecision>0</VarPrecision><ExtObjId>10</ExtObjId>
	</RowData>
	<RowData><ProcessDefId>4</ProcessDefId><FieldName>pinstanceid</FieldName><FieldType>STRING</FieldType><FieldLength>50</FieldLength><Attribute></Attribute><VarPrecision>0</VarPrecision><ExtObjId>10</ExtObjId>
	</RowData>
	<RowData><ProcessDefId>4</ProcessDefId><FieldName>PLN_LINE</FieldName><FieldType>INTEGER</FieldType><FieldLength>2</FieldLength><Attribute></Attribute><VarPrecision>0</VarPrecision><ExtObjId>10</ExtObjId>
	</RowData>
	<RowData><ProcessDefId>4</ProcessDefId><FieldName>PLN_PCKG</FieldName><FieldType>INTEGER</FieldType><FieldLength>2</FieldLength><Attribute></Attribute><VarPrecision>0</VarPrecision><ExtObjId>10</ExtObjId>
	</RowData>
	<RowData><ProcessDefId>4</ProcessDefId><FieldName>PRICE_CHG</FieldName><FieldType>STRING</FieldType><FieldLength>50</FieldLength><Attribute></Attribute><VarPrecision>0</VarPrecision><ExtObjId>10</ExtObjId>
	</RowData>
</PMWEXTDBFIELDDEFINITIONTABLE_5>