<PMWEXCEPTIONDEFTABLE>
	<RowData><ProcessDefId>4</ProcessDefId><ExceptionId>1</ExceptionId><ExceptionName>Line Item Mismatch Exception</ExceptionName><Description>Line Item Mismatch Exception</Description>
	</RowData>
	<RowData><ProcessDefId>4</ProcessDefId><ExceptionId>3</ExceptionId><ExceptionName>Line Quantity Mismatch Exception</ExceptionName><Description>Line Quantity Mismatch Exception</Description>
	</RowData>
	<RowData><ProcessDefId>4</ProcessDefId><ExceptionId>4</ExceptionId><ExceptionName>PO Number Mismatch Exception</ExceptionName><Description>PO Number Mismatch Exception</Description>
	</RowData>
	<RowData><ProcessDefId>4</ProcessDefId><ExceptionId>7</ExceptionId><ExceptionName>GSTN Mismatch Exception</ExceptionName><Description>GSTN Mismatch Exception</Description>
	</RowData>
	<RowData><ProcessDefId>4</ProcessDefId><ExceptionId>8</ExceptionId><ExceptionName>Total Amount Mismatch Exception</ExceptionName><Description>Total Amount Mismatch Exception</Description>
	</RowData>
</PMWEXCEPTIONDEFTABLE>