<PMWLaneQueueTable>
	<RowData><ProcessDefId>4</ProcessDefId>
		<SwimLaneId>1</SwimLaneId><QueueId>-27</QueueId>
	</RowData>
	<RowData><ProcessDefId>4</ProcessDefId>
		<SwimLaneId>2</SwimLaneId><QueueId>-30</QueueId>
	</RowData>
	<RowData><ProcessDefId>4</ProcessDefId>
		<SwimLaneId>3</SwimLaneId><QueueId>-31</QueueId>
	</RowData>
	<RowData><ProcessDefId>4</ProcessDefId>
		<SwimLaneId>4</SwimLaneId><QueueId>-25</QueueId>
	</RowData>
	<RowData><ProcessDefId>4</ProcessDefId>
		<SwimLaneId>5</SwimLaneId><QueueId>-26</QueueId>
	</RowData>
	<RowData><ProcessDefId>4</ProcessDefId>
		<SwimLaneId>6</SwimLaneId><QueueId>-17</QueueId>
	</RowData>
	<RowData><ProcessDefId>4</ProcessDefId>
		<SwimLaneId>8</SwimLaneId><QueueId>-48</QueueId>
	</RowData>
</PMWLaneQueueTable>