<PMWPROCESSINTERFACETABLE>
	<RowData><ProcessDefId>4</ProcessDefId><InterfaceName>ToDoList</InterfaceName><InterfaceId>1</InterfaceId><ClientInvocation>ToDoList.clsToDo</ClientInvocation><MenuName>ToDoList</MenuName><ExecuteClass></ExecuteClass><ExecuteClassWeb></ExecuteClassWeb>
	</RowData>
	<RowData><ProcessDefId>4</ProcessDefId><InterfaceName>Action</InterfaceName><InterfaceId>2</InterfaceId><ClientInvocation>Action.clsAction</ClientInvocation><MenuName>Action</MenuName><ExecuteClass></ExecuteClass><ExecuteClassWeb></ExecuteClassWeb>
	</RowData>
	<RowData><ProcessDefId>4</ProcessDefId><InterfaceName>FormView</InterfaceName><InterfaceId>3</InterfaceId><ClientInvocation>FormView.clsFormView</ClientInvocation><MenuName>FormView</MenuName><ExecuteClass></ExecuteClass><ExecuteClassWeb></ExecuteClassWeb>
	</RowData>
	<RowData><ProcessDefId>4</ProcessDefId><InterfaceName>Exceptions</InterfaceName><InterfaceId>4</InterfaceId><ClientInvocation>Exceptions.clsExceptions</ClientInvocation><MenuName>Exceptions</MenuName><ExecuteClass></ExecuteClass><ExecuteClassWeb></ExecuteClassWeb>
	</RowData>
	<RowData><ProcessDefId>4</ProcessDefId><InterfaceName>Document</InterfaceName><InterfaceId>5</InterfaceId><ClientInvocation>DocumentDef.clsDocumentProp</ClientInvocation><MenuName>Document</MenuName><ExecuteClass></ExecuteClass><ExecuteClassWeb></ExecuteClassWeb>
	</RowData>
	<RowData><ProcessDefId>4</ProcessDefId><InterfaceName>Archive</InterfaceName><InterfaceId>6</InterfaceId><ClientInvocation>Archive.clsArchive</ClientInvocation><MenuName>Archive</MenuName><ExecuteClass></ExecuteClass><ExecuteClassWeb></ExecuteClassWeb>
	</RowData>
	<RowData><ProcessDefId>4</ProcessDefId><InterfaceName>PrintFaxEmail</InterfaceName><InterfaceId>7</InterfaceId><ClientInvocation>PrintFaxEmail.clsPrintFaxEmail</ClientInvocation><MenuName>PrintFaxEmail</MenuName><ExecuteClass></ExecuteClass><ExecuteClassWeb></ExecuteClassWeb>
	</RowData>
	<RowData><ProcessDefId>4</ProcessDefId><InterfaceName>ScanTool</InterfaceName><InterfaceId>8</InterfaceId><ClientInvocation>ScanTool.clsScanTool</ClientInvocation><MenuName>ScanTool</MenuName><ExecuteClass></ExecuteClass><ExecuteClassWeb></ExecuteClassWeb>
	</RowData>
	<RowData><ProcessDefId>4</ProcessDefId><InterfaceName>SAPGUIAdapter</InterfaceName><InterfaceId>10</InterfaceId><ClientInvocation>SAPGUIAdapter.clsSAPGUIAdapter</ClientInvocation><MenuName>SAPGUIAdapter</MenuName><ExecuteClass>SAPGUIAdapter</ExecuteClass><ExecuteClassWeb>SAPGUIAdapter</ExecuteClassWeb>
	</RowData>
	<RowData><ProcessDefId>4</ProcessDefId><InterfaceName>DynamicCase</InterfaceName><InterfaceId>12</InterfaceId><ClientInvocation>DynamicCase.clsDynamicCase</ClientInvocation><MenuName>DynamicCase</MenuName><ExecuteClass>DynamicCase</ExecuteClass><ExecuteClassWeb>DynamicCase</ExecuteClassWeb>
	</RowData>
</PMWPROCESSINTERFACETABLE>