<PMWPROCESSDEFTABLE>
	<RowData><ProcessName>OrientAP</ProcessName><ProcessType>S</ProcessType><ProcessState>Enabled</ProcessState><RegPrefix>Account</RegPrefix><RegSuffix>Payable</RegSuffix><RegStartingNo>0</RegStartingNo><ProcessTurnAroundTime>0</ProcessTurnAroundTime><RegSeqLength>26</RegSeqLength><CreatedOn>2018-03-14 18:42:39.03</CreatedOn><LastModifiedOn>2021-08-24 11:20:04.837</LastModifiedOn><WSFont>BookMan Old Style,0,8</WSFont><WSColor>-16777216</WSColor><CommentsFont>BookMan Old Style,0,8</CommentsFont><CommentsColor>-16777077</CommentsColor><Backcolor>-1053713</Backcolor><Description>Default Description</Description><TATCalFlag>Y</TATCalFlag><VersionNo>1</VersionNo><CreatedBy>padmin</CreatedBy><LastModifiedBy>padmin</LastModifiedBy><ProcessShared>N</ProcessShared><ProjectId>3</ProjectId><Cost>0.00</Cost><Duration></Duration><FormViewerApp>J</FormViewerApp><ThresholdRoutingCount>88</ThresholdRoutingCount><CreateWebService>Y</CreateWebService>
	</RowData>
</PMWPROCESSDEFTABLE>