<PMWQUEUESTREAMTABLE>
	<RowData><ProcessDefId>4</ProcessDefId>
		<ActivityID>1</ActivityID>
		<StreamId>1</StreamId><QueueId>-28</QueueId>
	</RowData>
	<RowData><ProcessDefId>4</ProcessDefId>
		<ActivityID>3</ActivityID>
		<StreamId>1</StreamId><QueueId>-5</QueueId>
	</RowData>
	<RowData><ProcessDefId>4</ProcessDefId>
		<ActivityID>7</ActivityID>
		<StreamId>1</StreamId><QueueId>-33</QueueId>
	</RowData>
	<RowData><ProcessDefId>4</ProcessDefId>
		<ActivityID>10</ActivityID>
		<StreamId>1</StreamId><QueueId>-120</QueueId>
	</RowData>
	<RowData><ProcessDefId>4</ProcessDefId>
		<ActivityID>14</ActivityID>
		<StreamId>1</StreamId><QueueId>-20</QueueId>
	</RowData>
	<RowData><ProcessDefId>4</ProcessDefId>
		<ActivityID>16</ActivityID>
		<StreamId>1</StreamId><QueueId>-22</QueueId>
	</RowData>
	<RowData><ProcessDefId>4</ProcessDefId>
		<ActivityID>20</ActivityID>
		<StreamId>1</StreamId><QueueId>-137</QueueId>
	</RowData>
	<RowData><ProcessDefId>4</ProcessDefId>
		<ActivityID>28</ActivityID>
		<StreamId>1</StreamId><QueueId>-19</QueueId>
	</RowData>
	<RowData><ProcessDefId>4</ProcessDefId>
		<ActivityID>30</ActivityID>
		<StreamId>1</StreamId><QueueId>-18</QueueId>
	</RowData>
	<RowData><ProcessDefId>4</ProcessDefId>
		<ActivityID>31</ActivityID>
		<StreamId>1</StreamId><QueueId>-5</QueueId>
	</RowData>
	<RowData><ProcessDefId>4</ProcessDefId>
		<ActivityID>42</ActivityID>
		<StreamId>1</StreamId><QueueId>-42</QueueId>
	</RowData>
	<RowData><ProcessDefId>4</ProcessDefId>
		<ActivityID>44</ActivityID>
		<StreamId>1</StreamId><QueueId>-47</QueueId>
	</RowData>
	<RowData><ProcessDefId>4</ProcessDefId>
		<ActivityID>45</ActivityID>
		<StreamId>1</StreamId><QueueId>-1</QueueId>
	</RowData>
	<RowData><ProcessDefId>4</ProcessDefId>
		<ActivityID>53</ActivityID>
		<StreamId>1</StreamId><QueueId>-30</QueueId>
	</RowData>
	<RowData><ProcessDefId>4</ProcessDefId>
		<ActivityID>54</ActivityID>
		<StreamId>1</StreamId><QueueId>-56</QueueId>
	</RowData>
	<RowData><ProcessDefId>4</ProcessDefId>
		<ActivityID>55</ActivityID>
		<StreamId>1</StreamId><QueueId>-31</QueueId>
	</RowData>
	<RowData><ProcessDefId>4</ProcessDefId>
		<ActivityID>59</ActivityID>
		<StreamId>1</StreamId><QueueId>-68</QueueId>
	</RowData>
	<RowData><ProcessDefId>4</ProcessDefId>
		<ActivityID>60</ActivityID>
		<StreamId>1</StreamId><QueueId>-67</QueueId>
	</RowData>
	<RowData><ProcessDefId>4</ProcessDefId>
		<ActivityID>63</ActivityID>
		<StreamId>1</StreamId><QueueId>-78</QueueId>
	</RowData>
	<RowData><ProcessDefId>4</ProcessDefId>
		<ActivityID>66</ActivityID>
		<StreamId>1</StreamId><QueueId>-134</QueueId>
	</RowData>
	<RowData><ProcessDefId>4</ProcessDefId>
		<ActivityID>67</ActivityID>
		<StreamId>1</StreamId><QueueId>-133</QueueId>
	</RowData>
	<RowData><ProcessDefId>4</ProcessDefId>
		<ActivityID>70</ActivityID>
		<StreamId>1</StreamId><QueueId>-135</QueueId>
	</RowData>
	<RowData><ProcessDefId>4</ProcessDefId>
		<ActivityID>71</ActivityID>
		<StreamId>1</StreamId><QueueId>-136</QueueId>
	</RowData>
</PMWQUEUESTREAMTABLE>