<PMWQUEUEDEFTABLE>
	<RowData><ProcessDefId>4</ProcessDefId><QueueId>-1</QueueId>
		<QueueName>SystemArchiveQueue</QueueName>
		<QueueType>A</QueueType>
		<Comments>System generated common Archive Queue</Comments>
		<AllowReassignment>N</AllowReassignment>
		
		<OrderBy>10</OrderBy>
		
		<RefreshInterval>0</RefreshInterval>
		<SortOrder></SortOrder>
		
	</RowData>
	<RowData><ProcessDefId>4</ProcessDefId><QueueId>-5</QueueId>
		<QueueName>SystemSAPQueue</QueueName>
		<QueueType>A</QueueType>
		<Comments>System generated common SAP Queue</Comments>
		<AllowReassignment>N</AllowReassignment>
		
		<OrderBy>10</OrderBy>
		
		<RefreshInterval>0</RefreshInterval>
		<SortOrder></SortOrder>
		
	</RowData>
	<RowData><ProcessDefId>4</ProcessDefId><QueueId>-17</QueueId>
		<QueueName>OrientAP_SwimLane_6</QueueName>
		<QueueType>N</QueueType>
		<Comments>Process Modeler generated Default Queue</Comments>
		<AllowReassignment>N</AllowReassignment>
		
		<OrderBy>2</OrderBy>
		
		<RefreshInterval>0</RefreshInterval>
		<SortOrder>A</SortOrder>
		<ProcessName></ProcessName>
	</RowData>
	<RowData><ProcessDefId>4</ProcessDefId><QueueId>-18</QueueId>
		<QueueName>Inbound Processing (Commercial)</QueueName>
		<QueueType>N</QueueType>
		<Comments>Process Modeler generated Default Queue</Comments>
		<AllowReassignment>N</AllowReassignment>
		<FilterOption>1</FilterOption>
		<OrderBy>2</OrderBy>
		
		<RefreshInterval>0</RefreshInterval>
		<SortOrder>A</SortOrder>
		
	</RowData>
	<RowData><ProcessDefId>4</ProcessDefId><QueueId>-19</QueueId>
		<QueueName>Inbound Processing (Error)</QueueName>
		<QueueType>N</QueueType>
		<Comments>Process Modeler generated Default Queue</Comments>
		<AllowReassignment>N</AllowReassignment>
		<FilterOption>1</FilterOption>
		<OrderBy>2</OrderBy>
		
		<RefreshInterval>0</RefreshInterval>
		<SortOrder>A</SortOrder>
		
	</RowData>
	<RowData><ProcessDefId>4</ProcessDefId><QueueId>-20</QueueId>
		<QueueName>Inbound Processing (Store)</QueueName>
		<QueueType>N</QueueType>
		<Comments>Process Modeler generated Default Queue</Comments>
		<AllowReassignment>Y</AllowReassignment>
		<FilterOption>1</FilterOption>
		<OrderBy>2</OrderBy>
		
		<RefreshInterval>0</RefreshInterval>
		<SortOrder>A</SortOrder>
		
	</RowData>
	<RowData><ProcessDefId>4</ProcessDefId><QueueId>-22</QueueId>
		<QueueName>Inbound Processing (Store Hold)</QueueName>
		<QueueType>N</QueueType>
		<Comments>Process Modeler generated Default Queue</Comments>
		<AllowReassignment>N</AllowReassignment>
		<FilterOption>1</FilterOption>
		<OrderBy>2</OrderBy>
		
		<RefreshInterval>0</RefreshInterval>
		<SortOrder>A</SortOrder>
		
	</RowData>
	<RowData><ProcessDefId>4</ProcessDefId><QueueId>-25</QueueId>
		<QueueName>OrientAP_SL_Store</QueueName>
		<QueueType>N</QueueType>
		<Comments>Process Modeler generated Default Queue</Comments>
		<AllowReassignment>N</AllowReassignment>
		
		<OrderBy>2</OrderBy>
		
		<RefreshInterval>0</RefreshInterval>
		<SortOrder>A</SortOrder>
		<ProcessName></ProcessName>
	</RowData>
	<RowData><ProcessDefId>4</ProcessDefId><QueueId>-26</QueueId>
		<QueueName>OrientAP_SL_Quality</QueueName>
		<QueueType>N</QueueType>
		<Comments>Process Modeler generated Default Queue</Comments>
		<AllowReassignment>N</AllowReassignment>
		
		<OrderBy>2</OrderBy>
		
		<RefreshInterval>0</RefreshInterval>
		<SortOrder>A</SortOrder>
		
	</RowData>
	<RowData><ProcessDefId>4</ProcessDefId><QueueId>-27</QueueId>
		<QueueName>OrientAP_SL_Start</QueueName>
		<QueueType>N</QueueType>
		<Comments>Process Modeler generated Default Swimlane Queue</Comments>
		<AllowReassignment>N</AllowReassignment>
		
		<OrderBy>2</OrderBy>
		
		<RefreshInterval>0</RefreshInterval>
		<SortOrder>A</SortOrder>
		<ProcessName></ProcessName>
	</RowData>
	<RowData><ProcessDefId>4</ProcessDefId><QueueId>-28</QueueId>
		<QueueName>Inbound Processing (Manual Introduction)</QueueName>
		<QueueType>I</QueueType>
		<Comments>Process Modeler generated Default Queue for Start Activity</Comments>
		<AllowReassignment>N</AllowReassignment>
		
		<OrderBy>10</OrderBy>
		
		<RefreshInterval>0</RefreshInterval>
		<SortOrder>A</SortOrder>
		
	</RowData>
	<RowData><ProcessDefId>4</ProcessDefId><QueueId>-30</QueueId>
		<QueueName>OrientAP_SL_GateEntry</QueueName>
		<QueueType>N</QueueType>
		<Comments>Process Modeler generated Default Queue</Comments>
		<AllowReassignment>N</AllowReassignment>
		
		<OrderBy>2</OrderBy>
		
		<RefreshInterval>0</RefreshInterval>
		<SortOrder>A</SortOrder>
		<ProcessName></ProcessName>
	</RowData>
	<RowData><ProcessDefId>4</ProcessDefId><QueueId>-31</QueueId>
		<QueueName>OrientAP_SwimLane_3</QueueName>
		<QueueType>N</QueueType>
		<Comments>Process Modeler generated Default Queue</Comments>
		<AllowReassignment>N</AllowReassignment>
		
		<OrderBy>2</OrderBy>
		
		<RefreshInterval>0</RefreshInterval>
		<SortOrder>A</SortOrder>
		<ProcessName></ProcessName>
	</RowData>
	<RowData><ProcessDefId>4</ProcessDefId><QueueId>-33</QueueId>
		<QueueName>Inbound Processing (Gate Entry)</QueueName>
		<QueueType>N</QueueType>
		<Comments>Process Modeler generated Default Queue</Comments>
		<AllowReassignment>N</AllowReassignment>
		<FilterOption>1</FilterOption>
		<OrderBy>2</OrderBy>
		
		<RefreshInterval>0</RefreshInterval>
		<SortOrder>A</SortOrder>
		
	</RowData>
	<RowData><ProcessDefId>4</ProcessDefId><QueueId>-42</QueueId>
		<QueueName>Inbound Processing (Finance)</QueueName>
		<QueueType>N</QueueType>
		<Comments>Process Modeler generated Default Queue</Comments>
		<AllowReassignment>N</AllowReassignment>
		<FilterOption>1</FilterOption>
		<OrderBy>2</OrderBy>
		
		<RefreshInterval>0</RefreshInterval>
		<SortOrder>A</SortOrder>
		
	</RowData>
	<RowData><ProcessDefId>4</ProcessDefId><QueueId>-47</QueueId>
		<QueueName>OrientAP_Query_44</QueueName>
		<QueueType>Q</QueueType>
		<Comments>Process Modeler generated Default Queue For Query_44</Comments>
		<AllowReassignment>N</AllowReassignment>
		
		<OrderBy>10</OrderBy>
		
		<RefreshInterval>0</RefreshInterval>
		<SortOrder>A</SortOrder>
		
	</RowData>
	<RowData><ProcessDefId>4</ProcessDefId><QueueId>-48</QueueId>
		<QueueName>OrientAP_SL_Finance</QueueName>
		<QueueType>N</QueueType>
		<Comments>Process Modeler generated Default Queue</Comments>
		<AllowReassignment>N</AllowReassignment>
		
		<OrderBy>2</OrderBy>
		
		<RefreshInterval>0</RefreshInterval>
		<SortOrder>A</SortOrder>
		<ProcessName></ProcessName>
	</RowData>
	<RowData><ProcessDefId>4</ProcessDefId><QueueId>-56</QueueId>
		<QueueName>Inbound Processing (Audit)</QueueName>
		<QueueType>N</QueueType>
		<Comments>Process Modeler generated Default Queue</Comments>
		<AllowReassignment>N</AllowReassignment>
		<FilterOption>1</FilterOption>
		<OrderBy>2</OrderBy>
		
		<RefreshInterval>0</RefreshInterval>
		<SortOrder>A</SortOrder>
		
	</RowData>
	<RowData><ProcessDefId>4</ProcessDefId><QueueId>-67</QueueId>
		<QueueName>OrientAP_extraction</QueueName>
		<QueueType>D</QueueType>
		<Comments>Process Modeler generated Default Queue</Comments>
		<AllowReassignment>N</AllowReassignment>
		<FilterOption>1</FilterOption>
		<OrderBy>2</OrderBy>
		
		<RefreshInterval>0</RefreshInterval>
		<SortOrder>A</SortOrder>
		
	</RowData>
	<RowData><ProcessDefId>4</ProcessDefId><QueueId>-68</QueueId>
		<QueueName>OrientAP_download</QueueName>
		<QueueType>F</QueueType>
		<Comments>Process Modeler generated Default Queue</Comments>
		<AllowReassignment>N</AllowReassignment>
		<FilterOption>1</FilterOption>
		<OrderBy>2</OrderBy>
		
		<RefreshInterval>0</RefreshInterval>
		<SortOrder>A</SortOrder>
		
	</RowData>
	<RowData><ProcessDefId>4</ProcessDefId><QueueId>-78</QueueId>
		<QueueName>Inbound Processing(Introduce)</QueueName>
		<QueueType>I</QueueType>
		<Comments>Process Modeler generated Default Queue For Start Event_63</Comments>
		<AllowReassignment>N</AllowReassignment>
		
		<OrderBy>10</OrderBy>
		
		<RefreshInterval>0</RefreshInterval>
		<SortOrder>A</SortOrder>
		
	</RowData>
	<RowData><ProcessDefId>4</ProcessDefId><QueueId>-120</QueueId>
		<QueueName>Inbound Processing(Gate Hold)</QueueName>
		<QueueType>N</QueueType>
		<Comments>Process Modeler generated Default Queue</Comments>
		<AllowReassignment>N</AllowReassignment>
		<FilterOption>1</FilterOption>
		<OrderBy>2</OrderBy>
		
		<RefreshInterval>0</RefreshInterval>
		<SortOrder>A</SortOrder>
		
	</RowData>
	<RowData><ProcessDefId>4</ProcessDefId><QueueId>-133</QueueId>
		<QueueName>Inbound Processing (SchedulerParking</QueueName>
		<QueueType>N</QueueType>
		<Comments>Process Modeler generated Default Queue</Comments>
		<AllowReassignment>N</AllowReassignment>
		<FilterOption>1</FilterOption>
		<OrderBy>2</OrderBy>
		
		<RefreshInterval>0</RefreshInterval>
		<SortOrder>A</SortOrder>
		
	</RowData>
	<RowData><ProcessDefId>4</ProcessDefId><QueueId>-134</QueueId>
		<QueueName>Inbound Processing (SchedulerPosting)</QueueName>
		<QueueType>N</QueueType>
		<Comments>Process Modeler generated Default Queue</Comments>
		<AllowReassignment>N</AllowReassignment>
		<FilterOption>1</FilterOption>
		<OrderBy>2</OrderBy>
		
		<RefreshInterval>0</RefreshInterval>
		<SortOrder>A</SortOrder>
		
	</RowData>
	<RowData><ProcessDefId>4</ProcessDefId><QueueId>-135</QueueId>
		<QueueName>Inbound Processing (ParkingException)</QueueName>
		<QueueType>N</QueueType>
		<Comments>Process Modeler generated Default Queue</Comments>
		<AllowReassignment>N</AllowReassignment>
		<FilterOption>1</FilterOption>
		<OrderBy>2</OrderBy>
		
		<RefreshInterval>0</RefreshInterval>
		<SortOrder>A</SortOrder>
		
	</RowData>
	<RowData><ProcessDefId>4</ProcessDefId><QueueId>-136</QueueId>
		<QueueName>Inbound Processing (PostingException)</QueueName>
		<QueueType>N</QueueType>
		<Comments>Process Modeler generated Default Queue</Comments>
		<AllowReassignment>N</AllowReassignment>
		<FilterOption>1</FilterOption>
		<OrderBy>2</OrderBy>
		
		<RefreshInterval>0</RefreshInterval>
		<SortOrder>A</SortOrder>
		
	</RowData>
	<RowData><ProcessDefId>4</ProcessDefId><QueueId>-137</QueueId>
		<QueueName>Inbound Processing (SchedulerQuality)</QueueName>
		<QueueType>N</QueueType>
		<Comments>Process Modeler generated Default Queue</Comments>
		<AllowReassignment>N</AllowReassignment>
		<FilterOption>1</FilterOption>
		<OrderBy>2</OrderBy>
		
		<RefreshInterval>0</RefreshInterval>
		<SortOrder>A</SortOrder>
		
	</RowData>
</PMWQUEUEDEFTABLE>