<PMWRuleConditionTable>
	<RowData><ProcessDefId>4</ProcessDefId><ActivityId>62</ActivityId><RuleType>X</RuleType><RuleOrderId>1</RuleOrderId><RuleId>1</RuleId><ConditionOrderId>1</ConditionOrderId><Param1>finance_decision</Param1><Type1>I</Type1><ExtObjID1>1</ExtObjID1><VariableId_1>160</VariableId_1><VarFieldId_1>0</VarFieldId_1><Param2>Discard</Param2><Type2>C</Type2><ExtObjID2>0</ExtObjID2><VariableId_2>0</VariableId_2><VarFieldId_2>0</VarFieldId_2><Operator>3</Operator><LogicalOp>3</LogicalOp>
	</RowData>
	<RowData><ProcessDefId>4</ProcessDefId><ActivityId>62</ActivityId><RuleType>X</RuleType><RuleOrderId>2</RuleOrderId><RuleId>2</RuleId><ConditionOrderId>1</ConditionOrderId><Param1>finance_decision</Param1><Type1>I</Type1><ExtObjID1>1</ExtObjID1><VariableId_1>160</VariableId_1><VarFieldId_1>0</VarFieldId_1><Param2>Posted</Param2><Type2>C</Type2><ExtObjID2>0</ExtObjID2><VariableId_2>0</VariableId_2><VarFieldId_2>0</VarFieldId_2><Operator>3</Operator><LogicalOp>3</LogicalOp>
	</RowData>
	<RowData><ProcessDefId>4</ProcessDefId><ActivityId>62</ActivityId><RuleType>X</RuleType><RuleOrderId>3</RuleOrderId><RuleId>3</RuleId><ConditionOrderId>1</ConditionOrderId><Param1>Otherwise</Param1><Type1>S</Type1><ExtObjID1>0</ExtObjID1><VariableId_1>0</VariableId_1><VarFieldId_1>0</VarFieldId_1><Param2>Otherwise</Param2><Type2>S</Type2><ExtObjID2>0</ExtObjID2><VariableId_2>0</VariableId_2><VarFieldId_2>0</VarFieldId_2><Operator>4</Operator><LogicalOp>5</LogicalOp>
	</RowData>
	<RowData><ProcessDefId>4</ProcessDefId><ActivityId>53</ActivityId><RuleType>X</RuleType><RuleOrderId>1</RuleOrderId><RuleId>1</RuleId><ConditionOrderId>1</ConditionOrderId><Param1>gate_decision</Param1><Type1>I</Type1><ExtObjID1>1</ExtObjID1><VariableId_1>153</VariableId_1><VarFieldId_1>0</VarFieldId_1><Param2>Discard</Param2><Type2>C</Type2><ExtObjID2>0</ExtObjID2><VariableId_2>0</VariableId_2><VarFieldId_2>0</VarFieldId_2><Operator>3</Operator><LogicalOp>3</LogicalOp>
	</RowData>
	<RowData><ProcessDefId>4</ProcessDefId><ActivityId>53</ActivityId><RuleType>X</RuleType><RuleOrderId>2</RuleOrderId><RuleId>2</RuleId><ConditionOrderId>1</ConditionOrderId><Param1>gate_decision</Param1><Type1>I</Type1><ExtObjID1>1</ExtObjID1><VariableId_1>153</VariableId_1><VarFieldId_1>0</VarFieldId_1><Param2>Exception</Param2><Type2>C</Type2><ExtObjID2>0</ExtObjID2><VariableId_2>0</VariableId_2><VarFieldId_2>0</VarFieldId_2><Operator>3</Operator><LogicalOp>3</LogicalOp>
	</RowData>
	<RowData><ProcessDefId>4</ProcessDefId><ActivityId>53</ActivityId><RuleType>X</RuleType><RuleOrderId>3</RuleOrderId><RuleId>3</RuleId><ConditionOrderId>1</ConditionOrderId><Param1>pur_org</Param1><Type1>I</Type1><ExtObjID1>1</ExtObjID1><VariableId_1>69</VariableId_1><VarFieldId_1>0</VarFieldId_1><Param2>9000</Param2><Type2>C</Type2><ExtObjID2>0</ExtObjID2><VariableId_2>0</VariableId_2><VarFieldId_2>0</VarFieldId_2><Operator>3</Operator><LogicalOp>3</LogicalOp>
	</RowData>
	<RowData><ProcessDefId>4</ProcessDefId><ActivityId>7</ActivityId><RuleType>E</RuleType><RuleOrderId>1</RuleOrderId><RuleId>1</RuleId><ConditionOrderId>1</ConditionOrderId><Param1>Always</Param1><Type1>S</Type1><ExtObjID1>0</ExtObjID1><VariableId_1>0</VariableId_1><VarFieldId_1>0</VarFieldId_1><Param2>Always</Param2><Type2>S</Type2><ExtObjID2>0</ExtObjID2><VariableId_2>0</VariableId_2><VarFieldId_2>0</VarFieldId_2><Operator>4</Operator><LogicalOp>4</LogicalOp>
	</RowData>
	<RowData><ProcessDefId>4</ProcessDefId><ActivityId>1</ActivityId><RuleType>S</RuleType><RuleOrderId>1</RuleOrderId><RuleId>1</RuleId><ConditionOrderId>1</ConditionOrderId><Param1>ALWAYS</Param1><Type1>S</Type1><ExtObjID1>0</ExtObjID1><VariableId_1>0</VariableId_1><VarFieldId_1>0</VarFieldId_1><Param2>ALWAYS</Param2><Type2>S</Type2><ExtObjID2>0</ExtObjID2><VariableId_2>0</VariableId_2><VarFieldId_2>0</VarFieldId_2><Operator>4</Operator><LogicalOp>4</LogicalOp>
	</RowData>
	<RowData><ProcessDefId>4</ProcessDefId><ActivityId>53</ActivityId><RuleType>X</RuleType><RuleOrderId>4</RuleOrderId><RuleId>4</RuleId><ConditionOrderId>1</ConditionOrderId><Param1>pur_org</Param1><Type1>I</Type1><ExtObjID1>1</ExtObjID1><VariableId_1>69</VariableId_1><VarFieldId_1>0</VarFieldId_1><Param2>9000</Param2><Type2>C</Type2><ExtObjID2>0</ExtObjID2><VariableId_2>0</VariableId_2><VarFieldId_2>0</VarFieldId_2><Operator>4</Operator><LogicalOp>1</LogicalOp>
	</RowData>
	<RowData><ProcessDefId>4</ProcessDefId><ActivityId>53</ActivityId><RuleType>X</RuleType><RuleOrderId>4</RuleOrderId><RuleId>4</RuleId><ConditionOrderId>2</ConditionOrderId><Param1>movement_type</Param1><Type1>I</Type1><ExtObjID1>1</ExtObjID1><VariableId_1>170</VariableId_1><VarFieldId_1>0</VarFieldId_1><Param2>103</Param2><Type2>C</Type2><ExtObjID2>0</ExtObjID2><VariableId_2>0</VariableId_2><VarFieldId_2>0</VarFieldId_2><Operator>3</Operator><LogicalOp>3</LogicalOp>
	</RowData>
	<RowData><ProcessDefId>4</ProcessDefId><ActivityId>53</ActivityId><RuleType>X</RuleType><RuleOrderId>5</RuleOrderId><RuleId>5</RuleId><ConditionOrderId>1</ConditionOrderId><Param1>pur_org</Param1><Type1>I</Type1><ExtObjID1>1</ExtObjID1><VariableId_1>69</VariableId_1><VarFieldId_1>0</VarFieldId_1><Param2>9000</Param2><Type2>C</Type2><ExtObjID2>0</ExtObjID2><VariableId_2>0</VariableId_2><VarFieldId_2>0</VarFieldId_2><Operator>4</Operator><LogicalOp>1</LogicalOp>
	</RowData>
	<RowData><ProcessDefId>4</ProcessDefId><ActivityId>53</ActivityId><RuleType>X</RuleType><RuleOrderId>5</RuleOrderId><RuleId>5</RuleId><ConditionOrderId>2</ConditionOrderId><Param1>movement_type</Param1><Type1>I</Type1><ExtObjID1>1</ExtObjID1><VariableId_1>170</VariableId_1><VarFieldId_1>0</VarFieldId_1><Param2>101</Param2><Type2>C</Type2><ExtObjID2>0</ExtObjID2><VariableId_2>0</VariableId_2><VarFieldId_2>0</VarFieldId_2><Operator>3</Operator><LogicalOp>3</LogicalOp>
	</RowData>
	<RowData><ProcessDefId>4</ProcessDefId><ActivityId>53</ActivityId><RuleType>X</RuleType><RuleOrderId>6</RuleOrderId><RuleId>6</RuleId><ConditionOrderId>1</ConditionOrderId><Param1>gate_decision</Param1><Type1>I</Type1><ExtObjID1>1</ExtObjID1><VariableId_1>153</VariableId_1><VarFieldId_1>0</VarFieldId_1><Param2>Discard</Param2><Type2>C</Type2><ExtObjID2>0</ExtObjID2><VariableId_2>0</VariableId_2><VarFieldId_2>0</VarFieldId_2><Operator>3</Operator><LogicalOp>3</LogicalOp>
	</RowData>
	<RowData><ProcessDefId>4</ProcessDefId><ActivityId>53</ActivityId><RuleType>X</RuleType><RuleOrderId>7</RuleOrderId><RuleId>7</RuleId><ConditionOrderId>1</ConditionOrderId><Param1>Otherwise</Param1><Type1>S</Type1><ExtObjID1>0</ExtObjID1><VariableId_1>0</VariableId_1><VarFieldId_1>0</VarFieldId_1><Param2>Otherwise</Param2><Type2>S</Type2><ExtObjID2>0</ExtObjID2><VariableId_2>0</VariableId_2><VarFieldId_2>0</VarFieldId_2><Operator>5</Operator><LogicalOp>5</LogicalOp>
	</RowData>
	<RowData><ProcessDefId>4</ProcessDefId><ActivityId>10</ActivityId><RuleType>S</RuleType><RuleOrderId>1</RuleOrderId><RuleId>1</RuleId><ConditionOrderId>1</ConditionOrderId><Param1>ALWAYS</Param1><Type1>S</Type1><ExtObjID1>0</ExtObjID1><VariableId_1>0</VariableId_1><VarFieldId_1>0</VarFieldId_1><Param2>ALWAYS</Param2><Type2>S</Type2><ExtObjID2>0</ExtObjID2><VariableId_2>0</VariableId_2><VarFieldId_2>0</VarFieldId_2><Operator>4</Operator><LogicalOp>4</LogicalOp>
	</RowData>
	<RowData><ProcessDefId>4</ProcessDefId><ActivityId>16</ActivityId><RuleType>S</RuleType><RuleOrderId>1</RuleOrderId><RuleId>1</RuleId><ConditionOrderId>1</ConditionOrderId><Param1>ALWAYS</Param1><Type1>S</Type1><ExtObjID1>0</ExtObjID1><VariableId_1>0</VariableId_1><VarFieldId_1>0</VarFieldId_1><Param2>ALWAYS</Param2><Type2>S</Type2><ExtObjID2>0</ExtObjID2><VariableId_2>0</VariableId_2><VarFieldId_2>0</VarFieldId_2><Operator>4</Operator><LogicalOp>4</LogicalOp>
	</RowData>
	<RowData><ProcessDefId>4</ProcessDefId><ActivityId>20</ActivityId><RuleType>S</RuleType><RuleOrderId>1</RuleOrderId><RuleId>1</RuleId><ConditionOrderId>1</ConditionOrderId><Param1>ALWAYS</Param1><Type1>S</Type1><ExtObjID1>0</ExtObjID1><VariableId_1>0</VariableId_1><VarFieldId_1>0</VarFieldId_1><Param2>ALWAYS</Param2><Type2>S</Type2><ExtObjID2>0</ExtObjID2><VariableId_2>0</VariableId_2><VarFieldId_2>0</VarFieldId_2><Operator>4</Operator><LogicalOp>4</LogicalOp>
	</RowData>
	<RowData><ProcessDefId>4</ProcessDefId><ActivityId>68</ActivityId><RuleType>X</RuleType><RuleOrderId>1</RuleOrderId><RuleId>1</RuleId><ConditionOrderId>1</ConditionOrderId><Param1>PostingSyncStatus</Param1><Type1>I</Type1><ExtObjID1>1</ExtObjID1><VariableId_1>180</VariableId_1><VarFieldId_1>0</VarFieldId_1><Param2>Success</Param2><Type2>C</Type2><ExtObjID2>0</ExtObjID2><VariableId_2>0</VariableId_2><VarFieldId_2>0</VarFieldId_2><Operator>3</Operator><LogicalOp>3</LogicalOp>
	</RowData>
	<RowData><ProcessDefId>4</ProcessDefId><ActivityId>68</ActivityId><RuleType>X</RuleType><RuleOrderId>2</RuleOrderId><RuleId>2</RuleId><ConditionOrderId>1</ConditionOrderId><Param1>PostingSyncStatus</Param1><Type1>I</Type1><ExtObjID1>1</ExtObjID1><VariableId_1>180</VariableId_1><VarFieldId_1>0</VarFieldId_1><Param2>Failure</Param2><Type2>C</Type2><ExtObjID2>0</ExtObjID2><VariableId_2>0</VariableId_2><VarFieldId_2>0</VarFieldId_2><Operator>3</Operator><LogicalOp>3</LogicalOp>
	</RowData>
	<RowData><ProcessDefId>4</ProcessDefId><ActivityId>68</ActivityId><RuleType>X</RuleType><RuleOrderId>3</RuleOrderId><RuleId>3</RuleId><ConditionOrderId>1</ConditionOrderId><Param1>Otherwise</Param1><Type1>S</Type1><ExtObjID1>0</ExtObjID1><VariableId_1>0</VariableId_1><VarFieldId_1>0</VarFieldId_1><Param2>Otherwise</Param2><Type2>S</Type2><ExtObjID2>0</ExtObjID2><VariableId_2>0</VariableId_2><VarFieldId_2>0</VarFieldId_2><Operator>5</Operator><LogicalOp>5</LogicalOp>
	</RowData>
	<RowData><ProcessDefId>4</ProcessDefId><ActivityId>59</ActivityId><RuleType>E</RuleType><RuleOrderId>1</RuleOrderId><RuleId>1</RuleId><ConditionOrderId>1</ConditionOrderId><Param1>Always</Param1><Type1>S</Type1><ExtObjID1>0</ExtObjID1><VariableId_1>0</VariableId_1><VarFieldId_1>0</VarFieldId_1><Param2>Always</Param2><Type2>S</Type2><ExtObjID2>0</ExtObjID2><VariableId_2>0</VariableId_2><VarFieldId_2>0</VarFieldId_2><Operator>4</Operator><LogicalOp>4</LogicalOp>
	</RowData>
	<RowData><ProcessDefId>4</ProcessDefId><ActivityId>7</ActivityId><RuleType>E</RuleType><RuleOrderId>2</RuleOrderId><RuleId>2</RuleId><ConditionOrderId>1</ConditionOrderId><Param1>Always</Param1><Type1>S</Type1><ExtObjID1>0</ExtObjID1><VariableId_1>0</VariableId_1><VarFieldId_1>0</VarFieldId_1><Param2>Always</Param2><Type2>S</Type2><ExtObjID2>0</ExtObjID2><VariableId_2>0</VariableId_2><VarFieldId_2>0</VarFieldId_2><Operator>4</Operator><LogicalOp>4</LogicalOp>
	</RowData>
	<RowData><ProcessDefId>4</ProcessDefId><ActivityId>28</ActivityId><RuleType>S</RuleType><RuleOrderId>1</RuleOrderId><RuleId>1</RuleId><ConditionOrderId>1</ConditionOrderId><Param1>ALWAYS</Param1><Type1>S</Type1><ExtObjID1>0</ExtObjID1><VariableId_1>0</VariableId_1><VarFieldId_1>0</VarFieldId_1><Param2>ALWAYS</Param2><Type2>S</Type2><ExtObjID2>0</ExtObjID2><VariableId_2>0</VariableId_2><VarFieldId_2>0</VarFieldId_2><Operator>4</Operator><LogicalOp>4</LogicalOp>
	</RowData>
	<RowData><ProcessDefId>4</ProcessDefId><ActivityId>31</ActivityId><RuleType>S</RuleType><RuleOrderId>1</RuleOrderId><RuleId>1</RuleId><ConditionOrderId>1</ConditionOrderId><Param1>ALWAYS</Param1><Type1>S</Type1><ExtObjID1>0</ExtObjID1><VariableId_1>0</VariableId_1><VarFieldId_1>0</VarFieldId_1><Param2>ALWAYS</Param2><Type2>S</Type2><ExtObjID2>0</ExtObjID2><VariableId_2>0</VariableId_2><VarFieldId_2>0</VarFieldId_2><Operator>4</Operator><LogicalOp>4</LogicalOp>
	</RowData>
	<RowData><ProcessDefId>4</ProcessDefId><ActivityId>7</ActivityId><RuleType>S</RuleType><RuleOrderId>1</RuleOrderId><RuleId>1</RuleId><ConditionOrderId>1</ConditionOrderId><Param1>ALWAYS</Param1><Type1>S</Type1><ExtObjID1>0</ExtObjID1><VariableId_1>0</VariableId_1><VarFieldId_1>0</VarFieldId_1><Param2>ALWAYS</Param2><Type2>S</Type2><ExtObjID2>0</ExtObjID2><VariableId_2>0</VariableId_2><VarFieldId_2>0</VarFieldId_2><Operator>4</Operator><LogicalOp>4</LogicalOp>
	</RowData>
	<RowData><ProcessDefId>4</ProcessDefId><ActivityId>5</ActivityId><RuleType>X</RuleType><RuleOrderId>1</RuleOrderId><RuleId>1</RuleId><ConditionOrderId>1</ConditionOrderId><Param1>Always</Param1><Type1>S</Type1><ExtObjID1>0</ExtObjID1><VariableId_1>0</VariableId_1><VarFieldId_1>0</VarFieldId_1><Param2>Always</Param2><Type2>S</Type2><ExtObjID2>0</ExtObjID2><VariableId_2>0</VariableId_2><VarFieldId_2>0</VarFieldId_2><Operator>4</Operator><LogicalOp>4</LogicalOp>
	</RowData>
	<RowData><ProcessDefId>4</ProcessDefId><ActivityId>5</ActivityId><RuleType>X</RuleType><RuleOrderId>2</RuleOrderId><RuleId>2</RuleId><ConditionOrderId>1</ConditionOrderId><Param1>output_po_number</Param1><Type1>I</Type1><ExtObjID1>1</ExtObjID1><VariableId_1>83</VariableId_1><VarFieldId_1>0</VarFieldId_1><Param2></Param2><Type2>V</Type2><ExtObjID2>0</ExtObjID2><VariableId_2>0</VariableId_2><VarFieldId_2>0</VarFieldId_2><Operator>9</Operator><LogicalOp>3</LogicalOp>
	</RowData>
	<RowData><ProcessDefId>4</ProcessDefId><ActivityId>66</ActivityId><RuleType>S</RuleType><RuleOrderId>1</RuleOrderId><RuleId>1</RuleId><ConditionOrderId>1</ConditionOrderId><Param1>ALWAYS</Param1><Type1>S</Type1><ExtObjID1>0</ExtObjID1><VariableId_1>0</VariableId_1><VarFieldId_1>0</VarFieldId_1><Param2>ALWAYS</Param2><Type2>S</Type2><ExtObjID2>0</ExtObjID2><VariableId_2>0</VariableId_2><VarFieldId_2>0</VarFieldId_2><Operator>4</Operator><LogicalOp>4</LogicalOp>
	</RowData>
	<RowData><ProcessDefId>4</ProcessDefId><ActivityId>67</ActivityId><RuleType>S</RuleType><RuleOrderId>1</RuleOrderId><RuleId>1</RuleId><ConditionOrderId>1</ConditionOrderId><Param1>ALWAYS</Param1><Type1>S</Type1><ExtObjID1>0</ExtObjID1><VariableId_1>0</VariableId_1><VarFieldId_1>0</VarFieldId_1><Param2>ALWAYS</Param2><Type2>S</Type2><ExtObjID2>0</ExtObjID2><VariableId_2>0</VariableId_2><VarFieldId_2>0</VarFieldId_2><Operator>4</Operator><LogicalOp>4</LogicalOp>
	</RowData>
	<RowData><ProcessDefId>4</ProcessDefId><ActivityId>70</ActivityId><RuleType>S</RuleType><RuleOrderId>1</RuleOrderId><RuleId>1</RuleId><ConditionOrderId>1</ConditionOrderId><Param1>ALWAYS</Param1><Type1>S</Type1><ExtObjID1>0</ExtObjID1><VariableId_1>0</VariableId_1><VarFieldId_1>0</VarFieldId_1><Param2>ALWAYS</Param2><Type2>S</Type2><ExtObjID2>0</ExtObjID2><VariableId_2>0</VariableId_2><VarFieldId_2>0</VarFieldId_2><Operator>4</Operator><LogicalOp>4</LogicalOp>
	</RowData>
	<RowData><ProcessDefId>4</ProcessDefId><ActivityId>71</ActivityId><RuleType>S</RuleType><RuleOrderId>1</RuleOrderId><RuleId>1</RuleId><ConditionOrderId>1</ConditionOrderId><Param1>ALWAYS</Param1><Type1>S</Type1><ExtObjID1>0</ExtObjID1><VariableId_1>0</VariableId_1><VarFieldId_1>0</VarFieldId_1><Param2>ALWAYS</Param2><Type2>S</Type2><ExtObjID2>0</ExtObjID2><VariableId_2>0</VariableId_2><VarFieldId_2>0</VarFieldId_2><Operator>4</Operator><LogicalOp>4</LogicalOp>
	</RowData>
	<RowData><ProcessDefId>4</ProcessDefId><ActivityId>5</ActivityId><RuleType>X</RuleType><RuleOrderId>3</RuleOrderId><RuleId>3</RuleId><ConditionOrderId>2</ConditionOrderId><Param1>qualityChildWIFlag</Param1><Type1>I</Type1><ExtObjID1>1</ExtObjID1><VariableId_1>58</VariableId_1><VarFieldId_1>0</VarFieldId_1><Param2>Y</Param2><Type2>C</Type2><ExtObjID2>0</ExtObjID2><VariableId_2>0</VariableId_2><VarFieldId_2>0</VarFieldId_2><Operator>3</Operator><LogicalOp>3</LogicalOp>
	</RowData>
	<RowData><ProcessDefId>4</ProcessDefId><ActivityId>5</ActivityId><RuleType>X</RuleType><RuleOrderId>4</RuleOrderId><RuleId>4</RuleId><ConditionOrderId>1</ConditionOrderId><Param1>po_type</Param1><Type1>I</Type1><ExtObjID1>1</ExtObjID1><VariableId_1>70</VariableId_1><VarFieldId_1>0</VarFieldId_1><Param2>ZSER</Param2><Type2>C</Type2><ExtObjID2>0</ExtObjID2><VariableId_2>0</VariableId_2><VarFieldId_2>0</VarFieldId_2><Operator>4</Operator><LogicalOp>3</LogicalOp>
	</RowData>
	<RowData><ProcessDefId>4</ProcessDefId><ActivityId>5</ActivityId><RuleType>X</RuleType><RuleOrderId>5</RuleOrderId><RuleId>5</RuleId><ConditionOrderId>1</ConditionOrderId><Param1>route_to</Param1><Type1>I</Type1><ExtObjID1>1</ExtObjID1><VariableId_1>148</VariableId_1><VarFieldId_1>0</VarFieldId_1><Param2>GetVendorDetails</Param2><Type2>C</Type2><ExtObjID2>0</ExtObjID2><VariableId_2>0</VariableId_2><VarFieldId_2>0</VarFieldId_2><Operator>3</Operator><LogicalOp>3</LogicalOp>
	</RowData>
	<RowData><ProcessDefId>4</ProcessDefId><ActivityId>5</ActivityId><RuleType>X</RuleType><RuleOrderId>6</RuleOrderId><RuleId>6</RuleId><ConditionOrderId>1</ConditionOrderId><Param1>Otherwise</Param1><Type1>S</Type1><ExtObjID1>0</ExtObjID1><VariableId_1>0</VariableId_1><VarFieldId_1>0</VarFieldId_1><Param2>Otherwise</Param2><Type2>S</Type2><ExtObjID2>0</ExtObjID2><VariableId_2>0</VariableId_2><VarFieldId_2>0</VarFieldId_2><Operator>5</Operator><LogicalOp>5</LogicalOp>
	</RowData>
	<RowData><ProcessDefId>4</ProcessDefId><ActivityId>30</ActivityId><RuleType>S</RuleType><RuleOrderId>1</RuleOrderId><RuleId>1</RuleId><ConditionOrderId>1</ConditionOrderId><Param1>ALWAYS</Param1><Type1>S</Type1><ExtObjID1>0</ExtObjID1><VariableId_1>0</VariableId_1><VarFieldId_1>0</VarFieldId_1><Param2>ALWAYS</Param2><Type2>S</Type2><ExtObjID2>0</ExtObjID2><VariableId_2>0</VariableId_2><VarFieldId_2>0</VarFieldId_2><Operator>4</Operator><LogicalOp>4</LogicalOp>
	</RowData>
	<RowData><ProcessDefId>4</ProcessDefId><ActivityId>14</ActivityId><RuleType>S</RuleType><RuleOrderId>1</RuleOrderId><RuleId>1</RuleId><ConditionOrderId>1</ConditionOrderId><Param1>ALWAYS</Param1><Type1>S</Type1><ExtObjID1>0</ExtObjID1><VariableId_1>0</VariableId_1><VarFieldId_1>0</VarFieldId_1><Param2>ALWAYS</Param2><Type2>S</Type2><ExtObjID2>0</ExtObjID2><VariableId_2>0</VariableId_2><VarFieldId_2>0</VarFieldId_2><Operator>4</Operator><LogicalOp>4</LogicalOp>
	</RowData>
	<RowData><ProcessDefId>4</ProcessDefId><ActivityId>14</ActivityId><RuleType>E</RuleType><RuleOrderId>1</RuleOrderId><RuleId>1</RuleId><ConditionOrderId>1</ConditionOrderId><Param1>Always</Param1><Type1>S</Type1><ExtObjID1>0</ExtObjID1><VariableId_1>0</VariableId_1><VarFieldId_1>0</VarFieldId_1><Param2>Always</Param2><Type2>S</Type2><ExtObjID2>0</ExtObjID2><VariableId_2>0</VariableId_2><VarFieldId_2>0</VarFieldId_2><Operator>4</Operator><LogicalOp>4</LogicalOp>
	</RowData>
	<RowData><ProcessDefId>4</ProcessDefId><ActivityId>7</ActivityId><RuleType>E</RuleType><RuleOrderId>3</RuleOrderId><RuleId>3</RuleId><ConditionOrderId>1</ConditionOrderId><Param1>Always</Param1><Type1>S</Type1><ExtObjID1>0</ExtObjID1><VariableId_1>0</VariableId_1><VarFieldId_1>0</VarFieldId_1><Param2>Always</Param2><Type2>S</Type2><ExtObjID2>0</ExtObjID2><VariableId_2>0</VariableId_2><VarFieldId_2>0</VarFieldId_2><Operator>4</Operator><LogicalOp>4</LogicalOp>
	</RowData>
	<RowData><ProcessDefId>4</ProcessDefId><ActivityId>45</ActivityId><RuleType>S</RuleType><RuleOrderId>1</RuleOrderId><RuleId>1</RuleId><ConditionOrderId>1</ConditionOrderId><Param1>ALWAYS</Param1><Type1>S</Type1><ExtObjID1>0</ExtObjID1><VariableId_1>0</VariableId_1><VarFieldId_1>0</VarFieldId_1><Param2>ALWAYS</Param2><Type2>S</Type2><ExtObjID2>0</ExtObjID2><VariableId_2>0</VariableId_2><VarFieldId_2>0</VarFieldId_2><Operator>4</Operator><LogicalOp>4</LogicalOp>
	</RowData>
	<RowData><ProcessDefId>4</ProcessDefId><ActivityId>55</ActivityId><RuleType>X</RuleType><RuleOrderId>1</RuleOrderId><RuleId>1</RuleId><ConditionOrderId>1</ConditionOrderId><Param1>reversal_req</Param1><Type1>I</Type1><ExtObjID1>1</ExtObjID1><VariableId_1>150</VariableId_1><VarFieldId_1>0</VarFieldId_1><Param2>Yes</Param2><Type2>C</Type2><ExtObjID2>0</ExtObjID2><VariableId_2>0</VariableId_2><VarFieldId_2>0</VarFieldId_2><Operator>3</Operator><LogicalOp>3</LogicalOp>
	</RowData>
	<RowData><ProcessDefId>4</ProcessDefId><ActivityId>55</ActivityId><RuleType>X</RuleType><RuleOrderId>2</RuleOrderId><RuleId>2</RuleId><ConditionOrderId>1</ConditionOrderId><Param1>reversal_req</Param1><Type1>I</Type1><ExtObjID1>1</ExtObjID1><VariableId_1>150</VariableId_1><VarFieldId_1>0</VarFieldId_1><Param2>No</Param2><Type2>C</Type2><ExtObjID2>0</ExtObjID2><VariableId_2>0</VariableId_2><VarFieldId_2>0</VarFieldId_2><Operator>3</Operator><LogicalOp>3</LogicalOp>
	</RowData>
	<RowData><ProcessDefId>4</ProcessDefId><ActivityId>42</ActivityId><RuleType>S</RuleType><RuleOrderId>1</RuleOrderId><RuleId>1</RuleId><ConditionOrderId>1</ConditionOrderId><Param1>ALWAYS</Param1><Type1>S</Type1><ExtObjID1>0</ExtObjID1><VariableId_1>0</VariableId_1><VarFieldId_1>0</VarFieldId_1><Param2>ALWAYS</Param2><Type2>S</Type2><ExtObjID2>0</ExtObjID2><VariableId_2>0</VariableId_2><VarFieldId_2>0</VarFieldId_2><Operator>4</Operator><LogicalOp>4</LogicalOp>
	</RowData>
	<RowData><ProcessDefId>4</ProcessDefId><ActivityId>42</ActivityId><RuleType>E</RuleType><RuleOrderId>1</RuleOrderId><RuleId>1</RuleId><ConditionOrderId>1</ConditionOrderId><Param1>Always</Param1><Type1>S</Type1><ExtObjID1>0</ExtObjID1><VariableId_1>0</VariableId_1><VarFieldId_1>0</VarFieldId_1><Param2>Always</Param2><Type2>S</Type2><ExtObjID2>0</ExtObjID2><VariableId_2>0</VariableId_2><VarFieldId_2>0</VarFieldId_2><Operator>4</Operator><LogicalOp>4</LogicalOp>
	</RowData>
	<RowData><ProcessDefId>4</ProcessDefId><ActivityId>73</ActivityId><RuleType>X</RuleType><RuleOrderId>1</RuleOrderId><RuleId>1</RuleId><ConditionOrderId>1</ConditionOrderId><Param1>PostingException_decision</Param1><Type1>I</Type1><ExtObjID1>1</ExtObjID1><VariableId_1>195</VariableId_1><VarFieldId_1>0</VarFieldId_1><Param2>send to audit</Param2><Type2>C</Type2><ExtObjID2>0</ExtObjID2><VariableId_2>0</VariableId_2><VarFieldId_2>0</VarFieldId_2><Operator>3</Operator><LogicalOp>3</LogicalOp>
	</RowData>
	<RowData><ProcessDefId>4</ProcessDefId><ActivityId>73</ActivityId><RuleType>X</RuleType><RuleOrderId>2</RuleOrderId><RuleId>2</RuleId><ConditionOrderId>1</ConditionOrderId><Param1>PostingException_decision</Param1><Type1>I</Type1><ExtObjID1>1</ExtObjID1><VariableId_1>195</VariableId_1><VarFieldId_1>0</VarFieldId_1><Param2>Discard</Param2><Type2>C</Type2><ExtObjID2>0</ExtObjID2><VariableId_2>0</VariableId_2><VarFieldId_2>0</VarFieldId_2><Operator>3</Operator><LogicalOp>3</LogicalOp>
	</RowData>
	<RowData><ProcessDefId>4</ProcessDefId><ActivityId>73</ActivityId><RuleType>X</RuleType><RuleOrderId>3</RuleOrderId><RuleId>3</RuleId><ConditionOrderId>1</ConditionOrderId><Param1>Otherwise</Param1><Type1>S</Type1><ExtObjID1>0</ExtObjID1><VariableId_1>0</VariableId_1><VarFieldId_1>0</VarFieldId_1><Param2>Otherwise</Param2><Type2>S</Type2><ExtObjID2>0</ExtObjID2><VariableId_2>0</VariableId_2><VarFieldId_2>0</VarFieldId_2><Operator>5</Operator><LogicalOp>5</LogicalOp>
	</RowData>
	<RowData><ProcessDefId>4</ProcessDefId><ActivityId>55</ActivityId><RuleType>X</RuleType><RuleOrderId>3</RuleOrderId><RuleId>3</RuleId><ConditionOrderId>1</ConditionOrderId><Param1>Otherwise</Param1><Type1>S</Type1><ExtObjID1>0</ExtObjID1><VariableId_1>0</VariableId_1><VarFieldId_1>0</VarFieldId_1><Param2>Otherwise</Param2><Type2>S</Type2><ExtObjID2>0</ExtObjID2><VariableId_2>0</VariableId_2><VarFieldId_2>0</VarFieldId_2><Operator>5</Operator><LogicalOp>5</LogicalOp>
	</RowData>
	<RowData><ProcessDefId>4</ProcessDefId><ActivityId>5</ActivityId><RuleType>X</RuleType><RuleOrderId>3</RuleOrderId><RuleId>3</RuleId><ConditionOrderId>1</ConditionOrderId><Param1>storeChildWIFlag</Param1><Type1>I</Type1><ExtObjID1>1</ExtObjID1><VariableId_1>71</VariableId_1><VarFieldId_1>0</VarFieldId_1><Param2>Y</Param2><Type2>C</Type2><ExtObjID2>0</ExtObjID2><VariableId_2>0</VariableId_2><VarFieldId_2>0</VarFieldId_2><Operator>3</Operator><LogicalOp>2</LogicalOp>
	</RowData>
	<RowData><ProcessDefId>4</ProcessDefId><ActivityId>17</ActivityId><RuleType>X</RuleType><RuleOrderId>1</RuleOrderId><RuleId>1</RuleId><ConditionOrderId>1</ConditionOrderId><Param1>store_decision</Param1><Type1>I</Type1><ExtObjID1>1</ExtObjID1><VariableId_1>78</VariableId_1><VarFieldId_1>0</VarFieldId_1><Param2>Discard</Param2><Type2>C</Type2><ExtObjID2>0</ExtObjID2><VariableId_2>0</VariableId_2><VarFieldId_2>0</VarFieldId_2><Operator>3</Operator><LogicalOp>3</LogicalOp>
	</RowData>
	<RowData><ProcessDefId>4</ProcessDefId><ActivityId>17</ActivityId><RuleType>X</RuleType><RuleOrderId>2</RuleOrderId><RuleId>2</RuleId><ConditionOrderId>1</ConditionOrderId><Param1>store_decision</Param1><Type1>I</Type1><ExtObjID1>1</ExtObjID1><VariableId_1>78</VariableId_1><VarFieldId_1>0</VarFieldId_1><Param2>Migo Mismatch</Param2><Type2>C</Type2><ExtObjID2>0</ExtObjID2><VariableId_2>0</VariableId_2><VarFieldId_2>0</VarFieldId_2><Operator>3</Operator><LogicalOp>3</LogicalOp>
	</RowData>
	<RowData><ProcessDefId>4</ProcessDefId><ActivityId>17</ActivityId><RuleType>X</RuleType><RuleOrderId>3</RuleOrderId><RuleId>3</RuleId><ConditionOrderId>1</ConditionOrderId><Param1>qa_required</Param1><Type1>I</Type1><ExtObjID1>1</ExtObjID1><VariableId_1>133</VariableId_1><VarFieldId_1>0</VarFieldId_1><Param2>N</Param2><Type2>C</Type2><ExtObjID2>0</ExtObjID2><VariableId_2>0</VariableId_2><VarFieldId_2>0</VarFieldId_2><Operator>3</Operator><LogicalOp>3</LogicalOp>
	</RowData>
	<RowData><ProcessDefId>4</ProcessDefId><ActivityId>17</ActivityId><RuleType>X</RuleType><RuleOrderId>4</RuleOrderId><RuleId>4</RuleId><ConditionOrderId>1</ConditionOrderId><Param1>store_decision</Param1><Type1>I</Type1><ExtObjID1>1</ExtObjID1><VariableId_1>78</VariableId_1><VarFieldId_1>0</VarFieldId_1><Param2>Migo Performed</Param2><Type2>C</Type2><ExtObjID2>0</ExtObjID2><VariableId_2>0</VariableId_2><VarFieldId_2>0</VarFieldId_2><Operator>3</Operator><LogicalOp>1</LogicalOp>
	</RowData>
	<RowData><ProcessDefId>4</ProcessDefId><ActivityId>17</ActivityId><RuleType>X</RuleType><RuleOrderId>4</RuleOrderId><RuleId>4</RuleId><ConditionOrderId>2</ConditionOrderId><Param1>pur_group</Param1><Type1>I</Type1><ExtObjID1>1</ExtObjID1><VariableId_1>62</VariableId_1><VarFieldId_1>0</VarFieldId_1><Param2>9000</Param2><Type2>C</Type2><ExtObjID2>0</ExtObjID2><VariableId_2>0</VariableId_2><VarFieldId_2>0</VarFieldId_2><Operator>4</Operator><LogicalOp>3</LogicalOp>
	</RowData>
	<RowData><ProcessDefId>4</ProcessDefId><ActivityId>17</ActivityId><RuleType>X</RuleType><RuleOrderId>5</RuleOrderId><RuleId>5</RuleId><ConditionOrderId>1</ConditionOrderId><Param1>store_decision</Param1><Type1>I</Type1><ExtObjID1>1</ExtObjID1><VariableId_1>78</VariableId_1><VarFieldId_1>0</VarFieldId_1><Param2>Migo Performed</Param2><Type2>C</Type2><ExtObjID2>0</ExtObjID2><VariableId_2>0</VariableId_2><VarFieldId_2>0</VarFieldId_2><Operator>3</Operator><LogicalOp>1</LogicalOp>
	</RowData>
	<RowData><ProcessDefId>4</ProcessDefId><ActivityId>17</ActivityId><RuleType>X</RuleType><RuleOrderId>5</RuleOrderId><RuleId>5</RuleId><ConditionOrderId>2</ConditionOrderId><Param1>pur_org</Param1><Type1>I</Type1><ExtObjID1>1</ExtObjID1><VariableId_1>69</VariableId_1><VarFieldId_1>0</VarFieldId_1><Param2>9000</Param2><Type2>C</Type2><ExtObjID2>0</ExtObjID2><VariableId_2>0</VariableId_2><VarFieldId_2>0</VarFieldId_2><Operator>3</Operator><LogicalOp>3</LogicalOp>
	</RowData>
	<RowData><ProcessDefId>4</ProcessDefId><ActivityId>17</ActivityId><RuleType>X</RuleType><RuleOrderId>6</RuleOrderId><RuleId>6</RuleId><ConditionOrderId>1</ConditionOrderId><Param1>store_decision</Param1><Type1>I</Type1><ExtObjID1>1</ExtObjID1><VariableId_1>78</VariableId_1><VarFieldId_1>0</VarFieldId_1><Param2>103 Reversal Required</Param2><Type2>C</Type2><ExtObjID2>0</ExtObjID2><VariableId_2>0</VariableId_2><VarFieldId_2>0</VarFieldId_2><Operator>3</Operator><LogicalOp>3</LogicalOp>
	</RowData>
	<RowData><ProcessDefId>4</ProcessDefId><ActivityId>17</ActivityId><RuleType>X</RuleType><RuleOrderId>7</RuleOrderId><RuleId>7</RuleId><ConditionOrderId>1</ConditionOrderId><Param1>Otherwise</Param1><Type1>S</Type1><ExtObjID1>0</ExtObjID1><VariableId_1>0</VariableId_1><VarFieldId_1>0</VarFieldId_1><Param2>Otherwise</Param2><Type2>S</Type2><ExtObjID2>0</ExtObjID2><VariableId_2>0</VariableId_2><VarFieldId_2>0</VarFieldId_2><Operator>5</Operator><LogicalOp>5</LogicalOp>
	</RowData>
	<RowData><ProcessDefId>4</ProcessDefId><ActivityId>72</ActivityId><RuleType>X</RuleType><RuleOrderId>1</RuleOrderId><RuleId>1</RuleId><ConditionOrderId>1</ConditionOrderId><Param1>ParkingException_decision</Param1><Type1>I</Type1><ExtObjID1>1</ExtObjID1><VariableId_1>187</VariableId_1><VarFieldId_1>0</VarFieldId_1><Param2>Discard</Param2><Type2>C</Type2><ExtObjID2>0</ExtObjID2><VariableId_2>0</VariableId_2><VarFieldId_2>0</VarFieldId_2><Operator>3</Operator><LogicalOp>3</LogicalOp>
	</RowData>
	<RowData><ProcessDefId>4</ProcessDefId><ActivityId>69</ActivityId><RuleType>X</RuleType><RuleOrderId>1</RuleOrderId><RuleId>1</RuleId><ConditionOrderId>1</ConditionOrderId><Param1>ParkingSyncStatus</Param1><Type1>I</Type1><ExtObjID1>1</ExtObjID1><VariableId_1>178</VariableId_1><VarFieldId_1>0</VarFieldId_1><Param2>Failure</Param2><Type2>C</Type2><ExtObjID2>0</ExtObjID2><VariableId_2>0</VariableId_2><VarFieldId_2>0</VarFieldId_2><Operator>3</Operator><LogicalOp>3</LogicalOp>
	</RowData>
	<RowData><ProcessDefId>4</ProcessDefId><ActivityId>69</ActivityId><RuleType>X</RuleType><RuleOrderId>2</RuleOrderId><RuleId>2</RuleId><ConditionOrderId>1</ConditionOrderId><Param1>ParkingSyncStatus</Param1><Type1>I</Type1><ExtObjID1>1</ExtObjID1><VariableId_1>178</VariableId_1><VarFieldId_1>0</VarFieldId_1><Param2>Success</Param2><Type2>C</Type2><ExtObjID2>0</ExtObjID2><VariableId_2>0</VariableId_2><VarFieldId_2>0</VarFieldId_2><Operator>3</Operator><LogicalOp>3</LogicalOp>
	</RowData>
	<RowData><ProcessDefId>4</ProcessDefId><ActivityId>69</ActivityId><RuleType>X</RuleType><RuleOrderId>3</RuleOrderId><RuleId>3</RuleId><ConditionOrderId>1</ConditionOrderId><Param1>ParkingSyncStatus</Param1><Type1>I</Type1><ExtObjID1>1</ExtObjID1><VariableId_1>178</VariableId_1><VarFieldId_1>0</VarFieldId_1><Param2>Success</Param2><Type2>C</Type2><ExtObjID2>0</ExtObjID2><VariableId_2>0</VariableId_2><VarFieldId_2>0</VarFieldId_2><Operator>3</Operator><LogicalOp>1</LogicalOp>
	</RowData>
	<RowData><ProcessDefId>4</ProcessDefId><ActivityId>69</ActivityId><RuleType>X</RuleType><RuleOrderId>3</RuleOrderId><RuleId>3</RuleId><ConditionOrderId>2</ConditionOrderId><Param1>invoiceamount_int</Param1><Type1>I</Type1><ExtObjID1>1</ExtObjID1><VariableId_1>194</VariableId_1><VarFieldId_1>0</VarFieldId_1><Param2>50000</Param2><Type2>C</Type2><ExtObjID2>0</ExtObjID2><VariableId_2>0</VariableId_2><VarFieldId_2>0</VarFieldId_2><Operator>5</Operator><LogicalOp>3</LogicalOp>
	</RowData>
	<RowData><ProcessDefId>4</ProcessDefId><ActivityId>69</ActivityId><RuleType>X</RuleType><RuleOrderId>4</RuleOrderId><RuleId>4</RuleId><ConditionOrderId>1</ConditionOrderId><Param1>ParkingSyncStatus</Param1><Type1>I</Type1><ExtObjID1>1</ExtObjID1><VariableId_1>178</VariableId_1><VarFieldId_1>0</VarFieldId_1><Param2>Success</Param2><Type2>C</Type2><ExtObjID2>0</ExtObjID2><VariableId_2>0</VariableId_2><VarFieldId_2>0</VarFieldId_2><Operator>3</Operator><LogicalOp>1</LogicalOp>
	</RowData>
	<RowData><ProcessDefId>4</ProcessDefId><ActivityId>69</ActivityId><RuleType>X</RuleType><RuleOrderId>4</RuleOrderId><RuleId>4</RuleId><ConditionOrderId>2</ConditionOrderId><Param1>jobtypepo</Param1><Type1>I</Type1><ExtObjID1>1</ExtObjID1><VariableId_1>184</VariableId_1><VarFieldId_1>0</VarFieldId_1><Param2>3</Param2><Type2>C</Type2><ExtObjID2>0</ExtObjID2><VariableId_2>0</VariableId_2><VarFieldId_2>0</VarFieldId_2><Operator>3</Operator><LogicalOp>3</LogicalOp>
	</RowData>
	<RowData><ProcessDefId>4</ProcessDefId><ActivityId>69</ActivityId><RuleType>X</RuleType><RuleOrderId>5</RuleOrderId><RuleId>5</RuleId><ConditionOrderId>1</ConditionOrderId><Param1>ParkingSyncStatus</Param1><Type1>I</Type1><ExtObjID1>1</ExtObjID1><VariableId_1>178</VariableId_1><VarFieldId_1>0</VarFieldId_1><Param2>Success</Param2><Type2>C</Type2><ExtObjID2>0</ExtObjID2><VariableId_2>0</VariableId_2><VarFieldId_2>0</VarFieldId_2><Operator>3</Operator><LogicalOp>1</LogicalOp>
	</RowData>
	<RowData><ProcessDefId>4</ProcessDefId><ActivityId>69</ActivityId><RuleType>X</RuleType><RuleOrderId>5</RuleOrderId><RuleId>5</RuleId><ConditionOrderId>2</ConditionOrderId><Param1>pur_org</Param1><Type1>I</Type1><ExtObjID1>1</ExtObjID1><VariableId_1>69</VariableId_1><VarFieldId_1>0</VarFieldId_1><Param2>3010</Param2><Type2>C</Type2><ExtObjID2>0</ExtObjID2><VariableId_2>0</VariableId_2><VarFieldId_2>0</VarFieldId_2><Operator>3</Operator><LogicalOp>3</LogicalOp>
	</RowData>
	<RowData><ProcessDefId>4</ProcessDefId><ActivityId>69</ActivityId><RuleType>X</RuleType><RuleOrderId>6</RuleOrderId><RuleId>6</RuleId><ConditionOrderId>1</ConditionOrderId><Param1>ParkingSyncStatus</Param1><Type1>I</Type1><ExtObjID1>1</ExtObjID1><VariableId_1>178</VariableId_1><VarFieldId_1>0</VarFieldId_1><Param2>Success</Param2><Type2>C</Type2><ExtObjID2>0</ExtObjID2><VariableId_2>0</VariableId_2><VarFieldId_2>0</VarFieldId_2><Operator>3</Operator><LogicalOp>1</LogicalOp>
	</RowData>
	<RowData><ProcessDefId>4</ProcessDefId><ActivityId>69</ActivityId><RuleType>X</RuleType><RuleOrderId>6</RuleOrderId><RuleId>6</RuleId><ConditionOrderId>2</ConditionOrderId><Param1>tdsflag</Param1><Type1>I</Type1><ExtObjID1>1</ExtObjID1><VariableId_1>196</VariableId_1><VarFieldId_1>0</VarFieldId_1><Param2>true</Param2><Type2>C</Type2><ExtObjID2>0</ExtObjID2><VariableId_2>0</VariableId_2><VarFieldId_2>0</VarFieldId_2><Operator>3</Operator><LogicalOp>3</LogicalOp>
	</RowData>
	<RowData><ProcessDefId>4</ProcessDefId><ActivityId>69</ActivityId><RuleType>X</RuleType><RuleOrderId>7</RuleOrderId><RuleId>7</RuleId><ConditionOrderId>1</ConditionOrderId><Param1>ParkingSyncStatus</Param1><Type1>I</Type1><ExtObjID1>1</ExtObjID1><VariableId_1>178</VariableId_1><VarFieldId_1>0</VarFieldId_1><Param2>Success</Param2><Type2>C</Type2><ExtObjID2>0</ExtObjID2><VariableId_2>0</VariableId_2><VarFieldId_2>0</VarFieldId_2><Operator>3</Operator><LogicalOp>3</LogicalOp>
	</RowData>
	<RowData><ProcessDefId>4</ProcessDefId><ActivityId>69</ActivityId><RuleType>X</RuleType><RuleOrderId>8</RuleOrderId><RuleId>8</RuleId><ConditionOrderId>1</ConditionOrderId><Param1>Otherwise</Param1><Type1>S</Type1><ExtObjID1>0</ExtObjID1><VariableId_1>0</VariableId_1><VarFieldId_1>0</VarFieldId_1><Param2>Otherwise</Param2><Type2>S</Type2><ExtObjID2>0</ExtObjID2><VariableId_2>0</VariableId_2><VarFieldId_2>0</VarFieldId_2><Operator>5</Operator><LogicalOp>5</LogicalOp>
	</RowData>
	<RowData><ProcessDefId>4</ProcessDefId><ActivityId>23</ActivityId><RuleType>X</RuleType><RuleOrderId>1</RuleOrderId><RuleId>1</RuleId><ConditionOrderId>1</ConditionOrderId><Param1>quality_decision</Param1><Type1>I</Type1><ExtObjID1>1</ExtObjID1><VariableId_1>74</VariableId_1><VarFieldId_1>0</VarFieldId_1><Param2>Quality Accepted</Param2><Type2>C</Type2><ExtObjID2>0</ExtObjID2><VariableId_2>0</VariableId_2><VarFieldId_2>0</VarFieldId_2><Operator>3</Operator><LogicalOp>2</LogicalOp>
	</RowData>
	<RowData><ProcessDefId>4</ProcessDefId><ActivityId>23</ActivityId><RuleType>X</RuleType><RuleOrderId>1</RuleOrderId><RuleId>1</RuleId><ConditionOrderId>2</ConditionOrderId><Param1>quality_decision</Param1><Type1>I</Type1><ExtObjID1>1</ExtObjID1><VariableId_1>74</VariableId_1><VarFieldId_1>0</VarFieldId_1><Param2>Quality Rejected</Param2><Type2>C</Type2><ExtObjID2>0</ExtObjID2><VariableId_2>0</VariableId_2><VarFieldId_2>0</VarFieldId_2><Operator>3</Operator><LogicalOp>3</LogicalOp>
	</RowData>
	<RowData><ProcessDefId>4</ProcessDefId><ActivityId>23</ActivityId><RuleType>X</RuleType><RuleOrderId>2</RuleOrderId><RuleId>2</RuleId><ConditionOrderId>1</ConditionOrderId><Param1>quality_decision</Param1><Type1>I</Type1><ExtObjID1>1</ExtObjID1><VariableId_1>74</VariableId_1><VarFieldId_1>0</VarFieldId_1><Param2>migo105 not done</Param2><Type2>C</Type2><ExtObjID2>0</ExtObjID2><VariableId_2>0</VariableId_2><VarFieldId_2>0</VarFieldId_2><Operator>3</Operator><LogicalOp>3</LogicalOp>
	</RowData>
	<RowData><ProcessDefId>4</ProcessDefId><ActivityId>23</ActivityId><RuleType>X</RuleType><RuleOrderId>3</RuleOrderId><RuleId>3</RuleId><ConditionOrderId>1</ConditionOrderId><Param1>quality_decision</Param1><Type1>I</Type1><ExtObjID1>1</ExtObjID1><VariableId_1>74</VariableId_1><VarFieldId_1>0</VarFieldId_1><Param2>Failure</Param2><Type2>C</Type2><ExtObjID2>0</ExtObjID2><VariableId_2>0</VariableId_2><VarFieldId_2>0</VarFieldId_2><Operator>3</Operator><LogicalOp>3</LogicalOp>
	</RowData>
	<RowData><ProcessDefId>4</ProcessDefId><ActivityId>23</ActivityId><RuleType>X</RuleType><RuleOrderId>4</RuleOrderId><RuleId>4</RuleId><ConditionOrderId>1</ConditionOrderId><Param1>Otherwise</Param1><Type1>S</Type1><ExtObjID1>0</ExtObjID1><VariableId_1>0</VariableId_1><VarFieldId_1>0</VarFieldId_1><Param2>Otherwise</Param2><Type2>S</Type2><ExtObjID2>0</ExtObjID2><VariableId_2>0</VariableId_2><VarFieldId_2>0</VarFieldId_2><Operator>5</Operator><LogicalOp>5</LogicalOp>
	</RowData>
	<RowData><ProcessDefId>4</ProcessDefId><ActivityId>72</ActivityId><RuleType>X</RuleType><RuleOrderId>2</RuleOrderId><RuleId>2</RuleId><ConditionOrderId>1</ConditionOrderId><Param1>ParkingException_decision</Param1><Type1>I</Type1><ExtObjID1>1</ExtObjID1><VariableId_1>187</VariableId_1><VarFieldId_1>0</VarFieldId_1><Param2>Send back to store</Param2><Type2>C</Type2><ExtObjID2>0</ExtObjID2><VariableId_2>0</VariableId_2><VarFieldId_2>0</VarFieldId_2><Operator>3</Operator><LogicalOp>3</LogicalOp>
	</RowData>
	<RowData><ProcessDefId>4</ProcessDefId><ActivityId>72</ActivityId><RuleType>X</RuleType><RuleOrderId>3</RuleOrderId><RuleId>3</RuleId><ConditionOrderId>1</ConditionOrderId><Param1>ParkingException_decision</Param1><Type1>I</Type1><ExtObjID1>1</ExtObjID1><VariableId_1>187</VariableId_1><VarFieldId_1>0</VarFieldId_1><Param2>Send for posting</Param2><Type2>C</Type2><ExtObjID2>0</ExtObjID2><VariableId_2>0</VariableId_2><VarFieldId_2>0</VarFieldId_2><Operator>3</Operator><LogicalOp>3</LogicalOp>
	</RowData>
	<RowData><ProcessDefId>4</ProcessDefId><ActivityId>72</ActivityId><RuleType>X</RuleType><RuleOrderId>4</RuleOrderId><RuleId>4</RuleId><ConditionOrderId>1</ConditionOrderId><Param1>ParkingException_decision</Param1><Type1>I</Type1><ExtObjID1>1</ExtObjID1><VariableId_1>187</VariableId_1><VarFieldId_1>0</VarFieldId_1><Param2>Send for parking</Param2><Type2>C</Type2><ExtObjID2>0</ExtObjID2><VariableId_2>0</VariableId_2><VarFieldId_2>0</VarFieldId_2><Operator>3</Operator><LogicalOp>3</LogicalOp>
	</RowData>
	<RowData><ProcessDefId>4</ProcessDefId><ActivityId>72</ActivityId><RuleType>X</RuleType><RuleOrderId>5</RuleOrderId><RuleId>5</RuleId><ConditionOrderId>1</ConditionOrderId><Param1>Otherwise</Param1><Type1>S</Type1><ExtObjID1>0</ExtObjID1><VariableId_1>0</VariableId_1><VarFieldId_1>0</VarFieldId_1><Param2>Otherwise</Param2><Type2>S</Type2><ExtObjID2>0</ExtObjID2><VariableId_2>0</VariableId_2><VarFieldId_2>0</VarFieldId_2><Operator>5</Operator><LogicalOp>5</LogicalOp>
	</RowData>
	<RowData><ProcessDefId>4</ProcessDefId><ActivityId>44</ActivityId><RuleType>S</RuleType><RuleOrderId>1</RuleOrderId><RuleId>1</RuleId><ConditionOrderId>1</ConditionOrderId><Param1>ALWAYS</Param1><Type1>S</Type1><ExtObjID1>0</ExtObjID1><VariableId_1>0</VariableId_1><VarFieldId_1>0</VarFieldId_1><Param2>ALWAYS</Param2><Type2>S</Type2><ExtObjID2>0</ExtObjID2><VariableId_2>0</VariableId_2><VarFieldId_2>0</VarFieldId_2><Operator>4</Operator><LogicalOp>4</LogicalOp>
	</RowData>
	<RowData><ProcessDefId>4</ProcessDefId><ActivityId>64</ActivityId><RuleType>X</RuleType><RuleOrderId>1</RuleOrderId><RuleId>1</RuleId><ConditionOrderId>1</ConditionOrderId><Param1>accounts_decision</Param1><Type1>I</Type1><ExtObjID1>1</ExtObjID1><VariableId_1>169</VariableId_1><VarFieldId_1>0</VarFieldId_1><Param2>Discard</Param2><Type2>C</Type2><ExtObjID2>0</ExtObjID2><VariableId_2>0</VariableId_2><VarFieldId_2>0</VarFieldId_2><Operator>3</Operator><LogicalOp>3</LogicalOp>
	</RowData>
	<RowData><ProcessDefId>4</ProcessDefId><ActivityId>64</ActivityId><RuleType>X</RuleType><RuleOrderId>2</RuleOrderId><RuleId>2</RuleId><ConditionOrderId>1</ConditionOrderId><Param1>accounts_decision</Param1><Type1>I</Type1><ExtObjID1>1</ExtObjID1><VariableId_1>169</VariableId_1><VarFieldId_1>0</VarFieldId_1><Param2>Park</Param2><Type2>C</Type2><ExtObjID2>0</ExtObjID2><VariableId_2>0</VariableId_2><VarFieldId_2>0</VarFieldId_2><Operator>3</Operator><LogicalOp>1</LogicalOp>
	</RowData>
	<RowData><ProcessDefId>4</ProcessDefId><ActivityId>64</ActivityId><RuleType>X</RuleType><RuleOrderId>2</RuleOrderId><RuleId>2</RuleId><ConditionOrderId>2</ConditionOrderId><Param1>po_type</Param1><Type1>I</Type1><ExtObjID1>1</ExtObjID1><VariableId_1>70</VariableId_1><VarFieldId_1>0</VarFieldId_1><Param2>ZSER</Param2><Type2>C</Type2><ExtObjID2>0</ExtObjID2><VariableId_2>0</VariableId_2><VarFieldId_2>0</VarFieldId_2><Operator>3</Operator><LogicalOp>2</LogicalOp>
	</RowData>
	<RowData><ProcessDefId>4</ProcessDefId><ActivityId>64</ActivityId><RuleType>X</RuleType><RuleOrderId>2</RuleOrderId><RuleId>2</RuleId><ConditionOrderId>3</ConditionOrderId><Param1>po_type</Param1><Type1>I</Type1><ExtObjID1>1</ExtObjID1><VariableId_1>70</VariableId_1><VarFieldId_1>0</VarFieldId_1><Param2>ZSER</Param2><Type2>C</Type2><ExtObjID2>0</ExtObjID2><VariableId_2>0</VariableId_2><VarFieldId_2>0</VarFieldId_2><Operator>4</Operator><LogicalOp>3</LogicalOp>
	</RowData>
	<RowData><ProcessDefId>4</ProcessDefId><ActivityId>64</ActivityId><RuleType>X</RuleType><RuleOrderId>3</RuleOrderId><RuleId>3</RuleId><ConditionOrderId>1</ConditionOrderId><Param1>Otherwise</Param1><Type1>S</Type1><ExtObjID1>0</ExtObjID1><VariableId_1>0</VariableId_1><VarFieldId_1>0</VarFieldId_1><Param2>Otherwise</Param2><Type2>S</Type2><ExtObjID2>0</ExtObjID2><VariableId_2>0</VariableId_2><VarFieldId_2>0</VarFieldId_2><Operator>5</Operator><LogicalOp>5</LogicalOp>
	</RowData>
	<RowData><ProcessDefId>4</ProcessDefId><ActivityId>54</ActivityId><RuleType>S</RuleType><RuleOrderId>1</RuleOrderId><RuleId>1</RuleId><ConditionOrderId>1</ConditionOrderId><Param1>ALWAYS</Param1><Type1>S</Type1><ExtObjID1>0</ExtObjID1><VariableId_1>0</VariableId_1><VarFieldId_1>0</VarFieldId_1><Param2>ALWAYS</Param2><Type2>S</Type2><ExtObjID2>0</ExtObjID2><VariableId_2>0</VariableId_2><VarFieldId_2>0</VarFieldId_2><Operator>4</Operator><LogicalOp>4</LogicalOp>
	</RowData>
	<RowData><ProcessDefId>4</ProcessDefId><ActivityId>59</ActivityId><RuleType>S</RuleType><RuleOrderId>1</RuleOrderId><RuleId>1</RuleId><ConditionOrderId>1</ConditionOrderId><Param1>ALWAYS</Param1><Type1>S</Type1><ExtObjID1>0</ExtObjID1><VariableId_1>0</VariableId_1><VarFieldId_1>0</VarFieldId_1><Param2>ALWAYS</Param2><Type2>S</Type2><ExtObjID2>0</ExtObjID2><VariableId_2>0</VariableId_2><VarFieldId_2>0</VarFieldId_2><Operator>4</Operator><LogicalOp>4</LogicalOp>
	</RowData>
	<RowData><ProcessDefId>4</ProcessDefId><ActivityId>60</ActivityId><RuleType>S</RuleType><RuleOrderId>1</RuleOrderId><RuleId>1</RuleId><ConditionOrderId>1</ConditionOrderId><Param1>ALWAYS</Param1><Type1>S</Type1><ExtObjID1>0</ExtObjID1><VariableId_1>0</VariableId_1><VarFieldId_1>0</VarFieldId_1><Param2>ALWAYS</Param2><Type2>S</Type2><ExtObjID2>0</ExtObjID2><VariableId_2>0</VariableId_2><VarFieldId_2>0</VarFieldId_2><Operator>4</Operator><LogicalOp>4</LogicalOp>
	</RowData>
	<RowData><ProcessDefId>4</ProcessDefId><ActivityId>63</ActivityId><RuleType>S</RuleType><RuleOrderId>1</RuleOrderId><RuleId>1</RuleId><ConditionOrderId>1</ConditionOrderId><Param1>ALWAYS</Param1><Type1>S</Type1><ExtObjID1>0</ExtObjID1><VariableId_1>0</VariableId_1><VarFieldId_1>0</VarFieldId_1><Param2>ALWAYS</Param2><Type2>S</Type2><ExtObjID2>0</ExtObjID2><VariableId_2>0</VariableId_2><VarFieldId_2>0</VarFieldId_2><Operator>4</Operator><LogicalOp>4</LogicalOp>
	</RowData>
	<RowData><ProcessDefId>4</ProcessDefId><ActivityId>3</ActivityId><RuleType>S</RuleType><RuleOrderId>1</RuleOrderId><RuleId>1</RuleId><ConditionOrderId>1</ConditionOrderId><Param1>ALWAYS</Param1><Type1>S</Type1><ExtObjID1>0</ExtObjID1><VariableId_1>0</VariableId_1><VarFieldId_1>0</VarFieldId_1><Param2>ALWAYS</Param2><Type2>S</Type2><ExtObjID2>0</ExtObjID2><VariableId_2>0</VariableId_2><VarFieldId_2>0</VarFieldId_2><Operator>4</Operator><LogicalOp>4</LogicalOp>
	</RowData>
</PMWRuleConditionTable>