<PMWRuleOperationTable>
	<RowData><ProcessDefId>4</ProcessDefId><ActivityId>5</ActivityId><RuleType>X</RuleType><RuleId>1</RuleId><OperationType>1</OperationType><Param1>InvoiceDt</Param1><Type1>U</Type1><ExtObjID1>0</ExtObjID1><VariableId_1>11</VariableId_1><VarFieldId_1>0</VarFieldId_1><Param2>InvoiceDate</Param2><Type2>I</Type2><ExtObjID2>1</ExtObjID2><VariableId_2>85</VariableId_2><VarFieldId_2>0</VarFieldId_2><Param3></Param3><Type3></Type3><ExtObjID3>0</ExtObjID3><VariableId_3>0</VariableId_3><VarFieldId_3>0</VarFieldId_3><Operator>0</Operator><OperationOrderId>1</OperationOrderId><CommentFlag>N</CommentFlag><RuleCalFlag>Y</RuleCalFlag><FunctionType>L</FunctionType>
	</RowData>
	<RowData><ProcessDefId>4</ProcessDefId><ActivityId>5</ActivityId><RuleType>X</RuleType><RuleId>1</RuleId><OperationType>1</OperationType><Param1>InvoiceNumber</Param1><Type1>U</Type1><ExtObjID1>0</ExtObjID1><VariableId_1>22</VariableId_1><VarFieldId_1>0</VarFieldId_1><Param2>InvoiceNo</Param2><Type2>I</Type2><ExtObjID2>1</ExtObjID2><VariableId_2>86</VariableId_2><VarFieldId_2>0</VarFieldId_2><Param3></Param3><Type3></Type3><ExtObjID3>0</ExtObjID3><VariableId_3>0</VariableId_3><VarFieldId_3>0</VarFieldId_3><Operator>0</Operator><OperationOrderId>2</OperationOrderId><CommentFlag>N</CommentFlag><RuleCalFlag></RuleCalFlag><FunctionType>L</FunctionType>
	</RowData>
	<RowData><ProcessDefId>4</ProcessDefId><ActivityId>5</ActivityId><RuleType>X</RuleType><RuleId>1</RuleId><OperationType>1</OperationType><Param1>PurchaseOrder</Param1><Type1>U</Type1><ExtObjID1>0</ExtObjID1><VariableId_1>21</VariableId_1><VarFieldId_1>0</VarFieldId_1><Param2>PurchaseOrderNo</Param2><Type2>I</Type2><ExtObjID2>1</ExtObjID2><VariableId_2>92</VariableId_2><VarFieldId_2>0</VarFieldId_2><Param3></Param3><Type3></Type3><ExtObjID3>0</ExtObjID3><VariableId_3>0</VariableId_3><VarFieldId_3>0</VarFieldId_3><Operator>0</Operator><OperationOrderId>3</OperationOrderId><CommentFlag>N</CommentFlag><RuleCalFlag></RuleCalFlag><FunctionType>L</FunctionType>
	</RowData>
	<RowData><ProcessDefId>4</ProcessDefId><ActivityId>5</ActivityId><RuleType>X</RuleType><RuleId>1</RuleId><OperationType>1</OperationType><Param1>VendorName</Param1><Type1>U</Type1><ExtObjID1>0</ExtObjID1><VariableId_1>23</VariableId_1><VarFieldId_1>0</VarFieldId_1><Param2>vendor_name</Param2><Type2>I</Type2><ExtObjID2>1</ExtObjID2><VariableId_2>73</VariableId_2><VarFieldId_2>0</VarFieldId_2><Param3></Param3><Type3></Type3><ExtObjID3>0</ExtObjID3><VariableId_3>0</VariableId_3><VarFieldId_3>0</VarFieldId_3><Operator>0</Operator><OperationOrderId>4</OperationOrderId><CommentFlag>N</CommentFlag><RuleCalFlag></RuleCalFlag><FunctionType>L</FunctionType>
	</RowData>
	<RowData><ProcessDefId>4</ProcessDefId><ActivityId>5</ActivityId><RuleType>X</RuleType><RuleId>1</RuleId><OperationType>1</OperationType><Param1>Plant</Param1><Type1>U</Type1><ExtObjID1>0</ExtObjID1><VariableId_1>1</VariableId_1><VarFieldId_1>0</VarFieldId_1><Param2>Plant</Param2><Type2>U</Type2><ExtObjID2>0</ExtObjID2><VariableId_2>1</VariableId_2><VarFieldId_2>0</VarFieldId_2><Param3></Param3><Type3></Type3><ExtObjID3>0</ExtObjID3><VariableId_3>0</VariableId_3><VarFieldId_3>0</VarFieldId_3><Operator>0</Operator><OperationOrderId>5</OperationOrderId><CommentFlag>N</CommentFlag><RuleCalFlag></RuleCalFlag><FunctionType>L</FunctionType>
	</RowData>
	<RowData><ProcessDefId>4</ProcessDefId><ActivityId>5</ActivityId><RuleType>X</RuleType><RuleId>2</RuleId><OperationType>4</OperationType><Param1>Error</Param1><Type1>V</Type1><ExtObjID1>0</ExtObjID1><VariableId_1>0</VariableId_1><VarFieldId_1>0</VarFieldId_1><Param2></Param2><Type2>V</Type2><ExtObjID2>0</ExtObjID2><VariableId_2>0</VariableId_2><VarFieldId_2>0</VarFieldId_2><Param3></Param3><Type3>0</Type3><ExtObjID3>0</ExtObjID3><VariableId_3>0</VariableId_3><VarFieldId_3>0</VarFieldId_3><Operator>0</Operator><OperationOrderId>1</OperationOrderId><CommentFlag>N</CommentFlag><RuleCalFlag></RuleCalFlag><FunctionType>L</FunctionType>
	</RowData>
	<RowData><ProcessDefId>4</ProcessDefId><ActivityId>5</ActivityId><RuleType>X</RuleType><RuleId>3</RuleId><OperationType>4</OperationType><Param1>Store</Param1><Type1>V</Type1><ExtObjID1>0</ExtObjID1><VariableId_1>0</VariableId_1><VarFieldId_1>0</VarFieldId_1><Param2></Param2><Type2>V</Type2><ExtObjID2>0</ExtObjID2><VariableId_2>0</VariableId_2><VarFieldId_2>0</VarFieldId_2><Param3></Param3><Type3>0</Type3><ExtObjID3>0</ExtObjID3><VariableId_3>0</VariableId_3><VarFieldId_3>0</VarFieldId_3><Operator>0</Operator><OperationOrderId>1</OperationOrderId><CommentFlag>N</CommentFlag><RuleCalFlag></RuleCalFlag><FunctionType>L</FunctionType>
	</RowData>
	<RowData><ProcessDefId>4</ProcessDefId><ActivityId>5</ActivityId><RuleType>X</RuleType><RuleId>4</RuleId><OperationType>4</OperationType><Param1>Gate Entry</Param1><Type1>V</Type1><ExtObjID1>0</ExtObjID1><VariableId_1>0</VariableId_1><VarFieldId_1>0</VarFieldId_1><Param2></Param2><Type2>V</Type2><ExtObjID2>0</ExtObjID2><VariableId_2>0</VariableId_2><VarFieldId_2>0</VarFieldId_2><Param3></Param3><Type3>0</Type3><ExtObjID3>0</ExtObjID3><VariableId_3>0</VariableId_3><VarFieldId_3>0</VarFieldId_3><Operator>0</Operator><OperationOrderId>1</OperationOrderId><CommentFlag>N</CommentFlag><RuleCalFlag></RuleCalFlag><FunctionType>L</FunctionType>
	</RowData>
	<RowData><ProcessDefId>4</ProcessDefId><ActivityId>5</ActivityId><RuleType>X</RuleType><RuleId>5</RuleId><OperationType>4</OperationType><Param1>SAP Adapter_31</Param1><Type1>V</Type1><ExtObjID1>0</ExtObjID1><VariableId_1>0</VariableId_1><VarFieldId_1>0</VarFieldId_1><Param2></Param2><Type2>V</Type2><ExtObjID2>0</ExtObjID2><VariableId_2>0</VariableId_2><VarFieldId_2>0</VarFieldId_2><Param3></Param3><Type3>0</Type3><ExtObjID3>0</ExtObjID3><VariableId_3>0</VariableId_3><VarFieldId_3>0</VarFieldId_3><Operator>0</Operator><OperationOrderId>1</OperationOrderId><CommentFlag>N</CommentFlag><RuleCalFlag></RuleCalFlag><FunctionType>L</FunctionType>
	</RowData>
	<RowData><ProcessDefId>4</ProcessDefId><ActivityId>5</ActivityId><RuleType>X</RuleType><RuleId>6</RuleId><OperationType>4</OperationType><Param1>PreviousStage</Param1><Type1>V</Type1><ExtObjID1>0</ExtObjID1><VariableId_1>0</VariableId_1><VarFieldId_1>0</VarFieldId_1><Param2></Param2><Type2>V</Type2><ExtObjID2>0</ExtObjID2><VariableId_2>0</VariableId_2><VarFieldId_2>0</VarFieldId_2><Param3></Param3><Type3>0</Type3><ExtObjID3>0</ExtObjID3><VariableId_3>0</VariableId_3><VarFieldId_3>0</VarFieldId_3><Operator>0</Operator><OperationOrderId>1</OperationOrderId><CommentFlag>N</CommentFlag><RuleCalFlag></RuleCalFlag><FunctionType>L</FunctionType>
	</RowData>
	<RowData><ProcessDefId>4</ProcessDefId><ActivityId>7</ActivityId><RuleType>E</RuleType><RuleId>1</RuleId><OperationType>1</OperationType><Param1>processid</Param1><Type1>I</Type1><ExtObjID1>1</ExtObjID1><VariableId_1>82</VariableId_1><VarFieldId_1>0</VarFieldId_1><Param2>WorkItemName</Param2><Type2>S</Type2><ExtObjID2>0</ExtObjID2><VariableId_2>31</VariableId_2><VarFieldId_2>0</VarFieldId_2><Param3></Param3><Type3></Type3><ExtObjID3>0</ExtObjID3><VariableId_3>0</VariableId_3><VarFieldId_3>0</VarFieldId_3><Operator>0</Operator><OperationOrderId>1</OperationOrderId><CommentFlag>N</CommentFlag><RuleCalFlag></RuleCalFlag><FunctionType>L</FunctionType>
	</RowData>
	<RowData><ProcessDefId>4</ProcessDefId><ActivityId>7</ActivityId><RuleType>E</RuleType><RuleId>2</RuleId><OperationType>18</OperationType><Param1>CreatedByName</Param1><Type1>S</Type1><ExtObjID1>0</ExtObjID1><VariableId_1>32</VariableId_1><VarFieldId_1>0</VarFieldId_1><Param2></Param2><Type2>V</Type2><ExtObjID2>0</ExtObjID2><VariableId_2>0</VariableId_2><VarFieldId_2>0</VarFieldId_2><Param3></Param3><Type3>0</Type3><ExtObjID3>0</ExtObjID3><VariableId_3>0</VariableId_3><VarFieldId_3>0</VarFieldId_3><Operator>0</Operator><OperationOrderId>1</OperationOrderId><CommentFlag>N</CommentFlag><RuleCalFlag></RuleCalFlag><FunctionType>L</FunctionType>
	</RowData>
	<RowData><ProcessDefId>4</ProcessDefId><ActivityId>7</ActivityId><RuleType>E</RuleType><RuleId>3</RuleId><OperationType>1</OperationType><Param1>scanuserdate</Param1><Type1>I</Type1><ExtObjID1>1</ExtObjID1><VariableId_1>119</VariableId_1><VarFieldId_1>0</VarFieldId_1><Param2>CreatedDateTime</Param2><Type2>S</Type2><ExtObjID2>0</ExtObjID2><VariableId_2>28</VariableId_2><VarFieldId_2>0</VarFieldId_2><Param3></Param3><Type3></Type3><ExtObjID3>0</ExtObjID3><VariableId_3>0</VariableId_3><VarFieldId_3>0</VarFieldId_3><Operator>0</Operator><OperationOrderId>1</OperationOrderId><CommentFlag>N</CommentFlag><RuleCalFlag>Y</RuleCalFlag><FunctionType>L</FunctionType>
	</RowData>
	<RowData><ProcessDefId>4</ProcessDefId><ActivityId>7</ActivityId><RuleType>E</RuleType><RuleId>3</RuleId><OperationType>1</OperationType><Param1>scanusername</Param1><Type1>I</Type1><ExtObjID1>1</ExtObjID1><VariableId_1>120</VariableId_1><VarFieldId_1>0</VarFieldId_1><Param2>CreatedByName</Param2><Type2>S</Type2><ExtObjID2>0</ExtObjID2><VariableId_2>32</VariableId_2><VarFieldId_2>0</VarFieldId_2><Param3></Param3><Type3>C</Type3><ExtObjID3>0</ExtObjID3><VariableId_3>0</VariableId_3><VarFieldId_3>0</VarFieldId_3><Operator>0</Operator><OperationOrderId>2</OperationOrderId><CommentFlag>N</CommentFlag><RuleCalFlag></RuleCalFlag><FunctionType>L</FunctionType>
	</RowData>
	<RowData><ProcessDefId>4</ProcessDefId><ActivityId>8</ActivityId><RuleType>X</RuleType><RuleId>1</RuleId><OperationType>4</OperationType><Param1>PreviousStage</Param1><Type1>V</Type1><ExtObjID1>0</ExtObjID1><VariableId_1>0</VariableId_1><VarFieldId_1>0</VarFieldId_1><Param2></Param2><Type2>V</Type2><ExtObjID2>0</ExtObjID2><VariableId_2>0</VariableId_2><VarFieldId_2>0</VarFieldId_2><Param3></Param3><Type3>0</Type3><ExtObjID3>0</ExtObjID3><VariableId_3>0</VariableId_3><VarFieldId_3>0</VarFieldId_3><Operator>0</Operator><OperationOrderId>1</OperationOrderId><CommentFlag>N</CommentFlag><RuleCalFlag></RuleCalFlag><FunctionType>L</FunctionType>
	</RowData>
	<RowData><ProcessDefId>4</ProcessDefId><ActivityId>13</ActivityId><RuleType>X</RuleType><RuleId>1</RuleId><OperationType>4</OperationType><Param1>PreviousStage</Param1><Type1>V</Type1><ExtObjID1>0</ExtObjID1><VariableId_1>0</VariableId_1><VarFieldId_1>0</VarFieldId_1><Param2></Param2><Type2>V</Type2><ExtObjID2>0</ExtObjID2><VariableId_2>0</VariableId_2><VarFieldId_2>0</VarFieldId_2><Param3></Param3><Type3>0</Type3><ExtObjID3>0</ExtObjID3><VariableId_3>0</VariableId_3><VarFieldId_3>0</VarFieldId_3><Operator>0</Operator><OperationOrderId>1</OperationOrderId><CommentFlag>N</CommentFlag><RuleCalFlag></RuleCalFlag><FunctionType>L</FunctionType>
	</RowData>
	<RowData><ProcessDefId>4</ProcessDefId><ActivityId>14</ActivityId><RuleType>E</RuleType><RuleId>1</RuleId><OperationType>1</OperationType><Param1>processid</Param1><Type1>I</Type1><ExtObjID1>1</ExtObjID1><VariableId_1>82</VariableId_1><VarFieldId_1>0</VarFieldId_1><Param2>WorkItemName</Param2><Type2>S</Type2><ExtObjID2>0</ExtObjID2><VariableId_2>31</VariableId_2><VarFieldId_2>0</VarFieldId_2><Param3></Param3><Type3></Type3><ExtObjID3>0</ExtObjID3><VariableId_3>0</VariableId_3><VarFieldId_3>0</VarFieldId_3><Operator>0</Operator><OperationOrderId>1</OperationOrderId><CommentFlag>N</CommentFlag><RuleCalFlag></RuleCalFlag><FunctionType>L</FunctionType>
	</RowData>
	<RowData><ProcessDefId>4</ProcessDefId><ActivityId>14</ActivityId><RuleType>E</RuleType><RuleId>1</RuleId><OperationType>1</OperationType><Param1>scanusername</Param1><Type1>I</Type1><ExtObjID1>1</ExtObjID1><VariableId_1>120</VariableId_1><VarFieldId_1>0</VarFieldId_1><Param2>CreatedByName</Param2><Type2>S</Type2><ExtObjID2>0</ExtObjID2><VariableId_2>32</VariableId_2><VarFieldId_2>0</VarFieldId_2><Param3></Param3><Type3></Type3><ExtObjID3>0</ExtObjID3><VariableId_3>0</VariableId_3><VarFieldId_3>0</VarFieldId_3><Operator>0</Operator><OperationOrderId>2</OperationOrderId><CommentFlag>N</CommentFlag><RuleCalFlag></RuleCalFlag><FunctionType>L</FunctionType>
	</RowData>
	<RowData><ProcessDefId>4</ProcessDefId><ActivityId>14</ActivityId><RuleType>E</RuleType><RuleId>1</RuleId><OperationType>1</OperationType><Param1>scanuserdate</Param1><Type1>I</Type1><ExtObjID1>1</ExtObjID1><VariableId_1>119</VariableId_1><VarFieldId_1>0</VarFieldId_1><Param2>CreatedDateTime</Param2><Type2>S</Type2><ExtObjID2>0</ExtObjID2><VariableId_2>28</VariableId_2><VarFieldId_2>0</VarFieldId_2><Param3></Param3><Type3></Type3><ExtObjID3>0</ExtObjID3><VariableId_3>0</VariableId_3><VarFieldId_3>0</VarFieldId_3><Operator>0</Operator><OperationOrderId>3</OperationOrderId><CommentFlag>N</CommentFlag><RuleCalFlag>Y</RuleCalFlag><FunctionType>L</FunctionType>
	</RowData>
	<RowData><ProcessDefId>4</ProcessDefId><ActivityId>17</ActivityId><RuleType>X</RuleType><RuleId>1</RuleId><OperationType>4</OperationType><Param1>Discard</Param1><Type1>V</Type1><ExtObjID1>0</ExtObjID1><VariableId_1>0</VariableId_1><VarFieldId_1>0</VarFieldId_1><Param2></Param2><Type2>V</Type2><ExtObjID2>0</ExtObjID2><VariableId_2>0</VariableId_2><VarFieldId_2>0</VarFieldId_2><Param3></Param3><Type3>0</Type3><ExtObjID3>0</ExtObjID3><VariableId_3>0</VariableId_3><VarFieldId_3>0</VarFieldId_3><Operator>0</Operator><OperationOrderId>1</OperationOrderId><CommentFlag>N</CommentFlag><RuleCalFlag></RuleCalFlag><FunctionType>L</FunctionType>
	</RowData>
	<RowData><ProcessDefId>4</ProcessDefId><ActivityId>17</ActivityId><RuleType>X</RuleType><RuleId>2</RuleId><OperationType>4</OperationType><Param1>Store Hold</Param1><Type1>V</Type1><ExtObjID1>0</ExtObjID1><VariableId_1>0</VariableId_1><VarFieldId_1>0</VarFieldId_1><Param2></Param2><Type2>V</Type2><ExtObjID2>0</ExtObjID2><VariableId_2>0</VariableId_2><VarFieldId_2>0</VarFieldId_2><Param3></Param3><Type3>0</Type3><ExtObjID3>0</ExtObjID3><VariableId_3>0</VariableId_3><VarFieldId_3>0</VarFieldId_3><Operator>0</Operator><OperationOrderId>1</OperationOrderId><CommentFlag>N</CommentFlag><RuleCalFlag></RuleCalFlag><FunctionType>L</FunctionType>
	</RowData>
	<RowData><ProcessDefId>4</ProcessDefId><ActivityId>17</ActivityId><RuleType>X</RuleType><RuleId>3</RuleId><OperationType>4</OperationType><Param1>SchedulerParking</Param1><Type1>V</Type1><ExtObjID1>0</ExtObjID1><VariableId_1>0</VariableId_1><VarFieldId_1>0</VarFieldId_1><Param2></Param2><Type2>V</Type2><ExtObjID2>0</ExtObjID2><VariableId_2>0</VariableId_2><VarFieldId_2>0</VarFieldId_2><Param3></Param3><Type3>0</Type3><ExtObjID3>0</ExtObjID3><VariableId_3>0</VariableId_3><VarFieldId_3>0</VarFieldId_3><Operator>0</Operator><OperationOrderId>1</OperationOrderId><CommentFlag>N</CommentFlag><RuleCalFlag></RuleCalFlag><FunctionType>L</FunctionType>
	</RowData>
	<RowData><ProcessDefId>4</ProcessDefId><ActivityId>17</ActivityId><RuleType>X</RuleType><RuleId>4</RuleId><OperationType>4</OperationType><Param1>Quality</Param1><Type1>V</Type1><ExtObjID1>0</ExtObjID1><VariableId_1>0</VariableId_1><VarFieldId_1>0</VarFieldId_1><Param2></Param2><Type2>V</Type2><ExtObjID2>0</ExtObjID2><VariableId_2>0</VariableId_2><VarFieldId_2>0</VarFieldId_2><Param3></Param3><Type3>0</Type3><ExtObjID3>0</ExtObjID3><VariableId_3>0</VariableId_3><VarFieldId_3>0</VarFieldId_3><Operator>0</Operator><OperationOrderId>1</OperationOrderId><CommentFlag>N</CommentFlag><RuleCalFlag></RuleCalFlag><FunctionType>L</FunctionType>
	</RowData>
	<RowData><ProcessDefId>4</ProcessDefId><ActivityId>17</ActivityId><RuleType>X</RuleType><RuleId>5</RuleId><OperationType>4</OperationType><Param1>SchedulerParking</Param1><Type1>V</Type1><ExtObjID1>0</ExtObjID1><VariableId_1>0</VariableId_1><VarFieldId_1>0</VarFieldId_1><Param2></Param2><Type2>V</Type2><ExtObjID2>0</ExtObjID2><VariableId_2>0</VariableId_2><VarFieldId_2>0</VarFieldId_2><Param3></Param3><Type3>0</Type3><ExtObjID3>0</ExtObjID3><VariableId_3>0</VariableId_3><VarFieldId_3>0</VarFieldId_3><Operator>0</Operator><OperationOrderId>1</OperationOrderId><CommentFlag>N</CommentFlag><RuleCalFlag></RuleCalFlag><FunctionType>L</FunctionType>
	</RowData>
	<RowData><ProcessDefId>4</ProcessDefId><ActivityId>17</ActivityId><RuleType>X</RuleType><RuleId>6</RuleId><OperationType>4</OperationType><Param1>Gate Entry</Param1><Type1>V</Type1><ExtObjID1>0</ExtObjID1><VariableId_1>0</VariableId_1><VarFieldId_1>0</VarFieldId_1><Param2></Param2><Type2>V</Type2><ExtObjID2>0</ExtObjID2><VariableId_2>0</VariableId_2><VarFieldId_2>0</VarFieldId_2><Param3></Param3><Type3>0</Type3><ExtObjID3>0</ExtObjID3><VariableId_3>0</VariableId_3><VarFieldId_3>0</VarFieldId_3><Operator>0</Operator><OperationOrderId>1</OperationOrderId><CommentFlag>N</CommentFlag><RuleCalFlag></RuleCalFlag><FunctionType>L</FunctionType>
	</RowData>
	<RowData><ProcessDefId>4</ProcessDefId><ActivityId>17</ActivityId><RuleType>X</RuleType><RuleId>7</RuleId><OperationType>4</OperationType><Param1>PreviousStage</Param1><Type1>V</Type1><ExtObjID1>0</ExtObjID1><VariableId_1>0</VariableId_1><VarFieldId_1>0</VarFieldId_1><Param2></Param2><Type2>V</Type2><ExtObjID2>0</ExtObjID2><VariableId_2>0</VariableId_2><VarFieldId_2>0</VarFieldId_2><Param3></Param3><Type3>0</Type3><ExtObjID3>0</ExtObjID3><VariableId_3>0</VariableId_3><VarFieldId_3>0</VarFieldId_3><Operator>0</Operator><OperationOrderId>1</OperationOrderId><CommentFlag>N</CommentFlag><RuleCalFlag></RuleCalFlag><FunctionType>L</FunctionType>
	</RowData>
	<RowData><ProcessDefId>4</ProcessDefId><ActivityId>18</ActivityId><RuleType>X</RuleType><RuleId>1</RuleId><OperationType>4</OperationType><Param1>PreviousStage</Param1><Type1>V</Type1><ExtObjID1>0</ExtObjID1><VariableId_1>0</VariableId_1><VarFieldId_1>0</VarFieldId_1><Param2></Param2><Type2>V</Type2><ExtObjID2>0</ExtObjID2><VariableId_2>0</VariableId_2><VarFieldId_2>0</VarFieldId_2><Param3></Param3><Type3>0</Type3><ExtObjID3>0</ExtObjID3><VariableId_3>0</VariableId_3><VarFieldId_3>0</VarFieldId_3><Operator>0</Operator><OperationOrderId>1</OperationOrderId><CommentFlag>N</CommentFlag><RuleCalFlag></RuleCalFlag><FunctionType>L</FunctionType>
	</RowData>
	<RowData><ProcessDefId>4</ProcessDefId><ActivityId>21</ActivityId><RuleType>X</RuleType><RuleId>1</RuleId><OperationType>4</OperationType><Param1>PreviousStage</Param1><Type1>V</Type1><ExtObjID1>0</ExtObjID1><VariableId_1>0</VariableId_1><VarFieldId_1>0</VarFieldId_1><Param2></Param2><Type2>V</Type2><ExtObjID2>0</ExtObjID2><VariableId_2>0</VariableId_2><VarFieldId_2>0</VarFieldId_2><Param3></Param3><Type3>0</Type3><ExtObjID3>0</ExtObjID3><VariableId_3>0</VariableId_3><VarFieldId_3>0</VarFieldId_3><Operator>0</Operator><OperationOrderId>1</OperationOrderId><CommentFlag>N</CommentFlag><RuleCalFlag></RuleCalFlag><FunctionType>L</FunctionType>
	</RowData>
	<RowData><ProcessDefId>4</ProcessDefId><ActivityId>23</ActivityId><RuleType>X</RuleType><RuleId>1</RuleId><OperationType>4</OperationType><Param1>SchedulerParking</Param1><Type1>V</Type1><ExtObjID1>0</ExtObjID1><VariableId_1>0</VariableId_1><VarFieldId_1>0</VarFieldId_1><Param2></Param2><Type2>V</Type2><ExtObjID2>0</ExtObjID2><VariableId_2>0</VariableId_2><VarFieldId_2>0</VarFieldId_2><Param3></Param3><Type3>0</Type3><ExtObjID3>0</ExtObjID3><VariableId_3>0</VariableId_3><VarFieldId_3>0</VarFieldId_3><Operator>0</Operator><OperationOrderId>1</OperationOrderId><CommentFlag>N</CommentFlag><RuleCalFlag></RuleCalFlag><FunctionType>L</FunctionType>
	</RowData>
	<RowData><ProcessDefId>4</ProcessDefId><ActivityId>23</ActivityId><RuleType>X</RuleType><RuleId>2</RuleId><OperationType>4</OperationType><Param1>Store</Param1><Type1>V</Type1><ExtObjID1>0</ExtObjID1><VariableId_1>0</VariableId_1><VarFieldId_1>0</VarFieldId_1><Param2></Param2><Type2>V</Type2><ExtObjID2>0</ExtObjID2><VariableId_2>0</VariableId_2><VarFieldId_2>0</VarFieldId_2><Param3></Param3><Type3>0</Type3><ExtObjID3>0</ExtObjID3><VariableId_3>0</VariableId_3><VarFieldId_3>0</VarFieldId_3><Operator>0</Operator><OperationOrderId>1</OperationOrderId><CommentFlag>N</CommentFlag><RuleCalFlag></RuleCalFlag><FunctionType>L</FunctionType>
	</RowData>
	<RowData><ProcessDefId>4</ProcessDefId><ActivityId>23</ActivityId><RuleType>X</RuleType><RuleId>3</RuleId><OperationType>4</OperationType><Param1>PreviousStage</Param1><Type1>V</Type1><ExtObjID1>0</ExtObjID1><VariableId_1>0</VariableId_1><VarFieldId_1>0</VarFieldId_1><Param2></Param2><Type2>V</Type2><ExtObjID2>0</ExtObjID2><VariableId_2>0</VariableId_2><VarFieldId_2>0</VarFieldId_2><Param3></Param3><Type3>0</Type3><ExtObjID3>0</ExtObjID3><VariableId_3>0</VariableId_3><VarFieldId_3>0</VarFieldId_3><Operator>0</Operator><OperationOrderId>1</OperationOrderId><CommentFlag>N</CommentFlag><RuleCalFlag></RuleCalFlag><FunctionType>L</FunctionType>
	</RowData>
	<RowData><ProcessDefId>4</ProcessDefId><ActivityId>23</ActivityId><RuleType>X</RuleType><RuleId>4</RuleId><OperationType>4</OperationType><Param1>PreviousStage</Param1><Type1>V</Type1><ExtObjID1>0</ExtObjID1><VariableId_1>0</VariableId_1><VarFieldId_1>0</VarFieldId_1><Param2></Param2><Type2>V</Type2><ExtObjID2>0</ExtObjID2><VariableId_2>0</VariableId_2><VarFieldId_2>0</VarFieldId_2><Param3></Param3><Type3>0</Type3><ExtObjID3>0</ExtObjID3><VariableId_3>0</VariableId_3><VarFieldId_3>0</VarFieldId_3><Operator>0</Operator><OperationOrderId>1</OperationOrderId><CommentFlag>N</CommentFlag><RuleCalFlag></RuleCalFlag><FunctionType>L</FunctionType>
	</RowData>
	<RowData><ProcessDefId>4</ProcessDefId><ActivityId>32</ActivityId><RuleType>E</RuleType><RuleId>1</RuleId><OperationType>18</OperationType><Param1>assignedTo</Param1><Type1>I</Type1><ExtObjID1>1</ExtObjID1><VariableId_1>140</VariableId_1><VarFieldId_1>0</VarFieldId_1><Param2></Param2><Type2>V</Type2><ExtObjID2>0</ExtObjID2><VariableId_2>0</VariableId_2><VarFieldId_2>0</VarFieldId_2><Param3></Param3><Type3>0</Type3><ExtObjID3>0</ExtObjID3><VariableId_3>0</VariableId_3><VarFieldId_3>0</VarFieldId_3><Operator>0</Operator><OperationOrderId>1</OperationOrderId><CommentFlag>N</CommentFlag><RuleCalFlag></RuleCalFlag><FunctionType>L</FunctionType>
	</RowData>
	<RowData><ProcessDefId>4</ProcessDefId><ActivityId>32</ActivityId><RuleType>E</RuleType><RuleId>2</RuleId><OperationType>15</OperationType><Param1>notification mail</Param1><Type1>V</Type1><ExtObjID1>0</ExtObjID1><VariableId_1>0</VariableId_1><VarFieldId_1>0</VarFieldId_1><Param2></Param2><Type2>V</Type2><ExtObjID2>0</ExtObjID2><VariableId_2>0</VariableId_2><VarFieldId_2>0</VarFieldId_2><Param3></Param3><Type3>0</Type3><ExtObjID3>0</ExtObjID3><VariableId_3>0</VariableId_3><VarFieldId_3>0</VarFieldId_3><Operator>0</Operator><OperationOrderId>1</OperationOrderId><CommentFlag>N</CommentFlag><RuleCalFlag></RuleCalFlag><FunctionType>L</FunctionType>
	</RowData>
	<RowData><ProcessDefId>4</ProcessDefId><ActivityId>33</ActivityId><RuleType>E</RuleType><RuleId>1</RuleId><OperationType>18</OperationType><Param1>assignedTo</Param1><Type1>I</Type1><ExtObjID1>1</ExtObjID1><VariableId_1>140</VariableId_1><VarFieldId_1>0</VarFieldId_1><Param2></Param2><Type2>V</Type2><ExtObjID2>0</ExtObjID2><VariableId_2>0</VariableId_2><VarFieldId_2>0</VarFieldId_2><Param3></Param3><Type3>0</Type3><ExtObjID3>0</ExtObjID3><VariableId_3>0</VariableId_3><VarFieldId_3>0</VarFieldId_3><Operator>0</Operator><OperationOrderId>1</OperationOrderId><CommentFlag>N</CommentFlag><RuleCalFlag></RuleCalFlag><FunctionType>L</FunctionType>
	</RowData>
	<RowData><ProcessDefId>4</ProcessDefId><ActivityId>33</ActivityId><RuleType>E</RuleType><RuleId>2</RuleId><OperationType>15</OperationType><Param1>notification mail</Param1><Type1>V</Type1><ExtObjID1>0</ExtObjID1><VariableId_1>0</VariableId_1><VarFieldId_1>0</VarFieldId_1><Param2></Param2><Type2>V</Type2><ExtObjID2>0</ExtObjID2><VariableId_2>0</VariableId_2><VarFieldId_2>0</VarFieldId_2><Param3></Param3><Type3>0</Type3><ExtObjID3>0</ExtObjID3><VariableId_3>0</VariableId_3><VarFieldId_3>0</VarFieldId_3><Operator>0</Operator><OperationOrderId>1</OperationOrderId><CommentFlag>N</CommentFlag><RuleCalFlag></RuleCalFlag><FunctionType>L</FunctionType>
	</RowData>
	<RowData><ProcessDefId>4</ProcessDefId><ActivityId>34</ActivityId><RuleType>E</RuleType><RuleId>1</RuleId><OperationType>18</OperationType><Param1>assignedTo</Param1><Type1>I</Type1><ExtObjID1>1</ExtObjID1><VariableId_1>140</VariableId_1><VarFieldId_1>0</VarFieldId_1><Param2></Param2><Type2>V</Type2><ExtObjID2>0</ExtObjID2><VariableId_2>0</VariableId_2><VarFieldId_2>0</VarFieldId_2><Param3></Param3><Type3>0</Type3><ExtObjID3>0</ExtObjID3><VariableId_3>0</VariableId_3><VarFieldId_3>0</VarFieldId_3><Operator>0</Operator><OperationOrderId>1</OperationOrderId><CommentFlag>N</CommentFlag><RuleCalFlag></RuleCalFlag><FunctionType>L</FunctionType>
	</RowData>
	<RowData><ProcessDefId>4</ProcessDefId><ActivityId>34</ActivityId><RuleType>E</RuleType><RuleId>2</RuleId><OperationType>15</OperationType><Param1>service_status_mail</Param1><Type1>V</Type1><ExtObjID1>0</ExtObjID1><VariableId_1>0</VariableId_1><VarFieldId_1>0</VarFieldId_1><Param2></Param2><Type2>V</Type2><ExtObjID2>0</ExtObjID2><VariableId_2>0</VariableId_2><VarFieldId_2>0</VarFieldId_2><Param3></Param3><Type3>0</Type3><ExtObjID3>0</ExtObjID3><VariableId_3>0</VariableId_3><VarFieldId_3>0</VarFieldId_3><Operator>0</Operator><OperationOrderId>1</OperationOrderId><CommentFlag>N</CommentFlag><RuleCalFlag></RuleCalFlag><FunctionType>L</FunctionType>
	</RowData>
	<RowData><ProcessDefId>4</ProcessDefId><ActivityId>34</ActivityId><RuleType>E</RuleType><RuleId>3</RuleId><OperationType>15</OperationType><Param1>notification mail</Param1><Type1>V</Type1><ExtObjID1>0</ExtObjID1><VariableId_1>0</VariableId_1><VarFieldId_1>0</VarFieldId_1><Param2></Param2><Type2>V</Type2><ExtObjID2>0</ExtObjID2><VariableId_2>0</VariableId_2><VarFieldId_2>0</VarFieldId_2><Param3></Param3><Type3>0</Type3><ExtObjID3>0</ExtObjID3><VariableId_3>0</VariableId_3><VarFieldId_3>0</VarFieldId_3><Operator>0</Operator><OperationOrderId>1</OperationOrderId><CommentFlag>N</CommentFlag><RuleCalFlag></RuleCalFlag><FunctionType>L</FunctionType>
	</RowData>
	<RowData><ProcessDefId>4</ProcessDefId><ActivityId>35</ActivityId><RuleType>E</RuleType><RuleId>1</RuleId><OperationType>18</OperationType><Param1>assignedTo</Param1><Type1>I</Type1><ExtObjID1>1</ExtObjID1><VariableId_1>140</VariableId_1><VarFieldId_1>0</VarFieldId_1><Param2></Param2><Type2>V</Type2><ExtObjID2>0</ExtObjID2><VariableId_2>0</VariableId_2><VarFieldId_2>0</VarFieldId_2><Param3></Param3><Type3>0</Type3><ExtObjID3>0</ExtObjID3><VariableId_3>0</VariableId_3><VarFieldId_3>0</VarFieldId_3><Operator>0</Operator><OperationOrderId>1</OperationOrderId><CommentFlag>N</CommentFlag><RuleCalFlag></RuleCalFlag><FunctionType>L</FunctionType>
	</RowData>
	<RowData><ProcessDefId>4</ProcessDefId><ActivityId>35</ActivityId><RuleType>E</RuleType><RuleId>2</RuleId><OperationType>15</OperationType><Param1>service_status_mail</Param1><Type1>V</Type1><ExtObjID1>0</ExtObjID1><VariableId_1>0</VariableId_1><VarFieldId_1>0</VarFieldId_1><Param2></Param2><Type2>V</Type2><ExtObjID2>0</ExtObjID2><VariableId_2>0</VariableId_2><VarFieldId_2>0</VarFieldId_2><Param3></Param3><Type3>0</Type3><ExtObjID3>0</ExtObjID3><VariableId_3>0</VariableId_3><VarFieldId_3>0</VarFieldId_3><Operator>0</Operator><OperationOrderId>1</OperationOrderId><CommentFlag>N</CommentFlag><RuleCalFlag></RuleCalFlag><FunctionType>L</FunctionType>
	</RowData>
	<RowData><ProcessDefId>4</ProcessDefId><ActivityId>35</ActivityId><RuleType>E</RuleType><RuleId>3</RuleId><OperationType>15</OperationType><Param1>notification mail</Param1><Type1>V</Type1><ExtObjID1>0</ExtObjID1><VariableId_1>0</VariableId_1><VarFieldId_1>0</VarFieldId_1><Param2></Param2><Type2>V</Type2><ExtObjID2>0</ExtObjID2><VariableId_2>0</VariableId_2><VarFieldId_2>0</VarFieldId_2><Param3></Param3><Type3>0</Type3><ExtObjID3>0</ExtObjID3><VariableId_3>0</VariableId_3><VarFieldId_3>0</VarFieldId_3><Operator>0</Operator><OperationOrderId>1</OperationOrderId><CommentFlag>N</CommentFlag><RuleCalFlag></RuleCalFlag><FunctionType>L</FunctionType>
	</RowData>
	<RowData><ProcessDefId>4</ProcessDefId><ActivityId>37</ActivityId><RuleType>X</RuleType><RuleId>1</RuleId><OperationType>4</OperationType><Param1>PreviousStage</Param1><Type1>V</Type1><ExtObjID1>0</ExtObjID1><VariableId_1>0</VariableId_1><VarFieldId_1>0</VarFieldId_1><Param2></Param2><Type2>V</Type2><ExtObjID2>0</ExtObjID2><VariableId_2>0</VariableId_2><VarFieldId_2>0</VarFieldId_2><Param3></Param3><Type3>0</Type3><ExtObjID3>0</ExtObjID3><VariableId_3>0</VariableId_3><VarFieldId_3>0</VarFieldId_3><Operator>0</Operator><OperationOrderId>1</OperationOrderId><CommentFlag>N</CommentFlag><RuleCalFlag></RuleCalFlag><FunctionType>L</FunctionType>
	</RowData>
	<RowData><ProcessDefId>4</ProcessDefId><ActivityId>38</ActivityId><RuleType>X</RuleType><RuleId>1</RuleId><OperationType>4</OperationType><Param1>PreviousStage</Param1><Type1>V</Type1><ExtObjID1>0</ExtObjID1><VariableId_1>0</VariableId_1><VarFieldId_1>0</VarFieldId_1><Param2></Param2><Type2>V</Type2><ExtObjID2>0</ExtObjID2><VariableId_2>0</VariableId_2><VarFieldId_2>0</VarFieldId_2><Param3></Param3><Type3>0</Type3><ExtObjID3>0</ExtObjID3><VariableId_3>0</VariableId_3><VarFieldId_3>0</VarFieldId_3><Operator>0</Operator><OperationOrderId>1</OperationOrderId><CommentFlag>N</CommentFlag><RuleCalFlag></RuleCalFlag><FunctionType>L</FunctionType>
	</RowData>
	<RowData><ProcessDefId>4</ProcessDefId><ActivityId>39</ActivityId><RuleType>X</RuleType><RuleId>1</RuleId><OperationType>4</OperationType><Param1>PreviousStage</Param1><Type1>V</Type1><ExtObjID1>0</ExtObjID1><VariableId_1>0</VariableId_1><VarFieldId_1>0</VarFieldId_1><Param2></Param2><Type2>V</Type2><ExtObjID2>0</ExtObjID2><VariableId_2>0</VariableId_2><VarFieldId_2>0</VarFieldId_2><Param3></Param3><Type3>0</Type3><ExtObjID3>0</ExtObjID3><VariableId_3>0</VariableId_3><VarFieldId_3>0</VarFieldId_3><Operator>0</Operator><OperationOrderId>1</OperationOrderId><CommentFlag>N</CommentFlag><RuleCalFlag></RuleCalFlag><FunctionType>L</FunctionType>
	</RowData>
	<RowData><ProcessDefId>4</ProcessDefId><ActivityId>42</ActivityId><RuleType>E</RuleType><RuleId>1</RuleId><OperationType>1</OperationType><Param1>q_autopost</Param1><Type1>U</Type1><ExtObjID1>0</ExtObjID1><VariableId_1>10021</VariableId_1><VarFieldId_1>0</VarFieldId_1><Param2>N</Param2><Type2>C</Type2><ExtObjID2>0</ExtObjID2><VariableId_2>0</VariableId_2><VarFieldId_2>0</VarFieldId_2><Param3></Param3><Type3></Type3><ExtObjID3>0</ExtObjID3><VariableId_3>0</VariableId_3><VarFieldId_3>0</VarFieldId_3><Operator>0</Operator><OperationOrderId>1</OperationOrderId><CommentFlag>N</CommentFlag><RuleCalFlag></RuleCalFlag><FunctionType>L</FunctionType>
	</RowData>
	<RowData><ProcessDefId>4</ProcessDefId><ActivityId>47</ActivityId><RuleType>E</RuleType><RuleId>1</RuleId><OperationType>1</OperationType><Param1>processid</Param1><Type1>I</Type1><ExtObjID1>1</ExtObjID1><VariableId_1>82</VariableId_1><VarFieldId_1>0</VarFieldId_1><Param2>WorkItemName</Param2><Type2>S</Type2><ExtObjID2>0</ExtObjID2><VariableId_2>31</VariableId_2><VarFieldId_2>0</VarFieldId_2><Param3></Param3><Type3></Type3><ExtObjID3>0</ExtObjID3><VariableId_3>0</VariableId_3><VarFieldId_3>0</VarFieldId_3><Operator>0</Operator><OperationOrderId>1</OperationOrderId><CommentFlag>N</CommentFlag><RuleCalFlag></RuleCalFlag><FunctionType>L</FunctionType>
	</RowData>
	<RowData><ProcessDefId>4</ProcessDefId><ActivityId>47</ActivityId><RuleType>E</RuleType><RuleId>2</RuleId><OperationType>18</OperationType><Param1>CreatedByName</Param1><Type1>S</Type1><ExtObjID1>0</ExtObjID1><VariableId_1>32</VariableId_1><VarFieldId_1>0</VarFieldId_1><Param2></Param2><Type2>V</Type2><ExtObjID2>0</ExtObjID2><VariableId_2>0</VariableId_2><VarFieldId_2>0</VarFieldId_2><Param3></Param3><Type3>0</Type3><ExtObjID3>0</ExtObjID3><VariableId_3>0</VariableId_3><VarFieldId_3>0</VarFieldId_3><Operator>0</Operator><OperationOrderId>1</OperationOrderId><CommentFlag>N</CommentFlag><RuleCalFlag></RuleCalFlag><FunctionType>L</FunctionType>
	</RowData>
	<RowData><ProcessDefId>4</ProcessDefId><ActivityId>47</ActivityId><RuleType>E</RuleType><RuleId>3</RuleId><OperationType>1</OperationType><Param1>scanuserdate</Param1><Type1>I</Type1><ExtObjID1>1</ExtObjID1><VariableId_1>119</VariableId_1><VarFieldId_1>0</VarFieldId_1><Param2>CreatedDateTime</Param2><Type2>S</Type2><ExtObjID2>0</ExtObjID2><VariableId_2>28</VariableId_2><VarFieldId_2>0</VarFieldId_2><Param3></Param3><Type3></Type3><ExtObjID3>0</ExtObjID3><VariableId_3>0</VariableId_3><VarFieldId_3>0</VarFieldId_3><Operator>0</Operator><OperationOrderId>1</OperationOrderId><CommentFlag>N</CommentFlag><RuleCalFlag>Y</RuleCalFlag><FunctionType>L</FunctionType>
	</RowData>
	<RowData><ProcessDefId>4</ProcessDefId><ActivityId>47</ActivityId><RuleType>E</RuleType><RuleId>3</RuleId><OperationType>1</OperationType><Param1>scanusername</Param1><Type1>I</Type1><ExtObjID1>1</ExtObjID1><VariableId_1>120</VariableId_1><VarFieldId_1>0</VarFieldId_1><Param2>CreatedByName</Param2><Type2>S</Type2><ExtObjID2>0</ExtObjID2><VariableId_2>32</VariableId_2><VarFieldId_2>0</VarFieldId_2><Param3></Param3><Type3></Type3><ExtObjID3>0</ExtObjID3><VariableId_3>0</VariableId_3><VarFieldId_3>0</VarFieldId_3><Operator>0</Operator><OperationOrderId>2</OperationOrderId><CommentFlag>N</CommentFlag><RuleCalFlag></RuleCalFlag><FunctionType>L</FunctionType>
	</RowData>
	<RowData><ProcessDefId>4</ProcessDefId><ActivityId>48</ActivityId><RuleType>X</RuleType><RuleId>1</RuleId><OperationType>4</OperationType><Param1>PreviousStage</Param1><Type1>V</Type1><ExtObjID1>0</ExtObjID1><VariableId_1>0</VariableId_1><VarFieldId_1>0</VarFieldId_1><Param2></Param2><Type2>V</Type2><ExtObjID2>0</ExtObjID2><VariableId_2>0</VariableId_2><VarFieldId_2>0</VarFieldId_2><Param3></Param3><Type3>0</Type3><ExtObjID3>0</ExtObjID3><VariableId_3>0</VariableId_3><VarFieldId_3>0</VarFieldId_3><Operator>0</Operator><OperationOrderId>1</OperationOrderId><CommentFlag>N</CommentFlag><RuleCalFlag></RuleCalFlag><FunctionType>L</FunctionType>
	</RowData>
	<RowData><ProcessDefId>4</ProcessDefId><ActivityId>49</ActivityId><RuleType>X</RuleType><RuleId>1</RuleId><OperationType>4</OperationType><Param1>PreviousStage</Param1><Type1>V</Type1><ExtObjID1>0</ExtObjID1><VariableId_1>0</VariableId_1><VarFieldId_1>0</VarFieldId_1><Param2></Param2><Type2>V</Type2><ExtObjID2>0</ExtObjID2><VariableId_2>0</VariableId_2><VarFieldId_2>0</VarFieldId_2><Param3></Param3><Type3>0</Type3><ExtObjID3>0</ExtObjID3><VariableId_3>0</VariableId_3><VarFieldId_3>0</VarFieldId_3><Operator>0</Operator><OperationOrderId>1</OperationOrderId><CommentFlag>N</CommentFlag><RuleCalFlag></RuleCalFlag><FunctionType>L</FunctionType>
	</RowData>
	<RowData><ProcessDefId>4</ProcessDefId><ActivityId>50</ActivityId><RuleType>X</RuleType><RuleId>1</RuleId><OperationType>4</OperationType><Param1>PreviousStage</Param1><Type1>V</Type1><ExtObjID1>0</ExtObjID1><VariableId_1>0</VariableId_1><VarFieldId_1>0</VarFieldId_1><Param2></Param2><Type2>V</Type2><ExtObjID2>0</ExtObjID2><VariableId_2>0</VariableId_2><VarFieldId_2>0</VarFieldId_2><Param3></Param3><Type3>0</Type3><ExtObjID3>0</ExtObjID3><VariableId_3>0</VariableId_3><VarFieldId_3>0</VarFieldId_3><Operator>0</Operator><OperationOrderId>1</OperationOrderId><CommentFlag>N</CommentFlag><RuleCalFlag></RuleCalFlag><FunctionType>L</FunctionType>
	</RowData>
	<RowData><ProcessDefId>4</ProcessDefId><ActivityId>52</ActivityId><RuleType>X</RuleType><RuleId>1</RuleId><OperationType>4</OperationType><Param1>PreviousStage</Param1><Type1>V</Type1><ExtObjID1>0</ExtObjID1><VariableId_1>0</VariableId_1><VarFieldId_1>0</VarFieldId_1><Param2></Param2><Type2>V</Type2><ExtObjID2>0</ExtObjID2><VariableId_2>0</VariableId_2><VarFieldId_2>0</VarFieldId_2><Param3></Param3><Type3>0</Type3><ExtObjID3>0</ExtObjID3><VariableId_3>0</VariableId_3><VarFieldId_3>0</VarFieldId_3><Operator>0</Operator><OperationOrderId>1</OperationOrderId><CommentFlag>N</CommentFlag><RuleCalFlag></RuleCalFlag><FunctionType>L</FunctionType>
	</RowData>
	<RowData><ProcessDefId>4</ProcessDefId><ActivityId>53</ActivityId><RuleType>X</RuleType><RuleId>1</RuleId><OperationType>4</OperationType><Param1>Discard</Param1><Type1>V</Type1><ExtObjID1>0</ExtObjID1><VariableId_1>0</VariableId_1><VarFieldId_1>0</VarFieldId_1><Param2></Param2><Type2>V</Type2><ExtObjID2>0</ExtObjID2><VariableId_2>0</VariableId_2><VarFieldId_2>0</VarFieldId_2><Param3></Param3><Type3>0</Type3><ExtObjID3>0</ExtObjID3><VariableId_3>0</VariableId_3><VarFieldId_3>0</VarFieldId_3><Operator>0</Operator><OperationOrderId>1</OperationOrderId><CommentFlag>N</CommentFlag><RuleCalFlag></RuleCalFlag><FunctionType>L</FunctionType>
	</RowData>
	<RowData><ProcessDefId>4</ProcessDefId><ActivityId>53</ActivityId><RuleType>X</RuleType><RuleId>2</RuleId><OperationType>4</OperationType><Param1>Gate Hold</Param1><Type1>V</Type1><ExtObjID1>0</ExtObjID1><VariableId_1>0</VariableId_1><VarFieldId_1>0</VarFieldId_1><Param2></Param2><Type2>V</Type2><ExtObjID2>0</ExtObjID2><VariableId_2>0</VariableId_2><VarFieldId_2>0</VarFieldId_2><Param3></Param3><Type3>0</Type3><ExtObjID3>0</ExtObjID3><VariableId_3>0</VariableId_3><VarFieldId_3>0</VarFieldId_3><Operator>0</Operator><OperationOrderId>1</OperationOrderId><CommentFlag>N</CommentFlag><RuleCalFlag></RuleCalFlag><FunctionType>L</FunctionType>
	</RowData>
	<RowData><ProcessDefId>4</ProcessDefId><ActivityId>53</ActivityId><RuleType>X</RuleType><RuleId>3</RuleId><OperationType>4</OperationType><Param1>SchedulerParking</Param1><Type1>V</Type1><ExtObjID1>0</ExtObjID1><VariableId_1>0</VariableId_1><VarFieldId_1>0</VarFieldId_1><Param2></Param2><Type2>V</Type2><ExtObjID2>0</ExtObjID2><VariableId_2>0</VariableId_2><VarFieldId_2>0</VarFieldId_2><Param3></Param3><Type3>0</Type3><ExtObjID3>0</ExtObjID3><VariableId_3>0</VariableId_3><VarFieldId_3>0</VarFieldId_3><Operator>0</Operator><OperationOrderId>1</OperationOrderId><CommentFlag>N</CommentFlag><RuleCalFlag></RuleCalFlag><FunctionType>L</FunctionType>
	</RowData>
	<RowData><ProcessDefId>4</ProcessDefId><ActivityId>53</ActivityId><RuleType>X</RuleType><RuleId>4</RuleId><OperationType>4</OperationType><Param1>Store</Param1><Type1>V</Type1><ExtObjID1>0</ExtObjID1><VariableId_1>0</VariableId_1><VarFieldId_1>0</VarFieldId_1><Param2></Param2><Type2>V</Type2><ExtObjID2>0</ExtObjID2><VariableId_2>0</VariableId_2><VarFieldId_2>0</VarFieldId_2><Param3></Param3><Type3>0</Type3><ExtObjID3>0</ExtObjID3><VariableId_3>0</VariableId_3><VarFieldId_3>0</VarFieldId_3><Operator>0</Operator><OperationOrderId>1</OperationOrderId><CommentFlag>N</CommentFlag><RuleCalFlag></RuleCalFlag><FunctionType>L</FunctionType>
	</RowData>
	<RowData><ProcessDefId>4</ProcessDefId><ActivityId>53</ActivityId><RuleType>X</RuleType><RuleId>5</RuleId><OperationType>4</OperationType><Param1>Quality</Param1><Type1>V</Type1><ExtObjID1>0</ExtObjID1><VariableId_1>0</VariableId_1><VarFieldId_1>0</VarFieldId_1><Param2></Param2><Type2>V</Type2><ExtObjID2>0</ExtObjID2><VariableId_2>0</VariableId_2><VarFieldId_2>0</VarFieldId_2><Param3></Param3><Type3>0</Type3><ExtObjID3>0</ExtObjID3><VariableId_3>0</VariableId_3><VarFieldId_3>0</VarFieldId_3><Operator>0</Operator><OperationOrderId>1</OperationOrderId><CommentFlag>N</CommentFlag><RuleCalFlag></RuleCalFlag><FunctionType>L</FunctionType>
	</RowData>
	<RowData><ProcessDefId>4</ProcessDefId><ActivityId>53</ActivityId><RuleType>X</RuleType><RuleId>6</RuleId><OperationType>4</OperationType><Param1>Discard</Param1><Type1>V</Type1><ExtObjID1>0</ExtObjID1><VariableId_1>0</VariableId_1><VarFieldId_1>0</VarFieldId_1><Param2></Param2><Type2>V</Type2><ExtObjID2>0</ExtObjID2><VariableId_2>0</VariableId_2><VarFieldId_2>0</VarFieldId_2><Param3></Param3><Type3>0</Type3><ExtObjID3>0</ExtObjID3><VariableId_3>0</VariableId_3><VarFieldId_3>0</VarFieldId_3><Operator>0</Operator><OperationOrderId>1</OperationOrderId><CommentFlag>N</CommentFlag><RuleCalFlag></RuleCalFlag><FunctionType>L</FunctionType>
	</RowData>
	<RowData><ProcessDefId>4</ProcessDefId><ActivityId>53</ActivityId><RuleType>X</RuleType><RuleId>7</RuleId><OperationType>4</OperationType><Param1>PreviousStage</Param1><Type1>V</Type1><ExtObjID1>0</ExtObjID1><VariableId_1>0</VariableId_1><VarFieldId_1>0</VarFieldId_1><Param2></Param2><Type2>V</Type2><ExtObjID2>0</ExtObjID2><VariableId_2>0</VariableId_2><VarFieldId_2>0</VarFieldId_2><Param3></Param3><Type3>0</Type3><ExtObjID3>0</ExtObjID3><VariableId_3>0</VariableId_3><VarFieldId_3>0</VarFieldId_3><Operator>0</Operator><OperationOrderId>1</OperationOrderId><CommentFlag>N</CommentFlag><RuleCalFlag></RuleCalFlag><FunctionType>L</FunctionType>
	</RowData>
	<RowData><ProcessDefId>4</ProcessDefId><ActivityId>55</ActivityId><RuleType>X</RuleType><RuleId>1</RuleId><OperationType>4</OperationType><Param1>Accounts</Param1><Type1>V</Type1><ExtObjID1>0</ExtObjID1><VariableId_1>0</VariableId_1><VarFieldId_1>0</VarFieldId_1><Param2></Param2><Type2>V</Type2><ExtObjID2>0</ExtObjID2><VariableId_2>0</VariableId_2><VarFieldId_2>0</VarFieldId_2><Param3></Param3><Type3>0</Type3><ExtObjID3>0</ExtObjID3><VariableId_3>0</VariableId_3><VarFieldId_3>0</VarFieldId_3><Operator>0</Operator><OperationOrderId>1</OperationOrderId><CommentFlag>N</CommentFlag><RuleCalFlag></RuleCalFlag><FunctionType>L</FunctionType>
	</RowData>
	<RowData><ProcessDefId>4</ProcessDefId><ActivityId>55</ActivityId><RuleType>X</RuleType><RuleId>2</RuleId><OperationType>4</OperationType><Param1>DMS Adapter</Param1><Type1>V</Type1><ExtObjID1>0</ExtObjID1><VariableId_1>0</VariableId_1><VarFieldId_1>0</VarFieldId_1><Param2></Param2><Type2>V</Type2><ExtObjID2>0</ExtObjID2><VariableId_2>0</VariableId_2><VarFieldId_2>0</VarFieldId_2><Param3></Param3><Type3>0</Type3><ExtObjID3>0</ExtObjID3><VariableId_3>0</VariableId_3><VarFieldId_3>0</VarFieldId_3><Operator>0</Operator><OperationOrderId>1</OperationOrderId><CommentFlag>N</CommentFlag><RuleCalFlag></RuleCalFlag><FunctionType>L</FunctionType>
	</RowData>
	<RowData><ProcessDefId>4</ProcessDefId><ActivityId>55</ActivityId><RuleType>X</RuleType><RuleId>3</RuleId><OperationType>4</OperationType><Param1>PreviousStage</Param1><Type1>V</Type1><ExtObjID1>0</ExtObjID1><VariableId_1>0</VariableId_1><VarFieldId_1>0</VarFieldId_1><Param2></Param2><Type2>V</Type2><ExtObjID2>0</ExtObjID2><VariableId_2>0</VariableId_2><VarFieldId_2>0</VarFieldId_2><Param3></Param3><Type3>0</Type3><ExtObjID3>0</ExtObjID3><VariableId_3>0</VariableId_3><VarFieldId_3>0</VarFieldId_3><Operator>0</Operator><OperationOrderId>1</OperationOrderId><CommentFlag>N</CommentFlag><RuleCalFlag></RuleCalFlag><FunctionType>L</FunctionType>
	</RowData>
	<RowData><ProcessDefId>4</ProcessDefId><ActivityId>59</ActivityId><RuleType>E</RuleType><RuleId>1</RuleId><OperationType>1</OperationType><Param1>processid</Param1><Type1>I</Type1><ExtObjID1>1</ExtObjID1><VariableId_1>82</VariableId_1><VarFieldId_1>0</VarFieldId_1><Param2>WorkItemName</Param2><Type2>S</Type2><ExtObjID2>0</ExtObjID2><VariableId_2>31</VariableId_2><VarFieldId_2>0</VarFieldId_2><Param3></Param3><Type3></Type3><ExtObjID3>0</ExtObjID3><VariableId_3>0</VariableId_3><VarFieldId_3>0</VarFieldId_3><Operator>0</Operator><OperationOrderId>1</OperationOrderId><CommentFlag>N</CommentFlag><RuleCalFlag></RuleCalFlag><FunctionType>L</FunctionType>
	</RowData>
	<RowData><ProcessDefId>4</ProcessDefId><ActivityId>62</ActivityId><RuleType>X</RuleType><RuleId>1</RuleId><OperationType>4</OperationType><Param1>Discard</Param1><Type1>V</Type1><ExtObjID1>0</ExtObjID1><VariableId_1>0</VariableId_1><VarFieldId_1>0</VarFieldId_1><Param2></Param2><Type2>V</Type2><ExtObjID2>0</ExtObjID2><VariableId_2>0</VariableId_2><VarFieldId_2>0</VarFieldId_2><Param3></Param3><Type3>0</Type3><ExtObjID3>0</ExtObjID3><VariableId_3>0</VariableId_3><VarFieldId_3>0</VarFieldId_3><Operator>0</Operator><OperationOrderId>1</OperationOrderId><CommentFlag>N</CommentFlag><RuleCalFlag></RuleCalFlag><FunctionType>L</FunctionType>
	</RowData>
	<RowData><ProcessDefId>4</ProcessDefId><ActivityId>62</ActivityId><RuleType>X</RuleType><RuleId>2</RuleId><OperationType>4</OperationType><Param1>Audit</Param1><Type1>V</Type1><ExtObjID1>0</ExtObjID1><VariableId_1>0</VariableId_1><VarFieldId_1>0</VarFieldId_1><Param2></Param2><Type2>V</Type2><ExtObjID2>0</ExtObjID2><VariableId_2>0</VariableId_2><VarFieldId_2>0</VarFieldId_2><Param3></Param3><Type3>0</Type3><ExtObjID3>0</ExtObjID3><VariableId_3>0</VariableId_3><VarFieldId_3>0</VarFieldId_3><Operator>0</Operator><OperationOrderId>1</OperationOrderId><CommentFlag>N</CommentFlag><RuleCalFlag></RuleCalFlag><FunctionType>L</FunctionType>
	</RowData>
	<RowData><ProcessDefId>4</ProcessDefId><ActivityId>62</ActivityId><RuleType>X</RuleType><RuleId>3</RuleId><OperationType>4</OperationType><Param1>Accounts</Param1><Type1>V</Type1><ExtObjID1>0</ExtObjID1><VariableId_1>0</VariableId_1><VarFieldId_1>0</VarFieldId_1><Param2></Param2><Type2>V</Type2><ExtObjID2>0</ExtObjID2><VariableId_2>0</VariableId_2><VarFieldId_2>0</VarFieldId_2><Param3></Param3><Type3>0</Type3><ExtObjID3>0</ExtObjID3><VariableId_3>0</VariableId_3><VarFieldId_3>0</VarFieldId_3><Operator>0</Operator><OperationOrderId>1</OperationOrderId><CommentFlag>N</CommentFlag><RuleCalFlag></RuleCalFlag><FunctionType>L</FunctionType>
	</RowData>
	<RowData><ProcessDefId>4</ProcessDefId><ActivityId>64</ActivityId><RuleType>X</RuleType><RuleId>1</RuleId><OperationType>4</OperationType><Param1>Discard</Param1><Type1>V</Type1><ExtObjID1>0</ExtObjID1><VariableId_1>0</VariableId_1><VarFieldId_1>0</VarFieldId_1><Param2></Param2><Type2>V</Type2><ExtObjID2>0</ExtObjID2><VariableId_2>0</VariableId_2><VarFieldId_2>0</VarFieldId_2><Param3></Param3><Type3>0</Type3><ExtObjID3>0</ExtObjID3><VariableId_3>0</VariableId_3><VarFieldId_3>0</VarFieldId_3><Operator>0</Operator><OperationOrderId>1</OperationOrderId><CommentFlag>N</CommentFlag><RuleCalFlag></RuleCalFlag><FunctionType>L</FunctionType>
	</RowData>
	<RowData><ProcessDefId>4</ProcessDefId><ActivityId>64</ActivityId><RuleType>X</RuleType><RuleId>2</RuleId><OperationType>4</OperationType><Param1>Finance</Param1><Type1>V</Type1><ExtObjID1>0</ExtObjID1><VariableId_1>0</VariableId_1><VarFieldId_1>0</VarFieldId_1><Param2></Param2><Type2>V</Type2><ExtObjID2>0</ExtObjID2><VariableId_2>0</VariableId_2><VarFieldId_2>0</VarFieldId_2><Param3></Param3><Type3>0</Type3><ExtObjID3>0</ExtObjID3><VariableId_3>0</VariableId_3><VarFieldId_3>0</VarFieldId_3><Operator>0</Operator><OperationOrderId>1</OperationOrderId><CommentFlag>N</CommentFlag><RuleCalFlag></RuleCalFlag><FunctionType>L</FunctionType>
	</RowData>
	<RowData><ProcessDefId>4</ProcessDefId><ActivityId>64</ActivityId><RuleType>X</RuleType><RuleId>3</RuleId><OperationType>4</OperationType><Param1>PreviousStage</Param1><Type1>V</Type1><ExtObjID1>0</ExtObjID1><VariableId_1>0</VariableId_1><VarFieldId_1>0</VarFieldId_1><Param2></Param2><Type2>V</Type2><ExtObjID2>0</ExtObjID2><VariableId_2>0</VariableId_2><VarFieldId_2>0</VarFieldId_2><Param3></Param3><Type3>0</Type3><ExtObjID3>0</ExtObjID3><VariableId_3>0</VariableId_3><VarFieldId_3>0</VarFieldId_3><Operator>0</Operator><OperationOrderId>1</OperationOrderId><CommentFlag>N</CommentFlag><RuleCalFlag></RuleCalFlag><FunctionType>L</FunctionType>
	</RowData>
	<RowData><ProcessDefId>4</ProcessDefId><ActivityId>68</ActivityId><RuleType>X</RuleType><RuleId>1</RuleId><OperationType>4</OperationType><Param1>Audit</Param1><Type1>V</Type1><ExtObjID1>0</ExtObjID1><VariableId_1>0</VariableId_1><VarFieldId_1>0</VarFieldId_1><Param2></Param2><Type2>V</Type2><ExtObjID2>0</ExtObjID2><VariableId_2>0</VariableId_2><VarFieldId_2>0</VarFieldId_2><Param3></Param3><Type3>0</Type3><ExtObjID3>0</ExtObjID3><VariableId_3>0</VariableId_3><VarFieldId_3>0</VarFieldId_3><Operator>0</Operator><OperationOrderId>1</OperationOrderId><CommentFlag>N</CommentFlag><RuleCalFlag></RuleCalFlag><FunctionType>L</FunctionType>
	</RowData>
	<RowData><ProcessDefId>4</ProcessDefId><ActivityId>68</ActivityId><RuleType>X</RuleType><RuleId>2</RuleId><OperationType>4</OperationType><Param1>PostingException</Param1><Type1>V</Type1><ExtObjID1>0</ExtObjID1><VariableId_1>0</VariableId_1><VarFieldId_1>0</VarFieldId_1><Param2></Param2><Type2>V</Type2><ExtObjID2>0</ExtObjID2><VariableId_2>0</VariableId_2><VarFieldId_2>0</VarFieldId_2><Param3></Param3><Type3>0</Type3><ExtObjID3>0</ExtObjID3><VariableId_3>0</VariableId_3><VarFieldId_3>0</VarFieldId_3><Operator>0</Operator><OperationOrderId>1</OperationOrderId><CommentFlag>N</CommentFlag><RuleCalFlag></RuleCalFlag><FunctionType>L</FunctionType>
	</RowData>
	<RowData><ProcessDefId>4</ProcessDefId><ActivityId>68</ActivityId><RuleType>X</RuleType><RuleId>3</RuleId><OperationType>4</OperationType><Param1>PreviousStage</Param1><Type1>V</Type1><ExtObjID1>0</ExtObjID1><VariableId_1>0</VariableId_1><VarFieldId_1>0</VarFieldId_1><Param2></Param2><Type2>V</Type2><ExtObjID2>0</ExtObjID2><VariableId_2>0</VariableId_2><VarFieldId_2>0</VarFieldId_2><Param3></Param3><Type3>0</Type3><ExtObjID3>0</ExtObjID3><VariableId_3>0</VariableId_3><VarFieldId_3>0</VarFieldId_3><Operator>0</Operator><OperationOrderId>1</OperationOrderId><CommentFlag>N</CommentFlag><RuleCalFlag></RuleCalFlag><FunctionType>L</FunctionType>
	</RowData>
	<RowData><ProcessDefId>4</ProcessDefId><ActivityId>69</ActivityId><RuleType>X</RuleType><RuleId>1</RuleId><OperationType>4</OperationType><Param1>ParkingException</Param1><Type1>V</Type1><ExtObjID1>0</ExtObjID1><VariableId_1>0</VariableId_1><VarFieldId_1>0</VarFieldId_1><Param2></Param2><Type2>V</Type2><ExtObjID2>0</ExtObjID2><VariableId_2>0</VariableId_2><VarFieldId_2>0</VarFieldId_2><Param3></Param3><Type3>0</Type3><ExtObjID3>0</ExtObjID3><VariableId_3>0</VariableId_3><VarFieldId_3>0</VarFieldId_3><Operator>0</Operator><OperationOrderId>1</OperationOrderId><CommentFlag>N</CommentFlag><RuleCalFlag></RuleCalFlag><FunctionType>L</FunctionType>
	</RowData>
	<RowData><ProcessDefId>4</ProcessDefId><ActivityId>69</ActivityId><RuleType>X</RuleType><RuleId>2</RuleId><OperationType>4</OperationType><Param1>Finance</Param1><Type1>V</Type1><ExtObjID1>0</ExtObjID1><VariableId_1>0</VariableId_1><VarFieldId_1>0</VarFieldId_1><Param2></Param2><Type2>V</Type2><ExtObjID2>0</ExtObjID2><VariableId_2>0</VariableId_2><VarFieldId_2>0</VarFieldId_2><Param3></Param3><Type3>0</Type3><ExtObjID3>0</ExtObjID3><VariableId_3>0</VariableId_3><VarFieldId_3>0</VarFieldId_3><Operator>0</Operator><OperationOrderId>1</OperationOrderId><CommentFlag>N</CommentFlag><RuleCalFlag></RuleCalFlag><FunctionType>L</FunctionType>
	</RowData>
	<RowData><ProcessDefId>4</ProcessDefId><ActivityId>69</ActivityId><RuleType>X</RuleType><RuleId>3</RuleId><OperationType>4</OperationType><Param1>Finance</Param1><Type1>V</Type1><ExtObjID1>0</ExtObjID1><VariableId_1>0</VariableId_1><VarFieldId_1>0</VarFieldId_1><Param2></Param2><Type2>V</Type2><ExtObjID2>0</ExtObjID2><VariableId_2>0</VariableId_2><VarFieldId_2>0</VarFieldId_2><Param3></Param3><Type3>0</Type3><ExtObjID3>0</ExtObjID3><VariableId_3>0</VariableId_3><VarFieldId_3>0</VarFieldId_3><Operator>0</Operator><OperationOrderId>1</OperationOrderId><CommentFlag>N</CommentFlag><RuleCalFlag></RuleCalFlag><FunctionType>L</FunctionType>
	</RowData>
	<RowData><ProcessDefId>4</ProcessDefId><ActivityId>69</ActivityId><RuleType>X</RuleType><RuleId>4</RuleId><OperationType>4</OperationType><Param1>Finance</Param1><Type1>V</Type1><ExtObjID1>0</ExtObjID1><VariableId_1>0</VariableId_1><VarFieldId_1>0</VarFieldId_1><Param2></Param2><Type2>V</Type2><ExtObjID2>0</ExtObjID2><VariableId_2>0</VariableId_2><VarFieldId_2>0</VarFieldId_2><Param3></Param3><Type3>0</Type3><ExtObjID3>0</ExtObjID3><VariableId_3>0</VariableId_3><VarFieldId_3>0</VarFieldId_3><Operator>0</Operator><OperationOrderId>1</OperationOrderId><CommentFlag>N</CommentFlag><RuleCalFlag></RuleCalFlag><FunctionType>L</FunctionType>
	</RowData>
	<RowData><ProcessDefId>4</ProcessDefId><ActivityId>69</ActivityId><RuleType>X</RuleType><RuleId>5</RuleId><OperationType>4</OperationType><Param1>Finance</Param1><Type1>V</Type1><ExtObjID1>0</ExtObjID1><VariableId_1>0</VariableId_1><VarFieldId_1>0</VarFieldId_1><Param2></Param2><Type2>V</Type2><ExtObjID2>0</ExtObjID2><VariableId_2>0</VariableId_2><VarFieldId_2>0</VarFieldId_2><Param3></Param3><Type3>0</Type3><ExtObjID3>0</ExtObjID3><VariableId_3>0</VariableId_3><VarFieldId_3>0</VarFieldId_3><Operator>0</Operator><OperationOrderId>1</OperationOrderId><CommentFlag>N</CommentFlag><RuleCalFlag></RuleCalFlag><FunctionType>L</FunctionType>
	</RowData>
	<RowData><ProcessDefId>4</ProcessDefId><ActivityId>69</ActivityId><RuleType>X</RuleType><RuleId>6</RuleId><OperationType>4</OperationType><Param1>Finance</Param1><Type1>V</Type1><ExtObjID1>0</ExtObjID1><VariableId_1>0</VariableId_1><VarFieldId_1>0</VarFieldId_1><Param2></Param2><Type2>V</Type2><ExtObjID2>0</ExtObjID2><VariableId_2>0</VariableId_2><VarFieldId_2>0</VarFieldId_2><Param3></Param3><Type3>0</Type3><ExtObjID3>0</ExtObjID3><VariableId_3>0</VariableId_3><VarFieldId_3>0</VarFieldId_3><Operator>0</Operator><OperationOrderId>1</OperationOrderId><CommentFlag>N</CommentFlag><RuleCalFlag></RuleCalFlag><FunctionType>L</FunctionType>
	</RowData>
	<RowData><ProcessDefId>4</ProcessDefId><ActivityId>69</ActivityId><RuleType>X</RuleType><RuleId>7</RuleId><OperationType>4</OperationType><Param1>SchedulerPosting</Param1><Type1>V</Type1><ExtObjID1>0</ExtObjID1><VariableId_1>0</VariableId_1><VarFieldId_1>0</VarFieldId_1><Param2></Param2><Type2>V</Type2><ExtObjID2>0</ExtObjID2><VariableId_2>0</VariableId_2><VarFieldId_2>0</VarFieldId_2><Param3></Param3><Type3>0</Type3><ExtObjID3>0</ExtObjID3><VariableId_3>0</VariableId_3><VarFieldId_3>0</VarFieldId_3><Operator>0</Operator><OperationOrderId>1</OperationOrderId><CommentFlag>N</CommentFlag><RuleCalFlag></RuleCalFlag><FunctionType>L</FunctionType>
	</RowData>
	<RowData><ProcessDefId>4</ProcessDefId><ActivityId>69</ActivityId><RuleType>X</RuleType><RuleId>8</RuleId><OperationType>4</OperationType><Param1>PreviousStage</Param1><Type1>V</Type1><ExtObjID1>0</ExtObjID1><VariableId_1>0</VariableId_1><VarFieldId_1>0</VarFieldId_1><Param2></Param2><Type2>V</Type2><ExtObjID2>0</ExtObjID2><VariableId_2>0</VariableId_2><VarFieldId_2>0</VarFieldId_2><Param3></Param3><Type3>0</Type3><ExtObjID3>0</ExtObjID3><VariableId_3>0</VariableId_3><VarFieldId_3>0</VarFieldId_3><Operator>0</Operator><OperationOrderId>1</OperationOrderId><CommentFlag>N</CommentFlag><RuleCalFlag></RuleCalFlag><FunctionType>L</FunctionType>
	</RowData>
	<RowData><ProcessDefId>4</ProcessDefId><ActivityId>72</ActivityId><RuleType>X</RuleType><RuleId>1</RuleId><OperationType>4</OperationType><Param1>Discard</Param1><Type1>V</Type1><ExtObjID1>0</ExtObjID1><VariableId_1>0</VariableId_1><VarFieldId_1>0</VarFieldId_1><Param2></Param2><Type2>V</Type2><ExtObjID2>0</ExtObjID2><VariableId_2>0</VariableId_2><VarFieldId_2>0</VarFieldId_2><Param3></Param3><Type3>0</Type3><ExtObjID3>0</ExtObjID3><VariableId_3>0</VariableId_3><VarFieldId_3>0</VarFieldId_3><Operator>0</Operator><OperationOrderId>1</OperationOrderId><CommentFlag>N</CommentFlag><RuleCalFlag></RuleCalFlag><FunctionType>L</FunctionType>
	</RowData>
	<RowData><ProcessDefId>4</ProcessDefId><ActivityId>72</ActivityId><RuleType>X</RuleType><RuleId>2</RuleId><OperationType>4</OperationType><Param1>Store</Param1><Type1>V</Type1><ExtObjID1>0</ExtObjID1><VariableId_1>0</VariableId_1><VarFieldId_1>0</VarFieldId_1><Param2></Param2><Type2>V</Type2><ExtObjID2>0</ExtObjID2><VariableId_2>0</VariableId_2><VarFieldId_2>0</VarFieldId_2><Param3></Param3><Type3>0</Type3><ExtObjID3>0</ExtObjID3><VariableId_3>0</VariableId_3><VarFieldId_3>0</VarFieldId_3><Operator>0</Operator><OperationOrderId>1</OperationOrderId><CommentFlag>N</CommentFlag><RuleCalFlag></RuleCalFlag><FunctionType>L</FunctionType>
	</RowData>
	<RowData><ProcessDefId>4</ProcessDefId><ActivityId>72</ActivityId><RuleType>X</RuleType><RuleId>3</RuleId><OperationType>4</OperationType><Param1>Finance</Param1><Type1>V</Type1><ExtObjID1>0</ExtObjID1><VariableId_1>0</VariableId_1><VarFieldId_1>0</VarFieldId_1><Param2></Param2><Type2>V</Type2><ExtObjID2>0</ExtObjID2><VariableId_2>0</VariableId_2><VarFieldId_2>0</VarFieldId_2><Param3></Param3><Type3>0</Type3><ExtObjID3>0</ExtObjID3><VariableId_3>0</VariableId_3><VarFieldId_3>0</VarFieldId_3><Operator>0</Operator><OperationOrderId>1</OperationOrderId><CommentFlag>N</CommentFlag><RuleCalFlag></RuleCalFlag><FunctionType>L</FunctionType>
	</RowData>
	<RowData><ProcessDefId>4</ProcessDefId><ActivityId>72</ActivityId><RuleType>X</RuleType><RuleId>4</RuleId><OperationType>4</OperationType><Param1>SchedulerParking</Param1><Type1>V</Type1><ExtObjID1>0</ExtObjID1><VariableId_1>0</VariableId_1><VarFieldId_1>0</VarFieldId_1><Param2></Param2><Type2>V</Type2><ExtObjID2>0</ExtObjID2><VariableId_2>0</VariableId_2><VarFieldId_2>0</VarFieldId_2><Param3></Param3><Type3>0</Type3><ExtObjID3>0</ExtObjID3><VariableId_3>0</VariableId_3><VarFieldId_3>0</VarFieldId_3><Operator>0</Operator><OperationOrderId>1</OperationOrderId><CommentFlag>N</CommentFlag><RuleCalFlag></RuleCalFlag><FunctionType>L</FunctionType>
	</RowData>
	<RowData><ProcessDefId>4</ProcessDefId><ActivityId>72</ActivityId><RuleType>X</RuleType><RuleId>5</RuleId><OperationType>4</OperationType><Param1>PreviousStage</Param1><Type1>V</Type1><ExtObjID1>0</ExtObjID1><VariableId_1>0</VariableId_1><VarFieldId_1>0</VarFieldId_1><Param2></Param2><Type2>V</Type2><ExtObjID2>0</ExtObjID2><VariableId_2>0</VariableId_2><VarFieldId_2>0</VarFieldId_2><Param3></Param3><Type3>0</Type3><ExtObjID3>0</ExtObjID3><VariableId_3>0</VariableId_3><VarFieldId_3>0</VarFieldId_3><Operator>0</Operator><OperationOrderId>1</OperationOrderId><CommentFlag>N</CommentFlag><RuleCalFlag></RuleCalFlag><FunctionType>L</FunctionType>
	</RowData>
	<RowData><ProcessDefId>4</ProcessDefId><ActivityId>73</ActivityId><RuleType>X</RuleType><RuleId>1</RuleId><OperationType>4</OperationType><Param1>Audit</Param1><Type1>V</Type1><ExtObjID1>0</ExtObjID1><VariableId_1>0</VariableId_1><VarFieldId_1>0</VarFieldId_1><Param2></Param2><Type2>V</Type2><ExtObjID2>0</ExtObjID2><VariableId_2>0</VariableId_2><VarFieldId_2>0</VarFieldId_2><Param3></Param3><Type3>0</Type3><ExtObjID3>0</ExtObjID3><VariableId_3>0</VariableId_3><VarFieldId_3>0</VarFieldId_3><Operator>0</Operator><OperationOrderId>1</OperationOrderId><CommentFlag>N</CommentFlag><RuleCalFlag></RuleCalFlag><FunctionType>L</FunctionType>
	</RowData>
	<RowData><ProcessDefId>4</ProcessDefId><ActivityId>73</ActivityId><RuleType>X</RuleType><RuleId>2</RuleId><OperationType>4</OperationType><Param1>Discard</Param1><Type1>V</Type1><ExtObjID1>0</ExtObjID1><VariableId_1>0</VariableId_1><VarFieldId_1>0</VarFieldId_1><Param2></Param2><Type2>V</Type2><ExtObjID2>0</ExtObjID2><VariableId_2>0</VariableId_2><VarFieldId_2>0</VarFieldId_2><Param3></Param3><Type3>0</Type3><ExtObjID3>0</ExtObjID3><VariableId_3>0</VariableId_3><VarFieldId_3>0</VarFieldId_3><Operator>0</Operator><OperationOrderId>1</OperationOrderId><CommentFlag>N</CommentFlag><RuleCalFlag></RuleCalFlag><FunctionType>L</FunctionType>
	</RowData>
	<RowData><ProcessDefId>4</ProcessDefId><ActivityId>73</ActivityId><RuleType>X</RuleType><RuleId>3</RuleId><OperationType>4</OperationType><Param1>PreviousStage</Param1><Type1>V</Type1><ExtObjID1>0</ExtObjID1><VariableId_1>0</VariableId_1><VarFieldId_1>0</VarFieldId_1><Param2></Param2><Type2>V</Type2><ExtObjID2>0</ExtObjID2><VariableId_2>0</VariableId_2><VarFieldId_2>0</VarFieldId_2><Param3></Param3><Type3>0</Type3><ExtObjID3>0</ExtObjID3><VariableId_3>0</VariableId_3><VarFieldId_3>0</VarFieldId_3><Operator>0</Operator><OperationOrderId>1</OperationOrderId><CommentFlag>N</CommentFlag><RuleCalFlag></RuleCalFlag><FunctionType>L</FunctionType>
	</RowData>
</PMWRuleOperationTable>