<PMWSAPGUIDefTable>
	<RowData><ProcessDefId>4</ProcessDefId><DefinitionId>1</DefinitionId><DefinitionName>Movement_MIGO</DefinitionName><SAPTCode>MIGO</SAPTCode><TCodeType>C</TCodeType><VariableId>0</VariableId><VarFieldId>0</VarFieldId>
	</RowData>
	<RowData><ProcessDefId>4</ProcessDefId><DefinitionId>2</DefinitionId><DefinitionName>ME21</DefinitionName><SAPTCode>ME21</SAPTCode><TCodeType>C</TCodeType><VariableId>0</VariableId><VarFieldId>0</VarFieldId>
	</RowData>
	<RowData><ProcessDefId>4</ProcessDefId><DefinitionId>3</DefinitionId><DefinitionName>QA32</DefinitionName><SAPTCode>QA32</SAPTCode><TCodeType>C</TCodeType><VariableId>0</VariableId><VarFieldId>0</VarFieldId>
	</RowData>
	<RowData><ProcessDefId>4</ProcessDefId><DefinitionId>4</DefinitionId><DefinitionName>MIR7</DefinitionName><SAPTCode>MIR7</SAPTCode><TCodeType>C</TCodeType><VariableId>0</VariableId><VarFieldId>0</VarFieldId>
	</RowData>
	<RowData><ProcessDefId>4</ProcessDefId><DefinitionId>5</DefinitionId><DefinitionName>MIRO</DefinitionName><SAPTCode>MIRO</SAPTCode><TCodeType>C</TCodeType><VariableId>0</VariableId><VarFieldId>0</VarFieldId>
	</RowData>
	<RowData><ProcessDefId>4</ProcessDefId><DefinitionId>6</DefinitionId><DefinitionName>ML81N</DefinitionName><SAPTCode>ML81N</SAPTCode><TCodeType>C</TCodeType><VariableId>0</VariableId><VarFieldId>0</VarFieldId>
	</RowData>
	<RowData><ProcessDefId>4</ProcessDefId><DefinitionId>7</DefinitionId><DefinitionName>FBV0</DefinitionName><SAPTCode>FBV0</SAPTCode><TCodeType>C</TCodeType><VariableId>0</VariableId><VarFieldId>0</VarFieldId>
	</RowData>
	<RowData><ProcessDefId>4</ProcessDefId><DefinitionId>8</DefinitionId><DefinitionName>ASN_MIGO</DefinitionName><SAPTCode>MIGO</SAPTCode><TCodeType>C</TCodeType><VariableId>0</VariableId><VarFieldId>0</VarFieldId>
	</RowData>
	<RowData><ProcessDefId>4</ProcessDefId><DefinitionId>9</DefinitionId><DefinitionName>Display_MIGO</DefinitionName><SAPTCode>MIGO</SAPTCode><TCodeType>C</TCodeType><VariableId>0</VariableId><VarFieldId>0</VarFieldId>
	</RowData>
</PMWSAPGUIDefTable>