<PMWSearchVariableTable>
	<RowData><ProcessDefID>4</ProcessDefID><ActivityID>44</ActivityID><FieldName>InvoiceDate</FieldName><Scope>C</Scope><OrderID>1</OrderID><VariableId>85</VariableId>
	</RowData>
	<RowData><ProcessDefID>4</ProcessDefID><ActivityID>44</ActivityID><FieldName>InvoiceNumber</FieldName><Scope>C</Scope><OrderID>2</OrderID><VariableId>22</VariableId>
	</RowData>
	<RowData><ProcessDefID>4</ProcessDefID><ActivityID>44</ActivityID><FieldName>InvoiceNumber</FieldName><Scope>R</Scope><OrderID>1</OrderID><VariableId>22</VariableId>
	</RowData>
	<RowData><ProcessDefID>4</ProcessDefID><ActivityID>44</ActivityID><FieldName>ProfitCenter</FieldName><Scope>C</Scope><OrderID>4</OrderID><VariableId>149</VariableId>
	</RowData>
	<RowData><ProcessDefID>4</ProcessDefID><ActivityID>44</ActivityID><FieldName>PurchaseOrderNo</FieldName><Scope>C</Scope><OrderID>3</OrderID><VariableId>92</VariableId>
	</RowData>
	<RowData><ProcessDefID>4</ProcessDefID><ActivityID>44</ActivityID><FieldName>PurchaseOrderNo</FieldName><Scope>R</Scope><OrderID>2</OrderID><VariableId>92</VariableId>
	</RowData>
	<RowData><ProcessDefID>4</ProcessDefID><ActivityID>44</ActivityID><FieldName>vendor_code</FieldName><Scope>C</Scope><OrderID>5</OrderID><VariableId>63</VariableId>
	</RowData>
	<RowData><ProcessDefID>4</ProcessDefID><ActivityID>44</ActivityID><FieldName>vendor_code</FieldName><Scope>R</Scope><OrderID>3</OrderID><VariableId>63</VariableId>
	</RowData>
	<RowData><ProcessDefID>4</ProcessDefID><ActivityID>44</ActivityID><FieldName>vendor_name</FieldName><Scope>C</Scope><OrderID>6</OrderID><VariableId>73</VariableId>
	</RowData>
	<RowData><ProcessDefID>4</ProcessDefID><ActivityID>44</ActivityID><FieldName>vendor_name</FieldName><Scope>R</Scope><OrderID>4</OrderID><VariableId>73</VariableId>
	</RowData>
</PMWSearchVariableTable>