<PMWSAPGUIAssocTable>
	<RowData><ProcessDefId>4</ProcessDefId><ActivityId>7</ActivityId><DefinitionId>1</DefinitionId><Coordinates>Y,0,0,0,0</Coordinates><ConfigurationID>1</ConfigurationID>
	</RowData>
	<RowData><ProcessDefId>4</ProcessDefId><ActivityId>7</ActivityId><DefinitionId>8</DefinitionId><Coordinates>Y,0,0,0,0</Coordinates><ConfigurationID>1</ConfigurationID>
	</RowData>
	<RowData><ProcessDefId>4</ProcessDefId><ActivityId>7</ActivityId><DefinitionId>9</DefinitionId><Coordinates>Y,0,0,0,0</Coordinates><ConfigurationID>1</ConfigurationID>
	</RowData>
	<RowData><ProcessDefId>4</ProcessDefId><ActivityId>14</ActivityId><DefinitionId>1</DefinitionId><Coordinates>Y,0,0,0,0</Coordinates><ConfigurationID>1</ConfigurationID>
	</RowData>
	<RowData><ProcessDefId>4</ProcessDefId><ActivityId>14</ActivityId><DefinitionId>8</DefinitionId><Coordinates>Y,0,0,0,0</Coordinates><ConfigurationID>1</ConfigurationID>
	</RowData>
	<RowData><ProcessDefId>4</ProcessDefId><ActivityId>20</ActivityId><DefinitionId>3</DefinitionId><Coordinates>Y,0,0,0,0</Coordinates><ConfigurationID>1</ConfigurationID>
	</RowData>
	<RowData><ProcessDefId>4</ProcessDefId><ActivityId>30</ActivityId><DefinitionId>7</DefinitionId><Coordinates>Y,0,0,0,0</Coordinates><ConfigurationID>1</ConfigurationID>
	</RowData>
	<RowData><ProcessDefId>4</ProcessDefId><ActivityId>42</ActivityId><DefinitionId>7</DefinitionId><Coordinates>Y,0,0,0,0</Coordinates><ConfigurationID>1</ConfigurationID>
	</RowData>
</PMWSAPGUIAssocTable>