<PMWTypeDescTable>
	<RowData><ProcessDefId>4</ProcessDefId><TypeId>1</TypeId><TypeName>complex_polineitem</TypeName><ExtensionTypeId>-1</ExtensionTypeId>
	</RowData>
	<RowData><ProcessDefId>4</ProcessDefId><TypeId>2</TypeId><TypeName>complex_orient_poitem</TypeName><ExtensionTypeId>-1</ExtensionTypeId>
	</RowData>
	<RowData><ProcessDefId>4</ProcessDefId><TypeId>3</TypeId><TypeName>complex_orient_po_lineitem</TypeName><ExtensionTypeId>-1</ExtensionTypeId>
	</RowData>
	<RowData><ProcessDefId>4</ProcessDefId><TypeId>4</TypeId><TypeName>complex_pohistory</TypeName><ExtensionTypeId>-1</ExtensionTypeId>
	</RowData>
	<RowData><ProcessDefId>4</ProcessDefId><TypeId>5</TypeId><TypeName>complex_orient_po_item</TypeName><ExtensionTypeId>-1</ExtensionTypeId>
	</RowData>
	<RowData><ProcessDefId>4</ProcessDefId><TypeId>6</TypeId><TypeName>complex_orient_poitem_history</TypeName><ExtensionTypeId>-1</ExtensionTypeId>
	</RowData>
	<RowData><ProcessDefId>4</ProcessDefId><TypeId>7</TypeId><TypeName>complex_orient_pr_item</TypeName><ExtensionTypeId>-1</ExtensionTypeId>
	</RowData>
	<RowData><ProcessDefId>4</ProcessDefId><TypeId>8</TypeId><TypeName>complex_orient_invoice_item</TypeName><ExtensionTypeId>-1</ExtensionTypeId>
	</RowData>
	<RowData><ProcessDefId>4</ProcessDefId><TypeId>9</TypeId><TypeName>complex_orient_entry_service</TypeName><ExtensionTypeId>-1</ExtensionTypeId>
	</RowData>
	<RowData><ProcessDefId>4</ProcessDefId><TypeId>11</TypeId><TypeName>complex_orient_acc_assignment</TypeName><ExtensionTypeId>-1</ExtensionTypeId>
	</RowData>
	<RowData><ProcessDefId>4</ProcessDefId><TypeId>12</TypeId><TypeName>complex_orient_serviceapproval</TypeName><ExtensionTypeId>-1</ExtensionTypeId>
	</RowData>
	<RowData><ProcessDefId>4</ProcessDefId><TypeId>14</TypeId><TypeName>complex_orient_service_itemsel</TypeName><ExtensionTypeId>-1</ExtensionTypeId>
	</RowData>
	<RowData><ProcessDefId>4</ProcessDefId><TypeId>15</TypeId><TypeName>complex_orient_multiplepo</TypeName><ExtensionTypeId>-1</ExtensionTypeId>
	</RowData>
	<RowData><ProcessDefId>4</ProcessDefId><TypeId>16</TypeId><TypeName>complex_exception_details</TypeName><ExtensionTypeId>-1</ExtensionTypeId>
	</RowData>
</PMWTypeDescTable>