<PMWTypeDefTable_4>
	<RowData><ProcessDefId>4</ProcessDefId><ParentTypeId>7</ParentTypeId><TypeFieldId>117</TypeFieldId><FieldName>SC_VENDOR</FieldName><WFType>10</WFType><TypeId>0</TypeId><Unbounded>N</Unbounded><ExtensionTypeId>0</ExtensionTypeId>
	</RowData>
	<RowData><ProcessDefId>4</ProcessDefId><ParentTypeId>7</ParentTypeId><TypeFieldId>118</TypeFieldId><FieldName>CONF_MATL</FieldName><WFType>10</WFType><TypeId>0</TypeId><Unbounded>N</Unbounded><ExtensionTypeId>0</ExtensionTypeId>
	</RowData>
	<RowData><ProcessDefId>4</ProcessDefId><ParentTypeId>7</ParentTypeId><TypeFieldId>119</TypeFieldId><FieldName>MAT_CAT</FieldName><WFType>10</WFType><TypeId>0</TypeId><Unbounded>N</Unbounded><ExtensionTypeId>0</ExtensionTypeId>
	</RowData>
	<RowData><ProcessDefId>4</ProcessDefId><ParentTypeId>7</ParentTypeId><TypeFieldId>120</TypeFieldId><FieldName>KANBAN_IND</FieldName><WFType>10</WFType><TypeId>0</TypeId><Unbounded>N</Unbounded><ExtensionTypeId>0</ExtensionTypeId>
	</RowData>
	<RowData><ProcessDefId>4</ProcessDefId><ParentTypeId>7</ParentTypeId><TypeFieldId>121</TypeFieldId><FieldName>ADDRESS2</FieldName><WFType>10</WFType><TypeId>0</TypeId><Unbounded>N</Unbounded><ExtensionTypeId>0</ExtensionTypeId>
	</RowData>
	<RowData><ProcessDefId>4</ProcessDefId><ParentTypeId>7</ParentTypeId><TypeFieldId>122</TypeFieldId><FieldName>INT_OBJ_NO</FieldName><WFType>3</WFType><TypeId>0</TypeId><Unbounded>N</Unbounded><ExtensionTypeId>0</ExtensionTypeId>
	</RowData>
	<RowData><ProcessDefId>4</ProcessDefId><ParentTypeId>7</ParentTypeId><TypeFieldId>123</TypeFieldId><FieldName>ERS</FieldName><WFType>10</WFType><TypeId>0</TypeId><Unbounded>N</Unbounded><ExtensionTypeId>0</ExtensionTypeId>
	</RowData>
	<RowData><ProcessDefId>4</ProcessDefId><ParentTypeId>7</ParentTypeId><TypeFieldId>124</TypeFieldId><FieldName>GRSETTFROM</FieldName><WFType>8</WFType><TypeId>0</TypeId><Unbounded>N</Unbounded><ExtensionTypeId>0</ExtensionTypeId>
	</RowData>
	<RowData><ProcessDefId>4</ProcessDefId><ParentTypeId>7</ParentTypeId><TypeFieldId>125</TypeFieldId><FieldName>LAST_TRANS</FieldName><WFType>8</WFType><TypeId>0</TypeId><Unbounded>N</Unbounded><ExtensionTypeId>0</ExtensionTypeId>
	</RowData>
	<RowData><ProcessDefId>4</ProcessDefId><ParentTypeId>7</ParentTypeId><TypeFieldId>126</TypeFieldId><FieldName>TRANS_TIME</FieldName><WFType>10</WFType><TypeId>0</TypeId><Unbounded>N</Unbounded><ExtensionTypeId>0</ExtensionTypeId>
	</RowData>
	<RowData><ProcessDefId>4</ProcessDefId><ParentTypeId>7</ParentTypeId><TypeFieldId>127</TypeFieldId><FieldName>SER_NO</FieldName><WFType>3</WFType><TypeId>0</TypeId><Unbounded>N</Unbounded><ExtensionTypeId>0</ExtensionTypeId>
	</RowData>
	<RowData><ProcessDefId>4</ProcessDefId><ParentTypeId>7</ParentTypeId><TypeFieldId>128</TypeFieldId><FieldName>PROMOTION</FieldName><WFType>10</WFType><TypeId>0</TypeId><Unbounded>N</Unbounded><ExtensionTypeId>0</ExtensionTypeId>
	</RowData>
	<RowData><ProcessDefId>4</ProcessDefId><ParentTypeId>7</ParentTypeId><TypeFieldId>129</TypeFieldId><FieldName>ALLOC_TBL</FieldName><WFType>10</WFType><TypeId>0</TypeId><Unbounded>N</Unbounded><ExtensionTypeId>0</ExtensionTypeId>
	</RowData>
	<RowData><ProcessDefId>4</ProcessDefId><ParentTypeId>7</ParentTypeId><TypeFieldId>130</TypeFieldId><FieldName>AT_ITEM</FieldName><WFType>3</WFType><TypeId>0</TypeId><Unbounded>N</Unbounded><ExtensionTypeId>0</ExtensionTypeId>
	</RowData>
	<RowData><ProcessDefId>4</ProcessDefId><ParentTypeId>7</ParentTypeId><TypeFieldId>131</TypeFieldId><FieldName>POINTS</FieldName><WFType>10</WFType><TypeId>0</TypeId><Unbounded>N</Unbounded><ExtensionTypeId>0</ExtensionTypeId>
	</RowData>
	<RowData><ProcessDefId>4</ProcessDefId><ParentTypeId>7</ParentTypeId><TypeFieldId>132</TypeFieldId><FieldName>POINTS_UN</FieldName><WFType>10</WFType><TypeId>0</TypeId><Unbounded>N</Unbounded><ExtensionTypeId>0</ExtensionTypeId>
	</RowData>
	<RowData><ProcessDefId>4</ProcessDefId><ParentTypeId>7</ParentTypeId><TypeFieldId>133</TypeFieldId><FieldName>SEASON_TY</FieldName><WFType>10</WFType><TypeId>0</TypeId><Unbounded>N</Unbounded><ExtensionTypeId>0</ExtensionTypeId>
	</RowData>
	<RowData><ProcessDefId>4</ProcessDefId><ParentTypeId>7</ParentTypeId><TypeFieldId>134</TypeFieldId><FieldName>SEASON_YR</FieldName><WFType>10</WFType><TypeId>0</TypeId><Unbounded>N</Unbounded><ExtensionTypeId>0</ExtensionTypeId>
	</RowData>
	<RowData><ProcessDefId>4</ProcessDefId><ParentTypeId>7</ParentTypeId><TypeFieldId>135</TypeFieldId><FieldName>SETT_GRP_2</FieldName><WFType>10</WFType><TypeId>0</TypeId><Unbounded>N</Unbounded><ExtensionTypeId>0</ExtensionTypeId>
	</RowData>
	<RowData><ProcessDefId>4</ProcessDefId><ParentTypeId>7</ParentTypeId><TypeFieldId>136</TypeFieldId><FieldName>SETT_GRP_3</FieldName><WFType>10</WFType><TypeId>0</TypeId><Unbounded>N</Unbounded><ExtensionTypeId>0</ExtensionTypeId>
	</RowData>
	<RowData><ProcessDefId>4</ProcessDefId><ParentTypeId>7</ParentTypeId><TypeFieldId>137</TypeFieldId><FieldName>SETT_ITEM</FieldName><WFType>10</WFType><TypeId>0</TypeId><Unbounded>N</Unbounded><ExtensionTypeId>0</ExtensionTypeId>
	</RowData>
	<RowData><ProcessDefId>4</ProcessDefId><ParentTypeId>7</ParentTypeId><TypeFieldId>138</TypeFieldId><FieldName>ML_AKT</FieldName><WFType>10</WFType><TypeId>0</TypeId><Unbounded>N</Unbounded><ExtensionTypeId>0</ExtensionTypeId>
	</RowData>
	<RowData><ProcessDefId>4</ProcessDefId><ParentTypeId>7</ParentTypeId><TypeFieldId>139</TypeFieldId><FieldName>REMSHLIFE</FieldName><WFType>10</WFType><TypeId>0</TypeId><Unbounded>N</Unbounded><ExtensionTypeId>0</ExtensionTypeId>
	</RowData>
	<RowData><ProcessDefId>4</ProcessDefId><ParentTypeId>7</ParentTypeId><TypeFieldId>140</TypeFieldId><FieldName>RFQ</FieldName><WFType>10</WFType><TypeId>0</TypeId><Unbounded>N</Unbounded><ExtensionTypeId>0</ExtensionTypeId>
	</RowData>
	<RowData><ProcessDefId>4</ProcessDefId><ParentTypeId>7</ParentTypeId><TypeFieldId>141</TypeFieldId><FieldName>RFQ_ITEM</FieldName><WFType>3</WFType><TypeId>0</TypeId><Unbounded>N</Unbounded><ExtensionTypeId>0</ExtensionTypeId>
	</RowData>
	<RowData><ProcessDefId>4</ProcessDefId><ParentTypeId>7</ParentTypeId><TypeFieldId>142</TypeFieldId><FieldName>CONFIG_ORG</FieldName><WFType>10</WFType><TypeId>0</TypeId><Unbounded>N</Unbounded><ExtensionTypeId>0</ExtensionTypeId>
	</RowData>
	<RowData><ProcessDefId>4</ProcessDefId><ParentTypeId>7</ParentTypeId><TypeFieldId>143</TypeFieldId><FieldName>QUOTAUSAGE</FieldName><WFType>10</WFType><TypeId>0</TypeId><Unbounded>N</Unbounded><ExtensionTypeId>0</ExtensionTypeId>
	</RowData>
	<RowData><ProcessDefId>4</ProcessDefId><ParentTypeId>7</ParentTypeId><TypeFieldId>144</TypeFieldId><FieldName>SPSTCK_PHY</FieldName><WFType>10</WFType><TypeId>0</TypeId><Unbounded>N</Unbounded><ExtensionTypeId>0</ExtensionTypeId>
	</RowData>
	<RowData><ProcessDefId>4</ProcessDefId><ParentTypeId>7</ParentTypeId><TypeFieldId>145</TypeFieldId><FieldName>PREQ_NO</FieldName><WFType>10</WFType><TypeId>0</TypeId><Unbounded>N</Unbounded><ExtensionTypeId>0</ExtensionTypeId>
	</RowData>
	<RowData><ProcessDefId>4</ProcessDefId><ParentTypeId>7</ParentTypeId><TypeFieldId>146</TypeFieldId><FieldName>PREQ_ITEM</FieldName><WFType>3</WFType><TypeId>0</TypeId><Unbounded>N</Unbounded><ExtensionTypeId>0</ExtensionTypeId>
	</RowData>
	<RowData><ProcessDefId>4</ProcessDefId><ParentTypeId>7</ParentTypeId><TypeFieldId>147</TypeFieldId><FieldName>MAT_TYPE</FieldName><WFType>10</WFType><TypeId>0</TypeId><Unbounded>N</Unbounded><ExtensionTypeId>0</ExtensionTypeId>
	</RowData>
	<RowData><ProcessDefId>4</ProcessDefId><ParentTypeId>7</ParentTypeId><TypeFieldId>148</TypeFieldId><FieldName>SI_CAT</FieldName><WFType>10</WFType><TypeId>0</TypeId><Unbounded>N</Unbounded><ExtensionTypeId>0</ExtensionTypeId>
	</RowData>
	<RowData><ProcessDefId>4</ProcessDefId><ParentTypeId>7</ParentTypeId><TypeFieldId>149</TypeFieldId><FieldName>SUB_ITEMS</FieldName><WFType>10</WFType><TypeId>0</TypeId><Unbounded>N</Unbounded><ExtensionTypeId>0</ExtensionTypeId>
	</RowData>
	<RowData><ProcessDefId>4</ProcessDefId><ParentTypeId>7</ParentTypeId><TypeFieldId>150</TypeFieldId><FieldName>SUBTOTAL_1</FieldName><WFType>10</WFType><TypeId>0</TypeId><Unbounded>N</Unbounded><ExtensionTypeId>0</ExtensionTypeId>
	</RowData>
	<RowData><ProcessDefId>4</ProcessDefId><ParentTypeId>7</ParentTypeId><TypeFieldId>151</TypeFieldId><FieldName>SUBTOTAL_2</FieldName><WFType>10</WFType><TypeId>0</TypeId><Unbounded>N</Unbounded><ExtensionTypeId>0</ExtensionTypeId>
	</RowData>
	<RowData><ProcessDefId>4</ProcessDefId><ParentTypeId>7</ParentTypeId><TypeFieldId>152</TypeFieldId><FieldName>SUBTOTAL_3</FieldName><WFType>10</WFType><TypeId>0</TypeId><Unbounded>N</Unbounded><ExtensionTypeId>0</ExtensionTypeId>
	</RowData>
	<RowData><ProcessDefId>4</ProcessDefId><ParentTypeId>7</ParentTypeId><TypeFieldId>153</TypeFieldId><FieldName>SUBTOTAL_4</FieldName><WFType>10</WFType><TypeId>0</TypeId><Unbounded>N</Unbounded><ExtensionTypeId>0</ExtensionTypeId>
	</RowData>
	<RowData><ProcessDefId>4</ProcessDefId><ParentTypeId>7</ParentTypeId><TypeFieldId>154</TypeFieldId><FieldName>SUBTOTAL_5</FieldName><WFType>10</WFType><TypeId>0</TypeId><Unbounded>N</Unbounded><ExtensionTypeId>0</ExtensionTypeId>
	</RowData>
	<RowData><ProcessDefId>4</ProcessDefId><ParentTypeId>7</ParentTypeId><TypeFieldId>155</TypeFieldId><FieldName>SUBTOTAL_6</FieldName><WFType>10</WFType><TypeId>0</TypeId><Unbounded>N</Unbounded><ExtensionTypeId>0</ExtensionTypeId>
	</RowData>
	<RowData><ProcessDefId>4</ProcessDefId><ParentTypeId>7</ParentTypeId><TypeFieldId>156</TypeFieldId><FieldName>SUBITM_KEY</FieldName><WFType>10</WFType><TypeId>0</TypeId><Unbounded>N</Unbounded><ExtensionTypeId>0</ExtensionTypeId>
	</RowData>
	<RowData><ProcessDefId>4</ProcessDefId><ParentTypeId>7</ParentTypeId><TypeFieldId>157</TypeFieldId><FieldName>MAX_CMG</FieldName><WFType>10</WFType><TypeId>0</TypeId><Unbounded>N</Unbounded><ExtensionTypeId>0</ExtensionTypeId>
	</RowData>
	<RowData><ProcessDefId>4</ProcessDefId><ParentTypeId>7</ParentTypeId><TypeFieldId>158</TypeFieldId><FieldName>MAX_CPGO</FieldName><WFType>10</WFType><TypeId>0</TypeId><Unbounded>N</Unbounded><ExtensionTypeId>0</ExtensionTypeId>
	</RowData>
	<RowData><ProcessDefId>4</ProcessDefId><ParentTypeId>7</ParentTypeId><TypeFieldId>159</TypeFieldId><FieldName>RET_ITEM</FieldName><WFType>10</WFType><TypeId>0</TypeId><Unbounded>N</Unbounded><ExtensionTypeId>0</ExtensionTypeId>
	</RowData>
	<RowData><ProcessDefId>4</ProcessDefId><ParentTypeId>7</ParentTypeId><TypeFieldId>160</TypeFieldId><FieldName>AT_RELEV</FieldName><WFType>10</WFType><TypeId>0</TypeId><Unbounded>N</Unbounded><ExtensionTypeId>0</ExtensionTypeId>
	</RowData>
	<RowData><ProcessDefId>4</ProcessDefId><ParentTypeId>7</ParentTypeId><TypeFieldId>161</TypeFieldId><FieldName>ORD_REAS</FieldName><WFType>10</WFType><TypeId>0</TypeId><Unbounded>N</Unbounded><ExtensionTypeId>0</ExtensionTypeId>
	</RowData>
	<RowData><ProcessDefId>4</ProcessDefId><ParentTypeId>7</ParentTypeId><TypeFieldId>162</TypeFieldId><FieldName>DEL_TYP_RT</FieldName><WFType>10</WFType><TypeId>0</TypeId><Unbounded>N</Unbounded><ExtensionTypeId>0</ExtensionTypeId>
	</RowData>
	<RowData><ProcessDefId>4</ProcessDefId><ParentTypeId>7</ParentTypeId><TypeFieldId>163</TypeFieldId><FieldName>PRDTE_CTRL</FieldName><WFType>10</WFType><TypeId>0</TypeId><Unbounded>N</Unbounded><ExtensionTypeId>0</ExtensionTypeId>
	</RowData>
	<RowData><ProcessDefId>4</ProcessDefId><ParentTypeId>7</ParentTypeId><TypeFieldId>164</TypeFieldId><FieldName>MANUF_PROF</FieldName><WFType>10</WFType><TypeId>0</TypeId><Unbounded>N</Unbounded><ExtensionTypeId>0</ExtensionTypeId>
	</RowData>
	<RowData><ProcessDefId>4</ProcessDefId><ParentTypeId>7</ParentTypeId><TypeFieldId>165</TypeFieldId><FieldName>MANU_MAT</FieldName><WFType>10</WFType><TypeId>0</TypeId><Unbounded>N</Unbounded><ExtensionTypeId>0</ExtensionTypeId>
	</RowData>
	<RowData><ProcessDefId>4</ProcessDefId><ParentTypeId>7</ParentTypeId><TypeFieldId>166</TypeFieldId><FieldName>MFR_NO</FieldName><WFType>10</WFType><TypeId>0</TypeId><Unbounded>N</Unbounded><ExtensionTypeId>0</ExtensionTypeId>
	</RowData>
	<RowData><ProcessDefId>4</ProcessDefId><ParentTypeId>7</ParentTypeId><TypeFieldId>167</TypeFieldId><FieldName>MFR_NO_EXT</FieldName><WFType>10</WFType><TypeId>0</TypeId><Unbounded>N</Unbounded><ExtensionTypeId>0</ExtensionTypeId>
	</RowData>
	<RowData><ProcessDefId>4</ProcessDefId><ParentTypeId>7</ParentTypeId><TypeFieldId>168</TypeFieldId><FieldName>ITEM_CAT_EXT</FieldName><WFType>10</WFType><TypeId>0</TypeId><Unbounded>N</Unbounded><ExtensionTypeId>0</ExtensionTypeId>
	</RowData>
	<RowData><ProcessDefId>4</ProcessDefId><ParentTypeId>7</ParentTypeId><TypeFieldId>169</TypeFieldId><FieldName>PO_UNIT_ISO</FieldName><WFType>10</WFType><TypeId>0</TypeId><Unbounded>N</Unbounded><ExtensionTypeId>0</ExtensionTypeId>
	</RowData>
	<RowData><ProcessDefId>4</ProcessDefId><ParentTypeId>7</ParentTypeId><TypeFieldId>170</TypeFieldId><FieldName>ORDERPR_UN_ISO</FieldName><WFType>10</WFType><TypeId>0</TypeId><Unbounded>N</Unbounded><ExtensionTypeId>0</ExtensionTypeId>
	</RowData>
	<RowData><ProcessDefId>4</ProcessDefId><ParentTypeId>7</ParentTypeId><TypeFieldId>171</TypeFieldId><FieldName>BASE_UOM_ISO</FieldName><WFType>10</WFType><TypeId>0</TypeId><Unbounded>N</Unbounded><ExtensionTypeId>0</ExtensionTypeId>
	</RowData>
	<RowData><ProcessDefId>4</ProcessDefId><ParentTypeId>7</ParentTypeId><TypeFieldId>172</TypeFieldId><FieldName>WEIGHTUNIT_ISO</FieldName><WFType>10</WFType><TypeId>0</TypeId><Unbounded>N</Unbounded><ExtensionTypeId>0</ExtensionTypeId>
	</RowData>
	<RowData><ProcessDefId>4</ProcessDefId><ParentTypeId>7</ParentTypeId><TypeFieldId>173</TypeFieldId><FieldName>VOLUMEUNIT_ISO</FieldName><WFType>10</WFType><TypeId>0</TypeId><Unbounded>N</Unbounded><ExtensionTypeId>0</ExtensionTypeId>
	</RowData>
	<RowData><ProcessDefId>4</ProcessDefId><ParentTypeId>7</ParentTypeId><TypeFieldId>174</TypeFieldId><FieldName>POINTS_UN_ISO</FieldName><WFType>10</WFType><TypeId>0</TypeId><Unbounded>N</Unbounded><ExtensionTypeId>0</ExtensionTypeId>
	</RowData>
	<RowData><ProcessDefId>4</ProcessDefId><ParentTypeId>7</ParentTypeId><TypeFieldId>175</TypeFieldId><FieldName>CONF_MATL_EXTERNAL</FieldName><WFType>10</WFType><TypeId>0</TypeId><Unbounded>N</Unbounded><ExtensionTypeId>0</ExtensionTypeId>
	</RowData>
	<RowData><ProcessDefId>4</ProcessDefId><ParentTypeId>7</ParentTypeId><TypeFieldId>176</TypeFieldId><FieldName>CONF_MATL_GUID</FieldName><WFType>10</WFType><TypeId>0</TypeId><Unbounded>N</Unbounded><ExtensionTypeId>0</ExtensionTypeId>
	</RowData>
	<RowData><ProcessDefId>4</ProcessDefId><ParentTypeId>7</ParentTypeId><TypeFieldId>177</TypeFieldId><FieldName>CONF_MATL_VERSION</FieldName><WFType>10</WFType><TypeId>0</TypeId><Unbounded>N</Unbounded><ExtensionTypeId>0</ExtensionTypeId>
	</RowData>
	<RowData><ProcessDefId>4</ProcessDefId><ParentTypeId>7</ParentTypeId><TypeFieldId>178</TypeFieldId><FieldName>MATERIAL_EXTERNAL</FieldName><WFType>10</WFType><TypeId>0</TypeId><Unbounded>N</Unbounded><ExtensionTypeId>0</ExtensionTypeId>
	</RowData>
	<RowData><ProcessDefId>4</ProcessDefId><ParentTypeId>7</ParentTypeId><TypeFieldId>179</TypeFieldId><FieldName>MATERIAL_GUID</FieldName><WFType>10</WFType><TypeId>0</TypeId><Unbounded>N</Unbounded><ExtensionTypeId>0</ExtensionTypeId>
	</RowData>
	<RowData><ProcessDefId>4</ProcessDefId><ParentTypeId>7</ParentTypeId><TypeFieldId>180</TypeFieldId><FieldName>MATERIAL_VERSION</FieldName><WFType>10</WFType><TypeId>0</TypeId><Unbounded>N</Unbounded><ExtensionTypeId>0</ExtensionTypeId>
	</RowData>
	<RowData><ProcessDefId>4</ProcessDefId><ParentTypeId>7</ParentTypeId><TypeFieldId>181</TypeFieldId><FieldName>PUR_MAT_EXTERNAL</FieldName><WFType>10</WFType><TypeId>0</TypeId><Unbounded>N</Unbounded><ExtensionTypeId>0</ExtensionTypeId>
	</RowData>
	<RowData><ProcessDefId>4</ProcessDefId><ParentTypeId>7</ParentTypeId><TypeFieldId>182</TypeFieldId><FieldName>PUR_MAT_GUID</FieldName><WFType>10</WFType><TypeId>0</TypeId><Unbounded>N</Unbounded><ExtensionTypeId>0</ExtensionTypeId>
	</RowData>
	<RowData><ProcessDefId>4</ProcessDefId><ParentTypeId>7</ParentTypeId><TypeFieldId>183</TypeFieldId><FieldName>PUR_MAT_VERSION</FieldName><WFType>10</WFType><TypeId>0</TypeId><Unbounded>N</Unbounded><ExtensionTypeId>0</ExtensionTypeId>
	</RowData>
	<RowData><ProcessDefId>4</ProcessDefId><ParentTypeId>7</ParentTypeId><TypeFieldId>184</TypeFieldId><FieldName>GRANT_NBR</FieldName><WFType>10</WFType><TypeId>0</TypeId><Unbounded>N</Unbounded><ExtensionTypeId>0</ExtensionTypeId>
	</RowData>
	<RowData><ProcessDefId>4</ProcessDefId><ParentTypeId>7</ParentTypeId><TypeFieldId>185</TypeFieldId><FieldName>CMMT_ITEM_LONG</FieldName><WFType>10</WFType><TypeId>0</TypeId><Unbounded>N</Unbounded><ExtensionTypeId>0</ExtensionTypeId>
	</RowData>
	<RowData><ProcessDefId>4</ProcessDefId><ParentTypeId>7</ParentTypeId><TypeFieldId>186</TypeFieldId><FieldName>FUNC_AREA_LONG</FieldName><WFType>10</WFType><TypeId>0</TypeId><Unbounded>N</Unbounded><ExtensionTypeId>0</ExtensionTypeId>
	</RowData>
	<RowData><ProcessDefId>4</ProcessDefId><ParentTypeId>7</ParentTypeId><TypeFieldId>187</TypeFieldId><FieldName>BUDGET_PERIOD</FieldName><WFType>10</WFType><TypeId>0</TypeId><Unbounded>N</Unbounded><ExtensionTypeId>0</ExtensionTypeId>
	</RowData>
	<RowData><ProcessDefId>4</ProcessDefId><ParentTypeId>8</ParentTypeId><TypeFieldId>1</TypeFieldId><FieldName>item</FieldName><WFType>10</WFType><TypeId>0</TypeId><Unbounded>N</Unbounded><ExtensionTypeId>0</ExtensionTypeId>
	</RowData>
	<RowData><ProcessDefId>4</ProcessDefId><ParentTypeId>8</ParentTypeId><TypeFieldId>2</TypeFieldId><FieldName>item_desc</FieldName><WFType>10</WFType><TypeId>0</TypeId><Unbounded>N</Unbounded><ExtensionTypeId>0</ExtensionTypeId>
	</RowData>
	<RowData><ProcessDefId>4</ProcessDefId><ParentTypeId>8</ParentTypeId><TypeFieldId>3</TypeFieldId><FieldName>quantity</FieldName><WFType>10</WFType><TypeId>0</TypeId><Unbounded>N</Unbounded><ExtensionTypeId>0</ExtensionTypeId>
	</RowData>
	<RowData><ProcessDefId>4</ProcessDefId><ParentTypeId>8</ParentTypeId><TypeFieldId>4</TypeFieldId><FieldName>price_per_unit</FieldName><WFType>10</WFType><TypeId>0</TypeId><Unbounded>N</Unbounded><ExtensionTypeId>0</ExtensionTypeId>
	</RowData>
	<RowData><ProcessDefId>4</ProcessDefId><ParentTypeId>8</ParentTypeId><TypeFieldId>5</TypeFieldId><FieldName>line_total_wtax</FieldName><WFType>10</WFType><TypeId>0</TypeId><Unbounded>N</Unbounded><ExtensionTypeId>0</ExtensionTypeId>
	</RowData>
	<RowData><ProcessDefId>4</ProcessDefId><ParentTypeId>8</ParentTypeId><TypeFieldId>6</TypeFieldId><FieldName>amount_wtax</FieldName><WFType>10</WFType><TypeId>0</TypeId><Unbounded>N</Unbounded><ExtensionTypeId>0</ExtensionTypeId>
	</RowData>
	<RowData><ProcessDefId>4</ProcessDefId><ParentTypeId>8</ParentTypeId><TypeFieldId>7</TypeFieldId><FieldName>plant</FieldName><WFType>10</WFType><TypeId>0</TypeId><Unbounded>N</Unbounded><ExtensionTypeId>0</ExtensionTypeId>
	</RowData>
	<RowData><ProcessDefId>4</ProcessDefId><ParentTypeId>8</ParentTypeId><TypeFieldId>8</TypeFieldId><FieldName>weightunit</FieldName><WFType>10</WFType><TypeId>0</TypeId><Unbounded>N</Unbounded><ExtensionTypeId>0</ExtensionTypeId>
	</RowData>
	<RowData><ProcessDefId>4</ProcessDefId><ParentTypeId>8</ParentTypeId><TypeFieldId>9</TypeFieldId><FieldName>po_item</FieldName><WFType>10</WFType><TypeId>0</TypeId><Unbounded>N</Unbounded><ExtensionTypeId>0</ExtensionTypeId>
	</RowData>
	<RowData><ProcessDefId>4</ProcessDefId><ParentTypeId>8</ParentTypeId><TypeFieldId>10</TypeFieldId><FieldName>base_uom</FieldName><WFType>10</WFType><TypeId>0</TypeId><Unbounded>N</Unbounded><ExtensionTypeId>0</ExtensionTypeId>
	</RowData>
	<RowData><ProcessDefId>4</ProcessDefId><ParentTypeId>8</ParentTypeId><TypeFieldId>11</TypeFieldId><FieldName>base_uom_iso</FieldName><WFType>10</WFType><TypeId>0</TypeId><Unbounded>N</Unbounded><ExtensionTypeId>0</ExtensionTypeId>
	</RowData>
	<RowData><ProcessDefId>4</ProcessDefId><ParentTypeId>8</ParentTypeId><TypeFieldId>12</TypeFieldId><FieldName>tax_code</FieldName><WFType>10</WFType><TypeId>0</TypeId><Unbounded>N</Unbounded><ExtensionTypeId>0</ExtensionTypeId>
	</RowData>
	<RowData><ProcessDefId>4</ProcessDefId><ParentTypeId>8</ParentTypeId><TypeFieldId>13</TypeFieldId><FieldName>store_location</FieldName><WFType>10</WFType><TypeId>0</TypeId><Unbounded>N</Unbounded><ExtensionTypeId>0</ExtensionTypeId>
	</RowData>
	<RowData><ProcessDefId>4</ProcessDefId><ParentTypeId>8</ParentTypeId><TypeFieldId>14</TypeFieldId><FieldName>profit_centre</FieldName><WFType>10</WFType><TypeId>0</TypeId><Unbounded>N</Unbounded><ExtensionTypeId>0</ExtensionTypeId>
	</RowData>
	<RowData><ProcessDefId>4</ProcessDefId><ParentTypeId>8</ParentTypeId><TypeFieldId>15</TypeFieldId><FieldName>batch</FieldName><WFType>10</WFType><TypeId>0</TypeId><Unbounded>N</Unbounded><ExtensionTypeId>0</ExtensionTypeId>
	</RowData>
	<RowData><ProcessDefId>4</ProcessDefId><ParentTypeId>8</ParentTypeId><TypeFieldId>16</TypeFieldId><FieldName>valuation</FieldName><WFType>10</WFType><TypeId>0</TypeId><Unbounded>N</Unbounded><ExtensionTypeId>0</ExtensionTypeId>
	</RowData>
	<RowData><ProcessDefId>4</ProcessDefId><ParentTypeId>8</ParentTypeId><TypeFieldId>17</TypeFieldId><FieldName>taxvalue</FieldName><WFType>10</WFType><TypeId>0</TypeId><Unbounded>N</Unbounded><ExtensionTypeId>0</ExtensionTypeId>
	</RowData>
	<RowData><ProcessDefId>4</ProcessDefId><ParentTypeId>8</ParentTypeId><TypeFieldId>18</TypeFieldId><FieldName>qa_required</FieldName><WFType>10</WFType><TypeId>0</TypeId><Unbounded>N</Unbounded><ExtensionTypeId>0</ExtensionTypeId>
	</RowData>
	<RowData><ProcessDefId>4</ProcessDefId><ParentTypeId>8</ParentTypeId><TypeFieldId>19</TypeFieldId><FieldName>purchaseorder</FieldName><WFType>10</WFType><TypeId>0</TypeId><Unbounded>N</Unbounded><ExtensionTypeId>0</ExtensionTypeId>
	</RowData>
	<RowData><ProcessDefId>4</ProcessDefId><ParentTypeId>8</ParentTypeId><TypeFieldId>20</TypeFieldId><FieldName>asn_item</FieldName><WFType>10</WFType><TypeId>0</TypeId><Unbounded>N</Unbounded><ExtensionTypeId>0</ExtensionTypeId>
	</RowData>
	<RowData><ProcessDefId>4</ProcessDefId><ParentTypeId>9</ParentTypeId><TypeFieldId>1</TypeFieldId><FieldName>PCKG_NO</FieldName><WFType>3</WFType><TypeId>0</TypeId><Unbounded>N</Unbounded><ExtensionTypeId>0</ExtensionTypeId>
	</RowData>
	<RowData><ProcessDefId>4</ProcessDefId><ParentTypeId>9</ParentTypeId><TypeFieldId>2</TypeFieldId><FieldName>LINE_NO</FieldName><WFType>3</WFType><TypeId>0</TypeId><Unbounded>N</Unbounded><ExtensionTypeId>0</ExtensionTypeId>
	</RowData>
	<RowData><ProcessDefId>4</ProcessDefId><ParentTypeId>9</ParentTypeId><TypeFieldId>3</TypeFieldId><FieldName>EXT_LINE</FieldName><WFType>3</WFType><TypeId>0</TypeId><Unbounded>N</Unbounded><ExtensionTypeId>0</ExtensionTypeId>
	</RowData>
	<RowData><ProcessDefId>4</ProcessDefId><ParentTypeId>9</ParentTypeId><TypeFieldId>4</TypeFieldId><FieldName>OUTL_LEVEL</FieldName><WFType>10</WFType><TypeId>0</TypeId><Unbounded>N</Unbounded><ExtensionTypeId>0</ExtensionTypeId>
	</RowData>
	<RowData><ProcessDefId>4</ProcessDefId><ParentTypeId>9</ParentTypeId><TypeFieldId>5</TypeFieldId><FieldName>OUTL_NO</FieldName><WFType>10</WFType><TypeId>0</TypeId><Unbounded>N</Unbounded><ExtensionTypeId>0</ExtensionTypeId>
	</RowData>
	<RowData><ProcessDefId>4</ProcessDefId><ParentTypeId>9</ParentTypeId><TypeFieldId>6</TypeFieldId><FieldName>OUTL_IND</FieldName><WFType>10</WFType><TypeId>0</TypeId><Unbounded>N</Unbounded><ExtensionTypeId>0</ExtensionTypeId>
	</RowData>
	<RowData><ProcessDefId>4</ProcessDefId><ParentTypeId>9</ParentTypeId><TypeFieldId>7</TypeFieldId><FieldName>SUBPCKG_NO</FieldName><WFType>3</WFType><TypeId>0</TypeId><Unbounded>N</Unbounded><ExtensionTypeId>0</ExtensionTypeId>
	</RowData>
	<RowData><ProcessDefId>4</ProcessDefId><ParentTypeId>9</ParentTypeId><TypeFieldId>8</TypeFieldId><FieldName>DELETE_IND</FieldName><WFType>10</WFType><TypeId>0</TypeId><Unbounded>N</Unbounded><ExtensionTypeId>0</ExtensionTypeId>
	</RowData>
	<RowData><ProcessDefId>4</ProcessDefId><ParentTypeId>9</ParentTypeId><TypeFieldId>9</TypeFieldId><FieldName>SERVICE</FieldName><WFType>10</WFType><TypeId>0</TypeId><Unbounded>N</Unbounded><ExtensionTypeId>0</ExtensionTypeId>
	</RowData>
	<RowData><ProcessDefId>4</ProcessDefId><ParentTypeId>9</ParentTypeId><TypeFieldId>10</TypeFieldId><FieldName>SERV_TYPE</FieldName><WFType>10</WFType><TypeId>0</TypeId><Unbounded>N</Unbounded><ExtensionTypeId>0</ExtensionTypeId>
	</RowData>
	<RowData><ProcessDefId>4</ProcessDefId><ParentTypeId>9</ParentTypeId><TypeFieldId>11</TypeFieldId><FieldName>EDITION</FieldName><WFType>3</WFType><TypeId>0</TypeId><Unbounded>N</Unbounded><ExtensionTypeId>0</ExtensionTypeId>
	</RowData>
	<RowData><ProcessDefId>4</ProcessDefId><ParentTypeId>9</ParentTypeId><TypeFieldId>12</TypeFieldId><FieldName>SSC_ITEM</FieldName><WFType>10</WFType><TypeId>0</TypeId><Unbounded>N</Unbounded><ExtensionTypeId>0</ExtensionTypeId>
	</RowData>
	<RowData><ProcessDefId>4</ProcessDefId><ParentTypeId>9</ParentTypeId><TypeFieldId>13</TypeFieldId><FieldName>EXT_SERV</FieldName><WFType>10</WFType><TypeId>0</TypeId><Unbounded>N</Unbounded><ExtensionTypeId>0</ExtensionTypeId>
	</RowData>
	<RowData><ProcessDefId>4</ProcessDefId><ParentTypeId>9</ParentTypeId><TypeFieldId>14</TypeFieldId><FieldName>QUANTITY</FieldName><WFType>10</WFType><TypeId>0</TypeId><Unbounded>N</Unbounded><ExtensionTypeId>0</ExtensionTypeId>
	</RowData>
	<RowData><ProcessDefId>4</ProcessDefId><ParentTypeId>9</ParentTypeId><TypeFieldId>15</TypeFieldId><FieldName>BASE_UOM</FieldName><WFType>10</WFType><TypeId>0</TypeId><Unbounded>N</Unbounded><ExtensionTypeId>0</ExtensionTypeId>
	</RowData>
	<RowData><ProcessDefId>4</ProcessDefId><ParentTypeId>9</ParentTypeId><TypeFieldId>16</TypeFieldId><FieldName>UOM_ISO</FieldName><WFType>10</WFType><TypeId>0</TypeId><Unbounded>N</Unbounded><ExtensionTypeId>0</ExtensionTypeId>
	</RowData>
	<RowData><ProcessDefId>4</ProcessDefId><ParentTypeId>9</ParentTypeId><TypeFieldId>17</TypeFieldId><FieldName>OVF_TOL</FieldName><WFType>10</WFType><TypeId>0</TypeId><Unbounded>N</Unbounded><ExtensionTypeId>0</ExtensionTypeId>
	</RowData>
	<RowData><ProcessDefId>4</ProcessDefId><ParentTypeId>9</ParentTypeId><TypeFieldId>18</TypeFieldId><FieldName>OVF_UNLIM</FieldName><WFType>10</WFType><TypeId>0</TypeId><Unbounded>N</Unbounded><ExtensionTypeId>0</ExtensionTypeId>
	</RowData>
	<RowData><ProcessDefId>4</ProcessDefId><ParentTypeId>9</ParentTypeId><TypeFieldId>19</TypeFieldId><FieldName>PRICE_UNIT</FieldName><WFType>10</WFType><TypeId>0</TypeId><Unbounded>N</Unbounded><ExtensionTypeId>0</ExtensionTypeId>
	</RowData>
	<RowData><ProcessDefId>4</ProcessDefId><ParentTypeId>9</ParentTypeId><TypeFieldId>20</TypeFieldId><FieldName>GROSS_VAL</FieldName><WFType>10</WFType><TypeId>0</TypeId><Unbounded>N</Unbounded><ExtensionTypeId>0</ExtensionTypeId>
	</RowData>
	<RowData><ProcessDefId>4</ProcessDefId><ParentTypeId>9</ParentTypeId><TypeFieldId>21</TypeFieldId><FieldName>NET_VALUE</FieldName><WFType>10</WFType><TypeId>0</TypeId><Unbounded>N</Unbounded><ExtensionTypeId>0</ExtensionTypeId>
	</RowData>
	<RowData><ProcessDefId>4</ProcessDefId><ParentTypeId>9</ParentTypeId><TypeFieldId>22</TypeFieldId><FieldName>FROM_LINE</FieldName><WFType>10</WFType><TypeId>0</TypeId><Unbounded>N</Unbounded><ExtensionTypeId>0</ExtensionTypeId>
	</RowData>
	<RowData><ProcessDefId>4</ProcessDefId><ParentTypeId>9</ParentTypeId><TypeFieldId>23</TypeFieldId><FieldName>TO_LINE</FieldName><WFType>10</WFType><TypeId>0</TypeId><Unbounded>N</Unbounded><ExtensionTypeId>0</ExtensionTypeId>
	</RowData>
	<RowData><ProcessDefId>4</ProcessDefId><ParentTypeId>9</ParentTypeId><TypeFieldId>24</TypeFieldId><FieldName>SHORT_TEXT</FieldName><WFType>10</WFType><TypeId>0</TypeId><Unbounded>N</Unbounded><ExtensionTypeId>0</ExtensionTypeId>
	</RowData>
	<RowData><ProcessDefId>4</ProcessDefId><ParentTypeId>9</ParentTypeId><TypeFieldId>25</TypeFieldId><FieldName>DISTRIB</FieldName><WFType>10</WFType><TypeId>0</TypeId><Unbounded>N</Unbounded><ExtensionTypeId>0</ExtensionTypeId>
	</RowData>
	<RowData><ProcessDefId>4</ProcessDefId><ParentTypeId>9</ParentTypeId><TypeFieldId>26</TypeFieldId><FieldName>PERS_NO</FieldName><WFType>3</WFType><TypeId>0</TypeId><Unbounded>N</Unbounded><ExtensionTypeId>0</ExtensionTypeId>
	</RowData>
	<RowData><ProcessDefId>4</ProcessDefId><ParentTypeId>9</ParentTypeId><TypeFieldId>27</TypeFieldId><FieldName>WAGETYPE</FieldName><WFType>10</WFType><TypeId>0</TypeId><Unbounded>N</Unbounded><ExtensionTypeId>0</ExtensionTypeId>
	</RowData>
	<RowData><ProcessDefId>4</ProcessDefId><ParentTypeId>9</ParentTypeId><TypeFieldId>28</TypeFieldId><FieldName>PLN_PCKG</FieldName><WFType>3</WFType><TypeId>0</TypeId><Unbounded>N</Unbounded><ExtensionTypeId>0</ExtensionTypeId>
	</RowData>
	<RowData><ProcessDefId>4</ProcessDefId><ParentTypeId>9</ParentTypeId><TypeFieldId>29</TypeFieldId><FieldName>PLN_LINE</FieldName><WFType>3</WFType><TypeId>0</TypeId><Unbounded>N</Unbounded><ExtensionTypeId>0</ExtensionTypeId>
	</RowData>
	<RowData><ProcessDefId>4</ProcessDefId><ParentTypeId>9</ParentTypeId><TypeFieldId>30</TypeFieldId><FieldName>CON_PCKG</FieldName><WFType>3</WFType><TypeId>0</TypeId><Unbounded>N</Unbounded><ExtensionTypeId>0</ExtensionTypeId>
	</RowData>
	<RowData><ProcessDefId>4</ProcessDefId><ParentTypeId>9</ParentTypeId><TypeFieldId>31</TypeFieldId><FieldName>CON_LINE</FieldName><WFType>3</WFType><TypeId>0</TypeId><Unbounded>N</Unbounded><ExtensionTypeId>0</ExtensionTypeId>
	</RowData>
	<RowData><ProcessDefId>4</ProcessDefId><ParentTypeId>9</ParentTypeId><TypeFieldId>32</TypeFieldId><FieldName>TMP_PCKG</FieldName><WFType>3</WFType><TypeId>0</TypeId><Unbounded>N</Unbounded><ExtensionTypeId>0</ExtensionTypeId>
	</RowData>
	<RowData><ProcessDefId>4</ProcessDefId><ParentTypeId>9</ParentTypeId><TypeFieldId>33</TypeFieldId><FieldName>TMP_LINE</FieldName><WFType>3</WFType><TypeId>0</TypeId><Unbounded>N</Unbounded><ExtensionTypeId>0</ExtensionTypeId>
	</RowData>
	<RowData><ProcessDefId>4</ProcessDefId><ParentTypeId>9</ParentTypeId><TypeFieldId>34</TypeFieldId><FieldName>SSC_LIM</FieldName><WFType>10</WFType><TypeId>0</TypeId><Unbounded>N</Unbounded><ExtensionTypeId>0</ExtensionTypeId>
	</RowData>
	<RowData><ProcessDefId>4</ProcessDefId><ParentTypeId>9</ParentTypeId><TypeFieldId>35</TypeFieldId><FieldName>LIMIT_LINE</FieldName><WFType>3</WFType><TypeId>0</TypeId><Unbounded>N</Unbounded><ExtensionTypeId>0</ExtensionTypeId>
	</RowData>
	<RowData><ProcessDefId>4</ProcessDefId><ParentTypeId>9</ParentTypeId><TypeFieldId>36</TypeFieldId><FieldName>ACTUAL_QTY</FieldName><WFType>10</WFType><TypeId>0</TypeId><Unbounded>N</Unbounded><ExtensionTypeId>0</ExtensionTypeId>
	</RowData>
	<RowData><ProcessDefId>4</ProcessDefId><ParentTypeId>9</ParentTypeId><TypeFieldId>37</TypeFieldId><FieldName>ACTUAL_VAL</FieldName><WFType>10</WFType><TypeId>0</TypeId><Unbounded>N</Unbounded><ExtensionTypeId>0</ExtensionTypeId>
	</RowData>
	<RowData><ProcessDefId>4</ProcessDefId><ParentTypeId>9</ParentTypeId><TypeFieldId>38</TypeFieldId><FieldName>CON_VALUE</FieldName><WFType>10</WFType><TypeId>0</TypeId><Unbounded>N</Unbounded><ExtensionTypeId>0</ExtensionTypeId>
	</RowData>
	<RowData><ProcessDefId>4</ProcessDefId><ParentTypeId>9</ParentTypeId><TypeFieldId>39</TypeFieldId><FieldName>CON_QTY</FieldName><WFType>10</WFType><TypeId>0</TypeId><Unbounded>N</Unbounded><ExtensionTypeId>0</ExtensionTypeId>
	</RowData>
	<RowData><ProcessDefId>4</ProcessDefId><ParentTypeId>9</ParentTypeId><TypeFieldId>40</TypeFieldId><FieldName>TARGET_VAL</FieldName><WFType>10</WFType><TypeId>0</TypeId><Unbounded>N</Unbounded><ExtensionTypeId>0</ExtensionTypeId>
	</RowData>
	<RowData><ProcessDefId>4</ProcessDefId><ParentTypeId>9</ParentTypeId><TypeFieldId>41</TypeFieldId><FieldName>UNPL_VAL</FieldName><WFType>10</WFType><TypeId>0</TypeId><Unbounded>N</Unbounded><ExtensionTypeId>0</ExtensionTypeId>
	</RowData>
	<RowData><ProcessDefId>4</ProcessDefId><ParentTypeId>9</ParentTypeId><TypeFieldId>42</TypeFieldId><FieldName>UNPL_QTY</FieldName><WFType>10</WFType><TypeId>0</TypeId><Unbounded>N</Unbounded><ExtensionTypeId>0</ExtensionTypeId>
	</RowData>
	<RowData><ProcessDefId>4</ProcessDefId><ParentTypeId>9</ParentTypeId><TypeFieldId>43</TypeFieldId><FieldName>BASLINE_NO</FieldName><WFType>3</WFType><TypeId>0</TypeId><Unbounded>N</Unbounded><ExtensionTypeId>0</ExtensionTypeId>
	</RowData>
	<RowData><ProcessDefId>4</ProcessDefId><ParentTypeId>9</ParentTypeId><TypeFieldId>44</TypeFieldId><FieldName>BASIC_LINE</FieldName><WFType>10</WFType><TypeId>0</TypeId><Unbounded>N</Unbounded><ExtensionTypeId>0</ExtensionTypeId>
	</RowData>
	<RowData><ProcessDefId>4</ProcessDefId><ParentTypeId>9</ParentTypeId><TypeFieldId>45</TypeFieldId><FieldName>ALTERNAT</FieldName><WFType>10</WFType><TypeId>0</TypeId><Unbounded>N</Unbounded><ExtensionTypeId>0</ExtensionTypeId>
	</RowData>
	<RowData><ProcessDefId>4</ProcessDefId><ParentTypeId>9</ParentTypeId><TypeFieldId>46</TypeFieldId><FieldName>BIDDER</FieldName><WFType>10</WFType><TypeId>0</TypeId><Unbounded>N</Unbounded><ExtensionTypeId>0</ExtensionTypeId>
	</RowData>
	<RowData><ProcessDefId>4</ProcessDefId><ParentTypeId>9</ParentTypeId><TypeFieldId>47</TypeFieldId><FieldName>SUPP_LINE</FieldName><WFType>10</WFType><TypeId>0</TypeId><Unbounded>N</Unbounded><ExtensionTypeId>0</ExtensionTypeId>
	</RowData>
	<RowData><ProcessDefId>4</ProcessDefId><ParentTypeId>9</ParentTypeId><TypeFieldId>48</TypeFieldId><FieldName>OPEN_QTY</FieldName><WFType>10</WFType><TypeId>0</TypeId><Unbounded>N</Unbounded><ExtensionTypeId>0</ExtensionTypeId>
	</RowData>
	<RowData><ProcessDefId>4</ProcessDefId><ParentTypeId>9</ParentTypeId><TypeFieldId>49</TypeFieldId><FieldName>INFORM</FieldName><WFType>10</WFType><TypeId>0</TypeId><Unbounded>N</Unbounded><ExtensionTypeId>0</ExtensionTypeId>
	</RowData>
	<RowData><ProcessDefId>4</ProcessDefId><ParentTypeId>9</ParentTypeId><TypeFieldId>50</TypeFieldId><FieldName>BLANKET</FieldName><WFType>10</WFType><TypeId>0</TypeId><Unbounded>N</Unbounded><ExtensionTypeId>0</ExtensionTypeId>
	</RowData>
	<RowData><ProcessDefId>4</ProcessDefId><ParentTypeId>9</ParentTypeId><TypeFieldId>51</TypeFieldId><FieldName>EVENTUAL</FieldName><WFType>10</WFType><TypeId>0</TypeId><Unbounded>N</Unbounded><ExtensionTypeId>0</ExtensionTypeId>
	</RowData>
	<RowData><ProcessDefId>4</ProcessDefId><ParentTypeId>9</ParentTypeId><TypeFieldId>52</TypeFieldId><FieldName>TAX_CODE</FieldName><WFType>10</WFType><TypeId>0</TypeId><Unbounded>N</Unbounded><ExtensionTypeId>0</ExtensionTypeId>
	</RowData>
	<RowData><ProcessDefId>4</ProcessDefId><ParentTypeId>9</ParentTypeId><TypeFieldId>53</TypeFieldId><FieldName>TAXJURCODE</FieldName><WFType>10</WFType><TypeId>0</TypeId><Unbounded>N</Unbounded><ExtensionTypeId>0</ExtensionTypeId>
	</RowData>
	<RowData><ProcessDefId>4</ProcessDefId><ParentTypeId>9</ParentTypeId><TypeFieldId>54</TypeFieldId><FieldName>PRICE_CHG</FieldName><WFType>10</WFType><TypeId>0</TypeId><Unbounded>N</Unbounded><ExtensionTypeId>0</ExtensionTypeId>
	</RowData>
	<RowData><ProcessDefId>4</ProcessDefId><ParentTypeId>9</ParentTypeId><TypeFieldId>55</TypeFieldId><FieldName>MATL_GROUP</FieldName><WFType>10</WFType><TypeId>0</TypeId><Unbounded>N</Unbounded><ExtensionTypeId>0</ExtensionTypeId>
	</RowData>
	<RowData><ProcessDefId>4</ProcessDefId><ParentTypeId>9</ParentTypeId><TypeFieldId>56</TypeFieldId><FieldName>NOND_ITAX</FieldName><WFType>10</WFType><TypeId>0</TypeId><Unbounded>N</Unbounded><ExtensionTypeId>0</ExtensionTypeId>
	</RowData>
	<RowData><ProcessDefId>4</ProcessDefId><ParentTypeId>9</ParentTypeId><TypeFieldId>57</TypeFieldId><FieldName>DATE</FieldName><WFType>8</WFType><TypeId>0</TypeId><Unbounded>N</Unbounded><ExtensionTypeId>0</ExtensionTypeId>
	</RowData>
	<RowData><ProcessDefId>4</ProcessDefId><ParentTypeId>9</ParentTypeId><TypeFieldId>58</TypeFieldId><FieldName>BEGINTIME</FieldName><WFType>10</WFType><TypeId>0</TypeId><Unbounded>N</Unbounded><ExtensionTypeId>0</ExtensionTypeId>
	</RowData>
	<RowData><ProcessDefId>4</ProcessDefId><ParentTypeId>9</ParentTypeId><TypeFieldId>59</TypeFieldId><FieldName>ENDTIME</FieldName><WFType>10</WFType><TypeId>0</TypeId><Unbounded>N</Unbounded><ExtensionTypeId>0</ExtensionTypeId>
	</RowData>
</PMWTypeDefTable_4>