<PMWTypeDefTable_2>
	<RowData><ProcessDefId>4</ProcessDefId><ParentTypeId>5</ParentTypeId><TypeFieldId>56</TypeFieldId><FieldName>IR_IND</FieldName><WFType>10</WFType><TypeId>0</TypeId><Unbounded>N</Unbounded><ExtensionTypeId>0</ExtensionTypeId>
	</RowData>
	<RowData><ProcessDefId>4</ProcessDefId><ParentTypeId>5</ParentTypeId><TypeFieldId>57</TypeFieldId><FieldName>GR_BASEDIV</FieldName><WFType>10</WFType><TypeId>0</TypeId><Unbounded>N</Unbounded><ExtensionTypeId>0</ExtensionTypeId>
	</RowData>
	<RowData><ProcessDefId>4</ProcessDefId><ParentTypeId>5</ParentTypeId><TypeFieldId>58</TypeFieldId><FieldName>ACKN_REQD</FieldName><WFType>10</WFType><TypeId>0</TypeId><Unbounded>N</Unbounded><ExtensionTypeId>0</ExtensionTypeId>
	</RowData>
	<RowData><ProcessDefId>4</ProcessDefId><ParentTypeId>5</ParentTypeId><TypeFieldId>59</TypeFieldId><FieldName>ACKNOWL_NO</FieldName><WFType>10</WFType><TypeId>0</TypeId><Unbounded>N</Unbounded><ExtensionTypeId>0</ExtensionTypeId>
	</RowData>
	<RowData><ProcessDefId>4</ProcessDefId><ParentTypeId>5</ParentTypeId><TypeFieldId>60</TypeFieldId><FieldName>AGREEMENT</FieldName><WFType>10</WFType><TypeId>0</TypeId><Unbounded>N</Unbounded><ExtensionTypeId>0</ExtensionTypeId>
	</RowData>
	<RowData><ProcessDefId>4</ProcessDefId><ParentTypeId>5</ParentTypeId><TypeFieldId>61</TypeFieldId><FieldName>AGMT_ITEM</FieldName><WFType>3</WFType><TypeId>0</TypeId><Unbounded>N</Unbounded><ExtensionTypeId>0</ExtensionTypeId>
	</RowData>
	<RowData><ProcessDefId>4</ProcessDefId><ParentTypeId>5</ParentTypeId><TypeFieldId>62</TypeFieldId><FieldName>RECON_DATE</FieldName><WFType>8</WFType><TypeId>0</TypeId><Unbounded>N</Unbounded><ExtensionTypeId>0</ExtensionTypeId>
	</RowData>
	<RowData><ProcessDefId>4</ProcessDefId><ParentTypeId>5</ParentTypeId><TypeFieldId>63</TypeFieldId><FieldName>AGRCUMQTY</FieldName><WFType>10</WFType><TypeId>0</TypeId><Unbounded>N</Unbounded><ExtensionTypeId>0</ExtensionTypeId>
	</RowData>
	<RowData><ProcessDefId>4</ProcessDefId><ParentTypeId>5</ParentTypeId><TypeFieldId>64</TypeFieldId><FieldName>FIRM_ZONE</FieldName><WFType>10</WFType><TypeId>0</TypeId><Unbounded>N</Unbounded><ExtensionTypeId>0</ExtensionTypeId>
	</RowData>
	<RowData><ProcessDefId>4</ProcessDefId><ParentTypeId>5</ParentTypeId><TypeFieldId>65</TypeFieldId><FieldName>TRADE_OFF</FieldName><WFType>10</WFType><TypeId>0</TypeId><Unbounded>N</Unbounded><ExtensionTypeId>0</ExtensionTypeId>
	</RowData>
	<RowData><ProcessDefId>4</ProcessDefId><ParentTypeId>5</ParentTypeId><TypeFieldId>66</TypeFieldId><FieldName>BOM_EXPL</FieldName><WFType>10</WFType><TypeId>0</TypeId><Unbounded>N</Unbounded><ExtensionTypeId>0</ExtensionTypeId>
	</RowData>
	<RowData><ProcessDefId>4</ProcessDefId><ParentTypeId>5</ParentTypeId><TypeFieldId>67</TypeFieldId><FieldName>EXCLUSION</FieldName><WFType>10</WFType><TypeId>0</TypeId><Unbounded>N</Unbounded><ExtensionTypeId>0</ExtensionTypeId>
	</RowData>
	<RowData><ProcessDefId>4</ProcessDefId><ParentTypeId>5</ParentTypeId><TypeFieldId>68</TypeFieldId><FieldName>BASE_UNIT</FieldName><WFType>10</WFType><TypeId>0</TypeId><Unbounded>N</Unbounded><ExtensionTypeId>0</ExtensionTypeId>
	</RowData>
	<RowData><ProcessDefId>4</ProcessDefId><ParentTypeId>5</ParentTypeId><TypeFieldId>69</TypeFieldId><FieldName>SHIPPING</FieldName><WFType>10</WFType><TypeId>0</TypeId><Unbounded>N</Unbounded><ExtensionTypeId>0</ExtensionTypeId>
	</RowData>
	<RowData><ProcessDefId>4</ProcessDefId><ParentTypeId>5</ParentTypeId><TypeFieldId>70</TypeFieldId><FieldName>OUTL_TARGV</FieldName><WFType>10</WFType><TypeId>0</TypeId><Unbounded>N</Unbounded><ExtensionTypeId>0</ExtensionTypeId>
	</RowData>
	<RowData><ProcessDefId>4</ProcessDefId><ParentTypeId>5</ParentTypeId><TypeFieldId>71</TypeFieldId><FieldName>NOND_ITAX</FieldName><WFType>10</WFType><TypeId>0</TypeId><Unbounded>N</Unbounded><ExtensionTypeId>0</ExtensionTypeId>
	</RowData>
	<RowData><ProcessDefId>4</ProcessDefId><ParentTypeId>5</ParentTypeId><TypeFieldId>72</TypeFieldId><FieldName>RELORD_QTY</FieldName><WFType>10</WFType><TypeId>0</TypeId><Unbounded>N</Unbounded><ExtensionTypeId>0</ExtensionTypeId>
	</RowData>
	<RowData><ProcessDefId>4</ProcessDefId><ParentTypeId>5</ParentTypeId><TypeFieldId>73</TypeFieldId><FieldName>PRICE_DATE</FieldName><WFType>8</WFType><TypeId>0</TypeId><Unbounded>N</Unbounded><ExtensionTypeId>0</ExtensionTypeId>
	</RowData>
	<RowData><ProcessDefId>4</ProcessDefId><ParentTypeId>5</ParentTypeId><TypeFieldId>74</TypeFieldId><FieldName>DOC_CAT</FieldName><WFType>10</WFType><TypeId>0</TypeId><Unbounded>N</Unbounded><ExtensionTypeId>0</ExtensionTypeId>
	</RowData>
	<RowData><ProcessDefId>4</ProcessDefId><ParentTypeId>5</ParentTypeId><TypeFieldId>75</TypeFieldId><FieldName>EFF_VALUE</FieldName><WFType>10</WFType><TypeId>0</TypeId><Unbounded>N</Unbounded><ExtensionTypeId>0</ExtensionTypeId>
	</RowData>
	<RowData><ProcessDefId>4</ProcessDefId><ParentTypeId>5</ParentTypeId><TypeFieldId>76</TypeFieldId><FieldName>COMMITMENT</FieldName><WFType>10</WFType><TypeId>0</TypeId><Unbounded>N</Unbounded><ExtensionTypeId>0</ExtensionTypeId>
	</RowData>
	<RowData><ProcessDefId>4</ProcessDefId><ParentTypeId>5</ParentTypeId><TypeFieldId>77</TypeFieldId><FieldName>CUSTOMER</FieldName><WFType>10</WFType><TypeId>0</TypeId><Unbounded>N</Unbounded><ExtensionTypeId>0</ExtensionTypeId>
	</RowData>
	<RowData><ProcessDefId>4</ProcessDefId><ParentTypeId>5</ParentTypeId><TypeFieldId>78</TypeFieldId><FieldName>ADDRESS</FieldName><WFType>10</WFType><TypeId>0</TypeId><Unbounded>N</Unbounded><ExtensionTypeId>0</ExtensionTypeId>
	</RowData>
	<RowData><ProcessDefId>4</ProcessDefId><ParentTypeId>5</ParentTypeId><TypeFieldId>79</TypeFieldId><FieldName>COND_GROUP</FieldName><WFType>10</WFType><TypeId>0</TypeId><Unbounded>N</Unbounded><ExtensionTypeId>0</ExtensionTypeId>
	</RowData>
	<RowData><ProcessDefId>4</ProcessDefId><ParentTypeId>5</ParentTypeId><TypeFieldId>80</TypeFieldId><FieldName>NO_C_DISC</FieldName><WFType>10</WFType><TypeId>0</TypeId><Unbounded>N</Unbounded><ExtensionTypeId>0</ExtensionTypeId>
	</RowData>
	<RowData><ProcessDefId>4</ProcessDefId><ParentTypeId>5</ParentTypeId><TypeFieldId>81</TypeFieldId><FieldName>UPDATE_GRP</FieldName><WFType>10</WFType><TypeId>0</TypeId><Unbounded>N</Unbounded><ExtensionTypeId>0</ExtensionTypeId>
	</RowData>
	<RowData><ProcessDefId>4</ProcessDefId><ParentTypeId>5</ParentTypeId><TypeFieldId>82</TypeFieldId><FieldName>PLAN_DEL</FieldName><WFType>10</WFType><TypeId>0</TypeId><Unbounded>N</Unbounded><ExtensionTypeId>0</ExtensionTypeId>
	</RowData>
	<RowData><ProcessDefId>4</ProcessDefId><ParentTypeId>5</ParentTypeId><TypeFieldId>83</TypeFieldId><FieldName>NET_WEIGHT</FieldName><WFType>10</WFType><TypeId>0</TypeId><Unbounded>N</Unbounded><ExtensionTypeId>0</ExtensionTypeId>
	</RowData>
	<RowData><ProcessDefId>4</ProcessDefId><ParentTypeId>5</ParentTypeId><TypeFieldId>84</TypeFieldId><FieldName>WEIGHTUNIT</FieldName><WFType>10</WFType><TypeId>0</TypeId><Unbounded>N</Unbounded><ExtensionTypeId>0</ExtensionTypeId>
	</RowData>
	<RowData><ProcessDefId>4</ProcessDefId><ParentTypeId>5</ParentTypeId><TypeFieldId>85</TypeFieldId><FieldName>TAX_JUR_CD</FieldName><WFType>10</WFType><TypeId>0</TypeId><Unbounded>N</Unbounded><ExtensionTypeId>0</ExtensionTypeId>
	</RowData>
	<RowData><ProcessDefId>4</ProcessDefId><ParentTypeId>5</ParentTypeId><TypeFieldId>86</TypeFieldId><FieldName>PRINT_REL</FieldName><WFType>10</WFType><TypeId>0</TypeId><Unbounded>N</Unbounded><ExtensionTypeId>0</ExtensionTypeId>
	</RowData>
	<RowData><ProcessDefId>4</ProcessDefId><ParentTypeId>5</ParentTypeId><TypeFieldId>87</TypeFieldId><FieldName>SPEC_STOCK</FieldName><WFType>10</WFType><TypeId>0</TypeId><Unbounded>N</Unbounded><ExtensionTypeId>0</ExtensionTypeId>
	</RowData>
	<RowData><ProcessDefId>4</ProcessDefId><ParentTypeId>5</ParentTypeId><TypeFieldId>88</TypeFieldId><FieldName>SETRESERNO</FieldName><WFType>3</WFType><TypeId>0</TypeId><Unbounded>N</Unbounded><ExtensionTypeId>0</ExtensionTypeId>
	</RowData>
	<RowData><ProcessDefId>4</ProcessDefId><ParentTypeId>5</ParentTypeId><TypeFieldId>89</TypeFieldId><FieldName>SETTLITMNO</FieldName><WFType>3</WFType><TypeId>0</TypeId><Unbounded>N</Unbounded><ExtensionTypeId>0</ExtensionTypeId>
	</RowData>
	<RowData><ProcessDefId>4</ProcessDefId><ParentTypeId>5</ParentTypeId><TypeFieldId>90</TypeFieldId><FieldName>NOT_CHGBL</FieldName><WFType>10</WFType><TypeId>0</TypeId><Unbounded>N</Unbounded><ExtensionTypeId>0</ExtensionTypeId>
	</RowData>
	<RowData><ProcessDefId>4</ProcessDefId><ParentTypeId>5</ParentTypeId><TypeFieldId>91</TypeFieldId><FieldName>CTR_KEY_QM</FieldName><WFType>10</WFType><TypeId>0</TypeId><Unbounded>N</Unbounded><ExtensionTypeId>0</ExtensionTypeId>
	</RowData>
	<RowData><ProcessDefId>4</ProcessDefId><ParentTypeId>5</ParentTypeId><TypeFieldId>92</TypeFieldId><FieldName>CERT_TYPE</FieldName><WFType>10</WFType><TypeId>0</TypeId><Unbounded>N</Unbounded><ExtensionTypeId>0</ExtensionTypeId>
	</RowData>
	<RowData><ProcessDefId>4</ProcessDefId><ParentTypeId>5</ParentTypeId><TypeFieldId>93</TypeFieldId><FieldName>EAN_UPC</FieldName><WFType>10</WFType><TypeId>0</TypeId><Unbounded>N</Unbounded><ExtensionTypeId>0</ExtensionTypeId>
	</RowData>
	<RowData><ProcessDefId>4</ProcessDefId><ParentTypeId>5</ParentTypeId><TypeFieldId>94</TypeFieldId><FieldName>CONF_CTRL</FieldName><WFType>10</WFType><TypeId>0</TypeId><Unbounded>N</Unbounded><ExtensionTypeId>0</ExtensionTypeId>
	</RowData>
	<RowData><ProcessDefId>4</ProcessDefId><ParentTypeId>5</ParentTypeId><TypeFieldId>95</TypeFieldId><FieldName>REV_LEV</FieldName><WFType>10</WFType><TypeId>0</TypeId><Unbounded>N</Unbounded><ExtensionTypeId>0</ExtensionTypeId>
	</RowData>
	<RowData><ProcessDefId>4</ProcessDefId><ParentTypeId>5</ParentTypeId><TypeFieldId>96</TypeFieldId><FieldName>FUND</FieldName><WFType>10</WFType><TypeId>0</TypeId><Unbounded>N</Unbounded><ExtensionTypeId>0</ExtensionTypeId>
	</RowData>
	<RowData><ProcessDefId>4</ProcessDefId><ParentTypeId>5</ParentTypeId><TypeFieldId>97</TypeFieldId><FieldName>FUNDS_CTR</FieldName><WFType>10</WFType><TypeId>0</TypeId><Unbounded>N</Unbounded><ExtensionTypeId>0</ExtensionTypeId>
	</RowData>
	<RowData><ProcessDefId>4</ProcessDefId><ParentTypeId>5</ParentTypeId><TypeFieldId>98</TypeFieldId><FieldName>CMMT_ITEM</FieldName><WFType>10</WFType><TypeId>0</TypeId><Unbounded>N</Unbounded><ExtensionTypeId>0</ExtensionTypeId>
	</RowData>
	<RowData><ProcessDefId>4</ProcessDefId><ParentTypeId>5</ParentTypeId><TypeFieldId>99</TypeFieldId><FieldName>BA_PARTNER</FieldName><WFType>10</WFType><TypeId>0</TypeId><Unbounded>N</Unbounded><ExtensionTypeId>0</ExtensionTypeId>
	</RowData>
	<RowData><ProcessDefId>4</ProcessDefId><ParentTypeId>5</ParentTypeId><TypeFieldId>100</TypeFieldId><FieldName>PTR_ASS_BA</FieldName><WFType>10</WFType><TypeId>0</TypeId><Unbounded>N</Unbounded><ExtensionTypeId>0</ExtensionTypeId>
	</RowData>
	<RowData><ProcessDefId>4</ProcessDefId><ParentTypeId>5</ParentTypeId><TypeFieldId>101</TypeFieldId><FieldName>PROFIT_CTR</FieldName><WFType>10</WFType><TypeId>0</TypeId><Unbounded>N</Unbounded><ExtensionTypeId>0</ExtensionTypeId>
	</RowData>
	<RowData><ProcessDefId>4</ProcessDefId><ParentTypeId>5</ParentTypeId><TypeFieldId>102</TypeFieldId><FieldName>PARTNER_PC</FieldName><WFType>10</WFType><TypeId>0</TypeId><Unbounded>N</Unbounded><ExtensionTypeId>0</ExtensionTypeId>
	</RowData>
	<RowData><ProcessDefId>4</ProcessDefId><ParentTypeId>5</ParentTypeId><TypeFieldId>103</TypeFieldId><FieldName>PRICE_CTR</FieldName><WFType>10</WFType><TypeId>0</TypeId><Unbounded>N</Unbounded><ExtensionTypeId>0</ExtensionTypeId>
	</RowData>
	<RowData><ProcessDefId>4</ProcessDefId><ParentTypeId>5</ParentTypeId><TypeFieldId>104</TypeFieldId><FieldName>GROSS_WGHT</FieldName><WFType>10</WFType><TypeId>0</TypeId><Unbounded>N</Unbounded><ExtensionTypeId>0</ExtensionTypeId>
	</RowData>
	<RowData><ProcessDefId>4</ProcessDefId><ParentTypeId>5</ParentTypeId><TypeFieldId>105</TypeFieldId><FieldName>VOLUME</FieldName><WFType>10</WFType><TypeId>0</TypeId><Unbounded>N</Unbounded><ExtensionTypeId>0</ExtensionTypeId>
	</RowData>
	<RowData><ProcessDefId>4</ProcessDefId><ParentTypeId>5</ParentTypeId><TypeFieldId>106</TypeFieldId><FieldName>VOLUMEUNIT</FieldName><WFType>10</WFType><TypeId>0</TypeId><Unbounded>N</Unbounded><ExtensionTypeId>0</ExtensionTypeId>
	</RowData>
	<RowData><ProcessDefId>4</ProcessDefId><ParentTypeId>5</ParentTypeId><TypeFieldId>107</TypeFieldId><FieldName>INCOTERMS1</FieldName><WFType>10</WFType><TypeId>0</TypeId><Unbounded>N</Unbounded><ExtensionTypeId>0</ExtensionTypeId>
	</RowData>
	<RowData><ProcessDefId>4</ProcessDefId><ParentTypeId>5</ParentTypeId><TypeFieldId>108</TypeFieldId><FieldName>INCOTERMS2</FieldName><WFType>10</WFType><TypeId>0</TypeId><Unbounded>N</Unbounded><ExtensionTypeId>0</ExtensionTypeId>
	</RowData>
	<RowData><ProcessDefId>4</ProcessDefId><ParentTypeId>5</ParentTypeId><TypeFieldId>109</TypeFieldId><FieldName>ADVANCE</FieldName><WFType>10</WFType><TypeId>0</TypeId><Unbounded>N</Unbounded><ExtensionTypeId>0</ExtensionTypeId>
	</RowData>
	<RowData><ProcessDefId>4</ProcessDefId><ParentTypeId>5</ParentTypeId><TypeFieldId>110</TypeFieldId><FieldName>PRIOR_VEND</FieldName><WFType>10</WFType><TypeId>0</TypeId><Unbounded>N</Unbounded><ExtensionTypeId>0</ExtensionTypeId>
	</RowData>
	<RowData><ProcessDefId>4</ProcessDefId><ParentTypeId>5</ParentTypeId><TypeFieldId>111</TypeFieldId><FieldName>SUB_RANGE</FieldName><WFType>10</WFType><TypeId>0</TypeId><Unbounded>N</Unbounded><ExtensionTypeId>0</ExtensionTypeId>
	</RowData>
	<RowData><ProcessDefId>4</ProcessDefId><ParentTypeId>5</ParentTypeId><TypeFieldId>112</TypeFieldId><FieldName>PCKG_NO</FieldName><WFType>3</WFType><TypeId>0</TypeId><Unbounded>N</Unbounded><ExtensionTypeId>0</ExtensionTypeId>
	</RowData>
	<RowData><ProcessDefId>4</ProcessDefId><ParentTypeId>5</ParentTypeId><TypeFieldId>113</TypeFieldId><FieldName>STATISTIC</FieldName><WFType>10</WFType><TypeId>0</TypeId><Unbounded>N</Unbounded><ExtensionTypeId>0</ExtensionTypeId>
	</RowData>
	<RowData><ProcessDefId>4</ProcessDefId><ParentTypeId>5</ParentTypeId><TypeFieldId>114</TypeFieldId><FieldName>HL_ITEM</FieldName><WFType>3</WFType><TypeId>0</TypeId><Unbounded>N</Unbounded><ExtensionTypeId>0</ExtensionTypeId>
	</RowData>
	<RowData><ProcessDefId>4</ProcessDefId><ParentTypeId>5</ParentTypeId><TypeFieldId>115</TypeFieldId><FieldName>GR_TO_DATE</FieldName><WFType>8</WFType><TypeId>0</TypeId><Unbounded>N</Unbounded><ExtensionTypeId>0</ExtensionTypeId>
	</RowData>
	<RowData><ProcessDefId>4</ProcessDefId><ParentTypeId>5</ParentTypeId><TypeFieldId>116</TypeFieldId><FieldName>SUPPL_VEND</FieldName><WFType>10</WFType><TypeId>0</TypeId><Unbounded>N</Unbounded><ExtensionTypeId>0</ExtensionTypeId>
	</RowData>
	<RowData><ProcessDefId>4</ProcessDefId><ParentTypeId>5</ParentTypeId><TypeFieldId>117</TypeFieldId><FieldName>SC_VENDOR</FieldName><WFType>10</WFType><TypeId>0</TypeId><Unbounded>N</Unbounded><ExtensionTypeId>0</ExtensionTypeId>
	</RowData>
	<RowData><ProcessDefId>4</ProcessDefId><ParentTypeId>5</ParentTypeId><TypeFieldId>118</TypeFieldId><FieldName>CONF_MATL</FieldName><WFType>10</WFType><TypeId>0</TypeId><Unbounded>N</Unbounded><ExtensionTypeId>0</ExtensionTypeId>
	</RowData>
	<RowData><ProcessDefId>4</ProcessDefId><ParentTypeId>5</ParentTypeId><TypeFieldId>119</TypeFieldId><FieldName>MAT_CAT</FieldName><WFType>10</WFType><TypeId>0</TypeId><Unbounded>N</Unbounded><ExtensionTypeId>0</ExtensionTypeId>
	</RowData>
	<RowData><ProcessDefId>4</ProcessDefId><ParentTypeId>5</ParentTypeId><TypeFieldId>120</TypeFieldId><FieldName>KANBAN_IND</FieldName><WFType>10</WFType><TypeId>0</TypeId><Unbounded>N</Unbounded><ExtensionTypeId>0</ExtensionTypeId>
	</RowData>
	<RowData><ProcessDefId>4</ProcessDefId><ParentTypeId>5</ParentTypeId><TypeFieldId>121</TypeFieldId><FieldName>ADDRESS2</FieldName><WFType>10</WFType><TypeId>0</TypeId><Unbounded>N</Unbounded><ExtensionTypeId>0</ExtensionTypeId>
	</RowData>
	<RowData><ProcessDefId>4</ProcessDefId><ParentTypeId>5</ParentTypeId><TypeFieldId>122</TypeFieldId><FieldName>INT_OBJ_NO</FieldName><WFType>3</WFType><TypeId>0</TypeId><Unbounded>N</Unbounded><ExtensionTypeId>0</ExtensionTypeId>
	</RowData>
	<RowData><ProcessDefId>4</ProcessDefId><ParentTypeId>5</ParentTypeId><TypeFieldId>123</TypeFieldId><FieldName>ERS</FieldName><WFType>10</WFType><TypeId>0</TypeId><Unbounded>N</Unbounded><ExtensionTypeId>0</ExtensionTypeId>
	</RowData>
	<RowData><ProcessDefId>4</ProcessDefId><ParentTypeId>5</ParentTypeId><TypeFieldId>124</TypeFieldId><FieldName>GRSETTFROM</FieldName><WFType>8</WFType><TypeId>0</TypeId><Unbounded>N</Unbounded><ExtensionTypeId>0</ExtensionTypeId>
	</RowData>
	<RowData><ProcessDefId>4</ProcessDefId><ParentTypeId>5</ParentTypeId><TypeFieldId>125</TypeFieldId><FieldName>LAST_TRANS</FieldName><WFType>8</WFType><TypeId>0</TypeId><Unbounded>N</Unbounded><ExtensionTypeId>0</ExtensionTypeId>
	</RowData>
	<RowData><ProcessDefId>4</ProcessDefId><ParentTypeId>5</ParentTypeId><TypeFieldId>126</TypeFieldId><FieldName>TRANS_TIME</FieldName><WFType>10</WFType><TypeId>0</TypeId><Unbounded>N</Unbounded><ExtensionTypeId>0</ExtensionTypeId>
	</RowData>
	<RowData><ProcessDefId>4</ProcessDefId><ParentTypeId>5</ParentTypeId><TypeFieldId>127</TypeFieldId><FieldName>SER_NO</FieldName><WFType>3</WFType><TypeId>0</TypeId><Unbounded>N</Unbounded><ExtensionTypeId>0</ExtensionTypeId>
	</RowData>
	<RowData><ProcessDefId>4</ProcessDefId><ParentTypeId>5</ParentTypeId><TypeFieldId>128</TypeFieldId><FieldName>PROMOTION</FieldName><WFType>10</WFType><TypeId>0</TypeId><Unbounded>N</Unbounded><ExtensionTypeId>0</ExtensionTypeId>
	</RowData>
	<RowData><ProcessDefId>4</ProcessDefId><ParentTypeId>5</ParentTypeId><TypeFieldId>129</TypeFieldId><FieldName>ALLOC_TBL</FieldName><WFType>10</WFType><TypeId>0</TypeId><Unbounded>N</Unbounded><ExtensionTypeId>0</ExtensionTypeId>
	</RowData>
	<RowData><ProcessDefId>4</ProcessDefId><ParentTypeId>5</ParentTypeId><TypeFieldId>130</TypeFieldId><FieldName>AT_ITEM</FieldName><WFType>3</WFType><TypeId>0</TypeId><Unbounded>N</Unbounded><ExtensionTypeId>0</ExtensionTypeId>
	</RowData>
	<RowData><ProcessDefId>4</ProcessDefId><ParentTypeId>5</ParentTypeId><TypeFieldId>131</TypeFieldId><FieldName>POINTS</FieldName><WFType>10</WFType><TypeId>0</TypeId><Unbounded>N</Unbounded><ExtensionTypeId>0</ExtensionTypeId>
	</RowData>
	<RowData><ProcessDefId>4</ProcessDefId><ParentTypeId>5</ParentTypeId><TypeFieldId>132</TypeFieldId><FieldName>POINTS_UN</FieldName><WFType>10</WFType><TypeId>0</TypeId><Unbounded>N</Unbounded><ExtensionTypeId>0</ExtensionTypeId>
	</RowData>
	<RowData><ProcessDefId>4</ProcessDefId><ParentTypeId>5</ParentTypeId><TypeFieldId>133</TypeFieldId><FieldName>SEASON_TY</FieldName><WFType>10</WFType><TypeId>0</TypeId><Unbounded>N</Unbounded><ExtensionTypeId>0</ExtensionTypeId>
	</RowData>
	<RowData><ProcessDefId>4</ProcessDefId><ParentTypeId>5</ParentTypeId><TypeFieldId>134</TypeFieldId><FieldName>SEASON_YR</FieldName><WFType>10</WFType><TypeId>0</TypeId><Unbounded>N</Unbounded><ExtensionTypeId>0</ExtensionTypeId>
	</RowData>
	<RowData><ProcessDefId>4</ProcessDefId><ParentTypeId>5</ParentTypeId><TypeFieldId>135</TypeFieldId><FieldName>SETT_GRP_2</FieldName><WFType>10</WFType><TypeId>0</TypeId><Unbounded>N</Unbounded><ExtensionTypeId>0</ExtensionTypeId>
	</RowData>
	<RowData><ProcessDefId>4</ProcessDefId><ParentTypeId>5</ParentTypeId><TypeFieldId>136</TypeFieldId><FieldName>SETT_GRP_3</FieldName><WFType>10</WFType><TypeId>0</TypeId><Unbounded>N</Unbounded><ExtensionTypeId>0</ExtensionTypeId>
	</RowData>
	<RowData><ProcessDefId>4</ProcessDefId><ParentTypeId>5</ParentTypeId><TypeFieldId>137</TypeFieldId><FieldName>SETT_ITEM</FieldName><WFType>10</WFType><TypeId>0</TypeId><Unbounded>N</Unbounded><ExtensionTypeId>0</ExtensionTypeId>
	</RowData>
	<RowData><ProcessDefId>4</ProcessDefId><ParentTypeId>5</ParentTypeId><TypeFieldId>138</TypeFieldId><FieldName>ML_AKT</FieldName><WFType>10</WFType><TypeId>0</TypeId><Unbounded>N</Unbounded><ExtensionTypeId>0</ExtensionTypeId>
	</RowData>
	<RowData><ProcessDefId>4</ProcessDefId><ParentTypeId>5</ParentTypeId><TypeFieldId>139</TypeFieldId><FieldName>REMSHLIFE</FieldName><WFType>10</WFType><TypeId>0</TypeId><Unbounded>N</Unbounded><ExtensionTypeId>0</ExtensionTypeId>
	</RowData>
	<RowData><ProcessDefId>4</ProcessDefId><ParentTypeId>5</ParentTypeId><TypeFieldId>140</TypeFieldId><FieldName>RFQ</FieldName><WFType>10</WFType><TypeId>0</TypeId><Unbounded>N</Unbounded><ExtensionTypeId>0</ExtensionTypeId>
	</RowData>
	<RowData><ProcessDefId>4</ProcessDefId><ParentTypeId>5</ParentTypeId><TypeFieldId>142</TypeFieldId><FieldName>RFQ_ITEM</FieldName><WFType>3</WFType><TypeId>0</TypeId><Unbounded>N</Unbounded><ExtensionTypeId>0</ExtensionTypeId>
	</RowData>
	<RowData><ProcessDefId>4</ProcessDefId><ParentTypeId>5</ParentTypeId><TypeFieldId>143</TypeFieldId><FieldName>CONFIG_ORG</FieldName><WFType>10</WFType><TypeId>0</TypeId><Unbounded>N</Unbounded><ExtensionTypeId>0</ExtensionTypeId>
	</RowData>
	<RowData><ProcessDefId>4</ProcessDefId><ParentTypeId>5</ParentTypeId><TypeFieldId>144</TypeFieldId><FieldName>QUOTAUSAGE</FieldName><WFType>10</WFType><TypeId>0</TypeId><Unbounded>N</Unbounded><ExtensionTypeId>0</ExtensionTypeId>
	</RowData>
	<RowData><ProcessDefId>4</ProcessDefId><ParentTypeId>5</ParentTypeId><TypeFieldId>145</TypeFieldId><FieldName>SPSTCK_PHY</FieldName><WFType>10</WFType><TypeId>0</TypeId><Unbounded>N</Unbounded><ExtensionTypeId>0</ExtensionTypeId>
	</RowData>
	<RowData><ProcessDefId>4</ProcessDefId><ParentTypeId>5</ParentTypeId><TypeFieldId>146</TypeFieldId><FieldName>PREQ_NO</FieldName><WFType>10</WFType><TypeId>0</TypeId><Unbounded>N</Unbounded><ExtensionTypeId>0</ExtensionTypeId>
	</RowData>
	<RowData><ProcessDefId>4</ProcessDefId><ParentTypeId>5</ParentTypeId><TypeFieldId>147</TypeFieldId><FieldName>PREQ_ITEM</FieldName><WFType>3</WFType><TypeId>0</TypeId><Unbounded>N</Unbounded><ExtensionTypeId>0</ExtensionTypeId>
	</RowData>
	<RowData><ProcessDefId>4</ProcessDefId><ParentTypeId>5</ParentTypeId><TypeFieldId>148</TypeFieldId><FieldName>MAT_TYPE</FieldName><WFType>10</WFType><TypeId>0</TypeId><Unbounded>N</Unbounded><ExtensionTypeId>0</ExtensionTypeId>
	</RowData>
	<RowData><ProcessDefId>4</ProcessDefId><ParentTypeId>5</ParentTypeId><TypeFieldId>149</TypeFieldId><FieldName>SI_CAT</FieldName><WFType>10</WFType><TypeId>0</TypeId><Unbounded>N</Unbounded><ExtensionTypeId>0</ExtensionTypeId>
	</RowData>
	<RowData><ProcessDefId>4</ProcessDefId><ParentTypeId>5</ParentTypeId><TypeFieldId>150</TypeFieldId><FieldName>SUB_ITEMS</FieldName><WFType>10</WFType><TypeId>0</TypeId><Unbounded>N</Unbounded><ExtensionTypeId>0</ExtensionTypeId>
	</RowData>
	<RowData><ProcessDefId>4</ProcessDefId><ParentTypeId>5</ParentTypeId><TypeFieldId>151</TypeFieldId><FieldName>SUBTOTAL_1</FieldName><WFType>10</WFType><TypeId>0</TypeId><Unbounded>N</Unbounded><ExtensionTypeId>0</ExtensionTypeId>
	</RowData>
	<RowData><ProcessDefId>4</ProcessDefId><ParentTypeId>5</ParentTypeId><TypeFieldId>152</TypeFieldId><FieldName>SUBTOTAL_2</FieldName><WFType>10</WFType><TypeId>0</TypeId><Unbounded>N</Unbounded><ExtensionTypeId>0</ExtensionTypeId>
	</RowData>
	<RowData><ProcessDefId>4</ProcessDefId><ParentTypeId>5</ParentTypeId><TypeFieldId>153</TypeFieldId><FieldName>SUBTOTAL_3</FieldName><WFType>10</WFType><TypeId>0</TypeId><Unbounded>N</Unbounded><ExtensionTypeId>0</ExtensionTypeId>
	</RowData>
	<RowData><ProcessDefId>4</ProcessDefId><ParentTypeId>5</ParentTypeId><TypeFieldId>154</TypeFieldId><FieldName>SUBTOTAL_4</FieldName><WFType>10</WFType><TypeId>0</TypeId><Unbounded>N</Unbounded><ExtensionTypeId>0</ExtensionTypeId>
	</RowData>
	<RowData><ProcessDefId>4</ProcessDefId><ParentTypeId>5</ParentTypeId><TypeFieldId>155</TypeFieldId><FieldName>SUBTOTAL_5</FieldName><WFType>10</WFType><TypeId>0</TypeId><Unbounded>N</Unbounded><ExtensionTypeId>0</ExtensionTypeId>
	</RowData>
	<RowData><ProcessDefId>4</ProcessDefId><ParentTypeId>5</ParentTypeId><TypeFieldId>156</TypeFieldId><FieldName>SUBTOTAL_6</FieldName><WFType>10</WFType><TypeId>0</TypeId><Unbounded>N</Unbounded><ExtensionTypeId>0</ExtensionTypeId>
	</RowData>
	<RowData><ProcessDefId>4</ProcessDefId><ParentTypeId>5</ParentTypeId><TypeFieldId>157</TypeFieldId><FieldName>SUBITM_KEY</FieldName><WFType>10</WFType><TypeId>0</TypeId><Unbounded>N</Unbounded><ExtensionTypeId>0</ExtensionTypeId>
	</RowData>
	<RowData><ProcessDefId>4</ProcessDefId><ParentTypeId>5</ParentTypeId><TypeFieldId>158</TypeFieldId><FieldName>MAX_CMG</FieldName><WFType>10</WFType><TypeId>0</TypeId><Unbounded>N</Unbounded><ExtensionTypeId>0</ExtensionTypeId>
	</RowData>
	<RowData><ProcessDefId>4</ProcessDefId><ParentTypeId>5</ParentTypeId><TypeFieldId>159</TypeFieldId><FieldName>MAX_CPGO</FieldName><WFType>10</WFType><TypeId>0</TypeId><Unbounded>N</Unbounded><ExtensionTypeId>0</ExtensionTypeId>
	</RowData>
	<RowData><ProcessDefId>4</ProcessDefId><ParentTypeId>5</ParentTypeId><TypeFieldId>160</TypeFieldId><FieldName>RET_ITEM</FieldName><WFType>10</WFType><TypeId>0</TypeId><Unbounded>N</Unbounded><ExtensionTypeId>0</ExtensionTypeId>
	</RowData>
	<RowData><ProcessDefId>4</ProcessDefId><ParentTypeId>5</ParentTypeId><TypeFieldId>161</TypeFieldId><FieldName>AT_RELEV</FieldName><WFType>10</WFType><TypeId>0</TypeId><Unbounded>N</Unbounded><ExtensionTypeId>0</ExtensionTypeId>
	</RowData>
	<RowData><ProcessDefId>4</ProcessDefId><ParentTypeId>5</ParentTypeId><TypeFieldId>162</TypeFieldId><FieldName>ORD_REAS</FieldName><WFType>10</WFType><TypeId>0</TypeId><Unbounded>N</Unbounded><ExtensionTypeId>0</ExtensionTypeId>
	</RowData>
	<RowData><ProcessDefId>4</ProcessDefId><ParentTypeId>5</ParentTypeId><TypeFieldId>163</TypeFieldId><FieldName>DEL_TYP_RT</FieldName><WFType>10</WFType><TypeId>0</TypeId><Unbounded>N</Unbounded><ExtensionTypeId>0</ExtensionTypeId>
	</RowData>
	<RowData><ProcessDefId>4</ProcessDefId><ParentTypeId>5</ParentTypeId><TypeFieldId>164</TypeFieldId><FieldName>PRDTE_CTRL</FieldName><WFType>10</WFType><TypeId>0</TypeId><Unbounded>N</Unbounded><ExtensionTypeId>0</ExtensionTypeId>
	</RowData>
	<RowData><ProcessDefId>4</ProcessDefId><ParentTypeId>5</ParentTypeId><TypeFieldId>165</TypeFieldId><FieldName>MANUF_PROF</FieldName><WFType>10</WFType><TypeId>0</TypeId><Unbounded>N</Unbounded><ExtensionTypeId>0</ExtensionTypeId>
	</RowData>
	<RowData><ProcessDefId>4</ProcessDefId><ParentTypeId>5</ParentTypeId><TypeFieldId>166</TypeFieldId><FieldName>MANU_MAT</FieldName><WFType>10</WFType><TypeId>0</TypeId><Unbounded>N</Unbounded><ExtensionTypeId>0</ExtensionTypeId>
	</RowData>
	<RowData><ProcessDefId>4</ProcessDefId><ParentTypeId>5</ParentTypeId><TypeFieldId>167</TypeFieldId><FieldName>MFR_NO</FieldName><WFType>10</WFType><TypeId>0</TypeId><Unbounded>N</Unbounded><ExtensionTypeId>0</ExtensionTypeId>
	</RowData>
	<RowData><ProcessDefId>4</ProcessDefId><ParentTypeId>5</ParentTypeId><TypeFieldId>168</TypeFieldId><FieldName>MFR_NO_EXT</FieldName><WFType>10</WFType><TypeId>0</TypeId><Unbounded>N</Unbounded><ExtensionTypeId>0</ExtensionTypeId>
	</RowData>
	<RowData><ProcessDefId>4</ProcessDefId><ParentTypeId>5</ParentTypeId><TypeFieldId>169</TypeFieldId><FieldName>ITEM_CAT_EXT</FieldName><WFType>10</WFType><TypeId>0</TypeId><Unbounded>N</Unbounded><ExtensionTypeId>0</ExtensionTypeId>
	</RowData>
	<RowData><ProcessDefId>4</ProcessDefId><ParentTypeId>5</ParentTypeId><TypeFieldId>170</TypeFieldId><FieldName>PO_UNIT_ISO</FieldName><WFType>10</WFType><TypeId>0</TypeId><Unbounded>N</Unbounded><ExtensionTypeId>0</ExtensionTypeId>
	</RowData>
	<RowData><ProcessDefId>4</ProcessDefId><ParentTypeId>5</ParentTypeId><TypeFieldId>171</TypeFieldId><FieldName>ORDERPR_UN_ISO</FieldName><WFType>10</WFType><TypeId>0</TypeId><Unbounded>N</Unbounded><ExtensionTypeId>0</ExtensionTypeId>
	</RowData>
	<RowData><ProcessDefId>4</ProcessDefId><ParentTypeId>5</ParentTypeId><TypeFieldId>172</TypeFieldId><FieldName>BASE_UOM_ISO</FieldName><WFType>10</WFType><TypeId>0</TypeId><Unbounded>N</Unbounded><ExtensionTypeId>0</ExtensionTypeId>
	</RowData>
	<RowData><ProcessDefId>4</ProcessDefId><ParentTypeId>5</ParentTypeId><TypeFieldId>173</TypeFieldId><FieldName>WEIGHTUNIT_ISO</FieldName><WFType>10</WFType><TypeId>0</TypeId><Unbounded>N</Unbounded><ExtensionTypeId>0</ExtensionTypeId>
	</RowData>
	<RowData><ProcessDefId>4</ProcessDefId><ParentTypeId>5</ParentTypeId><TypeFieldId>174</TypeFieldId><FieldName>VOLUMEUNIT_ISO</FieldName><WFType>10</WFType><TypeId>0</TypeId><Unbounded>N</Unbounded><ExtensionTypeId>0</ExtensionTypeId>
	</RowData>
	<RowData><ProcessDefId>4</ProcessDefId><ParentTypeId>5</ParentTypeId><TypeFieldId>175</TypeFieldId><FieldName>POINTS_UN_ISO</FieldName><WFType>10</WFType><TypeId>0</TypeId><Unbounded>N</Unbounded><ExtensionTypeId>0</ExtensionTypeId>
	</RowData>
	<RowData><ProcessDefId>4</ProcessDefId><ParentTypeId>5</ParentTypeId><TypeFieldId>176</TypeFieldId><FieldName>CONF_MATL_EXTERNAL</FieldName><WFType>10</WFType><TypeId>0</TypeId><Unbounded>N</Unbounded><ExtensionTypeId>0</ExtensionTypeId>
	</RowData>
	<RowData><ProcessDefId>4</ProcessDefId><ParentTypeId>5</ParentTypeId><TypeFieldId>177</TypeFieldId><FieldName>CONF_MATL_GUID</FieldName><WFType>10</WFType><TypeId>0</TypeId><Unbounded>N</Unbounded><ExtensionTypeId>0</ExtensionTypeId>
	</RowData>
	<RowData><ProcessDefId>4</ProcessDefId><ParentTypeId>5</ParentTypeId><TypeFieldId>178</TypeFieldId><FieldName>CONF_MATL_VERSION</FieldName><WFType>10</WFType><TypeId>0</TypeId><Unbounded>N</Unbounded><ExtensionTypeId>0</ExtensionTypeId>
	</RowData>
	<RowData><ProcessDefId>4</ProcessDefId><ParentTypeId>5</ParentTypeId><TypeFieldId>179</TypeFieldId><FieldName>MATERIAL_EXTERNAL</FieldName><WFType>10</WFType><TypeId>0</TypeId><Unbounded>N</Unbounded><ExtensionTypeId>0</ExtensionTypeId>
	</RowData>
	<RowData><ProcessDefId>4</ProcessDefId><ParentTypeId>5</ParentTypeId><TypeFieldId>180</TypeFieldId><FieldName>MATERIAL_GUID</FieldName><WFType>10</WFType><TypeId>0</TypeId><Unbounded>N</Unbounded><ExtensionTypeId>0</ExtensionTypeId>
	</RowData>
	<RowData><ProcessDefId>4</ProcessDefId><ParentTypeId>5</ParentTypeId><TypeFieldId>181</TypeFieldId><FieldName>MATERIAL_VERSION</FieldName><WFType>10</WFType><TypeId>0</TypeId><Unbounded>N</Unbounded><ExtensionTypeId>0</ExtensionTypeId>
	</RowData>
	<RowData><ProcessDefId>4</ProcessDefId><ParentTypeId>5</ParentTypeId><TypeFieldId>182</TypeFieldId><FieldName>PUR_MAT_EXTERNAL</FieldName><WFType>10</WFType><TypeId>0</TypeId><Unbounded>N</Unbounded><ExtensionTypeId>0</ExtensionTypeId>
	</RowData>
	<RowData><ProcessDefId>4</ProcessDefId><ParentTypeId>5</ParentTypeId><TypeFieldId>183</TypeFieldId><FieldName>PUR_MAT_GUID</FieldName><WFType>10</WFType><TypeId>0</TypeId><Unbounded>N</Unbounded><ExtensionTypeId>0</ExtensionTypeId>
	</RowData>
	<RowData><ProcessDefId>4</ProcessDefId><ParentTypeId>5</ParentTypeId><TypeFieldId>184</TypeFieldId><FieldName>PUR_MAT_VERSION</FieldName><WFType>10</WFType><TypeId>0</TypeId><Unbounded>N</Unbounded><ExtensionTypeId>0</ExtensionTypeId>
	</RowData>
	<RowData><ProcessDefId>4</ProcessDefId><ParentTypeId>5</ParentTypeId><TypeFieldId>185</TypeFieldId><FieldName>GRANT_NBR</FieldName><WFType>10</WFType><TypeId>0</TypeId><Unbounded>N</Unbounded><ExtensionTypeId>0</ExtensionTypeId>
	</RowData>
	<RowData><ProcessDefId>4</ProcessDefId><ParentTypeId>5</ParentTypeId><TypeFieldId>186</TypeFieldId><FieldName>CMMT_ITEM_LONG</FieldName><WFType>10</WFType><TypeId>0</TypeId><Unbounded>N</Unbounded><ExtensionTypeId>0</ExtensionTypeId>
	</RowData>
	<RowData><ProcessDefId>4</ProcessDefId><ParentTypeId>5</ParentTypeId><TypeFieldId>187</TypeFieldId><FieldName>FUNC_AREA_LONG</FieldName><WFType>10</WFType><TypeId>0</TypeId><Unbounded>N</Unbounded><ExtensionTypeId>0</ExtensionTypeId>
	</RowData>
	<RowData><ProcessDefId>4</ProcessDefId><ParentTypeId>5</ParentTypeId><TypeFieldId>188</TypeFieldId><FieldName>BUDGET_PERIOD</FieldName><WFType>10</WFType><TypeId>0</TypeId><Unbounded>N</Unbounded><ExtensionTypeId>0</ExtensionTypeId>
	</RowData>
	<RowData><ProcessDefId>4</ProcessDefId><ParentTypeId>5</ParentTypeId><TypeFieldId>189</TypeFieldId><FieldName>purchaseorder</FieldName><WFType>10</WFType><TypeId>0</TypeId><Unbounded>N</Unbounded><ExtensionTypeId>0</ExtensionTypeId>
	</RowData>
	<RowData><ProcessDefId>4</ProcessDefId><ParentTypeId>6</ParentTypeId><TypeFieldId>1</TypeFieldId><FieldName>PO_ITEM</FieldName><WFType>3</WFType><TypeId>0</TypeId><Unbounded>N</Unbounded><ExtensionTypeId>0</ExtensionTypeId>
	</RowData>
	<RowData><ProcessDefId>4</ProcessDefId><ParentTypeId>6</ParentTypeId><TypeFieldId>2</TypeFieldId><FieldName>SERIAL_NO</FieldName><WFType>3</WFType><TypeId>0</TypeId><Unbounded>N</Unbounded><ExtensionTypeId>0</ExtensionTypeId>
	</RowData>
	<RowData><ProcessDefId>4</ProcessDefId><ParentTypeId>6</ParentTypeId><TypeFieldId>3</TypeFieldId><FieldName>PROCESS_ID</FieldName><WFType>10</WFType><TypeId>0</TypeId><Unbounded>N</Unbounded><ExtensionTypeId>0</ExtensionTypeId>
	</RowData>
	<RowData><ProcessDefId>4</ProcessDefId><ParentTypeId>6</ParentTypeId><TypeFieldId>4</TypeFieldId><FieldName>DOC_YEAR</FieldName><WFType>3</WFType><TypeId>0</TypeId><Unbounded>N</Unbounded><ExtensionTypeId>0</ExtensionTypeId>
	</RowData>
	<RowData><ProcessDefId>4</ProcessDefId><ParentTypeId>6</ParentTypeId><TypeFieldId>5</TypeFieldId><FieldName>MAT_DOC</FieldName><WFType>10</WFType><TypeId>0</TypeId><Unbounded>N</Unbounded><ExtensionTypeId>0</ExtensionTypeId>
	</RowData>
	<RowData><ProcessDefId>4</ProcessDefId><ParentTypeId>6</ParentTypeId><TypeFieldId>6</TypeFieldId><FieldName>MATDOC_ITM</FieldName><WFType>3</WFType><TypeId>0</TypeId><Unbounded>N</Unbounded><ExtensionTypeId>0</ExtensionTypeId>
	</RowData>
	<RowData><ProcessDefId>4</ProcessDefId><ParentTypeId>6</ParentTypeId><TypeFieldId>7</TypeFieldId><FieldName>HIST_TYPE</FieldName><WFType>10</WFType><TypeId>0</TypeId><Unbounded>N</Unbounded><ExtensionTypeId>0</ExtensionTypeId>
	</RowData>
	<RowData><ProcessDefId>4</ProcessDefId><ParentTypeId>6</ParentTypeId><TypeFieldId>8</TypeFieldId><FieldName>MOVE_TYPE</FieldName><WFType>10</WFType><TypeId>0</TypeId><Unbounded>N</Unbounded><ExtensionTypeId>0</ExtensionTypeId>
	</RowData>
	<RowData><ProcessDefId>4</ProcessDefId><ParentTypeId>6</ParentTypeId><TypeFieldId>9</TypeFieldId><FieldName>PSTNG_DATE</FieldName><WFType>8</WFType><TypeId>0</TypeId><Unbounded>N</Unbounded><ExtensionTypeId>0</ExtensionTypeId>
	</RowData>
	<RowData><ProcessDefId>4</ProcessDefId><ParentTypeId>6</ParentTypeId><TypeFieldId>10</TypeFieldId><FieldName>QUANTITY</FieldName><WFType>10</WFType><TypeId>0</TypeId><Unbounded>N</Unbounded><ExtensionTypeId>0</ExtensionTypeId>
	</RowData>
	<RowData><ProcessDefId>4</ProcessDefId><ParentTypeId>6</ParentTypeId><TypeFieldId>11</TypeFieldId><FieldName>VAL_LOCCUR</FieldName><WFType>10</WFType><TypeId>0</TypeId><Unbounded>N</Unbounded><ExtensionTypeId>0</ExtensionTypeId>
	</RowData>
	<RowData><ProcessDefId>4</ProcessDefId><ParentTypeId>6</ParentTypeId><TypeFieldId>12</TypeFieldId><FieldName>VAL_FORCUR</FieldName><WFType>10</WFType><TypeId>0</TypeId><Unbounded>N</Unbounded><ExtensionTypeId>0</ExtensionTypeId>
	</RowData>
	<RowData><ProcessDefId>4</ProcessDefId><ParentTypeId>6</ParentTypeId><TypeFieldId>13</TypeFieldId><FieldName>CURRENCY</FieldName><WFType>10</WFType><TypeId>0</TypeId><Unbounded>N</Unbounded><ExtensionTypeId>0</ExtensionTypeId>
	</RowData>
	<RowData><ProcessDefId>4</ProcessDefId><ParentTypeId>6</ParentTypeId><TypeFieldId>14</TypeFieldId><FieldName>CL_VAL_LOC</FieldName><WFType>10</WFType><TypeId>0</TypeId><Unbounded>N</Unbounded><ExtensionTypeId>0</ExtensionTypeId>
	</RowData>
	<RowData><ProcessDefId>4</ProcessDefId><ParentTypeId>6</ParentTypeId><TypeFieldId>15</TypeFieldId><FieldName>BLOCKED_QY</FieldName><WFType>10</WFType><TypeId>0</TypeId><Unbounded>N</Unbounded><ExtensionTypeId>0</ExtensionTypeId>
	</RowData>
	<RowData><ProcessDefId>4</ProcessDefId><ParentTypeId>6</ParentTypeId><TypeFieldId>16</TypeFieldId><FieldName>BL_QTY</FieldName><WFType>10</WFType><TypeId>0</TypeId><Unbounded>N</Unbounded><ExtensionTypeId>0</ExtensionTypeId>
	</RowData>
	<RowData><ProcessDefId>4</ProcessDefId><ParentTypeId>6</ParentTypeId><TypeFieldId>17</TypeFieldId><FieldName>DB_CR_IND</FieldName><WFType>10</WFType><TypeId>0</TypeId><Unbounded>N</Unbounded><ExtensionTypeId>0</ExtensionTypeId>
	</RowData>
</PMWTypeDefTable_2>