<PMWTRIGGERDEFTABLE>
	<RowData><ProcessDefId>4</ProcessDefId><TriggerID>1</TriggerID><TriggerName>storeChildWI</TriggerName><TriggerType>C</TriggerType><TriggerTypeName></TriggerTypeName><Description>Store Child WI creation</Description>
	</RowData>
	<RowData><ProcessDefId>4</ProcessDefId><TriggerID>2</TriggerID><TriggerName>qualityChildWI</TriggerName><TriggerType>C</TriggerType><TriggerTypeName></TriggerTypeName><Description>Quality Child WI creation</Description>
	</RowData>
	<RowData><ProcessDefId>4</ProcessDefId><TriggerID>3</TriggerID><TriggerName>notification mail</TriggerName><TriggerType>M</TriggerType><TriggerTypeName></TriggerTypeName><Description>ok</Description>
	</RowData>
	<RowData><ProcessDefId>4</ProcessDefId><TriggerID>4</TriggerID><TriggerName>service_status_mail</TriggerName><TriggerType>M</TriggerType><TriggerTypeName></TriggerTypeName><Description>Service Status Mail</Description>
	</RowData>
</PMWTRIGGERDEFTABLE>