<PMWUDTVarMappingTable_1>
	<RowData><ProcessDefId>4</ProcessDefId><VariableId>102</VariableId><VarFieldId>76</VarFieldId><TypeId>5</TypeId><TypeFieldId>75</TypeFieldId><ParentVarFieldId>1</ParentVarFieldId><MappedObjectName>EFF_VALUE</MappedObjectName><ExtObjId>6</ExtObjId><MappedObjectType>C</MappedObjectType><FieldLength>50</FieldLength><VarPrecision>0</VarPrecision><RelationId>0</RelationId><IsEncrypted>N</IsEncrypted><IsMasked>N</IsMasked><MaskingPattern>X</MaskingPattern>
	</RowData>
	<RowData><ProcessDefId>4</ProcessDefId><VariableId>102</VariableId><VarFieldId>77</VarFieldId><TypeId>5</TypeId><TypeFieldId>76</TypeFieldId><ParentVarFieldId>1</ParentVarFieldId><MappedObjectName>COMMITMENT</MappedObjectName><ExtObjId>6</ExtObjId><MappedObjectType>C</MappedObjectType><FieldLength>50</FieldLength><VarPrecision>0</VarPrecision><RelationId>0</RelationId><IsEncrypted>N</IsEncrypted><IsMasked>N</IsMasked><MaskingPattern>X</MaskingPattern>
	</RowData>
	<RowData><ProcessDefId>4</ProcessDefId><VariableId>102</VariableId><VarFieldId>78</VarFieldId><TypeId>5</TypeId><TypeFieldId>77</TypeFieldId><ParentVarFieldId>1</ParentVarFieldId><MappedObjectName>CUSTOMER</MappedObjectName><ExtObjId>6</ExtObjId><MappedObjectType>C</MappedObjectType><FieldLength>50</FieldLength><VarPrecision>0</VarPrecision><RelationId>0</RelationId><IsEncrypted>N</IsEncrypted><IsMasked>N</IsMasked><MaskingPattern>X</MaskingPattern>
	</RowData>
	<RowData><ProcessDefId>4</ProcessDefId><VariableId>102</VariableId><VarFieldId>79</VarFieldId><TypeId>5</TypeId><TypeFieldId>78</TypeFieldId><ParentVarFieldId>1</ParentVarFieldId><MappedObjectName>ADDRESS</MappedObjectName><ExtObjId>6</ExtObjId><MappedObjectType>C</MappedObjectType><FieldLength>50</FieldLength><VarPrecision>0</VarPrecision><RelationId>0</RelationId><IsEncrypted>N</IsEncrypted><IsMasked>N</IsMasked><MaskingPattern>X</MaskingPattern>
	</RowData>
	<RowData><ProcessDefId>4</ProcessDefId><VariableId>102</VariableId><VarFieldId>80</VarFieldId><TypeId>5</TypeId><TypeFieldId>79</TypeFieldId><ParentVarFieldId>1</ParentVarFieldId><MappedObjectName>COND_GROUP</MappedObjectName><ExtObjId>6</ExtObjId><MappedObjectType>C</MappedObjectType><FieldLength>50</FieldLength><VarPrecision>0</VarPrecision><RelationId>0</RelationId><IsEncrypted>N</IsEncrypted><IsMasked>N</IsMasked><MaskingPattern>X</MaskingPattern>
	</RowData>
	<RowData><ProcessDefId>4</ProcessDefId><VariableId>102</VariableId><VarFieldId>81</VarFieldId><TypeId>5</TypeId><TypeFieldId>80</TypeFieldId><ParentVarFieldId>1</ParentVarFieldId><MappedObjectName>NO_C_DISC</MappedObjectName><ExtObjId>6</ExtObjId><MappedObjectType>C</MappedObjectType><FieldLength>50</FieldLength><VarPrecision>0</VarPrecision><RelationId>0</RelationId><IsEncrypted>N</IsEncrypted><IsMasked>N</IsMasked><MaskingPattern>X</MaskingPattern>
	</RowData>
	<RowData><ProcessDefId>4</ProcessDefId><VariableId>102</VariableId><VarFieldId>82</VarFieldId><TypeId>5</TypeId><TypeFieldId>81</TypeFieldId><ParentVarFieldId>1</ParentVarFieldId><MappedObjectName>UPDATE_GRP</MappedObjectName><ExtObjId>6</ExtObjId><MappedObjectType>C</MappedObjectType><FieldLength>50</FieldLength><VarPrecision>0</VarPrecision><RelationId>0</RelationId><IsEncrypted>N</IsEncrypted><IsMasked>N</IsMasked><MaskingPattern>X</MaskingPattern>
	</RowData>
	<RowData><ProcessDefId>4</ProcessDefId><VariableId>102</VariableId><VarFieldId>83</VarFieldId><TypeId>5</TypeId><TypeFieldId>82</TypeFieldId><ParentVarFieldId>1</ParentVarFieldId><MappedObjectName>PLAN_DEL</MappedObjectName><ExtObjId>6</ExtObjId><MappedObjectType>C</MappedObjectType><FieldLength>50</FieldLength><VarPrecision>0</VarPrecision><RelationId>0</RelationId><IsEncrypted>N</IsEncrypted><IsMasked>N</IsMasked><MaskingPattern>X</MaskingPattern>
	</RowData>
	<RowData><ProcessDefId>4</ProcessDefId><VariableId>102</VariableId><VarFieldId>84</VarFieldId><TypeId>5</TypeId><TypeFieldId>83</TypeFieldId><ParentVarFieldId>1</ParentVarFieldId><MappedObjectName>NET_WEIGHT</MappedObjectName><ExtObjId>6</ExtObjId><MappedObjectType>C</MappedObjectType><FieldLength>50</FieldLength><VarPrecision>0</VarPrecision><RelationId>0</RelationId><IsEncrypted>N</IsEncrypted><IsMasked>N</IsMasked><MaskingPattern>X</MaskingPattern>
	</RowData>
	<RowData><ProcessDefId>4</ProcessDefId><VariableId>102</VariableId><VarFieldId>85</VarFieldId><TypeId>5</TypeId><TypeFieldId>84</TypeFieldId><ParentVarFieldId>1</ParentVarFieldId><MappedObjectName>WEIGHTUNIT</MappedObjectName><ExtObjId>6</ExtObjId><MappedObjectType>C</MappedObjectType><FieldLength>50</FieldLength><VarPrecision>0</VarPrecision><RelationId>0</RelationId><IsEncrypted>N</IsEncrypted><IsMasked>N</IsMasked><MaskingPattern>X</MaskingPattern>
	</RowData>
	<RowData><ProcessDefId>4</ProcessDefId><VariableId>102</VariableId><VarFieldId>86</VarFieldId><TypeId>5</TypeId><TypeFieldId>85</TypeFieldId><ParentVarFieldId>1</ParentVarFieldId><MappedObjectName>TAX_JUR_CD</MappedObjectName><ExtObjId>6</ExtObjId><MappedObjectType>C</MappedObjectType><FieldLength>50</FieldLength><VarPrecision>0</VarPrecision><RelationId>0</RelationId><IsEncrypted>N</IsEncrypted><IsMasked>N</IsMasked><MaskingPattern>X</MaskingPattern>
	</RowData>
	<RowData><ProcessDefId>4</ProcessDefId><VariableId>102</VariableId><VarFieldId>87</VarFieldId><TypeId>5</TypeId><TypeFieldId>86</TypeFieldId><ParentVarFieldId>1</ParentVarFieldId><MappedObjectName>PRINT_REL</MappedObjectName><ExtObjId>6</ExtObjId><MappedObjectType>C</MappedObjectType><FieldLength>50</FieldLength><VarPrecision>0</VarPrecision><RelationId>0</RelationId><IsEncrypted>N</IsEncrypted><IsMasked>N</IsMasked><MaskingPattern>X</MaskingPattern>
	</RowData>
	<RowData><ProcessDefId>4</ProcessDefId><VariableId>102</VariableId><VarFieldId>88</VarFieldId><TypeId>5</TypeId><TypeFieldId>87</TypeFieldId><ParentVarFieldId>1</ParentVarFieldId><MappedObjectName>SPEC_STOCK</MappedObjectName><ExtObjId>6</ExtObjId><MappedObjectType>C</MappedObjectType><FieldLength>50</FieldLength><VarPrecision>0</VarPrecision><RelationId>0</RelationId><IsEncrypted>N</IsEncrypted><IsMasked>N</IsMasked><MaskingPattern>X</MaskingPattern>
	</RowData>
	<RowData><ProcessDefId>4</ProcessDefId><VariableId>102</VariableId><VarFieldId>89</VarFieldId><TypeId>5</TypeId><TypeFieldId>88</TypeFieldId><ParentVarFieldId>1</ParentVarFieldId><MappedObjectName>SETRESERNO</MappedObjectName><ExtObjId>6</ExtObjId><MappedObjectType>C</MappedObjectType><FieldLength>2</FieldLength><VarPrecision>0</VarPrecision><RelationId>0</RelationId><IsEncrypted>N</IsEncrypted><IsMasked>N</IsMasked><MaskingPattern>X</MaskingPattern>
	</RowData>
	<RowData><ProcessDefId>4</ProcessDefId><VariableId>102</VariableId><VarFieldId>90</VarFieldId><TypeId>5</TypeId><TypeFieldId>89</TypeFieldId><ParentVarFieldId>1</ParentVarFieldId><MappedObjectName>SETTLITMNO</MappedObjectName><ExtObjId>6</ExtObjId><MappedObjectType>C</MappedObjectType><FieldLength>2</FieldLength><VarPrecision>0</VarPrecision><RelationId>0</RelationId><IsEncrypted>N</IsEncrypted><IsMasked>N</IsMasked><MaskingPattern>X</MaskingPattern>
	</RowData>
	<RowData><ProcessDefId>4</ProcessDefId><VariableId>102</VariableId><VarFieldId>91</VarFieldId><TypeId>5</TypeId><TypeFieldId>90</TypeFieldId><ParentVarFieldId>1</ParentVarFieldId><MappedObjectName>NOT_CHGBL</MappedObjectName><ExtObjId>6</ExtObjId><MappedObjectType>C</MappedObjectType><FieldLength>50</FieldLength><VarPrecision>0</VarPrecision><RelationId>0</RelationId><IsEncrypted>N</IsEncrypted><IsMasked>N</IsMasked><MaskingPattern>X</MaskingPattern>
	</RowData>
	<RowData><ProcessDefId>4</ProcessDefId><VariableId>102</VariableId><VarFieldId>92</VarFieldId><TypeId>5</TypeId><TypeFieldId>91</TypeFieldId><ParentVarFieldId>1</ParentVarFieldId><MappedObjectName>CTR_KEY_QM</MappedObjectName><ExtObjId>6</ExtObjId><MappedObjectType>C</MappedObjectType><FieldLength>50</FieldLength><VarPrecision>0</VarPrecision><RelationId>0</RelationId><IsEncrypted>N</IsEncrypted><IsMasked>N</IsMasked><MaskingPattern>X</MaskingPattern>
	</RowData>
	<RowData><ProcessDefId>4</ProcessDefId><VariableId>102</VariableId><VarFieldId>93</VarFieldId><TypeId>5</TypeId><TypeFieldId>92</TypeFieldId><ParentVarFieldId>1</ParentVarFieldId><MappedObjectName>CERT_TYPE</MappedObjectName><ExtObjId>6</ExtObjId><MappedObjectType>C</MappedObjectType><FieldLength>50</FieldLength><VarPrecision>0</VarPrecision><RelationId>0</RelationId><IsEncrypted>N</IsEncrypted><IsMasked>N</IsMasked><MaskingPattern>X</MaskingPattern>
	</RowData>
	<RowData><ProcessDefId>4</ProcessDefId><VariableId>102</VariableId><VarFieldId>94</VarFieldId><TypeId>5</TypeId><TypeFieldId>93</TypeFieldId><ParentVarFieldId>1</ParentVarFieldId><MappedObjectName>EAN_UPC</MappedObjectName><ExtObjId>6</ExtObjId><MappedObjectType>C</MappedObjectType><FieldLength>50</FieldLength><VarPrecision>0</VarPrecision><RelationId>0</RelationId><IsEncrypted>N</IsEncrypted><IsMasked>N</IsMasked><MaskingPattern>X</MaskingPattern>
	</RowData>
	<RowData><ProcessDefId>4</ProcessDefId><VariableId>102</VariableId><VarFieldId>95</VarFieldId><TypeId>5</TypeId><TypeFieldId>94</TypeFieldId><ParentVarFieldId>1</ParentVarFieldId><MappedObjectName>CONF_CTRL</MappedObjectName><ExtObjId>6</ExtObjId><MappedObjectType>C</MappedObjectType><FieldLength>50</FieldLength><VarPrecision>0</VarPrecision><RelationId>0</RelationId><IsEncrypted>N</IsEncrypted><IsMasked>N</IsMasked><MaskingPattern>X</MaskingPattern>
	</RowData>
	<RowData><ProcessDefId>4</ProcessDefId><VariableId>102</VariableId><VarFieldId>96</VarFieldId><TypeId>5</TypeId><TypeFieldId>95</TypeFieldId><ParentVarFieldId>1</ParentVarFieldId><MappedObjectName>REV_LEV</MappedObjectName><ExtObjId>6</ExtObjId><MappedObjectType>C</MappedObjectType><FieldLength>50</FieldLength><VarPrecision>0</VarPrecision><RelationId>0</RelationId><IsEncrypted>N</IsEncrypted><IsMasked>N</IsMasked><MaskingPattern>X</MaskingPattern>
	</RowData>
	<RowData><ProcessDefId>4</ProcessDefId><VariableId>102</VariableId><VarFieldId>97</VarFieldId><TypeId>5</TypeId><TypeFieldId>96</TypeFieldId><ParentVarFieldId>1</ParentVarFieldId><MappedObjectName>FUND</MappedObjectName><ExtObjId>6</ExtObjId><MappedObjectType>C</MappedObjectType><FieldLength>50</FieldLength><VarPrecision>0</VarPrecision><RelationId>0</RelationId><IsEncrypted>N</IsEncrypted><IsMasked>N</IsMasked><MaskingPattern>X</MaskingPattern>
	</RowData>
	<RowData><ProcessDefId>4</ProcessDefId><VariableId>102</VariableId><VarFieldId>98</VarFieldId><TypeId>5</TypeId><TypeFieldId>97</TypeFieldId><ParentVarFieldId>1</ParentVarFieldId><MappedObjectName>FUNDS_CTR</MappedObjectName><ExtObjId>6</ExtObjId><MappedObjectType>C</MappedObjectType><FieldLength>50</FieldLength><VarPrecision>0</VarPrecision><RelationId>0</RelationId><IsEncrypted>N</IsEncrypted><IsMasked>N</IsMasked><MaskingPattern>X</MaskingPattern>
	</RowData>
	<RowData><ProcessDefId>4</ProcessDefId><VariableId>102</VariableId><VarFieldId>99</VarFieldId><TypeId>5</TypeId><TypeFieldId>98</TypeFieldId><ParentVarFieldId>1</ParentVarFieldId><MappedObjectName>CMMT_ITEM</MappedObjectName><ExtObjId>6</ExtObjId><MappedObjectType>C</MappedObjectType><FieldLength>50</FieldLength><VarPrecision>0</VarPrecision><RelationId>0</RelationId><IsEncrypted>N</IsEncrypted><IsMasked>N</IsMasked><MaskingPattern>X</MaskingPattern>
	</RowData>
	<RowData><ProcessDefId>4</ProcessDefId><VariableId>102</VariableId><VarFieldId>100</VarFieldId><TypeId>5</TypeId><TypeFieldId>99</TypeFieldId><ParentVarFieldId>1</ParentVarFieldId><MappedObjectName>BA_PARTNER</MappedObjectName><ExtObjId>6</ExtObjId><MappedObjectType>C</MappedObjectType><FieldLength>50</FieldLength><VarPrecision>0</VarPrecision><RelationId>0</RelationId><IsEncrypted>N</IsEncrypted><IsMasked>N</IsMasked><MaskingPattern>X</MaskingPattern>
	</RowData>
	<RowData><ProcessDefId>4</ProcessDefId><VariableId>102</VariableId><VarFieldId>101</VarFieldId><TypeId>5</TypeId><TypeFieldId>100</TypeFieldId><ParentVarFieldId>1</ParentVarFieldId><MappedObjectName>PTR_ASS_BA</MappedObjectName><ExtObjId>6</ExtObjId><MappedObjectType>C</MappedObjectType><FieldLength>50</FieldLength><VarPrecision>0</VarPrecision><RelationId>0</RelationId><IsEncrypted>N</IsEncrypted><IsMasked>N</IsMasked><MaskingPattern>X</MaskingPattern>
	</RowData>
	<RowData><ProcessDefId>4</ProcessDefId><VariableId>102</VariableId><VarFieldId>102</VarFieldId><TypeId>5</TypeId><TypeFieldId>101</TypeFieldId><ParentVarFieldId>1</ParentVarFieldId><MappedObjectName>PROFIT_CTR</MappedObjectName><ExtObjId>6</ExtObjId><MappedObjectType>C</MappedObjectType><FieldLength>50</FieldLength><VarPrecision>0</VarPrecision><RelationId>0</RelationId><IsEncrypted>N</IsEncrypted><IsMasked>N</IsMasked><MaskingPattern>X</MaskingPattern>
	</RowData>
	<RowData><ProcessDefId>4</ProcessDefId><VariableId>102</VariableId><VarFieldId>103</VarFieldId><TypeId>5</TypeId><TypeFieldId>102</TypeFieldId><ParentVarFieldId>1</ParentVarFieldId><MappedObjectName>PARTNER_PC</MappedObjectName><ExtObjId>6</ExtObjId><MappedObjectType>C</MappedObjectType><FieldLength>50</FieldLength><VarPrecision>0</VarPrecision><RelationId>0</RelationId><IsEncrypted>N</IsEncrypted><IsMasked>N</IsMasked><MaskingPattern>X</MaskingPattern>
	</RowData>
	<RowData><ProcessDefId>4</ProcessDefId><VariableId>102</VariableId><VarFieldId>104</VarFieldId><TypeId>5</TypeId><TypeFieldId>103</TypeFieldId><ParentVarFieldId>1</ParentVarFieldId><MappedObjectName>PRICE_CTR</MappedObjectName><ExtObjId>6</ExtObjId><MappedObjectType>C</MappedObjectType><FieldLength>50</FieldLength><VarPrecision>0</VarPrecision><RelationId>0</RelationId><IsEncrypted>N</IsEncrypted><IsMasked>N</IsMasked><MaskingPattern>X</MaskingPattern>
	</RowData>
	<RowData><ProcessDefId>4</ProcessDefId><VariableId>102</VariableId><VarFieldId>105</VarFieldId><TypeId>5</TypeId><TypeFieldId>104</TypeFieldId><ParentVarFieldId>1</ParentVarFieldId><MappedObjectName>GROSS_WGHT</MappedObjectName><ExtObjId>6</ExtObjId><MappedObjectType>C</MappedObjectType><FieldLength>50</FieldLength><VarPrecision>0</VarPrecision><RelationId>0</RelationId><IsEncrypted>N</IsEncrypted><IsMasked>N</IsMasked><MaskingPattern>X</MaskingPattern>
	</RowData>
	<RowData><ProcessDefId>4</ProcessDefId><VariableId>102</VariableId><VarFieldId>106</VarFieldId><TypeId>5</TypeId><TypeFieldId>105</TypeFieldId><ParentVarFieldId>1</ParentVarFieldId><MappedObjectName>VOLUME</MappedObjectName><ExtObjId>6</ExtObjId><MappedObjectType>C</MappedObjectType><FieldLength>50</FieldLength><VarPrecision>0</VarPrecision><RelationId>0</RelationId><IsEncrypted>N</IsEncrypted><IsMasked>N</IsMasked><MaskingPattern>X</MaskingPattern>
	</RowData>
	<RowData><ProcessDefId>4</ProcessDefId><VariableId>102</VariableId><VarFieldId>107</VarFieldId><TypeId>5</TypeId><TypeFieldId>106</TypeFieldId><ParentVarFieldId>1</ParentVarFieldId><MappedObjectName>VOLUMEUNIT</MappedObjectName><ExtObjId>6</ExtObjId><MappedObjectType>C</MappedObjectType><FieldLength>50</FieldLength><VarPrecision>0</VarPrecision><RelationId>0</RelationId><IsEncrypted>N</IsEncrypted><IsMasked>N</IsMasked><MaskingPattern>X</MaskingPattern>
	</RowData>
	<RowData><ProcessDefId>4</ProcessDefId><VariableId>102</VariableId><VarFieldId>108</VarFieldId><TypeId>5</TypeId><TypeFieldId>107</TypeFieldId><ParentVarFieldId>1</ParentVarFieldId><MappedObjectName>INCOTERMS1</MappedObjectName><ExtObjId>6</ExtObjId><MappedObjectType>C</MappedObjectType><FieldLength>50</FieldLength><VarPrecision>0</VarPrecision><RelationId>0</RelationId><IsEncrypted>N</IsEncrypted><IsMasked>N</IsMasked><MaskingPattern>X</MaskingPattern>
	</RowData>
	<RowData><ProcessDefId>4</ProcessDefId><VariableId>102</VariableId><VarFieldId>109</VarFieldId><TypeId>5</TypeId><TypeFieldId>108</TypeFieldId><ParentVarFieldId>1</ParentVarFieldId><MappedObjectName>INCOTERMS2</MappedObjectName><ExtObjId>6</ExtObjId><MappedObjectType>C</MappedObjectType><FieldLength>50</FieldLength><VarPrecision>0</VarPrecision><RelationId>0</RelationId><IsEncrypted>N</IsEncrypted><IsMasked>N</IsMasked><MaskingPattern>X</MaskingPattern>
	</RowData>
	<RowData><ProcessDefId>4</ProcessDefId><VariableId>102</VariableId><VarFieldId>110</VarFieldId><TypeId>5</TypeId><TypeFieldId>109</TypeFieldId><ParentVarFieldId>1</ParentVarFieldId><MappedObjectName>ADVANCE</MappedObjectName><ExtObjId>6</ExtObjId><MappedObjectType>C</MappedObjectType><FieldLength>50</FieldLength><VarPrecision>0</VarPrecision><RelationId>0</RelationId><IsEncrypted>N</IsEncrypted><IsMasked>N</IsMasked><MaskingPattern>X</MaskingPattern>
	</RowData>
	<RowData><ProcessDefId>4</ProcessDefId><VariableId>102</VariableId><VarFieldId>111</VarFieldId><TypeId>5</TypeId><TypeFieldId>110</TypeFieldId><ParentVarFieldId>1</ParentVarFieldId><MappedObjectName>PRIOR_VEND</MappedObjectName><ExtObjId>6</ExtObjId><MappedObjectType>C</MappedObjectType><FieldLength>50</FieldLength><VarPrecision>0</VarPrecision><RelationId>0</RelationId><IsEncrypted>N</IsEncrypted><IsMasked>N</IsMasked><MaskingPattern>X</MaskingPattern>
	</RowData>
	<RowData><ProcessDefId>4</ProcessDefId><VariableId>102</VariableId><VarFieldId>112</VarFieldId><TypeId>5</TypeId><TypeFieldId>111</TypeFieldId><ParentVarFieldId>1</ParentVarFieldId><MappedObjectName>SUB_RANGE</MappedObjectName><ExtObjId>6</ExtObjId><MappedObjectType>C</MappedObjectType><FieldLength>50</FieldLength><VarPrecision>0</VarPrecision><RelationId>0</RelationId><IsEncrypted>N</IsEncrypted><IsMasked>N</IsMasked><MaskingPattern>X</MaskingPattern>
	</RowData>
	<RowData><ProcessDefId>4</ProcessDefId><VariableId>102</VariableId><VarFieldId>113</VarFieldId><TypeId>5</TypeId><TypeFieldId>113</TypeFieldId><ParentVarFieldId>1</ParentVarFieldId><MappedObjectName>STATISTIC</MappedObjectName><ExtObjId>6</ExtObjId><MappedObjectType>C</MappedObjectType><FieldLength>50</FieldLength><VarPrecision>0</VarPrecision><RelationId>0</RelationId><IsEncrypted>N</IsEncrypted><IsMasked>N</IsMasked><MaskingPattern>X</MaskingPattern>
	</RowData>
	<RowData><ProcessDefId>4</ProcessDefId><VariableId>102</VariableId><VarFieldId>114</VarFieldId><TypeId>5</TypeId><TypeFieldId>114</TypeFieldId><ParentVarFieldId>1</ParentVarFieldId><MappedObjectName>HL_ITEM</MappedObjectName><ExtObjId>6</ExtObjId><MappedObjectType>C</MappedObjectType><FieldLength>2</FieldLength><VarPrecision>0</VarPrecision><RelationId>0</RelationId><IsEncrypted>N</IsEncrypted><IsMasked>N</IsMasked><MaskingPattern>X</MaskingPattern>
	</RowData>
	<RowData><ProcessDefId>4</ProcessDefId><VariableId>102</VariableId><VarFieldId>115</VarFieldId><TypeId>5</TypeId><TypeFieldId>115</TypeFieldId><ParentVarFieldId>1</ParentVarFieldId><MappedObjectName>GR_TO_DATE</MappedObjectName><ExtObjId>6</ExtObjId><MappedObjectType>C</MappedObjectType><FieldLength>8</FieldLength><VarPrecision>0</VarPrecision><RelationId>0</RelationId><IsEncrypted>N</IsEncrypted><IsMasked>N</IsMasked><MaskingPattern>X</MaskingPattern>
	</RowData>
	<RowData><ProcessDefId>4</ProcessDefId><VariableId>102</VariableId><VarFieldId>116</VarFieldId><TypeId>5</TypeId><TypeFieldId>116</TypeFieldId><ParentVarFieldId>1</ParentVarFieldId><MappedObjectName>SUPPL_VEND</MappedObjectName><ExtObjId>6</ExtObjId><MappedObjectType>C</MappedObjectType><FieldLength>50</FieldLength><VarPrecision>0</VarPrecision><RelationId>0</RelationId><IsEncrypted>N</IsEncrypted><IsMasked>N</IsMasked><MaskingPattern>X</MaskingPattern>
	</RowData>
	<RowData><ProcessDefId>4</ProcessDefId><VariableId>102</VariableId><VarFieldId>117</VarFieldId><TypeId>5</TypeId><TypeFieldId>117</TypeFieldId><ParentVarFieldId>1</ParentVarFieldId><MappedObjectName>SC_VENDOR</MappedObjectName><ExtObjId>6</ExtObjId><MappedObjectType>C</MappedObjectType><FieldLength>50</FieldLength><VarPrecision>0</VarPrecision><RelationId>0</RelationId><IsEncrypted>N</IsEncrypted><IsMasked>N</IsMasked><MaskingPattern>X</MaskingPattern>
	</RowData>
	<RowData><ProcessDefId>4</ProcessDefId><VariableId>102</VariableId><VarFieldId>118</VarFieldId><TypeId>5</TypeId><TypeFieldId>118</TypeFieldId><ParentVarFieldId>1</ParentVarFieldId><MappedObjectName>CONF_MATL</MappedObjectName><ExtObjId>6</ExtObjId><MappedObjectType>C</MappedObjectType><FieldLength>50</FieldLength><VarPrecision>0</VarPrecision><RelationId>0</RelationId><IsEncrypted>N</IsEncrypted><IsMasked>N</IsMasked><MaskingPattern>X</MaskingPattern>
	</RowData>
	<RowData><ProcessDefId>4</ProcessDefId><VariableId>102</VariableId><VarFieldId>119</VarFieldId><TypeId>5</TypeId><TypeFieldId>119</TypeFieldId><ParentVarFieldId>1</ParentVarFieldId><MappedObjectName>MAT_CAT</MappedObjectName><ExtObjId>6</ExtObjId><MappedObjectType>C</MappedObjectType><FieldLength>50</FieldLength><VarPrecision>0</VarPrecision><RelationId>0</RelationId><IsEncrypted>N</IsEncrypted><IsMasked>N</IsMasked><MaskingPattern>X</MaskingPattern>
	</RowData>
	<RowData><ProcessDefId>4</ProcessDefId><VariableId>102</VariableId><VarFieldId>120</VarFieldId><TypeId>5</TypeId><TypeFieldId>120</TypeFieldId><ParentVarFieldId>1</ParentVarFieldId><MappedObjectName>KANBAN_IND</MappedObjectName><ExtObjId>6</ExtObjId><MappedObjectType>C</MappedObjectType><FieldLength>50</FieldLength><VarPrecision>0</VarPrecision><RelationId>0</RelationId><IsEncrypted>N</IsEncrypted><IsMasked>N</IsMasked><MaskingPattern>X</MaskingPattern>
	</RowData>
	<RowData><ProcessDefId>4</ProcessDefId><VariableId>102</VariableId><VarFieldId>121</VarFieldId><TypeId>5</TypeId><TypeFieldId>121</TypeFieldId><ParentVarFieldId>1</ParentVarFieldId><MappedObjectName>ADDRESS2</MappedObjectName><ExtObjId>6</ExtObjId><MappedObjectType>C</MappedObjectType><FieldLength>50</FieldLength><VarPrecision>0</VarPrecision><RelationId>0</RelationId><IsEncrypted>N</IsEncrypted><IsMasked>N</IsMasked><MaskingPattern>X</MaskingPattern>
	</RowData>
	<RowData><ProcessDefId>4</ProcessDefId><VariableId>102</VariableId><VarFieldId>122</VarFieldId><TypeId>5</TypeId><TypeFieldId>122</TypeFieldId><ParentVarFieldId>1</ParentVarFieldId><MappedObjectName>INT_OBJ_NO</MappedObjectName><ExtObjId>6</ExtObjId><MappedObjectType>C</MappedObjectType><FieldLength>2</FieldLength><VarPrecision>0</VarPrecision><RelationId>0</RelationId><IsEncrypted>N</IsEncrypted><IsMasked>N</IsMasked><MaskingPattern>X</MaskingPattern>
	</RowData>
	<RowData><ProcessDefId>4</ProcessDefId><VariableId>102</VariableId><VarFieldId>123</VarFieldId><TypeId>5</TypeId><TypeFieldId>123</TypeFieldId><ParentVarFieldId>1</ParentVarFieldId><MappedObjectName>ERS</MappedObjectName><ExtObjId>6</ExtObjId><MappedObjectType>C</MappedObjectType><FieldLength>50</FieldLength><VarPrecision>0</VarPrecision><RelationId>0</RelationId><IsEncrypted>N</IsEncrypted><IsMasked>N</IsMasked><MaskingPattern>X</MaskingPattern>
	</RowData>
	<RowData><ProcessDefId>4</ProcessDefId><VariableId>102</VariableId><VarFieldId>124</VarFieldId><TypeId>5</TypeId><TypeFieldId>124</TypeFieldId><ParentVarFieldId>1</ParentVarFieldId><MappedObjectName>GRSETTFROM_1</MappedObjectName><ExtObjId>6</ExtObjId><MappedObjectType>C</MappedObjectType><FieldLength>8</FieldLength><VarPrecision>0</VarPrecision><RelationId>0</RelationId><IsEncrypted>N</IsEncrypted><IsMasked>N</IsMasked><MaskingPattern>X</MaskingPattern>
	</RowData>
	<RowData><ProcessDefId>4</ProcessDefId><VariableId>102</VariableId><VarFieldId>125</VarFieldId><TypeId>5</TypeId><TypeFieldId>125</TypeFieldId><ParentVarFieldId>1</ParentVarFieldId><MappedObjectName>LAST_TRANS_1</MappedObjectName><ExtObjId>6</ExtObjId><MappedObjectType>C</MappedObjectType><FieldLength>8</FieldLength><VarPrecision>0</VarPrecision><RelationId>0</RelationId><IsEncrypted>N</IsEncrypted><IsMasked>N</IsMasked><MaskingPattern>X</MaskingPattern>
	</RowData>
	<RowData><ProcessDefId>4</ProcessDefId><VariableId>102</VariableId><VarFieldId>126</VarFieldId><TypeId>5</TypeId><TypeFieldId>126</TypeFieldId><ParentVarFieldId>1</ParentVarFieldId><MappedObjectName>TRANS_TIME</MappedObjectName><ExtObjId>6</ExtObjId><MappedObjectType>C</MappedObjectType><FieldLength>50</FieldLength><VarPrecision>0</VarPrecision><RelationId>0</RelationId><IsEncrypted>N</IsEncrypted><IsMasked>N</IsMasked><MaskingPattern>X</MaskingPattern>
	</RowData>
	<RowData><ProcessDefId>4</ProcessDefId><VariableId>102</VariableId><VarFieldId>127</VarFieldId><TypeId>5</TypeId><TypeFieldId>127</TypeFieldId><ParentVarFieldId>1</ParentVarFieldId><MappedObjectName>SER_NO</MappedObjectName><ExtObjId>6</ExtObjId><MappedObjectType>C</MappedObjectType><FieldLength>2</FieldLength><VarPrecision>0</VarPrecision><RelationId>0</RelationId><IsEncrypted>N</IsEncrypted><IsMasked>N</IsMasked><MaskingPattern>X</MaskingPattern>
	</RowData>
	<RowData><ProcessDefId>4</ProcessDefId><VariableId>102</VariableId><VarFieldId>128</VarFieldId><TypeId>5</TypeId><TypeFieldId>128</TypeFieldId><ParentVarFieldId>1</ParentVarFieldId><MappedObjectName>PROMOTION</MappedObjectName><ExtObjId>6</ExtObjId><MappedObjectType>C</MappedObjectType><FieldLength>50</FieldLength><VarPrecision>0</VarPrecision><RelationId>0</RelationId><IsEncrypted>N</IsEncrypted><IsMasked>N</IsMasked><MaskingPattern>X</MaskingPattern>
	</RowData>
	<RowData><ProcessDefId>4</ProcessDefId><VariableId>102</VariableId><VarFieldId>129</VarFieldId><TypeId>5</TypeId><TypeFieldId>129</TypeFieldId><ParentVarFieldId>1</ParentVarFieldId><MappedObjectName>ALLOC_TBL</MappedObjectName><ExtObjId>6</ExtObjId><MappedObjectType>C</MappedObjectType><FieldLength>50</FieldLength><VarPrecision>0</VarPrecision><RelationId>0</RelationId><IsEncrypted>N</IsEncrypted><IsMasked>N</IsMasked><MaskingPattern>X</MaskingPattern>
	</RowData>
	<RowData><ProcessDefId>4</ProcessDefId><VariableId>102</VariableId><VarFieldId>130</VarFieldId><TypeId>5</TypeId><TypeFieldId>130</TypeFieldId><ParentVarFieldId>1</ParentVarFieldId><MappedObjectName>AT_ITEM</MappedObjectName><ExtObjId>6</ExtObjId><MappedObjectType>C</MappedObjectType><FieldLength>2</FieldLength><VarPrecision>0</VarPrecision><RelationId>0</RelationId><IsEncrypted>N</IsEncrypted><IsMasked>N</IsMasked><MaskingPattern>X</MaskingPattern>
	</RowData>
	<RowData><ProcessDefId>4</ProcessDefId><VariableId>102</VariableId><VarFieldId>131</VarFieldId><TypeId>5</TypeId><TypeFieldId>131</TypeFieldId><ParentVarFieldId>1</ParentVarFieldId><MappedObjectName>POINTS</MappedObjectName><ExtObjId>6</ExtObjId><MappedObjectType>C</MappedObjectType><FieldLength>50</FieldLength><VarPrecision>0</VarPrecision><RelationId>0</RelationId><IsEncrypted>N</IsEncrypted><IsMasked>N</IsMasked><MaskingPattern>X</MaskingPattern>
	</RowData>
	<RowData><ProcessDefId>4</ProcessDefId><VariableId>102</VariableId><VarFieldId>132</VarFieldId><TypeId>5</TypeId><TypeFieldId>132</TypeFieldId><ParentVarFieldId>1</ParentVarFieldId><MappedObjectName>POINTS_UN</MappedObjectName><ExtObjId>6</ExtObjId><MappedObjectType>C</MappedObjectType><FieldLength>50</FieldLength><VarPrecision>0</VarPrecision><RelationId>0</RelationId><IsEncrypted>N</IsEncrypted><IsMasked>N</IsMasked><MaskingPattern>X</MaskingPattern>
	</RowData>
	<RowData><ProcessDefId>4</ProcessDefId><VariableId>102</VariableId><VarFieldId>133</VarFieldId><TypeId>5</TypeId><TypeFieldId>133</TypeFieldId><ParentVarFieldId>1</ParentVarFieldId><MappedObjectName>SEASON_TY</MappedObjectName><ExtObjId>6</ExtObjId><MappedObjectType>C</MappedObjectType><FieldLength>50</FieldLength><VarPrecision>0</VarPrecision><RelationId>0</RelationId><IsEncrypted>N</IsEncrypted><IsMasked>N</IsMasked><MaskingPattern>X</MaskingPattern>
	</RowData>
	<RowData><ProcessDefId>4</ProcessDefId><VariableId>102</VariableId><VarFieldId>134</VarFieldId><TypeId>5</TypeId><TypeFieldId>134</TypeFieldId><ParentVarFieldId>1</ParentVarFieldId><MappedObjectName>SEASON_YR</MappedObjectName><ExtObjId>6</ExtObjId><MappedObjectType>C</MappedObjectType><FieldLength>50</FieldLength><VarPrecision>0</VarPrecision><RelationId>0</RelationId><IsEncrypted>N</IsEncrypted><IsMasked>N</IsMasked><MaskingPattern>X</MaskingPattern>
	</RowData>
	<RowData><ProcessDefId>4</ProcessDefId><VariableId>102</VariableId><VarFieldId>135</VarFieldId><TypeId>5</TypeId><TypeFieldId>135</TypeFieldId><ParentVarFieldId>1</ParentVarFieldId><MappedObjectName>SETT_GRP_2</MappedObjectName><ExtObjId>6</ExtObjId><MappedObjectType>C</MappedObjectType><FieldLength>50</FieldLength><VarPrecision>0</VarPrecision><RelationId>0</RelationId><IsEncrypted>N</IsEncrypted><IsMasked>N</IsMasked><MaskingPattern>X</MaskingPattern>
	</RowData>
	<RowData><ProcessDefId>4</ProcessDefId><VariableId>102</VariableId><VarFieldId>136</VarFieldId><TypeId>5</TypeId><TypeFieldId>136</TypeFieldId><ParentVarFieldId>1</ParentVarFieldId><MappedObjectName>SETT_GRP_3</MappedObjectName><ExtObjId>6</ExtObjId><MappedObjectType>C</MappedObjectType><FieldLength>50</FieldLength><VarPrecision>0</VarPrecision><RelationId>0</RelationId><IsEncrypted>N</IsEncrypted><IsMasked>N</IsMasked><MaskingPattern>X</MaskingPattern>
	</RowData>
	<RowData><ProcessDefId>4</ProcessDefId><VariableId>102</VariableId><VarFieldId>137</VarFieldId><TypeId>5</TypeId><TypeFieldId>137</TypeFieldId><ParentVarFieldId>1</ParentVarFieldId><MappedObjectName>SETT_ITEM</MappedObjectName><ExtObjId>6</ExtObjId><MappedObjectType>C</MappedObjectType><FieldLength>50</FieldLength><VarPrecision>0</VarPrecision><RelationId>0</RelationId><IsEncrypted>N</IsEncrypted><IsMasked>N</IsMasked><MaskingPattern>X</MaskingPattern>
	</RowData>
	<RowData><ProcessDefId>4</ProcessDefId><VariableId>102</VariableId><VarFieldId>138</VarFieldId><TypeId>5</TypeId><TypeFieldId>138</TypeFieldId><ParentVarFieldId>1</ParentVarFieldId><MappedObjectName>ML_AKT</MappedObjectName><ExtObjId>6</ExtObjId><MappedObjectType>C</MappedObjectType><FieldLength>50</FieldLength><VarPrecision>0</VarPrecision><RelationId>0</RelationId><IsEncrypted>N</IsEncrypted><IsMasked>N</IsMasked><MaskingPattern>X</MaskingPattern>
	</RowData>
	<RowData><ProcessDefId>4</ProcessDefId><VariableId>102</VariableId><VarFieldId>139</VarFieldId><TypeId>5</TypeId><TypeFieldId>139</TypeFieldId><ParentVarFieldId>1</ParentVarFieldId><MappedObjectName>REMSHLIFE</MappedObjectName><ExtObjId>6</ExtObjId><MappedObjectType>C</MappedObjectType><FieldLength>50</FieldLength><VarPrecision>0</VarPrecision><RelationId>0</RelationId><IsEncrypted>N</IsEncrypted><IsMasked>N</IsMasked><MaskingPattern>X</MaskingPattern>
	</RowData>
	<RowData><ProcessDefId>4</ProcessDefId><VariableId>102</VariableId><VarFieldId>140</VarFieldId><TypeId>5</TypeId><TypeFieldId>140</TypeFieldId><ParentVarFieldId>1</ParentVarFieldId><MappedObjectName>RFQ</MappedObjectName><ExtObjId>6</ExtObjId><MappedObjectType>C</MappedObjectType><FieldLength>50</FieldLength><VarPrecision>0</VarPrecision><RelationId>0</RelationId><IsEncrypted>N</IsEncrypted><IsMasked>N</IsMasked><MaskingPattern>X</MaskingPattern>
	</RowData>
	<RowData><ProcessDefId>4</ProcessDefId><VariableId>102</VariableId><VarFieldId>141</VarFieldId><TypeId>5</TypeId><TypeFieldId>142</TypeFieldId><ParentVarFieldId>1</ParentVarFieldId><MappedObjectName>RFQ_ITEM</MappedObjectName><ExtObjId>6</ExtObjId><MappedObjectType>C</MappedObjectType><FieldLength>2</FieldLength><VarPrecision>0</VarPrecision><RelationId>0</RelationId><IsEncrypted>N</IsEncrypted><IsMasked>N</IsMasked><MaskingPattern>X</MaskingPattern>
	</RowData>
	<RowData><ProcessDefId>4</ProcessDefId><VariableId>102</VariableId><VarFieldId>142</VarFieldId><TypeId>5</TypeId><TypeFieldId>143</TypeFieldId><ParentVarFieldId>1</ParentVarFieldId><MappedObjectName>CONFIG_ORG</MappedObjectName><ExtObjId>6</ExtObjId><MappedObjectType>C</MappedObjectType><FieldLength>50</FieldLength><VarPrecision>0</VarPrecision><RelationId>0</RelationId><IsEncrypted>N</IsEncrypted><IsMasked>N</IsMasked><MaskingPattern>X</MaskingPattern>
	</RowData>
	<RowData><ProcessDefId>4</ProcessDefId><VariableId>102</VariableId><VarFieldId>143</VarFieldId><TypeId>5</TypeId><TypeFieldId>144</TypeFieldId><ParentVarFieldId>1</ParentVarFieldId><MappedObjectName>QUOTAUSAGE</MappedObjectName><ExtObjId>6</ExtObjId><MappedObjectType>C</MappedObjectType><FieldLength>50</FieldLength><VarPrecision>0</VarPrecision><RelationId>0</RelationId><IsEncrypted>N</IsEncrypted><IsMasked>N</IsMasked><MaskingPattern>X</MaskingPattern>
	</RowData>
	<RowData><ProcessDefId>4</ProcessDefId><VariableId>102</VariableId><VarFieldId>144</VarFieldId><TypeId>5</TypeId><TypeFieldId>145</TypeFieldId><ParentVarFieldId>1</ParentVarFieldId><MappedObjectName>SPSTCK_PHY</MappedObjectName><ExtObjId>6</ExtObjId><MappedObjectType>C</MappedObjectType><FieldLength>50</FieldLength><VarPrecision>0</VarPrecision><RelationId>0</RelationId><IsEncrypted>N</IsEncrypted><IsMasked>N</IsMasked><MaskingPattern>X</MaskingPattern>
	</RowData>
	<RowData><ProcessDefId>4</ProcessDefId><VariableId>102</VariableId><VarFieldId>145</VarFieldId><TypeId>5</TypeId><TypeFieldId>146</TypeFieldId><ParentVarFieldId>1</ParentVarFieldId><MappedObjectName>PREQ_NO</MappedObjectName><ExtObjId>6</ExtObjId><MappedObjectType>C</MappedObjectType><FieldLength>50</FieldLength><VarPrecision>0</VarPrecision><RelationId>0</RelationId><IsEncrypted>N</IsEncrypted><IsMasked>N</IsMasked><MaskingPattern>X</MaskingPattern>
	</RowData>
	<RowData><ProcessDefId>4</ProcessDefId><VariableId>102</VariableId><VarFieldId>146</VarFieldId><TypeId>5</TypeId><TypeFieldId>147</TypeFieldId><ParentVarFieldId>1</ParentVarFieldId><MappedObjectName>PREQ_ITEM</MappedObjectName><ExtObjId>6</ExtObjId><MappedObjectType>C</MappedObjectType><FieldLength>2</FieldLength><VarPrecision>0</VarPrecision><RelationId>0</RelationId><IsEncrypted>N</IsEncrypted><IsMasked>N</IsMasked><MaskingPattern>X</MaskingPattern>
	</RowData>
	<RowData><ProcessDefId>4</ProcessDefId><VariableId>102</VariableId><VarFieldId>147</VarFieldId><TypeId>5</TypeId><TypeFieldId>148</TypeFieldId><ParentVarFieldId>1</ParentVarFieldId><MappedObjectName>MAT_TYPE</MappedObjectName><ExtObjId>6</ExtObjId><MappedObjectType>C</MappedObjectType><FieldLength>50</FieldLength><VarPrecision>0</VarPrecision><RelationId>0</RelationId><IsEncrypted>N</IsEncrypted><IsMasked>N</IsMasked><MaskingPattern>X</MaskingPattern>
	</RowData>
	<RowData><ProcessDefId>4</ProcessDefId><VariableId>102</VariableId><VarFieldId>148</VarFieldId><TypeId>5</TypeId><TypeFieldId>149</TypeFieldId><ParentVarFieldId>1</ParentVarFieldId><MappedObjectName>SI_CAT</MappedObjectName><ExtObjId>6</ExtObjId><MappedObjectType>C</MappedObjectType><FieldLength>50</FieldLength><VarPrecision>0</VarPrecision><RelationId>0</RelationId><IsEncrypted>N</IsEncrypted><IsMasked>N</IsMasked><MaskingPattern>X</MaskingPattern>
	</RowData>
	<RowData><ProcessDefId>4</ProcessDefId><VariableId>102</VariableId><VarFieldId>149</VarFieldId><TypeId>5</TypeId><TypeFieldId>150</TypeFieldId><ParentVarFieldId>1</ParentVarFieldId><MappedObjectName>SUB_ITEMS</MappedObjectName><ExtObjId>6</ExtObjId><MappedObjectType>C</MappedObjectType><FieldLength>50</FieldLength><VarPrecision>0</VarPrecision><RelationId>0</RelationId><IsEncrypted>N</IsEncrypted><IsMasked>N</IsMasked><MaskingPattern>X</MaskingPattern>
	</RowData>
	<RowData><ProcessDefId>4</ProcessDefId><VariableId>102</VariableId><VarFieldId>150</VarFieldId><TypeId>5</TypeId><TypeFieldId>151</TypeFieldId><ParentVarFieldId>1</ParentVarFieldId><MappedObjectName>SUBTOTAL_1</MappedObjectName><ExtObjId>6</ExtObjId><MappedObjectType>C</MappedObjectType><FieldLength>50</FieldLength><VarPrecision>0</VarPrecision><RelationId>0</RelationId><IsEncrypted>N</IsEncrypted><IsMasked>N</IsMasked><MaskingPattern>X</MaskingPattern>
	</RowData>
	<RowData><ProcessDefId>4</ProcessDefId><VariableId>102</VariableId><VarFieldId>151</VarFieldId><TypeId>5</TypeId><TypeFieldId>152</TypeFieldId><ParentVarFieldId>1</ParentVarFieldId><MappedObjectName>SUBTOTAL_2</MappedObjectName><ExtObjId>6</ExtObjId><MappedObjectType>C</MappedObjectType><FieldLength>50</FieldLength><VarPrecision>0</VarPrecision><RelationId>0</RelationId><IsEncrypted>N</IsEncrypted><IsMasked>N</IsMasked><MaskingPattern>X</MaskingPattern>
	</RowData>
	<RowData><ProcessDefId>4</ProcessDefId><VariableId>102</VariableId><VarFieldId>152</VarFieldId><TypeId>5</TypeId><TypeFieldId>153</TypeFieldId><ParentVarFieldId>1</ParentVarFieldId><MappedObjectName>SUBTOTAL_3</MappedObjectName><ExtObjId>6</ExtObjId><MappedObjectType>C</MappedObjectType><FieldLength>50</FieldLength><VarPrecision>0</VarPrecision><RelationId>0</RelationId><IsEncrypted>N</IsEncrypted><IsMasked>N</IsMasked><MaskingPattern>X</MaskingPattern>
	</RowData>
	<RowData><ProcessDefId>4</ProcessDefId><VariableId>102</VariableId><VarFieldId>153</VarFieldId><TypeId>5</TypeId><TypeFieldId>154</TypeFieldId><ParentVarFieldId>1</ParentVarFieldId><MappedObjectName>SUBTOTAL_4</MappedObjectName><ExtObjId>6</ExtObjId><MappedObjectType>C</MappedObjectType><FieldLength>50</FieldLength><VarPrecision>0</VarPrecision><RelationId>0</RelationId><IsEncrypted>N</IsEncrypted><IsMasked>N</IsMasked><MaskingPattern>X</MaskingPattern>
	</RowData>
	<RowData><ProcessDefId>4</ProcessDefId><VariableId>102</VariableId><VarFieldId>154</VarFieldId><TypeId>5</TypeId><TypeFieldId>155</TypeFieldId><ParentVarFieldId>1</ParentVarFieldId><MappedObjectName>SUBTOTAL_5</MappedObjectName><ExtObjId>6</ExtObjId><MappedObjectType>C</MappedObjectType><FieldLength>50</FieldLength><VarPrecision>0</VarPrecision><RelationId>0</RelationId><IsEncrypted>N</IsEncrypted><IsMasked>N</IsMasked><MaskingPattern>X</MaskingPattern>
	</RowData>
	<RowData><ProcessDefId>4</ProcessDefId><VariableId>102</VariableId><VarFieldId>155</VarFieldId><TypeId>5</TypeId><TypeFieldId>156</TypeFieldId><ParentVarFieldId>1</ParentVarFieldId><MappedObjectName>SUBTOTAL_6</MappedObjectName><ExtObjId>6</ExtObjId><MappedObjectType>C</MappedObjectType><FieldLength>50</FieldLength><VarPrecision>0</VarPrecision><RelationId>0</RelationId><IsEncrypted>N</IsEncrypted><IsMasked>N</IsMasked><MaskingPattern>X</MaskingPattern>
	</RowData>
	<RowData><ProcessDefId>4</ProcessDefId><VariableId>102</VariableId><VarFieldId>156</VarFieldId><TypeId>5</TypeId><TypeFieldId>157</TypeFieldId><ParentVarFieldId>1</ParentVarFieldId><MappedObjectName>SUBITM_KEY</MappedObjectName><ExtObjId>6</ExtObjId><MappedObjectType>C</MappedObjectType><FieldLength>50</FieldLength><VarPrecision>0</VarPrecision><RelationId>0</RelationId><IsEncrypted>N</IsEncrypted><IsMasked>N</IsMasked><MaskingPattern>X</MaskingPattern>
	</RowData>
	<RowData><ProcessDefId>4</ProcessDefId><VariableId>102</VariableId><VarFieldId>157</VarFieldId><TypeId>5</TypeId><TypeFieldId>158</TypeFieldId><ParentVarFieldId>1</ParentVarFieldId><MappedObjectName>MAX_CMG</MappedObjectName><ExtObjId>6</ExtObjId><MappedObjectType>C</MappedObjectType><FieldLength>50</FieldLength><VarPrecision>0</VarPrecision><RelationId>0</RelationId><IsEncrypted>N</IsEncrypted><IsMasked>N</IsMasked><MaskingPattern>X</MaskingPattern>
	</RowData>
	<RowData><ProcessDefId>4</ProcessDefId><VariableId>102</VariableId><VarFieldId>158</VarFieldId><TypeId>5</TypeId><TypeFieldId>159</TypeFieldId><ParentVarFieldId>1</ParentVarFieldId><MappedObjectName>MAX_CPGO</MappedObjectName><ExtObjId>6</ExtObjId><MappedObjectType>C</MappedObjectType><FieldLength>50</FieldLength><VarPrecision>0</VarPrecision><RelationId>0</RelationId><IsEncrypted>N</IsEncrypted><IsMasked>N</IsMasked><MaskingPattern>X</MaskingPattern>
	</RowData>
	<RowData><ProcessDefId>4</ProcessDefId><VariableId>102</VariableId><VarFieldId>159</VarFieldId><TypeId>5</TypeId><TypeFieldId>160</TypeFieldId><ParentVarFieldId>1</ParentVarFieldId><MappedObjectName>RET_ITEM</MappedObjectName><ExtObjId>6</ExtObjId><MappedObjectType>C</MappedObjectType><FieldLength>50</FieldLength><VarPrecision>0</VarPrecision><RelationId>0</RelationId><IsEncrypted>N</IsEncrypted><IsMasked>N</IsMasked><MaskingPattern>X</MaskingPattern>
	</RowData>
	<RowData><ProcessDefId>4</ProcessDefId><VariableId>102</VariableId><VarFieldId>160</VarFieldId><TypeId>5</TypeId><TypeFieldId>161</TypeFieldId><ParentVarFieldId>1</ParentVarFieldId><MappedObjectName>AT_RELEV</MappedObjectName><ExtObjId>6</ExtObjId><MappedObjectType>C</MappedObjectType><FieldLength>50</FieldLength><VarPrecision>0</VarPrecision><RelationId>0</RelationId><IsEncrypted>N</IsEncrypted><IsMasked>N</IsMasked><MaskingPattern>X</MaskingPattern>
	</RowData>
	<RowData><ProcessDefId>4</ProcessDefId><VariableId>102</VariableId><VarFieldId>161</VarFieldId><TypeId>5</TypeId><TypeFieldId>162</TypeFieldId><ParentVarFieldId>1</ParentVarFieldId><MappedObjectName>ORD_REAS</MappedObjectName><ExtObjId>6</ExtObjId><MappedObjectType>C</MappedObjectType><FieldLength>50</FieldLength><VarPrecision>0</VarPrecision><RelationId>0</RelationId><IsEncrypted>N</IsEncrypted><IsMasked>N</IsMasked><MaskingPattern>X</MaskingPattern>
	</RowData>
	<RowData><ProcessDefId>4</ProcessDefId><VariableId>102</VariableId><VarFieldId>162</VarFieldId><TypeId>5</TypeId><TypeFieldId>163</TypeFieldId><ParentVarFieldId>1</ParentVarFieldId><MappedObjectName>DEL_TYP_RT</MappedObjectName><ExtObjId>6</ExtObjId><MappedObjectType>C</MappedObjectType><FieldLength>50</FieldLength><VarPrecision>0</VarPrecision><RelationId>0</RelationId><IsEncrypted>N</IsEncrypted><IsMasked>N</IsMasked><MaskingPattern>X</MaskingPattern>
	</RowData>
	<RowData><ProcessDefId>4</ProcessDefId><VariableId>102</VariableId><VarFieldId>163</VarFieldId><TypeId>5</TypeId><TypeFieldId>164</TypeFieldId><ParentVarFieldId>1</ParentVarFieldId><MappedObjectName>PRDTE_CTRL</MappedObjectName><ExtObjId>6</ExtObjId><MappedObjectType>C</MappedObjectType><FieldLength>50</FieldLength><VarPrecision>0</VarPrecision><RelationId>0</RelationId><IsEncrypted>N</IsEncrypted><IsMasked>N</IsMasked><MaskingPattern>X</MaskingPattern>
	</RowData>
	<RowData><ProcessDefId>4</ProcessDefId><VariableId>102</VariableId><VarFieldId>164</VarFieldId><TypeId>5</TypeId><TypeFieldId>165</TypeFieldId><ParentVarFieldId>1</ParentVarFieldId><MappedObjectName>MANUF_PROF</MappedObjectName><ExtObjId>6</ExtObjId><MappedObjectType>C</MappedObjectType><FieldLength>50</FieldLength><VarPrecision>0</VarPrecision><RelationId>0</RelationId><IsEncrypted>N</IsEncrypted><IsMasked>N</IsMasked><MaskingPattern>X</MaskingPattern>
	</RowData>
	<RowData><ProcessDefId>4</ProcessDefId><VariableId>102</VariableId><VarFieldId>165</VarFieldId><TypeId>5</TypeId><TypeFieldId>166</TypeFieldId><ParentVarFieldId>1</ParentVarFieldId><MappedObjectName>MANU_MAT</MappedObjectName><ExtObjId>6</ExtObjId><MappedObjectType>C</MappedObjectType><FieldLength>50</FieldLength><VarPrecision>0</VarPrecision><RelationId>0</RelationId><IsEncrypted>N</IsEncrypted><IsMasked>N</IsMasked><MaskingPattern>X</MaskingPattern>
	</RowData>
	<RowData><ProcessDefId>4</ProcessDefId><VariableId>102</VariableId><VarFieldId>166</VarFieldId><TypeId>5</TypeId><TypeFieldId>167</TypeFieldId><ParentVarFieldId>1</ParentVarFieldId><MappedObjectName>MFR_NO</MappedObjectName><ExtObjId>6</ExtObjId><MappedObjectType>C</MappedObjectType><FieldLength>50</FieldLength><VarPrecision>0</VarPrecision><RelationId>0</RelationId><IsEncrypted>N</IsEncrypted><IsMasked>N</IsMasked><MaskingPattern>X</MaskingPattern>
	</RowData>
	<RowData><ProcessDefId>4</ProcessDefId><VariableId>102</VariableId><VarFieldId>167</VarFieldId><TypeId>5</TypeId><TypeFieldId>168</TypeFieldId><ParentVarFieldId>1</ParentVarFieldId><MappedObjectName>MFR_NO_EXT</MappedObjectName><ExtObjId>6</ExtObjId><MappedObjectType>C</MappedObjectType><FieldLength>50</FieldLength><VarPrecision>0</VarPrecision><RelationId>0</RelationId><IsEncrypted>N</IsEncrypted><IsMasked>N</IsMasked><MaskingPattern>X</MaskingPattern>
	</RowData>
	<RowData><ProcessDefId>4</ProcessDefId><VariableId>102</VariableId><VarFieldId>168</VarFieldId><TypeId>5</TypeId><TypeFieldId>169</TypeFieldId><ParentVarFieldId>1</ParentVarFieldId><MappedObjectName>ITEM_CAT_EXT</MappedObjectName><ExtObjId>6</ExtObjId><MappedObjectType>C</MappedObjectType><FieldLength>50</FieldLength><VarPrecision>0</VarPrecision><RelationId>0</RelationId><IsEncrypted>N</IsEncrypted><IsMasked>N</IsMasked><MaskingPattern>X</MaskingPattern>
	</RowData>
	<RowData><ProcessDefId>4</ProcessDefId><VariableId>102</VariableId><VarFieldId>169</VarFieldId><TypeId>5</TypeId><TypeFieldId>170</TypeFieldId><ParentVarFieldId>1</ParentVarFieldId><MappedObjectName>PO_UNIT_ISO</MappedObjectName><ExtObjId>6</ExtObjId><MappedObjectType>C</MappedObjectType><FieldLength>50</FieldLength><VarPrecision>0</VarPrecision><RelationId>0</RelationId><IsEncrypted>N</IsEncrypted><IsMasked>N</IsMasked><MaskingPattern>X</MaskingPattern>
	</RowData>
	<RowData><ProcessDefId>4</ProcessDefId><VariableId>102</VariableId><VarFieldId>170</VarFieldId><TypeId>5</TypeId><TypeFieldId>171</TypeFieldId><ParentVarFieldId>1</ParentVarFieldId><MappedObjectName>ORDERPR_UN_ISO</MappedObjectName><ExtObjId>6</ExtObjId><MappedObjectType>C</MappedObjectType><FieldLength>50</FieldLength><VarPrecision>0</VarPrecision><RelationId>0</RelationId><IsEncrypted>N</IsEncrypted><IsMasked>N</IsMasked><MaskingPattern>X</MaskingPattern>
	</RowData>
	<RowData><ProcessDefId>4</ProcessDefId><VariableId>102</VariableId><VarFieldId>171</VarFieldId><TypeId>5</TypeId><TypeFieldId>172</TypeFieldId><ParentVarFieldId>1</ParentVarFieldId><MappedObjectName>BASE_UOM_ISO</MappedObjectName><ExtObjId>6</ExtObjId><MappedObjectType>C</MappedObjectType><FieldLength>50</FieldLength><VarPrecision>0</VarPrecision><RelationId>0</RelationId><IsEncrypted>N</IsEncrypted><IsMasked>N</IsMasked><MaskingPattern>X</MaskingPattern>
	</RowData>
	<RowData><ProcessDefId>4</ProcessDefId><VariableId>102</VariableId><VarFieldId>172</VarFieldId><TypeId>5</TypeId><TypeFieldId>173</TypeFieldId><ParentVarFieldId>1</ParentVarFieldId><MappedObjectName>WEIGHTUNIT_ISO</MappedObjectName><ExtObjId>6</ExtObjId><MappedObjectType>C</MappedObjectType><FieldLength>50</FieldLength><VarPrecision>0</VarPrecision><RelationId>0</RelationId><IsEncrypted>N</IsEncrypted><IsMasked>N</IsMasked><MaskingPattern>X</MaskingPattern>
	</RowData>
	<RowData><ProcessDefId>4</ProcessDefId><VariableId>102</VariableId><VarFieldId>173</VarFieldId><TypeId>5</TypeId><TypeFieldId>174</TypeFieldId><ParentVarFieldId>1</ParentVarFieldId><MappedObjectName>VOLUMEUNIT_ISO</MappedObjectName><ExtObjId>6</ExtObjId><MappedObjectType>C</MappedObjectType><FieldLength>50</FieldLength><VarPrecision>0</VarPrecision><RelationId>0</RelationId><IsEncrypted>N</IsEncrypted><IsMasked>N</IsMasked><MaskingPattern>X</MaskingPattern>
	</RowData>
	<RowData><ProcessDefId>4</ProcessDefId><VariableId>102</VariableId><VarFieldId>174</VarFieldId><TypeId>5</TypeId><TypeFieldId>175</TypeFieldId><ParentVarFieldId>1</ParentVarFieldId><MappedObjectName>POINTS_UN_ISO</MappedObjectName><ExtObjId>6</ExtObjId><MappedObjectType>C</MappedObjectType><FieldLength>50</FieldLength><VarPrecision>0</VarPrecision><RelationId>0</RelationId><IsEncrypted>N</IsEncrypted><IsMasked>N</IsMasked><MaskingPattern>X</MaskingPattern>
	</RowData>
	<RowData><ProcessDefId>4</ProcessDefId><VariableId>102</VariableId><VarFieldId>175</VarFieldId><TypeId>5</TypeId><TypeFieldId>176</TypeFieldId><ParentVarFieldId>1</ParentVarFieldId><MappedObjectName>CONF_MATL_EXTERNAL</MappedObjectName><ExtObjId>6</ExtObjId><MappedObjectType>C</MappedObjectType><FieldLength>50</FieldLength><VarPrecision>0</VarPrecision><RelationId>0</RelationId><IsEncrypted>N</IsEncrypted><IsMasked>N</IsMasked><MaskingPattern>X</MaskingPattern>
	</RowData>
	<RowData><ProcessDefId>4</ProcessDefId><VariableId>102</VariableId><VarFieldId>176</VarFieldId><TypeId>5</TypeId><TypeFieldId>177</TypeFieldId><ParentVarFieldId>1</ParentVarFieldId><MappedObjectName>CONF_MATL_GUID</MappedObjectName><ExtObjId>6</ExtObjId><MappedObjectType>C</MappedObjectType><FieldLength>50</FieldLength><VarPrecision>0</VarPrecision><RelationId>0</RelationId><IsEncrypted>N</IsEncrypted><IsMasked>N</IsMasked><MaskingPattern>X</MaskingPattern>
	</RowData>
	<RowData><ProcessDefId>4</ProcessDefId><VariableId>102</VariableId><VarFieldId>177</VarFieldId><TypeId>5</TypeId><TypeFieldId>178</TypeFieldId><ParentVarFieldId>1</ParentVarFieldId><MappedObjectName>CONF_MATL_VERSION</MappedObjectName><ExtObjId>6</ExtObjId><MappedObjectType>C</MappedObjectType><FieldLength>50</FieldLength><VarPrecision>0</VarPrecision><RelationId>0</RelationId><IsEncrypted>N</IsEncrypted><IsMasked>N</IsMasked><MaskingPattern>X</MaskingPattern>
	</RowData>
	<RowData><ProcessDefId>4</ProcessDefId><VariableId>102</VariableId><VarFieldId>178</VarFieldId><TypeId>5</TypeId><TypeFieldId>179</TypeFieldId><ParentVarFieldId>1</ParentVarFieldId><MappedObjectName>MATERIAL_EXTERNAL</MappedObjectName><ExtObjId>6</ExtObjId><MappedObjectType>C</MappedObjectType><FieldLength>50</FieldLength><VarPrecision>0</VarPrecision><RelationId>0</RelationId><IsEncrypted>N</IsEncrypted><IsMasked>N</IsMasked><MaskingPattern>X</MaskingPattern>
	</RowData>
	<RowData><ProcessDefId>4</ProcessDefId><VariableId>102</VariableId><VarFieldId>179</VarFieldId><TypeId>5</TypeId><TypeFieldId>180</TypeFieldId><ParentVarFieldId>1</ParentVarFieldId><MappedObjectName>MATERIAL_GUID</MappedObjectName><ExtObjId>6</ExtObjId><MappedObjectType>C</MappedObjectType><FieldLength>50</FieldLength><VarPrecision>0</VarPrecision><RelationId>0</RelationId><IsEncrypted>N</IsEncrypted><IsMasked>N</IsMasked><MaskingPattern>X</MaskingPattern>
	</RowData>
	<RowData><ProcessDefId>4</ProcessDefId><VariableId>102</VariableId><VarFieldId>180</VarFieldId><TypeId>5</TypeId><TypeFieldId>181</TypeFieldId><ParentVarFieldId>1</ParentVarFieldId><MappedObjectName>MATERIAL_VERSION</MappedObjectName><ExtObjId>6</ExtObjId><MappedObjectType>C</MappedObjectType><FieldLength>50</FieldLength><VarPrecision>0</VarPrecision><RelationId>0</RelationId><IsEncrypted>N</IsEncrypted><IsMasked>N</IsMasked><MaskingPattern>X</MaskingPattern>
	</RowData>
	<RowData><ProcessDefId>4</ProcessDefId><VariableId>102</VariableId><VarFieldId>181</VarFieldId><TypeId>5</TypeId><TypeFieldId>182</TypeFieldId><ParentVarFieldId>1</ParentVarFieldId><MappedObjectName>PUR_MAT_EXTERNAL</MappedObjectName><ExtObjId>6</ExtObjId><MappedObjectType>C</MappedObjectType><FieldLength>50</FieldLength><VarPrecision>0</VarPrecision><RelationId>0</RelationId><IsEncrypted>N</IsEncrypted><IsMasked>N</IsMasked><MaskingPattern>X</MaskingPattern>
	</RowData>
	<RowData><ProcessDefId>4</ProcessDefId><VariableId>102</VariableId><VarFieldId>182</VarFieldId><TypeId>5</TypeId><TypeFieldId>183</TypeFieldId><ParentVarFieldId>1</ParentVarFieldId><MappedObjectName>PUR_MAT_GUID</MappedObjectName><ExtObjId>6</ExtObjId><MappedObjectType>C</MappedObjectType><FieldLength>50</FieldLength><VarPrecision>0</VarPrecision><RelationId>0</RelationId><IsEncrypted>N</IsEncrypted><IsMasked>N</IsMasked><MaskingPattern>X</MaskingPattern>
	</RowData>
	<RowData><ProcessDefId>4</ProcessDefId><VariableId>102</VariableId><VarFieldId>183</VarFieldId><TypeId>5</TypeId><TypeFieldId>184</TypeFieldId><ParentVarFieldId>1</ParentVarFieldId><MappedObjectName>PUR_MAT_VERSION</MappedObjectName><ExtObjId>6</ExtObjId><MappedObjectType>C</MappedObjectType><FieldLength>50</FieldLength><VarPrecision>0</VarPrecision><RelationId>0</RelationId><IsEncrypted>N</IsEncrypted><IsMasked>N</IsMasked><MaskingPattern>X</MaskingPattern>
	</RowData>
	<RowData><ProcessDefId>4</ProcessDefId><VariableId>102</VariableId><VarFieldId>184</VarFieldId><TypeId>5</TypeId><TypeFieldId>185</TypeFieldId><ParentVarFieldId>1</ParentVarFieldId><MappedObjectName>GRANT_NBR</MappedObjectName><ExtObjId>6</ExtObjId><MappedObjectType>C</MappedObjectType><FieldLength>50</FieldLength><VarPrecision>0</VarPrecision><RelationId>0</RelationId><IsEncrypted>N</IsEncrypted><IsMasked>N</IsMasked><MaskingPattern>X</MaskingPattern>
	</RowData>
	<RowData><ProcessDefId>4</ProcessDefId><VariableId>102</VariableId><VarFieldId>185</VarFieldId><TypeId>5</TypeId><TypeFieldId>186</TypeFieldId><ParentVarFieldId>1</ParentVarFieldId><MappedObjectName>CMMT_ITEM_LONG</MappedObjectName><ExtObjId>6</ExtObjId><MappedObjectType>C</MappedObjectType><FieldLength>50</FieldLength><VarPrecision>0</VarPrecision><RelationId>0</RelationId><IsEncrypted>N</IsEncrypted><IsMasked>N</IsMasked><MaskingPattern>X</MaskingPattern>
	</RowData>
	<RowData><ProcessDefId>4</ProcessDefId><VariableId>102</VariableId><VarFieldId>186</VarFieldId><TypeId>5</TypeId><TypeFieldId>187</TypeFieldId><ParentVarFieldId>1</ParentVarFieldId><MappedObjectName>FUNC_AREA_LONG</MappedObjectName><ExtObjId>6</ExtObjId><MappedObjectType>C</MappedObjectType><FieldLength>50</FieldLength><VarPrecision>0</VarPrecision><RelationId>0</RelationId><IsEncrypted>N</IsEncrypted><IsMasked>N</IsMasked><MaskingPattern>X</MaskingPattern>
	</RowData>
	<RowData><ProcessDefId>4</ProcessDefId><VariableId>102</VariableId><VarFieldId>187</VarFieldId><TypeId>5</TypeId><TypeFieldId>188</TypeFieldId><ParentVarFieldId>1</ParentVarFieldId><MappedObjectName>BUDGET_PERIOD</MappedObjectName><ExtObjId>6</ExtObjId><MappedObjectType>C</MappedObjectType><FieldLength>50</FieldLength><VarPrecision>0</VarPrecision><RelationId>0</RelationId><IsEncrypted>N</IsEncrypted><IsMasked>N</IsMasked><MaskingPattern>X</MaskingPattern>
	</RowData>
	<RowData><ProcessDefId>4</ProcessDefId><VariableId>102</VariableId><VarFieldId>188</VarFieldId><TypeId>5</TypeId><TypeFieldId>189</TypeFieldId><ParentVarFieldId>1</ParentVarFieldId><MappedObjectName>purchaseorder</MappedObjectName><ExtObjId>6</ExtObjId><MappedObjectType>C</MappedObjectType><FieldLength>50</FieldLength><VarPrecision>0</VarPrecision><RelationId>0</RelationId><IsEncrypted>N</IsEncrypted><IsMasked>N</IsMasked><MaskingPattern>X</MaskingPattern>
	</RowData>
	<RowData><ProcessDefId>4</ProcessDefId><VariableId>102</VariableId><VarFieldId>189</VarFieldId><TypeId>5</TypeId><TypeFieldId>112</TypeFieldId><ParentVarFieldId>1</ParentVarFieldId><MappedObjectName>PCKG_NO</MappedObjectName><ExtObjId>6</ExtObjId><MappedObjectType>C</MappedObjectType><FieldLength>2</FieldLength><VarPrecision>0</VarPrecision><RelationId>0</RelationId><IsEncrypted>N</IsEncrypted><IsMasked>N</IsMasked><MaskingPattern>X</MaskingPattern>
	</RowData>
	<RowData><ProcessDefId>4</ProcessDefId><VariableId>103</VariableId><VarFieldId>1</VarFieldId><TypeId>6</TypeId><TypeFieldId>0</TypeFieldId><ParentVarFieldId>0</ParentVarFieldId><MappedObjectName>complex_orient_poitem_history</MappedObjectName><ExtObjId>7</ExtObjId><MappedObjectType>T</MappedObjectType><FieldLength>0</FieldLength><VarPrecision>0</VarPrecision><RelationId>16</RelationId><IsEncrypted>N</IsEncrypted><IsMasked>N</IsMasked><MaskingPattern>X</MaskingPattern>
	</RowData>
	<RowData><ProcessDefId>4</ProcessDefId><VariableId>103</VariableId><VarFieldId>2</VarFieldId><TypeId>6</TypeId><TypeFieldId>1</TypeFieldId><ParentVarFieldId>1</ParentVarFieldId><MappedObjectName>PO_ITEM</MappedObjectName><ExtObjId>7</ExtObjId><MappedObjectType>C</MappedObjectType><FieldLength>2</FieldLength><VarPrecision>0</VarPrecision><RelationId>0</RelationId><IsEncrypted>N</IsEncrypted><IsMasked>N</IsMasked><MaskingPattern>X</MaskingPattern>
	</RowData>
	<RowData><ProcessDefId>4</ProcessDefId><VariableId>103</VariableId><VarFieldId>3</VarFieldId><TypeId>6</TypeId><TypeFieldId>2</TypeFieldId><ParentVarFieldId>1</ParentVarFieldId><MappedObjectName>SERIAL_NO</MappedObjectName><ExtObjId>7</ExtObjId><MappedObjectType>C</MappedObjectType><FieldLength>2</FieldLength><VarPrecision>0</VarPrecision><RelationId>0</RelationId><IsEncrypted>N</IsEncrypted><IsMasked>N</IsMasked><MaskingPattern>X</MaskingPattern>
	</RowData>
	<RowData><ProcessDefId>4</ProcessDefId><VariableId>103</VariableId><VarFieldId>4</VarFieldId><TypeId>6</TypeId><TypeFieldId>3</TypeFieldId><ParentVarFieldId>1</ParentVarFieldId><MappedObjectName>PROCESS_ID</MappedObjectName><ExtObjId>7</ExtObjId><MappedObjectType>C</MappedObjectType><FieldLength>50</FieldLength><VarPrecision>0</VarPrecision><RelationId>0</RelationId><IsEncrypted>N</IsEncrypted><IsMasked>N</IsMasked><MaskingPattern>X</MaskingPattern>
	</RowData>
	<RowData><ProcessDefId>4</ProcessDefId><VariableId>103</VariableId><VarFieldId>5</VarFieldId><TypeId>6</TypeId><TypeFieldId>4</TypeFieldId><ParentVarFieldId>1</ParentVarFieldId><MappedObjectName>DOC_YEAR</MappedObjectName><ExtObjId>7</ExtObjId><MappedObjectType>C</MappedObjectType><FieldLength>2</FieldLength><VarPrecision>0</VarPrecision><RelationId>0</RelationId><IsEncrypted>N</IsEncrypted><IsMasked>N</IsMasked><MaskingPattern>X</MaskingPattern>
	</RowData>
	<RowData><ProcessDefId>4</ProcessDefId><VariableId>103</VariableId><VarFieldId>6</VarFieldId><TypeId>6</TypeId><TypeFieldId>5</TypeFieldId><ParentVarFieldId>1</ParentVarFieldId><MappedObjectName>MAT_DOC</MappedObjectName><ExtObjId>7</ExtObjId><MappedObjectType>C</MappedObjectType><FieldLength>50</FieldLength><VarPrecision>0</VarPrecision><RelationId>0</RelationId><IsEncrypted>N</IsEncrypted><IsMasked>N</IsMasked><MaskingPattern>X</MaskingPattern>
	</RowData>
	<RowData><ProcessDefId>4</ProcessDefId><VariableId>103</VariableId><VarFieldId>7</VarFieldId><TypeId>6</TypeId><TypeFieldId>6</TypeFieldId><ParentVarFieldId>1</ParentVarFieldId><MappedObjectName>MATDOC_ITM</MappedObjectName><ExtObjId>7</ExtObjId><MappedObjectType>C</MappedObjectType><FieldLength>2</FieldLength><VarPrecision>0</VarPrecision><RelationId>0</RelationId><IsEncrypted>N</IsEncrypted><IsMasked>N</IsMasked><MaskingPattern>X</MaskingPattern>
	</RowData>
	<RowData><ProcessDefId>4</ProcessDefId><VariableId>103</VariableId><VarFieldId>8</VarFieldId><TypeId>6</TypeId><TypeFieldId>7</TypeFieldId><ParentVarFieldId>1</ParentVarFieldId><MappedObjectName>HIST_TYPE</MappedObjectName><ExtObjId>7</ExtObjId><MappedObjectType>C</MappedObjectType><FieldLength>50</FieldLength><VarPrecision>0</VarPrecision><RelationId>0</RelationId><IsEncrypted>N</IsEncrypted><IsMasked>N</IsMasked><MaskingPattern>X</MaskingPattern>
	</RowData>
	<RowData><ProcessDefId>4</ProcessDefId><VariableId>103</VariableId><VarFieldId>9</VarFieldId><TypeId>6</TypeId><TypeFieldId>8</TypeFieldId><ParentVarFieldId>1</ParentVarFieldId><MappedObjectName>MOVE_TYPE</MappedObjectName><ExtObjId>7</ExtObjId><MappedObjectType>C</MappedObjectType><FieldLength>50</FieldLength><VarPrecision>0</VarPrecision><RelationId>0</RelationId><IsEncrypted>N</IsEncrypted><IsMasked>N</IsMasked><MaskingPattern>X</MaskingPattern>
	</RowData>
	<RowData><ProcessDefId>4</ProcessDefId><VariableId>103</VariableId><VarFieldId>10</VarFieldId><TypeId>6</TypeId><TypeFieldId>9</TypeFieldId><ParentVarFieldId>1</ParentVarFieldId><MappedObjectName>PSTNG_DATE</MappedObjectName><ExtObjId>7</ExtObjId><MappedObjectType>C</MappedObjectType><FieldLength>8</FieldLength><VarPrecision>0</VarPrecision><RelationId>0</RelationId><IsEncrypted>N</IsEncrypted><IsMasked>N</IsMasked><MaskingPattern>X</MaskingPattern>
	</RowData>
	<RowData><ProcessDefId>4</ProcessDefId><VariableId>103</VariableId><VarFieldId>11</VarFieldId><TypeId>6</TypeId><TypeFieldId>10</TypeFieldId><ParentVarFieldId>1</ParentVarFieldId><MappedObjectName>QUANTITY</MappedObjectName><ExtObjId>7</ExtObjId><MappedObjectType>C</MappedObjectType><FieldLength>50</FieldLength><VarPrecision>0</VarPrecision><RelationId>0</RelationId><IsEncrypted>N</IsEncrypted><IsMasked>N</IsMasked><MaskingPattern>X</MaskingPattern>
	</RowData>
	<RowData><ProcessDefId>4</ProcessDefId><VariableId>103</VariableId><VarFieldId>12</VarFieldId><TypeId>6</TypeId><TypeFieldId>11</TypeFieldId><ParentVarFieldId>1</ParentVarFieldId><MappedObjectName>VAL_LOCCUR</MappedObjectName><ExtObjId>7</ExtObjId><MappedObjectType>C</MappedObjectType><FieldLength>50</FieldLength><VarPrecision>0</VarPrecision><RelationId>0</RelationId><IsEncrypted>N</IsEncrypted><IsMasked>N</IsMasked><MaskingPattern>X</MaskingPattern>
	</RowData>
	<RowData><ProcessDefId>4</ProcessDefId><VariableId>103</VariableId><VarFieldId>13</VarFieldId><TypeId>6</TypeId><TypeFieldId>12</TypeFieldId><ParentVarFieldId>1</ParentVarFieldId><MappedObjectName>VAL_FORCUR</MappedObjectName><ExtObjId>7</ExtObjId><MappedObjectType>C</MappedObjectType><FieldLength>50</FieldLength><VarPrecision>0</VarPrecision><RelationId>0</RelationId><IsEncrypted>N</IsEncrypted><IsMasked>N</IsMasked><MaskingPattern>X</MaskingPattern>
	</RowData>
	<RowData><ProcessDefId>4</ProcessDefId><VariableId>103</VariableId><VarFieldId>14</VarFieldId><TypeId>6</TypeId><TypeFieldId>13</TypeFieldId><ParentVarFieldId>1</ParentVarFieldId><MappedObjectName>CURRENCY</MappedObjectName><ExtObjId>7</ExtObjId><MappedObjectType>C</MappedObjectType><FieldLength>50</FieldLength><VarPrecision>0</VarPrecision><RelationId>0</RelationId><IsEncrypted>N</IsEncrypted><IsMasked>N</IsMasked><MaskingPattern>X</MaskingPattern>
	</RowData>
	<RowData><ProcessDefId>4</ProcessDefId><VariableId>103</VariableId><VarFieldId>15</VarFieldId><TypeId>6</TypeId><TypeFieldId>14</TypeFieldId><ParentVarFieldId>1</ParentVarFieldId><MappedObjectName>CL_VAL_LOC</MappedObjectName><ExtObjId>7</ExtObjId><MappedObjectType>C</MappedObjectType><FieldLength>50</FieldLength><VarPrecision>0</VarPrecision><RelationId>0</RelationId><IsEncrypted>N</IsEncrypted><IsMasked>N</IsMasked><MaskingPattern>X</MaskingPattern>
	</RowData>
	<RowData><ProcessDefId>4</ProcessDefId><VariableId>103</VariableId><VarFieldId>16</VarFieldId><TypeId>6</TypeId><TypeFieldId>15</TypeFieldId><ParentVarFieldId>1</ParentVarFieldId><MappedObjectName>BLOCKED_QY</MappedObjectName><ExtObjId>7</ExtObjId><MappedObjectType>C</MappedObjectType><FieldLength>50</FieldLength><VarPrecision>0</VarPrecision><RelationId>0</RelationId><IsEncrypted>N</IsEncrypted><IsMasked>N</IsMasked><MaskingPattern>X</MaskingPattern>
	</RowData>
	<RowData><ProcessDefId>4</ProcessDefId><VariableId>103</VariableId><VarFieldId>17</VarFieldId><TypeId>6</TypeId><TypeFieldId>16</TypeFieldId><ParentVarFieldId>1</ParentVarFieldId><MappedObjectName>BL_QTY</MappedObjectName><ExtObjId>7</ExtObjId><MappedObjectType>C</MappedObjectType><FieldLength>50</FieldLength><VarPrecision>0</VarPrecision><RelationId>0</RelationId><IsEncrypted>N</IsEncrypted><IsMasked>N</IsMasked><MaskingPattern>X</MaskingPattern>
	</RowData>
	<RowData><ProcessDefId>4</ProcessDefId><VariableId>103</VariableId><VarFieldId>18</VarFieldId><TypeId>6</TypeId><TypeFieldId>17</TypeFieldId><ParentVarFieldId>1</ParentVarFieldId><MappedObjectName>DB_CR_IND</MappedObjectName><ExtObjId>7</ExtObjId><MappedObjectType>C</MappedObjectType><FieldLength>50</FieldLength><VarPrecision>0</VarPrecision><RelationId>0</RelationId><IsEncrypted>N</IsEncrypted><IsMasked>N</IsMasked><MaskingPattern>X</MaskingPattern>
	</RowData>
	<RowData><ProcessDefId>4</ProcessDefId><VariableId>103</VariableId><VarFieldId>19</VarFieldId><TypeId>6</TypeId><TypeFieldId>18</TypeFieldId><ParentVarFieldId>1</ParentVarFieldId><MappedObjectName>VAL_TYPE</MappedObjectName><ExtObjId>7</ExtObjId><MappedObjectType>C</MappedObjectType><FieldLength>50</FieldLength><VarPrecision>0</VarPrecision><RelationId>0</RelationId><IsEncrypted>N</IsEncrypted><IsMasked>N</IsMasked><MaskingPattern>X</MaskingPattern>
	</RowData>
	<RowData><ProcessDefId>4</ProcessDefId><VariableId>103</VariableId><VarFieldId>20</VarFieldId><TypeId>6</TypeId><TypeFieldId>19</TypeFieldId><ParentVarFieldId>1</ParentVarFieldId><MappedObjectName>NO_MORE_GR</MappedObjectName><ExtObjId>7</ExtObjId><MappedObjectType>C</MappedObjectType><FieldLength>50</FieldLength><VarPrecision>0</VarPrecision><RelationId>0</RelationId><IsEncrypted>N</IsEncrypted><IsMasked>N</IsMasked><MaskingPattern>X</MaskingPattern>
	</RowData>
	<RowData><ProcessDefId>4</ProcessDefId><VariableId>103</VariableId><VarFieldId>21</VarFieldId><TypeId>6</TypeId><TypeFieldId>20</TypeFieldId><ParentVarFieldId>1</ParentVarFieldId><MappedObjectName>REF_DOC_NO</MappedObjectName><ExtObjId>7</ExtObjId><MappedObjectType>C</MappedObjectType><FieldLength>50</FieldLength><VarPrecision>0</VarPrecision><RelationId>0</RelationId><IsEncrypted>N</IsEncrypted><IsMasked>N</IsMasked><MaskingPattern>X</MaskingPattern>
	</RowData>
	<RowData><ProcessDefId>4</ProcessDefId><VariableId>103</VariableId><VarFieldId>22</VarFieldId><TypeId>6</TypeId><TypeFieldId>21</TypeFieldId><ParentVarFieldId>1</ParentVarFieldId><MappedObjectName>REF_DOC_YR</MappedObjectName><ExtObjId>7</ExtObjId><MappedObjectType>C</MappedObjectType><FieldLength>2</FieldLength><VarPrecision>0</VarPrecision><RelationId>0</RelationId><IsEncrypted>N</IsEncrypted><IsMasked>N</IsMasked><MaskingPattern>X</MaskingPattern>
	</RowData>
	<RowData><ProcessDefId>4</ProcessDefId><VariableId>103</VariableId><VarFieldId>23</VarFieldId><TypeId>6</TypeId><TypeFieldId>22</TypeFieldId><ParentVarFieldId>1</ParentVarFieldId><MappedObjectName>REF_DOC</MappedObjectName><ExtObjId>7</ExtObjId><MappedObjectType>C</MappedObjectType><FieldLength>50</FieldLength><VarPrecision>0</VarPrecision><RelationId>0</RelationId><IsEncrypted>N</IsEncrypted><IsMasked>N</IsMasked><MaskingPattern>X</MaskingPattern>
	</RowData>
	<RowData><ProcessDefId>4</ProcessDefId><VariableId>103</VariableId><VarFieldId>24</VarFieldId><TypeId>6</TypeId><TypeFieldId>23</TypeFieldId><ParentVarFieldId>1</ParentVarFieldId><MappedObjectName>REF_DOC_IT</MappedObjectName><ExtObjId>7</ExtObjId><MappedObjectType>C</MappedObjectType><FieldLength>2</FieldLength><VarPrecision>0</VarPrecision><RelationId>0</RelationId><IsEncrypted>N</IsEncrypted><IsMasked>N</IsMasked><MaskingPattern>X</MaskingPattern>
	</RowData>
	<RowData><ProcessDefId>4</ProcessDefId><VariableId>103</VariableId><VarFieldId>25</VarFieldId><TypeId>6</TypeId><TypeFieldId>24</TypeFieldId><ParentVarFieldId>1</ParentVarFieldId><MappedObjectName>MOVE_REAS</MappedObjectName><ExtObjId>7</ExtObjId><MappedObjectType>C</MappedObjectType><FieldLength>2</FieldLength><VarPrecision>0</VarPrecision><RelationId>0</RelationId><IsEncrypted>N</IsEncrypted><IsMasked>N</IsMasked><MaskingPattern>X</MaskingPattern>
	</RowData>
	<RowData><ProcessDefId>4</ProcessDefId><VariableId>103</VariableId><VarFieldId>26</VarFieldId><TypeId>6</TypeId><TypeFieldId>25</TypeFieldId><ParentVarFieldId>1</ParentVarFieldId><MappedObjectName>ENTRY_DATE</MappedObjectName><ExtObjId>7</ExtObjId><MappedObjectType>C</MappedObjectType><FieldLength>8</FieldLength><VarPrecision>0</VarPrecision><RelationId>0</RelationId><IsEncrypted>N</IsEncrypted><IsMasked>N</IsMasked><MaskingPattern>X</MaskingPattern>
	</RowData>
	<RowData><ProcessDefId>4</ProcessDefId><VariableId>103</VariableId><VarFieldId>27</VarFieldId><TypeId>6</TypeId><TypeFieldId>26</TypeFieldId><ParentVarFieldId>1</ParentVarFieldId><MappedObjectName>ENTRY_TIME</MappedObjectName><ExtObjId>7</ExtObjId><MappedObjectType>C</MappedObjectType><FieldLength>50</FieldLength><VarPrecision>0</VarPrecision><RelationId>0</RelationId><IsEncrypted>N</IsEncrypted><IsMasked>N</IsMasked><MaskingPattern>X</MaskingPattern>
	</RowData>
	<RowData><ProcessDefId>4</ProcessDefId><VariableId>103</VariableId><VarFieldId>28</VarFieldId><TypeId>6</TypeId><TypeFieldId>27</TypeFieldId><ParentVarFieldId>1</ParentVarFieldId><MappedObjectName>IVVAL_LOC</MappedObjectName><ExtObjId>7</ExtObjId><MappedObjectType>C</MappedObjectType><FieldLength>50</FieldLength><VarPrecision>0</VarPrecision><RelationId>0</RelationId><IsEncrypted>N</IsEncrypted><IsMasked>N</IsMasked><MaskingPattern>X</MaskingPattern>
	</RowData>
	<RowData><ProcessDefId>4</ProcessDefId><VariableId>103</VariableId><VarFieldId>29</VarFieldId><TypeId>6</TypeId><TypeFieldId>28</TypeFieldId><ParentVarFieldId>1</ParentVarFieldId><MappedObjectName>IVVAL_FOR</MappedObjectName><ExtObjId>7</ExtObjId><MappedObjectType>C</MappedObjectType><FieldLength>50</FieldLength><VarPrecision>0</VarPrecision><RelationId>0</RelationId><IsEncrypted>N</IsEncrypted><IsMasked>N</IsMasked><MaskingPattern>X</MaskingPattern>
	</RowData>
	<RowData><ProcessDefId>4</ProcessDefId><VariableId>103</VariableId><VarFieldId>30</VarFieldId><TypeId>6</TypeId><TypeFieldId>29</TypeFieldId><ParentVarFieldId>1</ParentVarFieldId><MappedObjectName>MATERIAL</MappedObjectName><ExtObjId>7</ExtObjId><MappedObjectType>C</MappedObjectType><FieldLength>50</FieldLength><VarPrecision>0</VarPrecision><RelationId>0</RelationId><IsEncrypted>N</IsEncrypted><IsMasked>N</IsMasked><MaskingPattern>X</MaskingPattern>
	</RowData>
	<RowData><ProcessDefId>4</ProcessDefId><VariableId>103</VariableId><VarFieldId>31</VarFieldId><TypeId>6</TypeId><TypeFieldId>30</TypeFieldId><ParentVarFieldId>1</ParentVarFieldId><MappedObjectName>PLANT</MappedObjectName><ExtObjId>7</ExtObjId><MappedObjectType>C</MappedObjectType><FieldLength>50</FieldLength><VarPrecision>0</VarPrecision><RelationId>0</RelationId><IsEncrypted>N</IsEncrypted><IsMasked>N</IsMasked><MaskingPattern>X</MaskingPattern>
	</RowData>
	<RowData><ProcessDefId>4</ProcessDefId><VariableId>103</VariableId><VarFieldId>32</VarFieldId><TypeId>6</TypeId><TypeFieldId>31</TypeFieldId><ParentVarFieldId>1</ParentVarFieldId><MappedObjectName>CONF_SER</MappedObjectName><ExtObjId>7</ExtObjId><MappedObjectType>C</MappedObjectType><FieldLength>2</FieldLength><VarPrecision>0</VarPrecision><RelationId>0</RelationId><IsEncrypted>N</IsEncrypted><IsMasked>N</IsMasked><MaskingPattern>X</MaskingPattern>
	</RowData>
	<RowData><ProcessDefId>4</ProcessDefId><VariableId>103</VariableId><VarFieldId>33</VarFieldId><TypeId>6</TypeId><TypeFieldId>32</TypeFieldId><ParentVarFieldId>1</ParentVarFieldId><MappedObjectName>CONDITION_1</MappedObjectName><ExtObjId>7</ExtObjId><MappedObjectType>C</MappedObjectType><FieldLength>50</FieldLength><VarPrecision>0</VarPrecision><RelationId>0</RelationId><IsEncrypted>N</IsEncrypted><IsMasked>N</IsMasked><MaskingPattern>X</MaskingPattern>
	</RowData>
	<RowData><ProcessDefId>4</ProcessDefId><VariableId>103</VariableId><VarFieldId>34</VarFieldId><TypeId>6</TypeId><TypeFieldId>33</TypeFieldId><ParentVarFieldId>1</ParentVarFieldId><MappedObjectName>TAX_CODE</MappedObjectName><ExtObjId>7</ExtObjId><MappedObjectType>C</MappedObjectType><FieldLength>50</FieldLength><VarPrecision>0</VarPrecision><RelationId>0</RelationId><IsEncrypted>N</IsEncrypted><IsMasked>N</IsMasked><MaskingPattern>X</MaskingPattern>
	</RowData>
	<RowData><ProcessDefId>4</ProcessDefId><VariableId>103</VariableId><VarFieldId>35</VarFieldId><TypeId>6</TypeId><TypeFieldId>34</TypeFieldId><ParentVarFieldId>1</ParentVarFieldId><MappedObjectName>DELIV_QTY</MappedObjectName><ExtObjId>7</ExtObjId><MappedObjectType>C</MappedObjectType><FieldLength>50</FieldLength><VarPrecision>0</VarPrecision><RelationId>0</RelationId><IsEncrypted>N</IsEncrypted><IsMasked>N</IsMasked><MaskingPattern>X</MaskingPattern>
	</RowData>
	<RowData><ProcessDefId>4</ProcessDefId><VariableId>103</VariableId><VarFieldId>36</VarFieldId><TypeId>6</TypeId><TypeFieldId>35</TypeFieldId><ParentVarFieldId>1</ParentVarFieldId><MappedObjectName>DELIV_UNIT</MappedObjectName><ExtObjId>7</ExtObjId><MappedObjectType>C</MappedObjectType><FieldLength>50</FieldLength><VarPrecision>0</VarPrecision><RelationId>0</RelationId><IsEncrypted>N</IsEncrypted><IsMasked>N</IsMasked><MaskingPattern>X</MaskingPattern>
	</RowData>
</PMWUDTVarMappingTable_1>