<PMWUDTVarMappingTable_4>
	<RowData><ProcessDefId>4</ProcessDefId><VariableId>134</VariableId><VarFieldId>76</VarFieldId><TypeId>9</TypeId><TypeFieldId>75</TypeFieldId><ParentVarFieldId>1</ParentVarFieldId><MappedObjectName>PER_EDATE</MappedObjectName><ExtObjId>10</ExtObjId><MappedObjectType>C</MappedObjectType><FieldLength>8</FieldLength><VarPrecision>0</VarPrecision><RelationId>0</RelationId><IsEncrypted>N</IsEncrypted><IsMasked>N</IsMasked><MaskingPattern>X</MaskingPattern>
	</RowData>
	<RowData><ProcessDefId>4</ProcessDefId><VariableId>134</VariableId><VarFieldId>77</VarFieldId><TypeId>9</TypeId><TypeFieldId>76</TypeFieldId><ParentVarFieldId>1</ParentVarFieldId><MappedObjectName>EXTERNAL_ITEM_ID</MappedObjectName><ExtObjId>10</ExtObjId><MappedObjectType>C</MappedObjectType><FieldLength>50</FieldLength><VarPrecision>0</VarPrecision><RelationId>0</RelationId><IsEncrypted>N</IsEncrypted><IsMasked>N</IsMasked><MaskingPattern>X</MaskingPattern>
	</RowData>
	<RowData><ProcessDefId>4</ProcessDefId><VariableId>134</VariableId><VarFieldId>78</VarFieldId><TypeId>9</TypeId><TypeFieldId>77</TypeFieldId><ParentVarFieldId>1</ParentVarFieldId><MappedObjectName>SERVICE_ITEM_KEY</MappedObjectName><ExtObjId>10</ExtObjId><MappedObjectType>C</MappedObjectType><FieldLength>2</FieldLength><VarPrecision>0</VarPrecision><RelationId>0</RelationId><IsEncrypted>N</IsEncrypted><IsMasked>N</IsMasked><MaskingPattern>X</MaskingPattern>
	</RowData>
	<RowData><ProcessDefId>4</ProcessDefId><VariableId>135</VariableId><VarFieldId>1</VarFieldId><TypeId>11</TypeId><TypeFieldId>0</TypeFieldId><ParentVarFieldId>0</ParentVarFieldId><MappedObjectName>complex_orient_acc_assignment</MappedObjectName><ExtObjId>11</ExtObjId><MappedObjectType>T</MappedObjectType><FieldLength>0</FieldLength><VarPrecision>0</VarPrecision><RelationId>9</RelationId><IsEncrypted>N</IsEncrypted><IsMasked>N</IsMasked><MaskingPattern>X</MaskingPattern>
	</RowData>
	<RowData><ProcessDefId>4</ProcessDefId><VariableId>135</VariableId><VarFieldId>2</VarFieldId><TypeId>11</TypeId><TypeFieldId>1</TypeFieldId><ParentVarFieldId>1</ParentVarFieldId><MappedObjectName>PO_ITEM</MappedObjectName><ExtObjId>11</ExtObjId><MappedObjectType>C</MappedObjectType><FieldLength>2</FieldLength><VarPrecision>0</VarPrecision><RelationId>0</RelationId><IsEncrypted>N</IsEncrypted><IsMasked>N</IsMasked><MaskingPattern>X</MaskingPattern>
	</RowData>
	<RowData><ProcessDefId>4</ProcessDefId><VariableId>135</VariableId><VarFieldId>3</VarFieldId><TypeId>11</TypeId><TypeFieldId>2</TypeFieldId><ParentVarFieldId>1</ParentVarFieldId><MappedObjectName>SERIAL_NO</MappedObjectName><ExtObjId>11</ExtObjId><MappedObjectType>C</MappedObjectType><FieldLength>50</FieldLength><VarPrecision>0</VarPrecision><RelationId>0</RelationId><IsEncrypted>N</IsEncrypted><IsMasked>N</IsMasked><MaskingPattern>X</MaskingPattern>
	</RowData>
	<RowData><ProcessDefId>4</ProcessDefId><VariableId>135</VariableId><VarFieldId>4</VarFieldId><TypeId>11</TypeId><TypeFieldId>81</TypeFieldId><ParentVarFieldId>1</ParentVarFieldId><MappedObjectName>QUANTITY</MappedObjectName><ExtObjId>11</ExtObjId><MappedObjectType>C</MappedObjectType><FieldLength>50</FieldLength><VarPrecision>0</VarPrecision><RelationId>0</RelationId><IsEncrypted>N</IsEncrypted><IsMasked>N</IsMasked><MaskingPattern>X</MaskingPattern>
	</RowData>
	<RowData><ProcessDefId>4</ProcessDefId><VariableId>135</VariableId><VarFieldId>5</VarFieldId><TypeId>11</TypeId><TypeFieldId>82</TypeFieldId><ParentVarFieldId>1</ParentVarFieldId><MappedObjectName>DISTR_PERC</MappedObjectName><ExtObjId>11</ExtObjId><MappedObjectType>C</MappedObjectType><FieldLength>50</FieldLength><VarPrecision>0</VarPrecision><RelationId>0</RelationId><IsEncrypted>N</IsEncrypted><IsMasked>N</IsMasked><MaskingPattern>X</MaskingPattern>
	</RowData>
	<RowData><ProcessDefId>4</ProcessDefId><VariableId>135</VariableId><VarFieldId>6</VarFieldId><TypeId>11</TypeId><TypeFieldId>83</TypeFieldId><ParentVarFieldId>1</ParentVarFieldId><MappedObjectName>G_L_ACCT</MappedObjectName><ExtObjId>11</ExtObjId><MappedObjectType>C</MappedObjectType><FieldLength>50</FieldLength><VarPrecision>0</VarPrecision><RelationId>0</RelationId><IsEncrypted>N</IsEncrypted><IsMasked>N</IsMasked><MaskingPattern>X</MaskingPattern>
	</RowData>
	<RowData><ProcessDefId>4</ProcessDefId><VariableId>135</VariableId><VarFieldId>7</VarFieldId><TypeId>11</TypeId><TypeFieldId>84</TypeFieldId><ParentVarFieldId>1</ParentVarFieldId><MappedObjectName>BUS_AREA</MappedObjectName><ExtObjId>11</ExtObjId><MappedObjectType>C</MappedObjectType><FieldLength>50</FieldLength><VarPrecision>0</VarPrecision><RelationId>0</RelationId><IsEncrypted>N</IsEncrypted><IsMasked>N</IsMasked><MaskingPattern>X</MaskingPattern>
	</RowData>
	<RowData><ProcessDefId>4</ProcessDefId><VariableId>135</VariableId><VarFieldId>8</VarFieldId><TypeId>11</TypeId><TypeFieldId>85</TypeFieldId><ParentVarFieldId>1</ParentVarFieldId><MappedObjectName>COST_CTR</MappedObjectName><ExtObjId>11</ExtObjId><MappedObjectType>C</MappedObjectType><FieldLength>50</FieldLength><VarPrecision>0</VarPrecision><RelationId>0</RelationId><IsEncrypted>N</IsEncrypted><IsMasked>N</IsMasked><MaskingPattern>X</MaskingPattern>
	</RowData>
	<RowData><ProcessDefId>4</ProcessDefId><VariableId>135</VariableId><VarFieldId>9</VarFieldId><TypeId>11</TypeId><TypeFieldId>86</TypeFieldId><ParentVarFieldId>1</ParentVarFieldId><MappedObjectName>PROJ_EXT</MappedObjectName><ExtObjId>11</ExtObjId><MappedObjectType>C</MappedObjectType><FieldLength>50</FieldLength><VarPrecision>0</VarPrecision><RelationId>0</RelationId><IsEncrypted>N</IsEncrypted><IsMasked>N</IsMasked><MaskingPattern>X</MaskingPattern>
	</RowData>
	<RowData><ProcessDefId>4</ProcessDefId><VariableId>135</VariableId><VarFieldId>10</VarFieldId><TypeId>11</TypeId><TypeFieldId>87</TypeFieldId><ParentVarFieldId>1</ParentVarFieldId><MappedObjectName>SD_DOC</MappedObjectName><ExtObjId>11</ExtObjId><MappedObjectType>C</MappedObjectType><FieldLength>50</FieldLength><VarPrecision>0</VarPrecision><RelationId>0</RelationId><IsEncrypted>N</IsEncrypted><IsMasked>N</IsMasked><MaskingPattern>X</MaskingPattern>
	</RowData>
	<RowData><ProcessDefId>4</ProcessDefId><VariableId>135</VariableId><VarFieldId>11</VarFieldId><TypeId>11</TypeId><TypeFieldId>88</TypeFieldId><ParentVarFieldId>1</ParentVarFieldId><MappedObjectName>SDOC_ITEM</MappedObjectName><ExtObjId>11</ExtObjId><MappedObjectType>C</MappedObjectType><FieldLength>2</FieldLength><VarPrecision>0</VarPrecision><RelationId>0</RelationId><IsEncrypted>N</IsEncrypted><IsMasked>N</IsMasked><MaskingPattern>X</MaskingPattern>
	</RowData>
	<RowData><ProcessDefId>4</ProcessDefId><VariableId>135</VariableId><VarFieldId>12</VarFieldId><TypeId>11</TypeId><TypeFieldId>89</TypeFieldId><ParentVarFieldId>1</ParentVarFieldId><MappedObjectName>SCHED_LINE</MappedObjectName><ExtObjId>11</ExtObjId><MappedObjectType>C</MappedObjectType><FieldLength>50</FieldLength><VarPrecision>0</VarPrecision><RelationId>0</RelationId><IsEncrypted>N</IsEncrypted><IsMasked>N</IsMasked><MaskingPattern>X</MaskingPattern>
	</RowData>
	<RowData><ProcessDefId>4</ProcessDefId><VariableId>135</VariableId><VarFieldId>13</VarFieldId><TypeId>11</TypeId><TypeFieldId>90</TypeFieldId><ParentVarFieldId>1</ParentVarFieldId><MappedObjectName>ASSET_NO</MappedObjectName><ExtObjId>11</ExtObjId><MappedObjectType>C</MappedObjectType><FieldLength>50</FieldLength><VarPrecision>0</VarPrecision><RelationId>0</RelationId><IsEncrypted>N</IsEncrypted><IsMasked>N</IsMasked><MaskingPattern>X</MaskingPattern>
	</RowData>
	<RowData><ProcessDefId>4</ProcessDefId><VariableId>135</VariableId><VarFieldId>14</VarFieldId><TypeId>11</TypeId><TypeFieldId>91</TypeFieldId><ParentVarFieldId>1</ParentVarFieldId><MappedObjectName>SUB_NUMBER</MappedObjectName><ExtObjId>11</ExtObjId><MappedObjectType>C</MappedObjectType><FieldLength>50</FieldLength><VarPrecision>0</VarPrecision><RelationId>0</RelationId><IsEncrypted>N</IsEncrypted><IsMasked>N</IsMasked><MaskingPattern>X</MaskingPattern>
	</RowData>
	<RowData><ProcessDefId>4</ProcessDefId><VariableId>135</VariableId><VarFieldId>15</VarFieldId><TypeId>11</TypeId><TypeFieldId>92</TypeFieldId><ParentVarFieldId>1</ParentVarFieldId><MappedObjectName>ORDER_NO</MappedObjectName><ExtObjId>11</ExtObjId><MappedObjectType>C</MappedObjectType><FieldLength>50</FieldLength><VarPrecision>0</VarPrecision><RelationId>0</RelationId><IsEncrypted>N</IsEncrypted><IsMasked>N</IsMasked><MaskingPattern>X</MaskingPattern>
	</RowData>
	<RowData><ProcessDefId>4</ProcessDefId><VariableId>135</VariableId><VarFieldId>16</VarFieldId><TypeId>11</TypeId><TypeFieldId>93</TypeFieldId><ParentVarFieldId>1</ParentVarFieldId><MappedObjectName>GR_RCPT</MappedObjectName><ExtObjId>11</ExtObjId><MappedObjectType>C</MappedObjectType><FieldLength>50</FieldLength><VarPrecision>0</VarPrecision><RelationId>0</RelationId><IsEncrypted>N</IsEncrypted><IsMasked>N</IsMasked><MaskingPattern>X</MaskingPattern>
	</RowData>
	<RowData><ProcessDefId>4</ProcessDefId><VariableId>135</VariableId><VarFieldId>17</VarFieldId><TypeId>11</TypeId><TypeFieldId>94</TypeFieldId><ParentVarFieldId>1</ParentVarFieldId><MappedObjectName>UNLOAD_PT</MappedObjectName><ExtObjId>11</ExtObjId><MappedObjectType>C</MappedObjectType><FieldLength>50</FieldLength><VarPrecision>0</VarPrecision><RelationId>0</RelationId><IsEncrypted>N</IsEncrypted><IsMasked>N</IsMasked><MaskingPattern>X</MaskingPattern>
	</RowData>
	<RowData><ProcessDefId>4</ProcessDefId><VariableId>135</VariableId><VarFieldId>18</VarFieldId><TypeId>11</TypeId><TypeFieldId>95</TypeFieldId><ParentVarFieldId>1</ParentVarFieldId><MappedObjectName>CO_AREA</MappedObjectName><ExtObjId>11</ExtObjId><MappedObjectType>C</MappedObjectType><FieldLength>50</FieldLength><VarPrecision>0</VarPrecision><RelationId>0</RelationId><IsEncrypted>N</IsEncrypted><IsMasked>N</IsMasked><MaskingPattern>X</MaskingPattern>
	</RowData>
	<RowData><ProcessDefId>4</ProcessDefId><VariableId>135</VariableId><VarFieldId>19</VarFieldId><TypeId>11</TypeId><TypeFieldId>96</TypeFieldId><ParentVarFieldId>1</ParentVarFieldId><MappedObjectName>TO_COSTCTR</MappedObjectName><ExtObjId>11</ExtObjId><MappedObjectType>C</MappedObjectType><FieldLength>50</FieldLength><VarPrecision>0</VarPrecision><RelationId>0</RelationId><IsEncrypted>N</IsEncrypted><IsMasked>N</IsMasked><MaskingPattern>X</MaskingPattern>
	</RowData>
	<RowData><ProcessDefId>4</ProcessDefId><VariableId>135</VariableId><VarFieldId>20</VarFieldId><TypeId>11</TypeId><TypeFieldId>97</TypeFieldId><ParentVarFieldId>1</ParentVarFieldId><MappedObjectName>TO_ORDER</MappedObjectName><ExtObjId>11</ExtObjId><MappedObjectType>C</MappedObjectType><FieldLength>50</FieldLength><VarPrecision>0</VarPrecision><RelationId>0</RelationId><IsEncrypted>N</IsEncrypted><IsMasked>N</IsMasked><MaskingPattern>X</MaskingPattern>
	</RowData>
	<RowData><ProcessDefId>4</ProcessDefId><VariableId>135</VariableId><VarFieldId>21</VarFieldId><TypeId>11</TypeId><TypeFieldId>98</TypeFieldId><ParentVarFieldId>1</ParentVarFieldId><MappedObjectName>TO_PROJECT</MappedObjectName><ExtObjId>11</ExtObjId><MappedObjectType>C</MappedObjectType><FieldLength>50</FieldLength><VarPrecision>0</VarPrecision><RelationId>0</RelationId><IsEncrypted>N</IsEncrypted><IsMasked>N</IsMasked><MaskingPattern>X</MaskingPattern>
	</RowData>
	<RowData><ProcessDefId>4</ProcessDefId><VariableId>135</VariableId><VarFieldId>22</VarFieldId><TypeId>11</TypeId><TypeFieldId>99</TypeFieldId><ParentVarFieldId>1</ParentVarFieldId><MappedObjectName>COST_OBJ</MappedObjectName><ExtObjId>11</ExtObjId><MappedObjectType>C</MappedObjectType><FieldLength>50</FieldLength><VarPrecision>0</VarPrecision><RelationId>0</RelationId><IsEncrypted>N</IsEncrypted><IsMasked>N</IsMasked><MaskingPattern>X</MaskingPattern>
	</RowData>
	<RowData><ProcessDefId>4</ProcessDefId><VariableId>135</VariableId><VarFieldId>23</VarFieldId><TypeId>11</TypeId><TypeFieldId>100</TypeFieldId><ParentVarFieldId>1</ParentVarFieldId><MappedObjectName>PROF_SEGM</MappedObjectName><ExtObjId>11</ExtObjId><MappedObjectType>C</MappedObjectType><FieldLength>50</FieldLength><VarPrecision>0</VarPrecision><RelationId>0</RelationId><IsEncrypted>N</IsEncrypted><IsMasked>N</IsMasked><MaskingPattern>X</MaskingPattern>
	</RowData>
	<RowData><ProcessDefId>4</ProcessDefId><VariableId>135</VariableId><VarFieldId>24</VarFieldId><TypeId>11</TypeId><TypeFieldId>101</TypeFieldId><ParentVarFieldId>1</ParentVarFieldId><MappedObjectName>PROFIT_CTR</MappedObjectName><ExtObjId>11</ExtObjId><MappedObjectType>C</MappedObjectType><FieldLength>50</FieldLength><VarPrecision>0</VarPrecision><RelationId>0</RelationId><IsEncrypted>N</IsEncrypted><IsMasked>N</IsMasked><MaskingPattern>X</MaskingPattern>
	</RowData>
	<RowData><ProcessDefId>4</ProcessDefId><VariableId>135</VariableId><VarFieldId>25</VarFieldId><TypeId>11</TypeId><TypeFieldId>102</TypeFieldId><ParentVarFieldId>1</ParentVarFieldId><MappedObjectName>WBS_ELEM_E</MappedObjectName><ExtObjId>11</ExtObjId><MappedObjectType>C</MappedObjectType><FieldLength>50</FieldLength><VarPrecision>0</VarPrecision><RelationId>0</RelationId><IsEncrypted>N</IsEncrypted><IsMasked>N</IsMasked><MaskingPattern>X</MaskingPattern>
	</RowData>
	<RowData><ProcessDefId>4</ProcessDefId><VariableId>135</VariableId><VarFieldId>26</VarFieldId><TypeId>11</TypeId><TypeFieldId>103</TypeFieldId><ParentVarFieldId>1</ParentVarFieldId><MappedObjectName>NETWORK</MappedObjectName><ExtObjId>11</ExtObjId><MappedObjectType>C</MappedObjectType><FieldLength>50</FieldLength><VarPrecision>0</VarPrecision><RelationId>0</RelationId><IsEncrypted>N</IsEncrypted><IsMasked>N</IsMasked><MaskingPattern>X</MaskingPattern>
	</RowData>
	<RowData><ProcessDefId>4</ProcessDefId><VariableId>135</VariableId><VarFieldId>27</VarFieldId><TypeId>11</TypeId><TypeFieldId>104</TypeFieldId><ParentVarFieldId>1</ParentVarFieldId><MappedObjectName>ROUTING_NO</MappedObjectName><ExtObjId>11</ExtObjId><MappedObjectType>C</MappedObjectType><FieldLength>50</FieldLength><VarPrecision>0</VarPrecision><RelationId>0</RelationId><IsEncrypted>N</IsEncrypted><IsMasked>N</IsMasked><MaskingPattern>X</MaskingPattern>
	</RowData>
	<RowData><ProcessDefId>4</ProcessDefId><VariableId>135</VariableId><VarFieldId>28</VarFieldId><TypeId>11</TypeId><TypeFieldId>105</TypeFieldId><ParentVarFieldId>1</ParentVarFieldId><MappedObjectName>RL_EST_KEY</MappedObjectName><ExtObjId>11</ExtObjId><MappedObjectType>C</MappedObjectType><FieldLength>50</FieldLength><VarPrecision>0</VarPrecision><RelationId>0</RelationId><IsEncrypted>N</IsEncrypted><IsMasked>N</IsMasked><MaskingPattern>X</MaskingPattern>
	</RowData>
	<RowData><ProcessDefId>4</ProcessDefId><VariableId>135</VariableId><VarFieldId>29</VarFieldId><TypeId>11</TypeId><TypeFieldId>106</TypeFieldId><ParentVarFieldId>1</ParentVarFieldId><MappedObjectName>COUNTER</MappedObjectName><ExtObjId>11</ExtObjId><MappedObjectType>C</MappedObjectType><FieldLength>50</FieldLength><VarPrecision>0</VarPrecision><RelationId>0</RelationId><IsEncrypted>N</IsEncrypted><IsMasked>N</IsMasked><MaskingPattern>X</MaskingPattern>
	</RowData>
	<RowData><ProcessDefId>4</ProcessDefId><VariableId>135</VariableId><VarFieldId>30</VarFieldId><TypeId>11</TypeId><TypeFieldId>107</TypeFieldId><ParentVarFieldId>1</ParentVarFieldId><MappedObjectName>PART_ACCT</MappedObjectName><ExtObjId>11</ExtObjId><MappedObjectType>C</MappedObjectType><FieldLength>50</FieldLength><VarPrecision>0</VarPrecision><RelationId>0</RelationId><IsEncrypted>N</IsEncrypted><IsMasked>N</IsMasked><MaskingPattern>X</MaskingPattern>
	</RowData>
	<RowData><ProcessDefId>4</ProcessDefId><VariableId>135</VariableId><VarFieldId>31</VarFieldId><TypeId>11</TypeId><TypeFieldId>108</TypeFieldId><ParentVarFieldId>1</ParentVarFieldId><MappedObjectName>CMMT_ITEM</MappedObjectName><ExtObjId>11</ExtObjId><MappedObjectType>C</MappedObjectType><FieldLength>50</FieldLength><VarPrecision>0</VarPrecision><RelationId>0</RelationId><IsEncrypted>N</IsEncrypted><IsMasked>N</IsMasked><MaskingPattern>X</MaskingPattern>
	</RowData>
	<RowData><ProcessDefId>4</ProcessDefId><VariableId>135</VariableId><VarFieldId>32</VarFieldId><TypeId>11</TypeId><TypeFieldId>109</TypeFieldId><ParentVarFieldId>1</ParentVarFieldId><MappedObjectName>REC_IND</MappedObjectName><ExtObjId>11</ExtObjId><MappedObjectType>C</MappedObjectType><FieldLength>50</FieldLength><VarPrecision>0</VarPrecision><RelationId>0</RelationId><IsEncrypted>N</IsEncrypted><IsMasked>N</IsMasked><MaskingPattern>X</MaskingPattern>
	</RowData>
	<RowData><ProcessDefId>4</ProcessDefId><VariableId>135</VariableId><VarFieldId>33</VarFieldId><TypeId>11</TypeId><TypeFieldId>110</TypeFieldId><ParentVarFieldId>1</ParentVarFieldId><MappedObjectName>FUNDS_CTR</MappedObjectName><ExtObjId>11</ExtObjId><MappedObjectType>C</MappedObjectType><FieldLength>50</FieldLength><VarPrecision>0</VarPrecision><RelationId>0</RelationId><IsEncrypted>N</IsEncrypted><IsMasked>N</IsMasked><MaskingPattern>X</MaskingPattern>
	</RowData>
	<RowData><ProcessDefId>4</ProcessDefId><VariableId>135</VariableId><VarFieldId>34</VarFieldId><TypeId>11</TypeId><TypeFieldId>111</TypeFieldId><ParentVarFieldId>1</ParentVarFieldId><MappedObjectName>FUND</MappedObjectName><ExtObjId>11</ExtObjId><MappedObjectType>C</MappedObjectType><FieldLength>50</FieldLength><VarPrecision>0</VarPrecision><RelationId>0</RelationId><IsEncrypted>N</IsEncrypted><IsMasked>N</IsMasked><MaskingPattern>X</MaskingPattern>
	</RowData>
	<RowData><ProcessDefId>4</ProcessDefId><VariableId>135</VariableId><VarFieldId>35</VarFieldId><TypeId>11</TypeId><TypeFieldId>112</TypeFieldId><ParentVarFieldId>1</ParentVarFieldId><MappedObjectName>FUNC_AREA</MappedObjectName><ExtObjId>11</ExtObjId><MappedObjectType>C</MappedObjectType><FieldLength>50</FieldLength><VarPrecision>0</VarPrecision><RelationId>0</RelationId><IsEncrypted>N</IsEncrypted><IsMasked>N</IsMasked><MaskingPattern>X</MaskingPattern>
	</RowData>
	<RowData><ProcessDefId>4</ProcessDefId><VariableId>135</VariableId><VarFieldId>36</VarFieldId><TypeId>11</TypeId><TypeFieldId>113</TypeFieldId><ParentVarFieldId>1</ParentVarFieldId><MappedObjectName>REF_DATE</MappedObjectName><ExtObjId>11</ExtObjId><MappedObjectType>C</MappedObjectType><FieldLength>8</FieldLength><VarPrecision>0</VarPrecision><RelationId>0</RelationId><IsEncrypted>N</IsEncrypted><IsMasked>N</IsMasked><MaskingPattern>X</MaskingPattern>
	</RowData>
	<RowData><ProcessDefId>4</ProcessDefId><VariableId>135</VariableId><VarFieldId>37</VarFieldId><TypeId>11</TypeId><TypeFieldId>114</TypeFieldId><ParentVarFieldId>1</ParentVarFieldId><MappedObjectName>ACTIVITY</MappedObjectName><ExtObjId>11</ExtObjId><MappedObjectType>C</MappedObjectType><FieldLength>50</FieldLength><VarPrecision>0</VarPrecision><RelationId>0</RelationId><IsEncrypted>N</IsEncrypted><IsMasked>N</IsMasked><MaskingPattern>X</MaskingPattern>
	</RowData>
	<RowData><ProcessDefId>4</ProcessDefId><VariableId>135</VariableId><VarFieldId>38</VarFieldId><TypeId>11</TypeId><TypeFieldId>115</TypeFieldId><ParentVarFieldId>1</ParentVarFieldId><MappedObjectName>GRANT_NBR</MappedObjectName><ExtObjId>11</ExtObjId><MappedObjectType>C</MappedObjectType><FieldLength>50</FieldLength><VarPrecision>0</VarPrecision><RelationId>0</RelationId><IsEncrypted>N</IsEncrypted><IsMasked>N</IsMasked><MaskingPattern>X</MaskingPattern>
	</RowData>
	<RowData><ProcessDefId>4</ProcessDefId><VariableId>135</VariableId><VarFieldId>39</VarFieldId><TypeId>11</TypeId><TypeFieldId>116</TypeFieldId><ParentVarFieldId>1</ParentVarFieldId><MappedObjectName>CMMT_ITEM_LONG</MappedObjectName><ExtObjId>11</ExtObjId><MappedObjectType>C</MappedObjectType><FieldLength>50</FieldLength><VarPrecision>0</VarPrecision><RelationId>0</RelationId><IsEncrypted>N</IsEncrypted><IsMasked>N</IsMasked><MaskingPattern>X</MaskingPattern>
	</RowData>
	<RowData><ProcessDefId>4</ProcessDefId><VariableId>135</VariableId><VarFieldId>40</VarFieldId><TypeId>11</TypeId><TypeFieldId>117</TypeFieldId><ParentVarFieldId>1</ParentVarFieldId><MappedObjectName>FUNC_AREA_LONG</MappedObjectName><ExtObjId>11</ExtObjId><MappedObjectType>C</MappedObjectType><FieldLength>50</FieldLength><VarPrecision>0</VarPrecision><RelationId>0</RelationId><IsEncrypted>N</IsEncrypted><IsMasked>N</IsMasked><MaskingPattern>X</MaskingPattern>
	</RowData>
	<RowData><ProcessDefId>4</ProcessDefId><VariableId>135</VariableId><VarFieldId>41</VarFieldId><TypeId>11</TypeId><TypeFieldId>118</TypeFieldId><ParentVarFieldId>1</ParentVarFieldId><MappedObjectName>FUNDS_RES</MappedObjectName><ExtObjId>11</ExtObjId><MappedObjectType>C</MappedObjectType><FieldLength>50</FieldLength><VarPrecision>0</VarPrecision><RelationId>0</RelationId><IsEncrypted>N</IsEncrypted><IsMasked>N</IsMasked><MaskingPattern>X</MaskingPattern>
	</RowData>
	<RowData><ProcessDefId>4</ProcessDefId><VariableId>135</VariableId><VarFieldId>42</VarFieldId><TypeId>11</TypeId><TypeFieldId>119</TypeFieldId><ParentVarFieldId>1</ParentVarFieldId><MappedObjectName>RES_ITEM</MappedObjectName><ExtObjId>11</ExtObjId><MappedObjectType>C</MappedObjectType><FieldLength>2</FieldLength><VarPrecision>0</VarPrecision><RelationId>0</RelationId><IsEncrypted>N</IsEncrypted><IsMasked>N</IsMasked><MaskingPattern>X</MaskingPattern>
	</RowData>
	<RowData><ProcessDefId>4</ProcessDefId><VariableId>135</VariableId><VarFieldId>43</VarFieldId><TypeId>11</TypeId><TypeFieldId>120</TypeFieldId><ParentVarFieldId>1</ParentVarFieldId><MappedObjectName>BUDGET_PERIOD</MappedObjectName><ExtObjId>11</ExtObjId><MappedObjectType>C</MappedObjectType><FieldLength>50</FieldLength><VarPrecision>0</VarPrecision><RelationId>0</RelationId><IsEncrypted>N</IsEncrypted><IsMasked>N</IsMasked><MaskingPattern>X</MaskingPattern>
	</RowData>
	<RowData><ProcessDefId>4</ProcessDefId><VariableId>146</VariableId><VarFieldId>1</VarFieldId><TypeId>12</TypeId><TypeFieldId>0</TypeFieldId><ParentVarFieldId>0</ParentVarFieldId><MappedObjectName>complex_orient_serviceapproval</MappedObjectName><ExtObjId>12</ExtObjId><MappedObjectType>T</MappedObjectType><FieldLength>0</FieldLength><VarPrecision>0</VarPrecision><RelationId>10</RelationId><IsEncrypted>N</IsEncrypted><IsMasked>N</IsMasked><MaskingPattern>X</MaskingPattern>
	</RowData>
	<RowData><ProcessDefId>4</ProcessDefId><VariableId>146</VariableId><VarFieldId>2</VarFieldId><TypeId>12</TypeId><TypeFieldId>1</TypeFieldId><ParentVarFieldId>1</ParentVarFieldId><MappedObjectName>actedby</MappedObjectName><ExtObjId>12</ExtObjId><MappedObjectType>C</MappedObjectType><FieldLength>150</FieldLength><VarPrecision>0</VarPrecision><RelationId>0</RelationId><IsEncrypted>N</IsEncrypted><IsMasked>N</IsMasked><MaskingPattern>X</MaskingPattern>
	</RowData>
	<RowData><ProcessDefId>4</ProcessDefId><VariableId>146</VariableId><VarFieldId>3</VarFieldId><TypeId>12</TypeId><TypeFieldId>2</TypeFieldId><ParentVarFieldId>1</ParentVarFieldId><MappedObjectName>actedon</MappedObjectName><ExtObjId>12</ExtObjId><MappedObjectType>C</MappedObjectType><FieldLength>23</FieldLength><VarPrecision>0</VarPrecision><RelationId>0</RelationId><IsEncrypted>N</IsEncrypted><IsMasked>N</IsMasked><MaskingPattern>X</MaskingPattern>
	</RowData>
	<RowData><ProcessDefId>4</ProcessDefId><VariableId>146</VariableId><VarFieldId>4</VarFieldId><TypeId>12</TypeId><TypeFieldId>3</TypeFieldId><ParentVarFieldId>1</ParentVarFieldId><MappedObjectName>service_status</MappedObjectName><ExtObjId>12</ExtObjId><MappedObjectType>C</MappedObjectType><FieldLength>50</FieldLength><VarPrecision>0</VarPrecision><RelationId>0</RelationId><IsEncrypted>N</IsEncrypted><IsMasked>N</IsMasked><MaskingPattern>X</MaskingPattern>
	</RowData>
	<RowData><ProcessDefId>4</ProcessDefId><VariableId>146</VariableId><VarFieldId>5</VarFieldId><TypeId>12</TypeId><TypeFieldId>4</TypeFieldId><ParentVarFieldId>1</ParentVarFieldId><MappedObjectName>remarks</MappedObjectName><ExtObjId>12</ExtObjId><MappedObjectType>C</MappedObjectType><FieldLength>250</FieldLength><VarPrecision>0</VarPrecision><RelationId>0</RelationId><IsEncrypted>N</IsEncrypted><IsMasked>N</IsMasked><MaskingPattern>X</MaskingPattern>
	</RowData>
	<RowData><ProcessDefId>4</ProcessDefId><VariableId>146</VariableId><VarFieldId>6</VarFieldId><TypeId>12</TypeId><TypeFieldId>5</TypeFieldId><ParentVarFieldId>1</ParentVarFieldId><MappedObjectName>level</MappedObjectName><ExtObjId>12</ExtObjId><MappedObjectType>C</MappedObjectType><FieldLength>50</FieldLength><VarPrecision>0</VarPrecision><RelationId>0</RelationId><IsEncrypted>N</IsEncrypted><IsMasked>N</IsMasked><MaskingPattern>X</MaskingPattern>
	</RowData>
	<RowData><ProcessDefId>4</ProcessDefId><VariableId>166</VariableId><VarFieldId>1</VarFieldId><TypeId>14</TypeId><TypeFieldId>0</TypeFieldId><ParentVarFieldId>0</ParentVarFieldId><MappedObjectName>complex_orient_service_itemsel</MappedObjectName><ExtObjId>13</ExtObjId><MappedObjectType>T</MappedObjectType><FieldLength>0</FieldLength><VarPrecision>0</VarPrecision><RelationId>11</RelationId><IsEncrypted>N</IsEncrypted><IsMasked>N</IsMasked><MaskingPattern>X</MaskingPattern>
	</RowData>
	<RowData><ProcessDefId>4</ProcessDefId><VariableId>166</VariableId><VarFieldId>2</VarFieldId><TypeId>14</TypeId><TypeFieldId>1</TypeFieldId><ParentVarFieldId>1</ParentVarFieldId><MappedObjectName>short_text</MappedObjectName><ExtObjId>13</ExtObjId><MappedObjectType>C</MappedObjectType><FieldLength>250</FieldLength><VarPrecision>0</VarPrecision><RelationId>0</RelationId><IsEncrypted>N</IsEncrypted><IsMasked>N</IsMasked><MaskingPattern>X</MaskingPattern>
	</RowData>
	<RowData><ProcessDefId>4</ProcessDefId><VariableId>166</VariableId><VarFieldId>3</VarFieldId><TypeId>14</TypeId><TypeFieldId>2</TypeFieldId><ParentVarFieldId>1</ParentVarFieldId><MappedObjectName>quantity</MappedObjectName><ExtObjId>13</ExtObjId><MappedObjectType>C</MappedObjectType><FieldLength>50</FieldLength><VarPrecision>0</VarPrecision><RelationId>0</RelationId><IsEncrypted>N</IsEncrypted><IsMasked>N</IsMasked><MaskingPattern>X</MaskingPattern>
	</RowData>
	<RowData><ProcessDefId>4</ProcessDefId><VariableId>166</VariableId><VarFieldId>4</VarFieldId><TypeId>14</TypeId><TypeFieldId>3</TypeFieldId><ParentVarFieldId>1</ParentVarFieldId><MappedObjectName>gross_price</MappedObjectName><ExtObjId>13</ExtObjId><MappedObjectType>C</MappedObjectType><FieldLength>50</FieldLength><VarPrecision>0</VarPrecision><RelationId>0</RelationId><IsEncrypted>N</IsEncrypted><IsMasked>N</IsMasked><MaskingPattern>X</MaskingPattern>
	</RowData>
	<RowData><ProcessDefId>4</ProcessDefId><VariableId>166</VariableId><VarFieldId>5</VarFieldId><TypeId>14</TypeId><TypeFieldId>4</TypeFieldId><ParentVarFieldId>1</ParentVarFieldId><MappedObjectName>line_no</MappedObjectName><ExtObjId>13</ExtObjId><MappedObjectType>C</MappedObjectType><FieldLength>50</FieldLength><VarPrecision>0</VarPrecision><RelationId>0</RelationId><IsEncrypted>N</IsEncrypted><IsMasked>N</IsMasked><MaskingPattern>X</MaskingPattern>
	</RowData>
	<RowData><ProcessDefId>4</ProcessDefId><VariableId>166</VariableId><VarFieldId>6</VarFieldId><TypeId>14</TypeId><TypeFieldId>5</TypeFieldId><ParentVarFieldId>1</ParentVarFieldId><MappedObjectName>select_flag</MappedObjectName><ExtObjId>13</ExtObjId><MappedObjectType>C</MappedObjectType><FieldLength>50</FieldLength><VarPrecision>0</VarPrecision><RelationId>0</RelationId><IsEncrypted>N</IsEncrypted><IsMasked>N</IsMasked><MaskingPattern>X</MaskingPattern>
	</RowData>
	<RowData><ProcessDefId>4</ProcessDefId><VariableId>166</VariableId><VarFieldId>7</VarFieldId><TypeId>14</TypeId><TypeFieldId>6</TypeFieldId><ParentVarFieldId>1</ParentVarFieldId><MappedObjectName>price_per_unit</MappedObjectName><ExtObjId>13</ExtObjId><MappedObjectType>C</MappedObjectType><FieldLength>50</FieldLength><VarPrecision>0</VarPrecision><RelationId>0</RelationId><IsEncrypted>N</IsEncrypted><IsMasked>N</IsMasked><MaskingPattern>X</MaskingPattern>
	</RowData>
	<RowData><ProcessDefId>4</ProcessDefId><VariableId>166</VariableId><VarFieldId>8</VarFieldId><TypeId>14</TypeId><TypeFieldId>7</TypeFieldId><ParentVarFieldId>1</ParentVarFieldId><MappedObjectName>hsn_sac</MappedObjectName><ExtObjId>13</ExtObjId><MappedObjectType>C</MappedObjectType><FieldLength>50</FieldLength><VarPrecision>0</VarPrecision><RelationId>0</RelationId><IsEncrypted>N</IsEncrypted><IsMasked>N</IsMasked><MaskingPattern>X</MaskingPattern>
	</RowData>
	<RowData><ProcessDefId>4</ProcessDefId><VariableId>176</VariableId><VarFieldId>1</VarFieldId><TypeId>15</TypeId><TypeFieldId>0</TypeFieldId><ParentVarFieldId>0</ParentVarFieldId><MappedObjectName>complex_orient_multiplepo</MappedObjectName><ExtObjId>14</ExtObjId><MappedObjectType>T</MappedObjectType><FieldLength>0</FieldLength><VarPrecision>0</VarPrecision><RelationId>15</RelationId><IsEncrypted>N</IsEncrypted><IsMasked>N</IsMasked><MaskingPattern>X</MaskingPattern>
	</RowData>
	<RowData><ProcessDefId>4</ProcessDefId><VariableId>176</VariableId><VarFieldId>2</VarFieldId><TypeId>15</TypeId><TypeFieldId>1</TypeFieldId><ParentVarFieldId>1</ParentVarFieldId><MappedObjectName>ponumber</MappedObjectName><ExtObjId>14</ExtObjId><MappedObjectType>C</MappedObjectType><FieldLength>50</FieldLength><VarPrecision>0</VarPrecision><RelationId>0</RelationId><IsEncrypted>N</IsEncrypted><IsMasked>N</IsMasked><MaskingPattern>X</MaskingPattern>
	</RowData>
	<RowData><ProcessDefId>4</ProcessDefId><VariableId>182</VariableId><VarFieldId>1</VarFieldId><TypeId>16</TypeId><TypeFieldId>0</TypeFieldId><ParentVarFieldId>0</ParentVarFieldId><MappedObjectName>complex_exception_details</MappedObjectName><ExtObjId>15</ExtObjId><MappedObjectType>T</MappedObjectType><FieldLength>0</FieldLength><VarPrecision>0</VarPrecision><RelationId>18</RelationId><IsEncrypted>N</IsEncrypted><IsMasked>N</IsMasked><MaskingPattern>X</MaskingPattern>
	</RowData>
	<RowData><ProcessDefId>4</ProcessDefId><VariableId>182</VariableId><VarFieldId>2</VarFieldId><TypeId>16</TypeId><TypeFieldId>1</TypeFieldId><ParentVarFieldId>1</ParentVarFieldId><MappedObjectName>pinstanceid</MappedObjectName><ExtObjId>15</ExtObjId><MappedObjectType>C</MappedObjectType><FieldLength>50</FieldLength><VarPrecision>0</VarPrecision><RelationId>0</RelationId><IsEncrypted>N</IsEncrypted><IsMasked>N</IsMasked><MaskingPattern>X</MaskingPattern>
	</RowData>
	<RowData><ProcessDefId>4</ProcessDefId><VariableId>182</VariableId><VarFieldId>3</VarFieldId><TypeId>16</TypeId><TypeFieldId>2</TypeFieldId><ParentVarFieldId>1</ParentVarFieldId><MappedObjectName>errormessage</MappedObjectName><ExtObjId>15</ExtObjId><MappedObjectType>C</MappedObjectType><FieldLength>255</FieldLength><VarPrecision>0</VarPrecision><RelationId>0</RelationId><IsEncrypted>N</IsEncrypted><IsMasked>N</IsMasked><MaskingPattern>X</MaskingPattern>
	</RowData>
	<RowData><ProcessDefId>4</ProcessDefId><VariableId>182</VariableId><VarFieldId>4</VarFieldId><TypeId>16</TypeId><TypeFieldId>3</TypeFieldId><ParentVarFieldId>1</ParentVarFieldId><MappedObjectName>errordate</MappedObjectName><ExtObjId>15</ExtObjId><MappedObjectType>C</MappedObjectType><FieldLength>50</FieldLength><VarPrecision>0</VarPrecision><RelationId>0</RelationId><IsEncrypted>N</IsEncrypted><IsMasked>N</IsMasked><MaskingPattern>X</MaskingPattern>
	</RowData>
	<RowData><ProcessDefId>4</ProcessDefId><VariableId>182</VariableId><VarFieldId>5</VarFieldId><TypeId>16</TypeId><TypeFieldId>4</TypeFieldId><ParentVarFieldId>1</ParentVarFieldId><MappedObjectName>resolutionstatus</MappedObjectName><ExtObjId>15</ExtObjId><MappedObjectType>C</MappedObjectType><FieldLength>50</FieldLength><VarPrecision>0</VarPrecision><RelationId>0</RelationId><IsEncrypted>N</IsEncrypted><IsMasked>N</IsMasked><MaskingPattern>X</MaskingPattern>
	</RowData>
	<RowData><ProcessDefId>4</ProcessDefId><VariableId>182</VariableId><VarFieldId>6</VarFieldId><TypeId>16</TypeId><TypeFieldId>5</TypeFieldId><ParentVarFieldId>1</ParentVarFieldId><MappedObjectName>resolutionremarks</MappedObjectName><ExtObjId>15</ExtObjId><MappedObjectType>C</MappedObjectType><FieldLength>255</FieldLength><VarPrecision>0</VarPrecision><RelationId>0</RelationId><IsEncrypted>N</IsEncrypted><IsMasked>N</IsMasked><MaskingPattern>X</MaskingPattern>
	</RowData>
	<RowData><ProcessDefId>4</ProcessDefId><VariableId>182</VariableId><VarFieldId>7</VarFieldId><TypeId>16</TypeId><TypeFieldId>6</TypeFieldId><ParentVarFieldId>1</ParentVarFieldId><MappedObjectName>resolvedby</MappedObjectName><ExtObjId>15</ExtObjId><MappedObjectType>C</MappedObjectType><FieldLength>50</FieldLength><VarPrecision>0</VarPrecision><RelationId>0</RelationId><IsEncrypted>N</IsEncrypted><IsMasked>N</IsMasked><MaskingPattern>X</MaskingPattern>
	</RowData>
	<RowData><ProcessDefId>4</ProcessDefId><VariableId>182</VariableId><VarFieldId>8</VarFieldId><TypeId>16</TypeId><TypeFieldId>7</TypeFieldId><ParentVarFieldId>1</ParentVarFieldId><MappedObjectName>resolveddate</MappedObjectName><ExtObjId>15</ExtObjId><MappedObjectType>C</MappedObjectType><FieldLength>50</FieldLength><VarPrecision>0</VarPrecision><RelationId>0</RelationId><IsEncrypted>N</IsEncrypted><IsMasked>N</IsMasked><MaskingPattern>X</MaskingPattern>
	</RowData>
	<RowData><ProcessDefId>4</ProcessDefId><VariableId>183</VariableId><VarFieldId>1</VarFieldId><TypeId>16</TypeId><TypeFieldId>0</TypeFieldId><ParentVarFieldId>0</ParentVarFieldId><MappedObjectName>complex_exception_details</MappedObjectName><ExtObjId>15</ExtObjId><MappedObjectType>T</MappedObjectType><FieldLength>0</FieldLength><VarPrecision>0</VarPrecision><RelationId>19</RelationId><IsEncrypted>N</IsEncrypted><IsMasked>N</IsMasked><MaskingPattern>X</MaskingPattern>
	</RowData>
	<RowData><ProcessDefId>4</ProcessDefId><VariableId>183</VariableId><VarFieldId>2</VarFieldId><TypeId>16</TypeId><TypeFieldId>1</TypeFieldId><ParentVarFieldId>1</ParentVarFieldId><MappedObjectName>pinstanceid</MappedObjectName><ExtObjId>15</ExtObjId><MappedObjectType>C</MappedObjectType><FieldLength>50</FieldLength><VarPrecision>0</VarPrecision><RelationId>0</RelationId><IsEncrypted>N</IsEncrypted><IsMasked>N</IsMasked><MaskingPattern>X</MaskingPattern>
	</RowData>
	<RowData><ProcessDefId>4</ProcessDefId><VariableId>183</VariableId><VarFieldId>3</VarFieldId><TypeId>16</TypeId><TypeFieldId>2</TypeFieldId><ParentVarFieldId>1</ParentVarFieldId><MappedObjectName>errormessage</MappedObjectName><ExtObjId>15</ExtObjId><MappedObjectType>C</MappedObjectType><FieldLength>255</FieldLength><VarPrecision>0</VarPrecision><RelationId>0</RelationId><IsEncrypted>N</IsEncrypted><IsMasked>N</IsMasked><MaskingPattern>X</MaskingPattern>
	</RowData>
	<RowData><ProcessDefId>4</ProcessDefId><VariableId>183</VariableId><VarFieldId>4</VarFieldId><TypeId>16</TypeId><TypeFieldId>3</TypeFieldId><ParentVarFieldId>1</ParentVarFieldId><MappedObjectName>errordate</MappedObjectName><ExtObjId>15</ExtObjId><MappedObjectType>C</MappedObjectType><FieldLength>50</FieldLength><VarPrecision>0</VarPrecision><RelationId>0</RelationId><IsEncrypted>N</IsEncrypted><IsMasked>N</IsMasked><MaskingPattern>X</MaskingPattern>
	</RowData>
	<RowData><ProcessDefId>4</ProcessDefId><VariableId>183</VariableId><VarFieldId>5</VarFieldId><TypeId>16</TypeId><TypeFieldId>4</TypeFieldId><ParentVarFieldId>1</ParentVarFieldId><MappedObjectName>resolutionstatus</MappedObjectName><ExtObjId>15</ExtObjId><MappedObjectType>C</MappedObjectType><FieldLength>50</FieldLength><VarPrecision>0</VarPrecision><RelationId>0</RelationId><IsEncrypted>N</IsEncrypted><IsMasked>N</IsMasked><MaskingPattern>X</MaskingPattern>
	</RowData>
	<RowData><ProcessDefId>4</ProcessDefId><VariableId>183</VariableId><VarFieldId>6</VarFieldId><TypeId>16</TypeId><TypeFieldId>5</TypeFieldId><ParentVarFieldId>1</ParentVarFieldId><MappedObjectName>resolutionremarks</MappedObjectName><ExtObjId>15</ExtObjId><MappedObjectType>C</MappedObjectType><FieldLength>255</FieldLength><VarPrecision>0</VarPrecision><RelationId>0</RelationId><IsEncrypted>N</IsEncrypted><IsMasked>N</IsMasked><MaskingPattern>X</MaskingPattern>
	</RowData>
	<RowData><ProcessDefId>4</ProcessDefId><VariableId>183</VariableId><VarFieldId>7</VarFieldId><TypeId>16</TypeId><TypeFieldId>6</TypeFieldId><ParentVarFieldId>1</ParentVarFieldId><MappedObjectName>resolvedby</MappedObjectName><ExtObjId>15</ExtObjId><MappedObjectType>C</MappedObjectType><FieldLength>50</FieldLength><VarPrecision>0</VarPrecision><RelationId>0</RelationId><IsEncrypted>N</IsEncrypted><IsMasked>N</IsMasked><MaskingPattern>X</MaskingPattern>
	</RowData>
	<RowData><ProcessDefId>4</ProcessDefId><VariableId>183</VariableId><VarFieldId>8</VarFieldId><TypeId>16</TypeId><TypeFieldId>7</TypeFieldId><ParentVarFieldId>1</ParentVarFieldId><MappedObjectName>resolveddate</MappedObjectName><ExtObjId>15</ExtObjId><MappedObjectType>C</MappedObjectType><FieldLength>50</FieldLength><VarPrecision>0</VarPrecision><RelationId>0</RelationId><IsEncrypted>N</IsEncrypted><IsMasked>N</IsMasked><MaskingPattern>X</MaskingPattern>
	</RowData>
</PMWUDTVarMappingTable_4>