<PMWUDTVarMappingTable_2>
	<RowData><ProcessDefId>4</ProcessDefId><VariableId>103</VariableId><VarFieldId>37</VarFieldId><TypeId>6</TypeId><TypeFieldId>36</TypeFieldId><ParentVarFieldId>1</ParentVarFieldId><MappedObjectName>PUR_MAT</MappedObjectName><ExtObjId>7</ExtObjId><MappedObjectType>C</MappedObjectType><FieldLength>50</FieldLength><VarPrecision>0</VarPrecision><RelationId>0</RelationId><IsEncrypted>N</IsEncrypted><IsMasked>N</IsMasked><MaskingPattern>X</MaskingPattern>
	</RowData>
	<RowData><ProcessDefId>4</ProcessDefId><VariableId>103</VariableId><VarFieldId>38</VarFieldId><TypeId>6</TypeId><TypeFieldId>37</TypeFieldId><ParentVarFieldId>1</ParentVarFieldId><MappedObjectName>LOC_CURR</MappedObjectName><ExtObjId>7</ExtObjId><MappedObjectType>C</MappedObjectType><FieldLength>50</FieldLength><VarPrecision>0</VarPrecision><RelationId>0</RelationId><IsEncrypted>N</IsEncrypted><IsMasked>N</IsMasked><MaskingPattern>X</MaskingPattern>
	</RowData>
	<RowData><ProcessDefId>4</ProcessDefId><VariableId>103</VariableId><VarFieldId>39</VarFieldId><TypeId>6</TypeId><TypeFieldId>38</TypeFieldId><ParentVarFieldId>1</ParentVarFieldId><MappedObjectName>BATCH</MappedObjectName><ExtObjId>7</ExtObjId><MappedObjectType>C</MappedObjectType><FieldLength>50</FieldLength><VarPrecision>0</VarPrecision><RelationId>0</RelationId><IsEncrypted>N</IsEncrypted><IsMasked>N</IsMasked><MaskingPattern>X</MaskingPattern>
	</RowData>
	<RowData><ProcessDefId>4</ProcessDefId><VariableId>103</VariableId><VarFieldId>40</VarFieldId><TypeId>6</TypeId><TypeFieldId>39</TypeFieldId><ParentVarFieldId>1</ParentVarFieldId><MappedObjectName>DOC_DATE</MappedObjectName><ExtObjId>7</ExtObjId><MappedObjectType>C</MappedObjectType><FieldLength>8</FieldLength><VarPrecision>0</VarPrecision><RelationId>0</RelationId><IsEncrypted>N</IsEncrypted><IsMasked>N</IsMasked><MaskingPattern>X</MaskingPattern>
	</RowData>
	<RowData><ProcessDefId>4</ProcessDefId><VariableId>103</VariableId><VarFieldId>41</VarFieldId><TypeId>6</TypeId><TypeFieldId>40</TypeFieldId><ParentVarFieldId>1</ParentVarFieldId><MappedObjectName>CURRENCY_ISO</MappedObjectName><ExtObjId>7</ExtObjId><MappedObjectType>C</MappedObjectType><FieldLength>50</FieldLength><VarPrecision>0</VarPrecision><RelationId>0</RelationId><IsEncrypted>N</IsEncrypted><IsMasked>N</IsMasked><MaskingPattern>X</MaskingPattern>
	</RowData>
	<RowData><ProcessDefId>4</ProcessDefId><VariableId>103</VariableId><VarFieldId>42</VarFieldId><TypeId>6</TypeId><TypeFieldId>41</TypeFieldId><ParentVarFieldId>1</ParentVarFieldId><MappedObjectName>LOC_CURR_ISO</MappedObjectName><ExtObjId>7</ExtObjId><MappedObjectType>C</MappedObjectType><FieldLength>50</FieldLength><VarPrecision>0</VarPrecision><RelationId>0</RelationId><IsEncrypted>N</IsEncrypted><IsMasked>N</IsMasked><MaskingPattern>X</MaskingPattern>
	</RowData>
	<RowData><ProcessDefId>4</ProcessDefId><VariableId>103</VariableId><VarFieldId>43</VarFieldId><TypeId>6</TypeId><TypeFieldId>42</TypeFieldId><ParentVarFieldId>1</ParentVarFieldId><MappedObjectName>DELIV_UNIT_ISO</MappedObjectName><ExtObjId>7</ExtObjId><MappedObjectType>C</MappedObjectType><FieldLength>50</FieldLength><VarPrecision>0</VarPrecision><RelationId>0</RelationId><IsEncrypted>N</IsEncrypted><IsMasked>N</IsMasked><MaskingPattern>X</MaskingPattern>
	</RowData>
	<RowData><ProcessDefId>4</ProcessDefId><VariableId>103</VariableId><VarFieldId>44</VarFieldId><TypeId>6</TypeId><TypeFieldId>43</TypeFieldId><ParentVarFieldId>1</ParentVarFieldId><MappedObjectName>MATERIAL_EXTERNAL</MappedObjectName><ExtObjId>7</ExtObjId><MappedObjectType>C</MappedObjectType><FieldLength>50</FieldLength><VarPrecision>0</VarPrecision><RelationId>0</RelationId><IsEncrypted>N</IsEncrypted><IsMasked>N</IsMasked><MaskingPattern>X</MaskingPattern>
	</RowData>
	<RowData><ProcessDefId>4</ProcessDefId><VariableId>103</VariableId><VarFieldId>45</VarFieldId><TypeId>6</TypeId><TypeFieldId>44</TypeFieldId><ParentVarFieldId>1</ParentVarFieldId><MappedObjectName>MATERIAL_GUID</MappedObjectName><ExtObjId>7</ExtObjId><MappedObjectType>C</MappedObjectType><FieldLength>50</FieldLength><VarPrecision>0</VarPrecision><RelationId>0</RelationId><IsEncrypted>N</IsEncrypted><IsMasked>N</IsMasked><MaskingPattern>X</MaskingPattern>
	</RowData>
	<RowData><ProcessDefId>4</ProcessDefId><VariableId>103</VariableId><VarFieldId>46</VarFieldId><TypeId>6</TypeId><TypeFieldId>45</TypeFieldId><ParentVarFieldId>1</ParentVarFieldId><MappedObjectName>MATERIAL_VERSION</MappedObjectName><ExtObjId>7</ExtObjId><MappedObjectType>C</MappedObjectType><FieldLength>50</FieldLength><VarPrecision>0</VarPrecision><RelationId>0</RelationId><IsEncrypted>N</IsEncrypted><IsMasked>N</IsMasked><MaskingPattern>X</MaskingPattern>
	</RowData>
	<RowData><ProcessDefId>4</ProcessDefId><VariableId>103</VariableId><VarFieldId>47</VarFieldId><TypeId>6</TypeId><TypeFieldId>46</TypeFieldId><ParentVarFieldId>1</ParentVarFieldId><MappedObjectName>PUR_MAT_EXTERNAL</MappedObjectName><ExtObjId>7</ExtObjId><MappedObjectType>C</MappedObjectType><FieldLength>50</FieldLength><VarPrecision>0</VarPrecision><RelationId>0</RelationId><IsEncrypted>N</IsEncrypted><IsMasked>N</IsMasked><MaskingPattern>X</MaskingPattern>
	</RowData>
	<RowData><ProcessDefId>4</ProcessDefId><VariableId>103</VariableId><VarFieldId>48</VarFieldId><TypeId>6</TypeId><TypeFieldId>47</TypeFieldId><ParentVarFieldId>1</ParentVarFieldId><MappedObjectName>PUR_MAT_GUID</MappedObjectName><ExtObjId>7</ExtObjId><MappedObjectType>C</MappedObjectType><FieldLength>50</FieldLength><VarPrecision>0</VarPrecision><RelationId>0</RelationId><IsEncrypted>N</IsEncrypted><IsMasked>N</IsMasked><MaskingPattern>X</MaskingPattern>
	</RowData>
	<RowData><ProcessDefId>4</ProcessDefId><VariableId>103</VariableId><VarFieldId>49</VarFieldId><TypeId>6</TypeId><TypeFieldId>48</TypeFieldId><ParentVarFieldId>1</ParentVarFieldId><MappedObjectName>PUR_MAT_VERSION</MappedObjectName><ExtObjId>7</ExtObjId><MappedObjectType>C</MappedObjectType><FieldLength>50</FieldLength><VarPrecision>0</VarPrecision><RelationId>0</RelationId><IsEncrypted>N</IsEncrypted><IsMasked>N</IsMasked><MaskingPattern>X</MaskingPattern>
	</RowData>
	<RowData><ProcessDefId>4</ProcessDefId><VariableId>103</VariableId><VarFieldId>50</VarFieldId><TypeId>6</TypeId><TypeFieldId>49</TypeFieldId><ParentVarFieldId>1</ParentVarFieldId><MappedObjectName>REF_DOC_NO_LONG</MappedObjectName><ExtObjId>7</ExtObjId><MappedObjectType>C</MappedObjectType><FieldLength>50</FieldLength><VarPrecision>0</VarPrecision><RelationId>0</RelationId><IsEncrypted>N</IsEncrypted><IsMasked>N</IsMasked><MaskingPattern>X</MaskingPattern>
	</RowData>
	<RowData><ProcessDefId>4</ProcessDefId><VariableId>103</VariableId><VarFieldId>51</VarFieldId><TypeId>6</TypeId><TypeFieldId>50</TypeFieldId><ParentVarFieldId>1</ParentVarFieldId><MappedObjectName>STK_SEGMENT</MappedObjectName><ExtObjId>7</ExtObjId><MappedObjectType>C</MappedObjectType><FieldLength>50</FieldLength><VarPrecision>0</VarPrecision><RelationId>0</RelationId><IsEncrypted>N</IsEncrypted><IsMasked>N</IsMasked><MaskingPattern>X</MaskingPattern>
	</RowData>
	<RowData><ProcessDefId>4</ProcessDefId><VariableId>103</VariableId><VarFieldId>52</VarFieldId><TypeId>6</TypeId><TypeFieldId>51</TypeFieldId><ParentVarFieldId>1</ParentVarFieldId><MappedObjectName>purchaseorder</MappedObjectName><ExtObjId>7</ExtObjId><MappedObjectType>C</MappedObjectType><FieldLength>50</FieldLength><VarPrecision>0</VarPrecision><RelationId>0</RelationId><IsEncrypted>N</IsEncrypted><IsMasked>N</IsMasked><MaskingPattern>X</MaskingPattern>
	</RowData>
	<RowData><ProcessDefId>4</ProcessDefId><VariableId>104</VariableId><VarFieldId>1</VarFieldId><TypeId>7</TypeId><TypeFieldId>0</TypeFieldId><ParentVarFieldId>0</ParentVarFieldId><MappedObjectName>complex_orient_pr_item</MappedObjectName><ExtObjId>8</ExtObjId><MappedObjectType>T</MappedObjectType><FieldLength>0</FieldLength><VarPrecision>0</VarPrecision><RelationId>6</RelationId><IsEncrypted>N</IsEncrypted><IsMasked>N</IsMasked><MaskingPattern>X</MaskingPattern>
	</RowData>
	<RowData><ProcessDefId>4</ProcessDefId><VariableId>104</VariableId><VarFieldId>2</VarFieldId><TypeId>7</TypeId><TypeFieldId>1</TypeFieldId><ParentVarFieldId>1</ParentVarFieldId><MappedObjectName>PO_NUMBER</MappedObjectName><ExtObjId>8</ExtObjId><MappedObjectType>C</MappedObjectType><FieldLength>50</FieldLength><VarPrecision>0</VarPrecision><RelationId>0</RelationId><IsEncrypted>N</IsEncrypted><IsMasked>N</IsMasked><MaskingPattern>X</MaskingPattern>
	</RowData>
	<RowData><ProcessDefId>4</ProcessDefId><VariableId>104</VariableId><VarFieldId>3</VarFieldId><TypeId>7</TypeId><TypeFieldId>2</TypeFieldId><ParentVarFieldId>1</ParentVarFieldId><MappedObjectName>PO_ITEM</MappedObjectName><ExtObjId>8</ExtObjId><MappedObjectType>C</MappedObjectType><FieldLength>2</FieldLength><VarPrecision>0</VarPrecision><RelationId>0</RelationId><IsEncrypted>N</IsEncrypted><IsMasked>N</IsMasked><MaskingPattern>X</MaskingPattern>
	</RowData>
	<RowData><ProcessDefId>4</ProcessDefId><VariableId>104</VariableId><VarFieldId>4</VarFieldId><TypeId>7</TypeId><TypeFieldId>3</TypeFieldId><ParentVarFieldId>1</ParentVarFieldId><MappedObjectName>DELETE_IND</MappedObjectName><ExtObjId>8</ExtObjId><MappedObjectType>C</MappedObjectType><FieldLength>50</FieldLength><VarPrecision>0</VarPrecision><RelationId>0</RelationId><IsEncrypted>N</IsEncrypted><IsMasked>N</IsMasked><MaskingPattern>X</MaskingPattern>
	</RowData>
	<RowData><ProcessDefId>4</ProcessDefId><VariableId>104</VariableId><VarFieldId>5</VarFieldId><TypeId>7</TypeId><TypeFieldId>4</TypeFieldId><ParentVarFieldId>1</ParentVarFieldId><MappedObjectName>STATUS_1</MappedObjectName><ExtObjId>8</ExtObjId><MappedObjectType>C</MappedObjectType><FieldLength>50</FieldLength><VarPrecision>0</VarPrecision><RelationId>0</RelationId><IsEncrypted>N</IsEncrypted><IsMasked>N</IsMasked><MaskingPattern>X</MaskingPattern>
	</RowData>
	<RowData><ProcessDefId>4</ProcessDefId><VariableId>104</VariableId><VarFieldId>6</VarFieldId><TypeId>7</TypeId><TypeFieldId>5</TypeFieldId><ParentVarFieldId>1</ParentVarFieldId><MappedObjectName>CHANGED_ON</MappedObjectName><ExtObjId>8</ExtObjId><MappedObjectType>C</MappedObjectType><FieldLength>8</FieldLength><VarPrecision>0</VarPrecision><RelationId>0</RelationId><IsEncrypted>N</IsEncrypted><IsMasked>N</IsMasked><MaskingPattern>X</MaskingPattern>
	</RowData>
	<RowData><ProcessDefId>4</ProcessDefId><VariableId>104</VariableId><VarFieldId>7</VarFieldId><TypeId>7</TypeId><TypeFieldId>6</TypeFieldId><ParentVarFieldId>1</ParentVarFieldId><MappedObjectName>SHORT_TEXT</MappedObjectName><ExtObjId>8</ExtObjId><MappedObjectType>C</MappedObjectType><FieldLength>50</FieldLength><VarPrecision>0</VarPrecision><RelationId>0</RelationId><IsEncrypted>N</IsEncrypted><IsMasked>N</IsMasked><MaskingPattern>X</MaskingPattern>
	</RowData>
	<RowData><ProcessDefId>4</ProcessDefId><VariableId>104</VariableId><VarFieldId>8</VarFieldId><TypeId>7</TypeId><TypeFieldId>7</TypeFieldId><ParentVarFieldId>1</ParentVarFieldId><MappedObjectName>MATERIAL</MappedObjectName><ExtObjId>8</ExtObjId><MappedObjectType>C</MappedObjectType><FieldLength>50</FieldLength><VarPrecision>0</VarPrecision><RelationId>0</RelationId><IsEncrypted>N</IsEncrypted><IsMasked>N</IsMasked><MaskingPattern>X</MaskingPattern>
	</RowData>
	<RowData><ProcessDefId>4</ProcessDefId><VariableId>104</VariableId><VarFieldId>9</VarFieldId><TypeId>7</TypeId><TypeFieldId>8</TypeFieldId><ParentVarFieldId>1</ParentVarFieldId><MappedObjectName>PUR_MAT</MappedObjectName><ExtObjId>8</ExtObjId><MappedObjectType>C</MappedObjectType><FieldLength>50</FieldLength><VarPrecision>0</VarPrecision><RelationId>0</RelationId><IsEncrypted>N</IsEncrypted><IsMasked>N</IsMasked><MaskingPattern>X</MaskingPattern>
	</RowData>
	<RowData><ProcessDefId>4</ProcessDefId><VariableId>104</VariableId><VarFieldId>10</VarFieldId><TypeId>7</TypeId><TypeFieldId>9</TypeFieldId><ParentVarFieldId>1</ParentVarFieldId><MappedObjectName>CO_CODE</MappedObjectName><ExtObjId>8</ExtObjId><MappedObjectType>C</MappedObjectType><FieldLength>50</FieldLength><VarPrecision>0</VarPrecision><RelationId>0</RelationId><IsEncrypted>N</IsEncrypted><IsMasked>N</IsMasked><MaskingPattern>X</MaskingPattern>
	</RowData>
	<RowData><ProcessDefId>4</ProcessDefId><VariableId>104</VariableId><VarFieldId>11</VarFieldId><TypeId>7</TypeId><TypeFieldId>10</TypeFieldId><ParentVarFieldId>1</ParentVarFieldId><MappedObjectName>PLANT</MappedObjectName><ExtObjId>8</ExtObjId><MappedObjectType>C</MappedObjectType><FieldLength>50</FieldLength><VarPrecision>0</VarPrecision><RelationId>0</RelationId><IsEncrypted>N</IsEncrypted><IsMasked>N</IsMasked><MaskingPattern>X</MaskingPattern>
	</RowData>
	<RowData><ProcessDefId>4</ProcessDefId><VariableId>104</VariableId><VarFieldId>12</VarFieldId><TypeId>7</TypeId><TypeFieldId>11</TypeFieldId><ParentVarFieldId>1</ParentVarFieldId><MappedObjectName>STORE_LOC</MappedObjectName><ExtObjId>8</ExtObjId><MappedObjectType>C</MappedObjectType><FieldLength>50</FieldLength><VarPrecision>0</VarPrecision><RelationId>0</RelationId><IsEncrypted>N</IsEncrypted><IsMasked>N</IsMasked><MaskingPattern>X</MaskingPattern>
	</RowData>
	<RowData><ProcessDefId>4</ProcessDefId><VariableId>104</VariableId><VarFieldId>13</VarFieldId><TypeId>7</TypeId><TypeFieldId>12</TypeFieldId><ParentVarFieldId>1</ParentVarFieldId><MappedObjectName>TRACKINGNO</MappedObjectName><ExtObjId>8</ExtObjId><MappedObjectType>C</MappedObjectType><FieldLength>50</FieldLength><VarPrecision>0</VarPrecision><RelationId>0</RelationId><IsEncrypted>N</IsEncrypted><IsMasked>N</IsMasked><MaskingPattern>X</MaskingPattern>
	</RowData>
	<RowData><ProcessDefId>4</ProcessDefId><VariableId>104</VariableId><VarFieldId>14</VarFieldId><TypeId>7</TypeId><TypeFieldId>13</TypeFieldId><ParentVarFieldId>1</ParentVarFieldId><MappedObjectName>MAT_GRP</MappedObjectName><ExtObjId>8</ExtObjId><MappedObjectType>C</MappedObjectType><FieldLength>50</FieldLength><VarPrecision>0</VarPrecision><RelationId>0</RelationId><IsEncrypted>N</IsEncrypted><IsMasked>N</IsMasked><MaskingPattern>X</MaskingPattern>
	</RowData>
	<RowData><ProcessDefId>4</ProcessDefId><VariableId>104</VariableId><VarFieldId>15</VarFieldId><TypeId>7</TypeId><TypeFieldId>14</TypeFieldId><ParentVarFieldId>1</ParentVarFieldId><MappedObjectName>INFO_REC</MappedObjectName><ExtObjId>8</ExtObjId><MappedObjectType>C</MappedObjectType><FieldLength>50</FieldLength><VarPrecision>0</VarPrecision><RelationId>0</RelationId><IsEncrypted>N</IsEncrypted><IsMasked>N</IsMasked><MaskingPattern>X</MaskingPattern>
	</RowData>
	<RowData><ProcessDefId>4</ProcessDefId><VariableId>104</VariableId><VarFieldId>16</VarFieldId><TypeId>7</TypeId><TypeFieldId>15</TypeFieldId><ParentVarFieldId>1</ParentVarFieldId><MappedObjectName>VEND_MAT</MappedObjectName><ExtObjId>8</ExtObjId><MappedObjectType>C</MappedObjectType><FieldLength>50</FieldLength><VarPrecision>0</VarPrecision><RelationId>0</RelationId><IsEncrypted>N</IsEncrypted><IsMasked>N</IsMasked><MaskingPattern>X</MaskingPattern>
	</RowData>
	<RowData><ProcessDefId>4</ProcessDefId><VariableId>104</VariableId><VarFieldId>17</VarFieldId><TypeId>7</TypeId><TypeFieldId>16</TypeFieldId><ParentVarFieldId>1</ParentVarFieldId><MappedObjectName>TARGET_QTY</MappedObjectName><ExtObjId>8</ExtObjId><MappedObjectType>C</MappedObjectType><FieldLength>50</FieldLength><VarPrecision>0</VarPrecision><RelationId>0</RelationId><IsEncrypted>N</IsEncrypted><IsMasked>N</IsMasked><MaskingPattern>X</MaskingPattern>
	</RowData>
	<RowData><ProcessDefId>4</ProcessDefId><VariableId>104</VariableId><VarFieldId>18</VarFieldId><TypeId>7</TypeId><TypeFieldId>17</TypeFieldId><ParentVarFieldId>1</ParentVarFieldId><MappedObjectName>QUANTITY</MappedObjectName><ExtObjId>8</ExtObjId><MappedObjectType>C</MappedObjectType><FieldLength>50</FieldLength><VarPrecision>0</VarPrecision><RelationId>0</RelationId><IsEncrypted>N</IsEncrypted><IsMasked>N</IsMasked><MaskingPattern>X</MaskingPattern>
	</RowData>
	<RowData><ProcessDefId>4</ProcessDefId><VariableId>104</VariableId><VarFieldId>19</VarFieldId><TypeId>7</TypeId><TypeFieldId>18</TypeFieldId><ParentVarFieldId>1</ParentVarFieldId><MappedObjectName>UNIT</MappedObjectName><ExtObjId>8</ExtObjId><MappedObjectType>C</MappedObjectType><FieldLength>50</FieldLength><VarPrecision>0</VarPrecision><RelationId>0</RelationId><IsEncrypted>N</IsEncrypted><IsMasked>N</IsMasked><MaskingPattern>X</MaskingPattern>
	</RowData>
	<RowData><ProcessDefId>4</ProcessDefId><VariableId>104</VariableId><VarFieldId>20</VarFieldId><TypeId>7</TypeId><TypeFieldId>19</TypeFieldId><ParentVarFieldId>1</ParentVarFieldId><MappedObjectName>ORDERPR_UN</MappedObjectName><ExtObjId>8</ExtObjId><MappedObjectType>C</MappedObjectType><FieldLength>50</FieldLength><VarPrecision>0</VarPrecision><RelationId>0</RelationId><IsEncrypted>N</IsEncrypted><IsMasked>N</IsMasked><MaskingPattern>X</MaskingPattern>
	</RowData>
	<RowData><ProcessDefId>4</ProcessDefId><VariableId>104</VariableId><VarFieldId>21</VarFieldId><TypeId>7</TypeId><TypeFieldId>20</TypeFieldId><ParentVarFieldId>1</ParentVarFieldId><MappedObjectName>CONV_NUM1</MappedObjectName><ExtObjId>8</ExtObjId><MappedObjectType>C</MappedObjectType><FieldLength>50</FieldLength><VarPrecision>0</VarPrecision><RelationId>0</RelationId><IsEncrypted>N</IsEncrypted><IsMasked>N</IsMasked><MaskingPattern>X</MaskingPattern>
	</RowData>
	<RowData><ProcessDefId>4</ProcessDefId><VariableId>104</VariableId><VarFieldId>22</VarFieldId><TypeId>7</TypeId><TypeFieldId>21</TypeFieldId><ParentVarFieldId>1</ParentVarFieldId><MappedObjectName>CONV_DEN1</MappedObjectName><ExtObjId>8</ExtObjId><MappedObjectType>C</MappedObjectType><FieldLength>50</FieldLength><VarPrecision>0</VarPrecision><RelationId>0</RelationId><IsEncrypted>N</IsEncrypted><IsMasked>N</IsMasked><MaskingPattern>X</MaskingPattern>
	</RowData>
	<RowData><ProcessDefId>4</ProcessDefId><VariableId>104</VariableId><VarFieldId>23</VarFieldId><TypeId>7</TypeId><TypeFieldId>22</TypeFieldId><ParentVarFieldId>1</ParentVarFieldId><MappedObjectName>CONV_NUM2</MappedObjectName><ExtObjId>8</ExtObjId><MappedObjectType>C</MappedObjectType><FieldLength>50</FieldLength><VarPrecision>0</VarPrecision><RelationId>0</RelationId><IsEncrypted>N</IsEncrypted><IsMasked>N</IsMasked><MaskingPattern>X</MaskingPattern>
	</RowData>
	<RowData><ProcessDefId>4</ProcessDefId><VariableId>104</VariableId><VarFieldId>24</VarFieldId><TypeId>7</TypeId><TypeFieldId>23</TypeFieldId><ParentVarFieldId>1</ParentVarFieldId><MappedObjectName>CONV_DEN2</MappedObjectName><ExtObjId>8</ExtObjId><MappedObjectType>C</MappedObjectType><FieldLength>50</FieldLength><VarPrecision>0</VarPrecision><RelationId>0</RelationId><IsEncrypted>N</IsEncrypted><IsMasked>N</IsMasked><MaskingPattern>X</MaskingPattern>
	</RowData>
	<RowData><ProcessDefId>4</ProcessDefId><VariableId>104</VariableId><VarFieldId>25</VarFieldId><TypeId>7</TypeId><TypeFieldId>24</TypeFieldId><ParentVarFieldId>1</ParentVarFieldId><MappedObjectName>NET_PRICE</MappedObjectName><ExtObjId>8</ExtObjId><MappedObjectType>C</MappedObjectType><FieldLength>50</FieldLength><VarPrecision>0</VarPrecision><RelationId>0</RelationId><IsEncrypted>N</IsEncrypted><IsMasked>N</IsMasked><MaskingPattern>X</MaskingPattern>
	</RowData>
	<RowData><ProcessDefId>4</ProcessDefId><VariableId>104</VariableId><VarFieldId>26</VarFieldId><TypeId>7</TypeId><TypeFieldId>25</TypeFieldId><ParentVarFieldId>1</ParentVarFieldId><MappedObjectName>PRICE_UNIT</MappedObjectName><ExtObjId>8</ExtObjId><MappedObjectType>C</MappedObjectType><FieldLength>50</FieldLength><VarPrecision>0</VarPrecision><RelationId>0</RelationId><IsEncrypted>N</IsEncrypted><IsMasked>N</IsMasked><MaskingPattern>X</MaskingPattern>
	</RowData>
	<RowData><ProcessDefId>4</ProcessDefId><VariableId>104</VariableId><VarFieldId>27</VarFieldId><TypeId>7</TypeId><TypeFieldId>26</TypeFieldId><ParentVarFieldId>1</ParentVarFieldId><MappedObjectName>NET_VALUE</MappedObjectName><ExtObjId>8</ExtObjId><MappedObjectType>C</MappedObjectType><FieldLength>50</FieldLength><VarPrecision>0</VarPrecision><RelationId>0</RelationId><IsEncrypted>N</IsEncrypted><IsMasked>N</IsMasked><MaskingPattern>X</MaskingPattern>
	</RowData>
	<RowData><ProcessDefId>4</ProcessDefId><VariableId>104</VariableId><VarFieldId>28</VarFieldId><TypeId>7</TypeId><TypeFieldId>27</TypeFieldId><ParentVarFieldId>1</ParentVarFieldId><MappedObjectName>GROS_VALUE</MappedObjectName><ExtObjId>8</ExtObjId><MappedObjectType>C</MappedObjectType><FieldLength>50</FieldLength><VarPrecision>0</VarPrecision><RelationId>0</RelationId><IsEncrypted>N</IsEncrypted><IsMasked>N</IsMasked><MaskingPattern>X</MaskingPattern>
	</RowData>
	<RowData><ProcessDefId>4</ProcessDefId><VariableId>104</VariableId><VarFieldId>29</VarFieldId><TypeId>7</TypeId><TypeFieldId>28</TypeFieldId><ParentVarFieldId>1</ParentVarFieldId><MappedObjectName>QUOT_DEAD</MappedObjectName><ExtObjId>8</ExtObjId><MappedObjectType>C</MappedObjectType><FieldLength>8</FieldLength><VarPrecision>0</VarPrecision><RelationId>0</RelationId><IsEncrypted>N</IsEncrypted><IsMasked>N</IsMasked><MaskingPattern>X</MaskingPattern>
	</RowData>
	<RowData><ProcessDefId>4</ProcessDefId><VariableId>104</VariableId><VarFieldId>30</VarFieldId><TypeId>7</TypeId><TypeFieldId>29</TypeFieldId><ParentVarFieldId>1</ParentVarFieldId><MappedObjectName>GR_PR_TIME</MappedObjectName><ExtObjId>8</ExtObjId><MappedObjectType>C</MappedObjectType><FieldLength>50</FieldLength><VarPrecision>0</VarPrecision><RelationId>0</RelationId><IsEncrypted>N</IsEncrypted><IsMasked>N</IsMasked><MaskingPattern>X</MaskingPattern>
	</RowData>
	<RowData><ProcessDefId>4</ProcessDefId><VariableId>104</VariableId><VarFieldId>31</VarFieldId><TypeId>7</TypeId><TypeFieldId>30</TypeFieldId><ParentVarFieldId>1</ParentVarFieldId><MappedObjectName>TAX_CODE</MappedObjectName><ExtObjId>8</ExtObjId><MappedObjectType>C</MappedObjectType><FieldLength>50</FieldLength><VarPrecision>0</VarPrecision><RelationId>0</RelationId><IsEncrypted>N</IsEncrypted><IsMasked>N</IsMasked><MaskingPattern>X</MaskingPattern>
	</RowData>
	<RowData><ProcessDefId>4</ProcessDefId><VariableId>104</VariableId><VarFieldId>32</VarFieldId><TypeId>7</TypeId><TypeFieldId>31</TypeFieldId><ParentVarFieldId>1</ParentVarFieldId><MappedObjectName>SETT_GRP1</MappedObjectName><ExtObjId>8</ExtObjId><MappedObjectType>C</MappedObjectType><FieldLength>50</FieldLength><VarPrecision>0</VarPrecision><RelationId>0</RelationId><IsEncrypted>N</IsEncrypted><IsMasked>N</IsMasked><MaskingPattern>X</MaskingPattern>
	</RowData>
	<RowData><ProcessDefId>4</ProcessDefId><VariableId>104</VariableId><VarFieldId>33</VarFieldId><TypeId>7</TypeId><TypeFieldId>32</TypeFieldId><ParentVarFieldId>1</ParentVarFieldId><MappedObjectName>QUAL_INSP</MappedObjectName><ExtObjId>8</ExtObjId><MappedObjectType>C</MappedObjectType><FieldLength>50</FieldLength><VarPrecision>0</VarPrecision><RelationId>0</RelationId><IsEncrypted>N</IsEncrypted><IsMasked>N</IsMasked><MaskingPattern>X</MaskingPattern>
	</RowData>
	<RowData><ProcessDefId>4</ProcessDefId><VariableId>104</VariableId><VarFieldId>34</VarFieldId><TypeId>7</TypeId><TypeFieldId>33</TypeFieldId><ParentVarFieldId>1</ParentVarFieldId><MappedObjectName>INFO_UPD</MappedObjectName><ExtObjId>8</ExtObjId><MappedObjectType>C</MappedObjectType><FieldLength>50</FieldLength><VarPrecision>0</VarPrecision><RelationId>0</RelationId><IsEncrypted>N</IsEncrypted><IsMasked>N</IsMasked><MaskingPattern>X</MaskingPattern>
	</RowData>
	<RowData><ProcessDefId>4</ProcessDefId><VariableId>104</VariableId><VarFieldId>35</VarFieldId><TypeId>7</TypeId><TypeFieldId>34</TypeFieldId><ParentVarFieldId>1</ParentVarFieldId><MappedObjectName>PRNT_PRICE</MappedObjectName><ExtObjId>8</ExtObjId><MappedObjectType>C</MappedObjectType><FieldLength>50</FieldLength><VarPrecision>0</VarPrecision><RelationId>0</RelationId><IsEncrypted>N</IsEncrypted><IsMasked>N</IsMasked><MaskingPattern>X</MaskingPattern>
	</RowData>
	<RowData><ProcessDefId>4</ProcessDefId><VariableId>104</VariableId><VarFieldId>36</VarFieldId><TypeId>7</TypeId><TypeFieldId>35</TypeFieldId><ParentVarFieldId>1</ParentVarFieldId><MappedObjectName>EST_PRICE</MappedObjectName><ExtObjId>8</ExtObjId><MappedObjectType>C</MappedObjectType><FieldLength>50</FieldLength><VarPrecision>0</VarPrecision><RelationId>0</RelationId><IsEncrypted>N</IsEncrypted><IsMasked>N</IsMasked><MaskingPattern>X</MaskingPattern>
	</RowData>
	<RowData><ProcessDefId>4</ProcessDefId><VariableId>104</VariableId><VarFieldId>37</VarFieldId><TypeId>7</TypeId><TypeFieldId>36</TypeFieldId><ParentVarFieldId>1</ParentVarFieldId><MappedObjectName>NUM_REMIND</MappedObjectName><ExtObjId>8</ExtObjId><MappedObjectType>C</MappedObjectType><FieldLength>50</FieldLength><VarPrecision>0</VarPrecision><RelationId>0</RelationId><IsEncrypted>N</IsEncrypted><IsMasked>N</IsMasked><MaskingPattern>X</MaskingPattern>
	</RowData>
	<RowData><ProcessDefId>4</ProcessDefId><VariableId>104</VariableId><VarFieldId>38</VarFieldId><TypeId>7</TypeId><TypeFieldId>37</TypeFieldId><ParentVarFieldId>1</ParentVarFieldId><MappedObjectName>REMINDER1</MappedObjectName><ExtObjId>8</ExtObjId><MappedObjectType>C</MappedObjectType><FieldLength>50</FieldLength><VarPrecision>0</VarPrecision><RelationId>0</RelationId><IsEncrypted>N</IsEncrypted><IsMasked>N</IsMasked><MaskingPattern>X</MaskingPattern>
	</RowData>
	<RowData><ProcessDefId>4</ProcessDefId><VariableId>104</VariableId><VarFieldId>39</VarFieldId><TypeId>7</TypeId><TypeFieldId>38</TypeFieldId><ParentVarFieldId>1</ParentVarFieldId><MappedObjectName>REMINDER2</MappedObjectName><ExtObjId>8</ExtObjId><MappedObjectType>C</MappedObjectType><FieldLength>50</FieldLength><VarPrecision>0</VarPrecision><RelationId>0</RelationId><IsEncrypted>N</IsEncrypted><IsMasked>N</IsMasked><MaskingPattern>X</MaskingPattern>
	</RowData>
	<RowData><ProcessDefId>4</ProcessDefId><VariableId>104</VariableId><VarFieldId>40</VarFieldId><TypeId>7</TypeId><TypeFieldId>39</TypeFieldId><ParentVarFieldId>1</ParentVarFieldId><MappedObjectName>REMINDER3</MappedObjectName><ExtObjId>8</ExtObjId><MappedObjectType>C</MappedObjectType><FieldLength>50</FieldLength><VarPrecision>0</VarPrecision><RelationId>0</RelationId><IsEncrypted>N</IsEncrypted><IsMasked>N</IsMasked><MaskingPattern>X</MaskingPattern>
	</RowData>
	<RowData><ProcessDefId>4</ProcessDefId><VariableId>104</VariableId><VarFieldId>41</VarFieldId><TypeId>7</TypeId><TypeFieldId>40</TypeFieldId><ParentVarFieldId>1</ParentVarFieldId><MappedObjectName>OVERDELTOL</MappedObjectName><ExtObjId>8</ExtObjId><MappedObjectType>C</MappedObjectType><FieldLength>50</FieldLength><VarPrecision>0</VarPrecision><RelationId>0</RelationId><IsEncrypted>N</IsEncrypted><IsMasked>N</IsMasked><MaskingPattern>X</MaskingPattern>
	</RowData>
	<RowData><ProcessDefId>4</ProcessDefId><VariableId>104</VariableId><VarFieldId>42</VarFieldId><TypeId>7</TypeId><TypeFieldId>41</TypeFieldId><ParentVarFieldId>1</ParentVarFieldId><MappedObjectName>UNLIMITED</MappedObjectName><ExtObjId>8</ExtObjId><MappedObjectType>C</MappedObjectType><FieldLength>50</FieldLength><VarPrecision>0</VarPrecision><RelationId>0</RelationId><IsEncrypted>N</IsEncrypted><IsMasked>N</IsMasked><MaskingPattern>X</MaskingPattern>
	</RowData>
	<RowData><ProcessDefId>4</ProcessDefId><VariableId>104</VariableId><VarFieldId>43</VarFieldId><TypeId>7</TypeId><TypeFieldId>42</TypeFieldId><ParentVarFieldId>1</ParentVarFieldId><MappedObjectName>UNDER_TOL</MappedObjectName><ExtObjId>8</ExtObjId><MappedObjectType>C</MappedObjectType><FieldLength>50</FieldLength><VarPrecision>0</VarPrecision><RelationId>0</RelationId><IsEncrypted>N</IsEncrypted><IsMasked>N</IsMasked><MaskingPattern>X</MaskingPattern>
	</RowData>
	<RowData><ProcessDefId>4</ProcessDefId><VariableId>104</VariableId><VarFieldId>44</VarFieldId><TypeId>7</TypeId><TypeFieldId>43</TypeFieldId><ParentVarFieldId>1</ParentVarFieldId><MappedObjectName>VAL_TYPE</MappedObjectName><ExtObjId>8</ExtObjId><MappedObjectType>C</MappedObjectType><FieldLength>50</FieldLength><VarPrecision>0</VarPrecision><RelationId>0</RelationId><IsEncrypted>N</IsEncrypted><IsMasked>N</IsMasked><MaskingPattern>X</MaskingPattern>
	</RowData>
	<RowData><ProcessDefId>4</ProcessDefId><VariableId>104</VariableId><VarFieldId>45</VarFieldId><TypeId>7</TypeId><TypeFieldId>44</TypeFieldId><ParentVarFieldId>1</ParentVarFieldId><MappedObjectName>VAL_CAT</MappedObjectName><ExtObjId>8</ExtObjId><MappedObjectType>C</MappedObjectType><FieldLength>50</FieldLength><VarPrecision>0</VarPrecision><RelationId>0</RelationId><IsEncrypted>N</IsEncrypted><IsMasked>N</IsMasked><MaskingPattern>X</MaskingPattern>
	</RowData>
	<RowData><ProcessDefId>4</ProcessDefId><VariableId>104</VariableId><VarFieldId>46</VarFieldId><TypeId>7</TypeId><TypeFieldId>45</TypeFieldId><ParentVarFieldId>1</ParentVarFieldId><MappedObjectName>REJ_IND</MappedObjectName><ExtObjId>8</ExtObjId><MappedObjectType>C</MappedObjectType><FieldLength>50</FieldLength><VarPrecision>0</VarPrecision><RelationId>0</RelationId><IsEncrypted>N</IsEncrypted><IsMasked>N</IsMasked><MaskingPattern>X</MaskingPattern>
	</RowData>
	<RowData><ProcessDefId>4</ProcessDefId><VariableId>104</VariableId><VarFieldId>47</VarFieldId><TypeId>7</TypeId><TypeFieldId>46</TypeFieldId><ParentVarFieldId>1</ParentVarFieldId><MappedObjectName>COMMENT_1</MappedObjectName><ExtObjId>8</ExtObjId><MappedObjectType>C</MappedObjectType><FieldLength>50</FieldLength><VarPrecision>0</VarPrecision><RelationId>0</RelationId><IsEncrypted>N</IsEncrypted><IsMasked>N</IsMasked><MaskingPattern>X</MaskingPattern>
	</RowData>
	<RowData><ProcessDefId>4</ProcessDefId><VariableId>104</VariableId><VarFieldId>48</VarFieldId><TypeId>7</TypeId><TypeFieldId>47</TypeFieldId><ParentVarFieldId>1</ParentVarFieldId><MappedObjectName>DEL_COMPL</MappedObjectName><ExtObjId>8</ExtObjId><MappedObjectType>C</MappedObjectType><FieldLength>50</FieldLength><VarPrecision>0</VarPrecision><RelationId>0</RelationId><IsEncrypted>N</IsEncrypted><IsMasked>N</IsMasked><MaskingPattern>X</MaskingPattern>
	</RowData>
	<RowData><ProcessDefId>4</ProcessDefId><VariableId>104</VariableId><VarFieldId>49</VarFieldId><TypeId>7</TypeId><TypeFieldId>48</TypeFieldId><ParentVarFieldId>1</ParentVarFieldId><MappedObjectName>FINAL_INV</MappedObjectName><ExtObjId>8</ExtObjId><MappedObjectType>C</MappedObjectType><FieldLength>50</FieldLength><VarPrecision>0</VarPrecision><RelationId>0</RelationId><IsEncrypted>N</IsEncrypted><IsMasked>N</IsMasked><MaskingPattern>X</MaskingPattern>
	</RowData>
	<RowData><ProcessDefId>4</ProcessDefId><VariableId>104</VariableId><VarFieldId>50</VarFieldId><TypeId>7</TypeId><TypeFieldId>49</TypeFieldId><ParentVarFieldId>1</ParentVarFieldId><MappedObjectName>ITEM_CAT</MappedObjectName><ExtObjId>8</ExtObjId><MappedObjectType>C</MappedObjectType><FieldLength>50</FieldLength><VarPrecision>0</VarPrecision><RelationId>0</RelationId><IsEncrypted>N</IsEncrypted><IsMasked>N</IsMasked><MaskingPattern>X</MaskingPattern>
	</RowData>
	<RowData><ProcessDefId>4</ProcessDefId><VariableId>104</VariableId><VarFieldId>51</VarFieldId><TypeId>7</TypeId><TypeFieldId>50</TypeFieldId><ParentVarFieldId>1</ParentVarFieldId><MappedObjectName>ACCTASSCAT</MappedObjectName><ExtObjId>8</ExtObjId><MappedObjectType>C</MappedObjectType><FieldLength>50</FieldLength><VarPrecision>0</VarPrecision><RelationId>0</RelationId><IsEncrypted>N</IsEncrypted><IsMasked>N</IsMasked><MaskingPattern>X</MaskingPattern>
	</RowData>
	<RowData><ProcessDefId>4</ProcessDefId><VariableId>104</VariableId><VarFieldId>52</VarFieldId><TypeId>7</TypeId><TypeFieldId>51</TypeFieldId><ParentVarFieldId>1</ParentVarFieldId><MappedObjectName>CONSUMPT</MappedObjectName><ExtObjId>8</ExtObjId><MappedObjectType>C</MappedObjectType><FieldLength>50</FieldLength><VarPrecision>0</VarPrecision><RelationId>0</RelationId><IsEncrypted>N</IsEncrypted><IsMasked>N</IsMasked><MaskingPattern>X</MaskingPattern>
	</RowData>
	<RowData><ProcessDefId>4</ProcessDefId><VariableId>104</VariableId><VarFieldId>53</VarFieldId><TypeId>7</TypeId><TypeFieldId>52</TypeFieldId><ParentVarFieldId>1</ParentVarFieldId><MappedObjectName>DISTRIB</MappedObjectName><ExtObjId>8</ExtObjId><MappedObjectType>C</MappedObjectType><FieldLength>50</FieldLength><VarPrecision>0</VarPrecision><RelationId>0</RelationId><IsEncrypted>N</IsEncrypted><IsMasked>N</IsMasked><MaskingPattern>X</MaskingPattern>
	</RowData>
	<RowData><ProcessDefId>4</ProcessDefId><VariableId>104</VariableId><VarFieldId>54</VarFieldId><TypeId>7</TypeId><TypeFieldId>53</TypeFieldId><ParentVarFieldId>1</ParentVarFieldId><MappedObjectName>PART_INV</MappedObjectName><ExtObjId>8</ExtObjId><MappedObjectType>C</MappedObjectType><FieldLength>50</FieldLength><VarPrecision>0</VarPrecision><RelationId>0</RelationId><IsEncrypted>N</IsEncrypted><IsMasked>N</IsMasked><MaskingPattern>X</MaskingPattern>
	</RowData>
	<RowData><ProcessDefId>4</ProcessDefId><VariableId>104</VariableId><VarFieldId>55</VarFieldId><TypeId>7</TypeId><TypeFieldId>54</TypeFieldId><ParentVarFieldId>1</ParentVarFieldId><MappedObjectName>GR_IND</MappedObjectName><ExtObjId>8</ExtObjId><MappedObjectType>C</MappedObjectType><FieldLength>50</FieldLength><VarPrecision>0</VarPrecision><RelationId>0</RelationId><IsEncrypted>N</IsEncrypted><IsMasked>N</IsMasked><MaskingPattern>X</MaskingPattern>
	</RowData>
	<RowData><ProcessDefId>4</ProcessDefId><VariableId>104</VariableId><VarFieldId>56</VarFieldId><TypeId>7</TypeId><TypeFieldId>55</TypeFieldId><ParentVarFieldId>1</ParentVarFieldId><MappedObjectName>GR_NON_VAL</MappedObjectName><ExtObjId>8</ExtObjId><MappedObjectType>C</MappedObjectType><FieldLength>50</FieldLength><VarPrecision>0</VarPrecision><RelationId>0</RelationId><IsEncrypted>N</IsEncrypted><IsMasked>N</IsMasked><MaskingPattern>X</MaskingPattern>
	</RowData>
	<RowData><ProcessDefId>4</ProcessDefId><VariableId>104</VariableId><VarFieldId>57</VarFieldId><TypeId>7</TypeId><TypeFieldId>56</TypeFieldId><ParentVarFieldId>1</ParentVarFieldId><MappedObjectName>IR_IND</MappedObjectName><ExtObjId>8</ExtObjId><MappedObjectType>C</MappedObjectType><FieldLength>50</FieldLength><VarPrecision>0</VarPrecision><RelationId>0</RelationId><IsEncrypted>N</IsEncrypted><IsMasked>N</IsMasked><MaskingPattern>X</MaskingPattern>
	</RowData>
	<RowData><ProcessDefId>4</ProcessDefId><VariableId>104</VariableId><VarFieldId>58</VarFieldId><TypeId>7</TypeId><TypeFieldId>57</TypeFieldId><ParentVarFieldId>1</ParentVarFieldId><MappedObjectName>GR_BASEDIV</MappedObjectName><ExtObjId>8</ExtObjId><MappedObjectType>C</MappedObjectType><FieldLength>50</FieldLength><VarPrecision>0</VarPrecision><RelationId>0</RelationId><IsEncrypted>N</IsEncrypted><IsMasked>N</IsMasked><MaskingPattern>X</MaskingPattern>
	</RowData>
	<RowData><ProcessDefId>4</ProcessDefId><VariableId>104</VariableId><VarFieldId>59</VarFieldId><TypeId>7</TypeId><TypeFieldId>58</TypeFieldId><ParentVarFieldId>1</ParentVarFieldId><MappedObjectName>ACKN_REQD</MappedObjectName><ExtObjId>8</ExtObjId><MappedObjectType>C</MappedObjectType><FieldLength>50</FieldLength><VarPrecision>0</VarPrecision><RelationId>0</RelationId><IsEncrypted>N</IsEncrypted><IsMasked>N</IsMasked><MaskingPattern>X</MaskingPattern>
	</RowData>
	<RowData><ProcessDefId>4</ProcessDefId><VariableId>104</VariableId><VarFieldId>60</VarFieldId><TypeId>7</TypeId><TypeFieldId>59</TypeFieldId><ParentVarFieldId>1</ParentVarFieldId><MappedObjectName>ACKNOWL_NO</MappedObjectName><ExtObjId>8</ExtObjId><MappedObjectType>C</MappedObjectType><FieldLength>50</FieldLength><VarPrecision>0</VarPrecision><RelationId>0</RelationId><IsEncrypted>N</IsEncrypted><IsMasked>N</IsMasked><MaskingPattern>X</MaskingPattern>
	</RowData>
	<RowData><ProcessDefId>4</ProcessDefId><VariableId>104</VariableId><VarFieldId>61</VarFieldId><TypeId>7</TypeId><TypeFieldId>60</TypeFieldId><ParentVarFieldId>1</ParentVarFieldId><MappedObjectName>AGREEMENT</MappedObjectName><ExtObjId>8</ExtObjId><MappedObjectType>C</MappedObjectType><FieldLength>50</FieldLength><VarPrecision>0</VarPrecision><RelationId>0</RelationId><IsEncrypted>N</IsEncrypted><IsMasked>N</IsMasked><MaskingPattern>X</MaskingPattern>
	</RowData>
	<RowData><ProcessDefId>4</ProcessDefId><VariableId>104</VariableId><VarFieldId>62</VarFieldId><TypeId>7</TypeId><TypeFieldId>61</TypeFieldId><ParentVarFieldId>1</ParentVarFieldId><MappedObjectName>AGMT_ITEM</MappedObjectName><ExtObjId>8</ExtObjId><MappedObjectType>C</MappedObjectType><FieldLength>2</FieldLength><VarPrecision>0</VarPrecision><RelationId>0</RelationId><IsEncrypted>N</IsEncrypted><IsMasked>N</IsMasked><MaskingPattern>X</MaskingPattern>
	</RowData>
	<RowData><ProcessDefId>4</ProcessDefId><VariableId>104</VariableId><VarFieldId>63</VarFieldId><TypeId>7</TypeId><TypeFieldId>62</TypeFieldId><ParentVarFieldId>1</ParentVarFieldId><MappedObjectName>RECON_DATE</MappedObjectName><ExtObjId>8</ExtObjId><MappedObjectType>C</MappedObjectType><FieldLength>8</FieldLength><VarPrecision>0</VarPrecision><RelationId>0</RelationId><IsEncrypted>N</IsEncrypted><IsMasked>N</IsMasked><MaskingPattern>X</MaskingPattern>
	</RowData>
	<RowData><ProcessDefId>4</ProcessDefId><VariableId>104</VariableId><VarFieldId>64</VarFieldId><TypeId>7</TypeId><TypeFieldId>63</TypeFieldId><ParentVarFieldId>1</ParentVarFieldId><MappedObjectName>AGRCUMQTY</MappedObjectName><ExtObjId>8</ExtObjId><MappedObjectType>C</MappedObjectType><FieldLength>50</FieldLength><VarPrecision>0</VarPrecision><RelationId>0</RelationId><IsEncrypted>N</IsEncrypted><IsMasked>N</IsMasked><MaskingPattern>X</MaskingPattern>
	</RowData>
	<RowData><ProcessDefId>4</ProcessDefId><VariableId>104</VariableId><VarFieldId>65</VarFieldId><TypeId>7</TypeId><TypeFieldId>64</TypeFieldId><ParentVarFieldId>1</ParentVarFieldId><MappedObjectName>FIRM_ZONE</MappedObjectName><ExtObjId>8</ExtObjId><MappedObjectType>C</MappedObjectType><FieldLength>50</FieldLength><VarPrecision>0</VarPrecision><RelationId>0</RelationId><IsEncrypted>N</IsEncrypted><IsMasked>N</IsMasked><MaskingPattern>X</MaskingPattern>
	</RowData>
	<RowData><ProcessDefId>4</ProcessDefId><VariableId>104</VariableId><VarFieldId>66</VarFieldId><TypeId>7</TypeId><TypeFieldId>65</TypeFieldId><ParentVarFieldId>1</ParentVarFieldId><MappedObjectName>TRADE_OFF</MappedObjectName><ExtObjId>8</ExtObjId><MappedObjectType>C</MappedObjectType><FieldLength>50</FieldLength><VarPrecision>0</VarPrecision><RelationId>0</RelationId><IsEncrypted>N</IsEncrypted><IsMasked>N</IsMasked><MaskingPattern>X</MaskingPattern>
	</RowData>
	<RowData><ProcessDefId>4</ProcessDefId><VariableId>104</VariableId><VarFieldId>67</VarFieldId><TypeId>7</TypeId><TypeFieldId>66</TypeFieldId><ParentVarFieldId>1</ParentVarFieldId><MappedObjectName>BOM_EXPL</MappedObjectName><ExtObjId>8</ExtObjId><MappedObjectType>C</MappedObjectType><FieldLength>50</FieldLength><VarPrecision>0</VarPrecision><RelationId>0</RelationId><IsEncrypted>N</IsEncrypted><IsMasked>N</IsMasked><MaskingPattern>X</MaskingPattern>
	</RowData>
	<RowData><ProcessDefId>4</ProcessDefId><VariableId>104</VariableId><VarFieldId>68</VarFieldId><TypeId>7</TypeId><TypeFieldId>67</TypeFieldId><ParentVarFieldId>1</ParentVarFieldId><MappedObjectName>EXCLUSION</MappedObjectName><ExtObjId>8</ExtObjId><MappedObjectType>C</MappedObjectType><FieldLength>50</FieldLength><VarPrecision>0</VarPrecision><RelationId>0</RelationId><IsEncrypted>N</IsEncrypted><IsMasked>N</IsMasked><MaskingPattern>X</MaskingPattern>
	</RowData>
	<RowData><ProcessDefId>4</ProcessDefId><VariableId>104</VariableId><VarFieldId>69</VarFieldId><TypeId>7</TypeId><TypeFieldId>68</TypeFieldId><ParentVarFieldId>1</ParentVarFieldId><MappedObjectName>BASE_UNIT</MappedObjectName><ExtObjId>8</ExtObjId><MappedObjectType>C</MappedObjectType><FieldLength>50</FieldLength><VarPrecision>0</VarPrecision><RelationId>0</RelationId><IsEncrypted>N</IsEncrypted><IsMasked>N</IsMasked><MaskingPattern>X</MaskingPattern>
	</RowData>
	<RowData><ProcessDefId>4</ProcessDefId><VariableId>104</VariableId><VarFieldId>70</VarFieldId><TypeId>7</TypeId><TypeFieldId>69</TypeFieldId><ParentVarFieldId>1</ParentVarFieldId><MappedObjectName>SHIPPING</MappedObjectName><ExtObjId>8</ExtObjId><MappedObjectType>C</MappedObjectType><FieldLength>50</FieldLength><VarPrecision>0</VarPrecision><RelationId>0</RelationId><IsEncrypted>N</IsEncrypted><IsMasked>N</IsMasked><MaskingPattern>X</MaskingPattern>
	</RowData>
	<RowData><ProcessDefId>4</ProcessDefId><VariableId>104</VariableId><VarFieldId>71</VarFieldId><TypeId>7</TypeId><TypeFieldId>70</TypeFieldId><ParentVarFieldId>1</ParentVarFieldId><MappedObjectName>OUTL_TARGV</MappedObjectName><ExtObjId>8</ExtObjId><MappedObjectType>C</MappedObjectType><FieldLength>50</FieldLength><VarPrecision>0</VarPrecision><RelationId>0</RelationId><IsEncrypted>N</IsEncrypted><IsMasked>N</IsMasked><MaskingPattern>X</MaskingPattern>
	</RowData>
	<RowData><ProcessDefId>4</ProcessDefId><VariableId>104</VariableId><VarFieldId>72</VarFieldId><TypeId>7</TypeId><TypeFieldId>71</TypeFieldId><ParentVarFieldId>1</ParentVarFieldId><MappedObjectName>NOND_ITAX</MappedObjectName><ExtObjId>8</ExtObjId><MappedObjectType>C</MappedObjectType><FieldLength>50</FieldLength><VarPrecision>0</VarPrecision><RelationId>0</RelationId><IsEncrypted>N</IsEncrypted><IsMasked>N</IsMasked><MaskingPattern>X</MaskingPattern>
	</RowData>
	<RowData><ProcessDefId>4</ProcessDefId><VariableId>104</VariableId><VarFieldId>73</VarFieldId><TypeId>7</TypeId><TypeFieldId>72</TypeFieldId><ParentVarFieldId>1</ParentVarFieldId><MappedObjectName>RELORD_QTY</MappedObjectName><ExtObjId>8</ExtObjId><MappedObjectType>C</MappedObjectType><FieldLength>50</FieldLength><VarPrecision>0</VarPrecision><RelationId>0</RelationId><IsEncrypted>N</IsEncrypted><IsMasked>N</IsMasked><MaskingPattern>X</MaskingPattern>
	</RowData>
	<RowData><ProcessDefId>4</ProcessDefId><VariableId>104</VariableId><VarFieldId>74</VarFieldId><TypeId>7</TypeId><TypeFieldId>73</TypeFieldId><ParentVarFieldId>1</ParentVarFieldId><MappedObjectName>PRICE_DATE</MappedObjectName><ExtObjId>8</ExtObjId><MappedObjectType>C</MappedObjectType><FieldLength>8</FieldLength><VarPrecision>0</VarPrecision><RelationId>0</RelationId><IsEncrypted>N</IsEncrypted><IsMasked>N</IsMasked><MaskingPattern>X</MaskingPattern>
	</RowData>
	<RowData><ProcessDefId>4</ProcessDefId><VariableId>104</VariableId><VarFieldId>75</VarFieldId><TypeId>7</TypeId><TypeFieldId>74</TypeFieldId><ParentVarFieldId>1</ParentVarFieldId><MappedObjectName>DOC_CAT</MappedObjectName><ExtObjId>8</ExtObjId><MappedObjectType>C</MappedObjectType><FieldLength>50</FieldLength><VarPrecision>0</VarPrecision><RelationId>0</RelationId><IsEncrypted>N</IsEncrypted><IsMasked>N</IsMasked><MaskingPattern>X</MaskingPattern>
	</RowData>
	<RowData><ProcessDefId>4</ProcessDefId><VariableId>104</VariableId><VarFieldId>76</VarFieldId><TypeId>7</TypeId><TypeFieldId>75</TypeFieldId><ParentVarFieldId>1</ParentVarFieldId><MappedObjectName>EFF_VALUE</MappedObjectName><ExtObjId>8</ExtObjId><MappedObjectType>C</MappedObjectType><FieldLength>50</FieldLength><VarPrecision>0</VarPrecision><RelationId>0</RelationId><IsEncrypted>N</IsEncrypted><IsMasked>N</IsMasked><MaskingPattern>X</MaskingPattern>
	</RowData>
	<RowData><ProcessDefId>4</ProcessDefId><VariableId>104</VariableId><VarFieldId>77</VarFieldId><TypeId>7</TypeId><TypeFieldId>76</TypeFieldId><ParentVarFieldId>1</ParentVarFieldId><MappedObjectName>COMMITMENT</MappedObjectName><ExtObjId>8</ExtObjId><MappedObjectType>C</MappedObjectType><FieldLength>50</FieldLength><VarPrecision>0</VarPrecision><RelationId>0</RelationId><IsEncrypted>N</IsEncrypted><IsMasked>N</IsMasked><MaskingPattern>X</MaskingPattern>
	</RowData>
	<RowData><ProcessDefId>4</ProcessDefId><VariableId>104</VariableId><VarFieldId>78</VarFieldId><TypeId>7</TypeId><TypeFieldId>77</TypeFieldId><ParentVarFieldId>1</ParentVarFieldId><MappedObjectName>CUSTOMER</MappedObjectName><ExtObjId>8</ExtObjId><MappedObjectType>C</MappedObjectType><FieldLength>50</FieldLength><VarPrecision>0</VarPrecision><RelationId>0</RelationId><IsEncrypted>N</IsEncrypted><IsMasked>N</IsMasked><MaskingPattern>X</MaskingPattern>
	</RowData>
	<RowData><ProcessDefId>4</ProcessDefId><VariableId>104</VariableId><VarFieldId>79</VarFieldId><TypeId>7</TypeId><TypeFieldId>78</TypeFieldId><ParentVarFieldId>1</ParentVarFieldId><MappedObjectName>ADDRESS</MappedObjectName><ExtObjId>8</ExtObjId><MappedObjectType>C</MappedObjectType><FieldLength>50</FieldLength><VarPrecision>0</VarPrecision><RelationId>0</RelationId><IsEncrypted>N</IsEncrypted><IsMasked>N</IsMasked><MaskingPattern>X</MaskingPattern>
	</RowData>
	<RowData><ProcessDefId>4</ProcessDefId><VariableId>104</VariableId><VarFieldId>80</VarFieldId><TypeId>7</TypeId><TypeFieldId>79</TypeFieldId><ParentVarFieldId>1</ParentVarFieldId><MappedObjectName>COND_GROUP</MappedObjectName><ExtObjId>8</ExtObjId><MappedObjectType>C</MappedObjectType><FieldLength>50</FieldLength><VarPrecision>0</VarPrecision><RelationId>0</RelationId><IsEncrypted>N</IsEncrypted><IsMasked>N</IsMasked><MaskingPattern>X</MaskingPattern>
	</RowData>
	<RowData><ProcessDefId>4</ProcessDefId><VariableId>104</VariableId><VarFieldId>81</VarFieldId><TypeId>7</TypeId><TypeFieldId>80</TypeFieldId><ParentVarFieldId>1</ParentVarFieldId><MappedObjectName>NO_C_DISC</MappedObjectName><ExtObjId>8</ExtObjId><MappedObjectType>C</MappedObjectType><FieldLength>50</FieldLength><VarPrecision>0</VarPrecision><RelationId>0</RelationId><IsEncrypted>N</IsEncrypted><IsMasked>N</IsMasked><MaskingPattern>X</MaskingPattern>
	</RowData>
	<RowData><ProcessDefId>4</ProcessDefId><VariableId>104</VariableId><VarFieldId>82</VarFieldId><TypeId>7</TypeId><TypeFieldId>81</TypeFieldId><ParentVarFieldId>1</ParentVarFieldId><MappedObjectName>UPDATE_GRP</MappedObjectName><ExtObjId>8</ExtObjId><MappedObjectType>C</MappedObjectType><FieldLength>50</FieldLength><VarPrecision>0</VarPrecision><RelationId>0</RelationId><IsEncrypted>N</IsEncrypted><IsMasked>N</IsMasked><MaskingPattern>X</MaskingPattern>
	</RowData>
	<RowData><ProcessDefId>4</ProcessDefId><VariableId>104</VariableId><VarFieldId>83</VarFieldId><TypeId>7</TypeId><TypeFieldId>82</TypeFieldId><ParentVarFieldId>1</ParentVarFieldId><MappedObjectName>PLAN_DEL</MappedObjectName><ExtObjId>8</ExtObjId><MappedObjectType>C</MappedObjectType><FieldLength>50</FieldLength><VarPrecision>0</VarPrecision><RelationId>0</RelationId><IsEncrypted>N</IsEncrypted><IsMasked>N</IsMasked><MaskingPattern>X</MaskingPattern>
	</RowData>
	<RowData><ProcessDefId>4</ProcessDefId><VariableId>104</VariableId><VarFieldId>84</VarFieldId><TypeId>7</TypeId><TypeFieldId>83</TypeFieldId><ParentVarFieldId>1</ParentVarFieldId><MappedObjectName>NET_WEIGHT</MappedObjectName><ExtObjId>8</ExtObjId><MappedObjectType>C</MappedObjectType><FieldLength>50</FieldLength><VarPrecision>0</VarPrecision><RelationId>0</RelationId><IsEncrypted>N</IsEncrypted><IsMasked>N</IsMasked><MaskingPattern>X</MaskingPattern>
	</RowData>
	<RowData><ProcessDefId>4</ProcessDefId><VariableId>104</VariableId><VarFieldId>85</VarFieldId><TypeId>7</TypeId><TypeFieldId>84</TypeFieldId><ParentVarFieldId>1</ParentVarFieldId><MappedObjectName>WEIGHTUNIT</MappedObjectName><ExtObjId>8</ExtObjId><MappedObjectType>C</MappedObjectType><FieldLength>50</FieldLength><VarPrecision>0</VarPrecision><RelationId>0</RelationId><IsEncrypted>N</IsEncrypted><IsMasked>N</IsMasked><MaskingPattern>X</MaskingPattern>
	</RowData>
	<RowData><ProcessDefId>4</ProcessDefId><VariableId>104</VariableId><VarFieldId>86</VarFieldId><TypeId>7</TypeId><TypeFieldId>85</TypeFieldId><ParentVarFieldId>1</ParentVarFieldId><MappedObjectName>TAX_JUR_CD</MappedObjectName><ExtObjId>8</ExtObjId><MappedObjectType>C</MappedObjectType><FieldLength>50</FieldLength><VarPrecision>0</VarPrecision><RelationId>0</RelationId><IsEncrypted>N</IsEncrypted><IsMasked>N</IsMasked><MaskingPattern>X</MaskingPattern>
	</RowData>
	<RowData><ProcessDefId>4</ProcessDefId><VariableId>104</VariableId><VarFieldId>87</VarFieldId><TypeId>7</TypeId><TypeFieldId>86</TypeFieldId><ParentVarFieldId>1</ParentVarFieldId><MappedObjectName>PRINT_REL</MappedObjectName><ExtObjId>8</ExtObjId><MappedObjectType>C</MappedObjectType><FieldLength>50</FieldLength><VarPrecision>0</VarPrecision><RelationId>0</RelationId><IsEncrypted>N</IsEncrypted><IsMasked>N</IsMasked><MaskingPattern>X</MaskingPattern>
	</RowData>
	<RowData><ProcessDefId>4</ProcessDefId><VariableId>104</VariableId><VarFieldId>88</VarFieldId><TypeId>7</TypeId><TypeFieldId>87</TypeFieldId><ParentVarFieldId>1</ParentVarFieldId><MappedObjectName>SPEC_STOCK</MappedObjectName><ExtObjId>8</ExtObjId><MappedObjectType>C</MappedObjectType><FieldLength>50</FieldLength><VarPrecision>0</VarPrecision><RelationId>0</RelationId><IsEncrypted>N</IsEncrypted><IsMasked>N</IsMasked><MaskingPattern>X</MaskingPattern>
	</RowData>
	<RowData><ProcessDefId>4</ProcessDefId><VariableId>104</VariableId><VarFieldId>89</VarFieldId><TypeId>7</TypeId><TypeFieldId>88</TypeFieldId><ParentVarFieldId>1</ParentVarFieldId><MappedObjectName>SETRESERNO</MappedObjectName><ExtObjId>8</ExtObjId><MappedObjectType>C</MappedObjectType><FieldLength>2</FieldLength><VarPrecision>0</VarPrecision><RelationId>0</RelationId><IsEncrypted>N</IsEncrypted><IsMasked>N</IsMasked><MaskingPattern>X</MaskingPattern>
	</RowData>
	<RowData><ProcessDefId>4</ProcessDefId><VariableId>104</VariableId><VarFieldId>90</VarFieldId><TypeId>7</TypeId><TypeFieldId>89</TypeFieldId><ParentVarFieldId>1</ParentVarFieldId><MappedObjectName>SETTLITMNO</MappedObjectName><ExtObjId>8</ExtObjId><MappedObjectType>C</MappedObjectType><FieldLength>2</FieldLength><VarPrecision>0</VarPrecision><RelationId>0</RelationId><IsEncrypted>N</IsEncrypted><IsMasked>N</IsMasked><MaskingPattern>X</MaskingPattern>
	</RowData>
	<RowData><ProcessDefId>4</ProcessDefId><VariableId>104</VariableId><VarFieldId>91</VarFieldId><TypeId>7</TypeId><TypeFieldId>90</TypeFieldId><ParentVarFieldId>1</ParentVarFieldId><MappedObjectName>NOT_CHGBL</MappedObjectName><ExtObjId>8</ExtObjId><MappedObjectType>C</MappedObjectType><FieldLength>50</FieldLength><VarPrecision>0</VarPrecision><RelationId>0</RelationId><IsEncrypted>N</IsEncrypted><IsMasked>N</IsMasked><MaskingPattern>X</MaskingPattern>
	</RowData>
	<RowData><ProcessDefId>4</ProcessDefId><VariableId>104</VariableId><VarFieldId>92</VarFieldId><TypeId>7</TypeId><TypeFieldId>91</TypeFieldId><ParentVarFieldId>1</ParentVarFieldId><MappedObjectName>CTR_KEY_QM</MappedObjectName><ExtObjId>8</ExtObjId><MappedObjectType>C</MappedObjectType><FieldLength>50</FieldLength><VarPrecision>0</VarPrecision><RelationId>0</RelationId><IsEncrypted>N</IsEncrypted><IsMasked>N</IsMasked><MaskingPattern>X</MaskingPattern>
	</RowData>
	<RowData><ProcessDefId>4</ProcessDefId><VariableId>104</VariableId><VarFieldId>93</VarFieldId><TypeId>7</TypeId><TypeFieldId>92</TypeFieldId><ParentVarFieldId>1</ParentVarFieldId><MappedObjectName>CERT_TYPE</MappedObjectName><ExtObjId>8</ExtObjId><MappedObjectType>C</MappedObjectType><FieldLength>50</FieldLength><VarPrecision>0</VarPrecision><RelationId>0</RelationId><IsEncrypted>N</IsEncrypted><IsMasked>N</IsMasked><MaskingPattern>X</MaskingPattern>
	</RowData>
	<RowData><ProcessDefId>4</ProcessDefId><VariableId>104</VariableId><VarFieldId>94</VarFieldId><TypeId>7</TypeId><TypeFieldId>93</TypeFieldId><ParentVarFieldId>1</ParentVarFieldId><MappedObjectName>EAN_UPC</MappedObjectName><ExtObjId>8</ExtObjId><MappedObjectType>C</MappedObjectType><FieldLength>50</FieldLength><VarPrecision>0</VarPrecision><RelationId>0</RelationId><IsEncrypted>N</IsEncrypted><IsMasked>N</IsMasked><MaskingPattern>X</MaskingPattern>
	</RowData>
	<RowData><ProcessDefId>4</ProcessDefId><VariableId>104</VariableId><VarFieldId>95</VarFieldId><TypeId>7</TypeId><TypeFieldId>94</TypeFieldId><ParentVarFieldId>1</ParentVarFieldId><MappedObjectName>CONF_CTRL</MappedObjectName><ExtObjId>8</ExtObjId><MappedObjectType>C</MappedObjectType><FieldLength>50</FieldLength><VarPrecision>0</VarPrecision><RelationId>0</RelationId><IsEncrypted>N</IsEncrypted><IsMasked>N</IsMasked><MaskingPattern>X</MaskingPattern>
	</RowData>
	<RowData><ProcessDefId>4</ProcessDefId><VariableId>104</VariableId><VarFieldId>96</VarFieldId><TypeId>7</TypeId><TypeFieldId>95</TypeFieldId><ParentVarFieldId>1</ParentVarFieldId><MappedObjectName>REV_LEV</MappedObjectName><ExtObjId>8</ExtObjId><MappedObjectType>C</MappedObjectType><FieldLength>50</FieldLength><VarPrecision>0</VarPrecision><RelationId>0</RelationId><IsEncrypted>N</IsEncrypted><IsMasked>N</IsMasked><MaskingPattern>X</MaskingPattern>
	</RowData>
	<RowData><ProcessDefId>4</ProcessDefId><VariableId>104</VariableId><VarFieldId>97</VarFieldId><TypeId>7</TypeId><TypeFieldId>96</TypeFieldId><ParentVarFieldId>1</ParentVarFieldId><MappedObjectName>FUND</MappedObjectName><ExtObjId>8</ExtObjId><MappedObjectType>C</MappedObjectType><FieldLength>50</FieldLength><VarPrecision>0</VarPrecision><RelationId>0</RelationId><IsEncrypted>N</IsEncrypted><IsMasked>N</IsMasked><MaskingPattern>X</MaskingPattern>
	</RowData>
	<RowData><ProcessDefId>4</ProcessDefId><VariableId>104</VariableId><VarFieldId>98</VarFieldId><TypeId>7</TypeId><TypeFieldId>97</TypeFieldId><ParentVarFieldId>1</ParentVarFieldId><MappedObjectName>FUNDS_CTR</MappedObjectName><ExtObjId>8</ExtObjId><MappedObjectType>C</MappedObjectType><FieldLength>50</FieldLength><VarPrecision>0</VarPrecision><RelationId>0</RelationId><IsEncrypted>N</IsEncrypted><IsMasked>N</IsMasked><MaskingPattern>X</MaskingPattern>
	</RowData>
	<RowData><ProcessDefId>4</ProcessDefId><VariableId>104</VariableId><VarFieldId>99</VarFieldId><TypeId>7</TypeId><TypeFieldId>98</TypeFieldId><ParentVarFieldId>1</ParentVarFieldId><MappedObjectName>CMMT_ITEM</MappedObjectName><ExtObjId>8</ExtObjId><MappedObjectType>C</MappedObjectType><FieldLength>50</FieldLength><VarPrecision>0</VarPrecision><RelationId>0</RelationId><IsEncrypted>N</IsEncrypted><IsMasked>N</IsMasked><MaskingPattern>X</MaskingPattern>
	</RowData>
	<RowData><ProcessDefId>4</ProcessDefId><VariableId>104</VariableId><VarFieldId>100</VarFieldId><TypeId>7</TypeId><TypeFieldId>99</TypeFieldId><ParentVarFieldId>1</ParentVarFieldId><MappedObjectName>BA_PARTNER</MappedObjectName><ExtObjId>8</ExtObjId><MappedObjectType>C</MappedObjectType><FieldLength>50</FieldLength><VarPrecision>0</VarPrecision><RelationId>0</RelationId><IsEncrypted>N</IsEncrypted><IsMasked>N</IsMasked><MaskingPattern>X</MaskingPattern>
	</RowData>
	<RowData><ProcessDefId>4</ProcessDefId><VariableId>104</VariableId><VarFieldId>101</VarFieldId><TypeId>7</TypeId><TypeFieldId>100</TypeFieldId><ParentVarFieldId>1</ParentVarFieldId><MappedObjectName>PTR_ASS_BA</MappedObjectName><ExtObjId>8</ExtObjId><MappedObjectType>C</MappedObjectType><FieldLength>50</FieldLength><VarPrecision>0</VarPrecision><RelationId>0</RelationId><IsEncrypted>N</IsEncrypted><IsMasked>N</IsMasked><MaskingPattern>X</MaskingPattern>
	</RowData>
	<RowData><ProcessDefId>4</ProcessDefId><VariableId>104</VariableId><VarFieldId>102</VarFieldId><TypeId>7</TypeId><TypeFieldId>101</TypeFieldId><ParentVarFieldId>1</ParentVarFieldId><MappedObjectName>PROFIT_CTR</MappedObjectName><ExtObjId>8</ExtObjId><MappedObjectType>C</MappedObjectType><FieldLength>50</FieldLength><VarPrecision>0</VarPrecision><RelationId>0</RelationId><IsEncrypted>N</IsEncrypted><IsMasked>N</IsMasked><MaskingPattern>X</MaskingPattern>
	</RowData>
	<RowData><ProcessDefId>4</ProcessDefId><VariableId>104</VariableId><VarFieldId>103</VarFieldId><TypeId>7</TypeId><TypeFieldId>102</TypeFieldId><ParentVarFieldId>1</ParentVarFieldId><MappedObjectName>PARTNER_PC</MappedObjectName><ExtObjId>8</ExtObjId><MappedObjectType>C</MappedObjectType><FieldLength>50</FieldLength><VarPrecision>0</VarPrecision><RelationId>0</RelationId><IsEncrypted>N</IsEncrypted><IsMasked>N</IsMasked><MaskingPattern>X</MaskingPattern>
	</RowData>
	<RowData><ProcessDefId>4</ProcessDefId><VariableId>104</VariableId><VarFieldId>104</VarFieldId><TypeId>7</TypeId><TypeFieldId>103</TypeFieldId><ParentVarFieldId>1</ParentVarFieldId><MappedObjectName>PRICE_CTR</MappedObjectName><ExtObjId>8</ExtObjId><MappedObjectType>C</MappedObjectType><FieldLength>50</FieldLength><VarPrecision>0</VarPrecision><RelationId>0</RelationId><IsEncrypted>N</IsEncrypted><IsMasked>N</IsMasked><MaskingPattern>X</MaskingPattern>
	</RowData>
	<RowData><ProcessDefId>4</ProcessDefId><VariableId>104</VariableId><VarFieldId>105</VarFieldId><TypeId>7</TypeId><TypeFieldId>104</TypeFieldId><ParentVarFieldId>1</ParentVarFieldId><MappedObjectName>GROSS_WGHT</MappedObjectName><ExtObjId>8</ExtObjId><MappedObjectType>C</MappedObjectType><FieldLength>50</FieldLength><VarPrecision>0</VarPrecision><RelationId>0</RelationId><IsEncrypted>N</IsEncrypted><IsMasked>N</IsMasked><MaskingPattern>X</MaskingPattern>
	</RowData>
	<RowData><ProcessDefId>4</ProcessDefId><VariableId>104</VariableId><VarFieldId>106</VarFieldId><TypeId>7</TypeId><TypeFieldId>105</TypeFieldId><ParentVarFieldId>1</ParentVarFieldId><MappedObjectName>VOLUME</MappedObjectName><ExtObjId>8</ExtObjId><MappedObjectType>C</MappedObjectType><FieldLength>50</FieldLength><VarPrecision>0</VarPrecision><RelationId>0</RelationId><IsEncrypted>N</IsEncrypted><IsMasked>N</IsMasked><MaskingPattern>X</MaskingPattern>
	</RowData>
	<RowData><ProcessDefId>4</ProcessDefId><VariableId>104</VariableId><VarFieldId>107</VarFieldId><TypeId>7</TypeId><TypeFieldId>106</TypeFieldId><ParentVarFieldId>1</ParentVarFieldId><MappedObjectName>VOLUMEUNIT</MappedObjectName><ExtObjId>8</ExtObjId><MappedObjectType>C</MappedObjectType><FieldLength>50</FieldLength><VarPrecision>0</VarPrecision><RelationId>0</RelationId><IsEncrypted>N</IsEncrypted><IsMasked>N</IsMasked><MaskingPattern>X</MaskingPattern>
	</RowData>
	<RowData><ProcessDefId>4</ProcessDefId><VariableId>104</VariableId><VarFieldId>108</VarFieldId><TypeId>7</TypeId><TypeFieldId>107</TypeFieldId><ParentVarFieldId>1</ParentVarFieldId><MappedObjectName>INCOTERMS1</MappedObjectName><ExtObjId>8</ExtObjId><MappedObjectType>C</MappedObjectType><FieldLength>50</FieldLength><VarPrecision>0</VarPrecision><RelationId>0</RelationId><IsEncrypted>N</IsEncrypted><IsMasked>N</IsMasked><MaskingPattern>X</MaskingPattern>
	</RowData>
	<RowData><ProcessDefId>4</ProcessDefId><VariableId>104</VariableId><VarFieldId>109</VarFieldId><TypeId>7</TypeId><TypeFieldId>108</TypeFieldId><ParentVarFieldId>1</ParentVarFieldId><MappedObjectName>INCOTERMS2</MappedObjectName><ExtObjId>8</ExtObjId><MappedObjectType>C</MappedObjectType><FieldLength>50</FieldLength><VarPrecision>0</VarPrecision><RelationId>0</RelationId><IsEncrypted>N</IsEncrypted><IsMasked>N</IsMasked><MaskingPattern>X</MaskingPattern>
	</RowData>
	<RowData><ProcessDefId>4</ProcessDefId><VariableId>104</VariableId><VarFieldId>110</VarFieldId><TypeId>7</TypeId><TypeFieldId>109</TypeFieldId><ParentVarFieldId>1</ParentVarFieldId><MappedObjectName>ADVANCE</MappedObjectName><ExtObjId>8</ExtObjId><MappedObjectType>C</MappedObjectType><FieldLength>50</FieldLength><VarPrecision>0</VarPrecision><RelationId>0</RelationId><IsEncrypted>N</IsEncrypted><IsMasked>N</IsMasked><MaskingPattern>X</MaskingPattern>
	</RowData>
	<RowData><ProcessDefId>4</ProcessDefId><VariableId>104</VariableId><VarFieldId>111</VarFieldId><TypeId>7</TypeId><TypeFieldId>110</TypeFieldId><ParentVarFieldId>1</ParentVarFieldId><MappedObjectName>PRIOR_VEND</MappedObjectName><ExtObjId>8</ExtObjId><MappedObjectType>C</MappedObjectType><FieldLength>50</FieldLength><VarPrecision>0</VarPrecision><RelationId>0</RelationId><IsEncrypted>N</IsEncrypted><IsMasked>N</IsMasked><MaskingPattern>X</MaskingPattern>
	</RowData>
	<RowData><ProcessDefId>4</ProcessDefId><VariableId>104</VariableId><VarFieldId>112</VarFieldId><TypeId>7</TypeId><TypeFieldId>111</TypeFieldId><ParentVarFieldId>1</ParentVarFieldId><MappedObjectName>SUB_RANGE</MappedObjectName><ExtObjId>8</ExtObjId><MappedObjectType>C</MappedObjectType><FieldLength>50</FieldLength><VarPrecision>0</VarPrecision><RelationId>0</RelationId><IsEncrypted>N</IsEncrypted><IsMasked>N</IsMasked><MaskingPattern>X</MaskingPattern>
	</RowData>
	<RowData><ProcessDefId>4</ProcessDefId><VariableId>104</VariableId><VarFieldId>113</VarFieldId><TypeId>7</TypeId><TypeFieldId>112</TypeFieldId><ParentVarFieldId>1</ParentVarFieldId><MappedObjectName>PCKG_NO</MappedObjectName><ExtObjId>8</ExtObjId><MappedObjectType>C</MappedObjectType><FieldLength>2</FieldLength><VarPrecision>0</VarPrecision><RelationId>0</RelationId><IsEncrypted>N</IsEncrypted><IsMasked>N</IsMasked><MaskingPattern>X</MaskingPattern>
	</RowData>
	<RowData><ProcessDefId>4</ProcessDefId><VariableId>104</VariableId><VarFieldId>114</VarFieldId><TypeId>7</TypeId><TypeFieldId>113</TypeFieldId><ParentVarFieldId>1</ParentVarFieldId><MappedObjectName>STATISTIC</MappedObjectName><ExtObjId>8</ExtObjId><MappedObjectType>C</MappedObjectType><FieldLength>50</FieldLength><VarPrecision>0</VarPrecision><RelationId>0</RelationId><IsEncrypted>N</IsEncrypted><IsMasked>N</IsMasked><MaskingPattern>X</MaskingPattern>
	</RowData>
	<RowData><ProcessDefId>4</ProcessDefId><VariableId>104</VariableId><VarFieldId>115</VarFieldId><TypeId>7</TypeId><TypeFieldId>114</TypeFieldId><ParentVarFieldId>1</ParentVarFieldId><MappedObjectName>HL_ITEM</MappedObjectName><ExtObjId>8</ExtObjId><MappedObjectType>C</MappedObjectType><FieldLength>2</FieldLength><VarPrecision>0</VarPrecision><RelationId>0</RelationId><IsEncrypted>N</IsEncrypted><IsMasked>N</IsMasked><MaskingPattern>X</MaskingPattern>
	</RowData>
	<RowData><ProcessDefId>4</ProcessDefId><VariableId>104</VariableId><VarFieldId>116</VarFieldId><TypeId>7</TypeId><TypeFieldId>115</TypeFieldId><ParentVarFieldId>1</ParentVarFieldId><MappedObjectName>GR_TO_DATE</MappedObjectName><ExtObjId>8</ExtObjId><MappedObjectType>C</MappedObjectType><FieldLength>8</FieldLength><VarPrecision>0</VarPrecision><RelationId>0</RelationId><IsEncrypted>N</IsEncrypted><IsMasked>N</IsMasked><MaskingPattern>X</MaskingPattern>
	</RowData>
	<RowData><ProcessDefId>4</ProcessDefId><VariableId>104</VariableId><VarFieldId>117</VarFieldId><TypeId>7</TypeId><TypeFieldId>116</TypeFieldId><ParentVarFieldId>1</ParentVarFieldId><MappedObjectName>SUPPL_VEND</MappedObjectName><ExtObjId>8</ExtObjId><MappedObjectType>C</MappedObjectType><FieldLength>50</FieldLength><VarPrecision>0</VarPrecision><RelationId>0</RelationId><IsEncrypted>N</IsEncrypted><IsMasked>N</IsMasked><MaskingPattern>X</MaskingPattern>
	</RowData>
	<RowData><ProcessDefId>4</ProcessDefId><VariableId>104</VariableId><VarFieldId>118</VarFieldId><TypeId>7</TypeId><TypeFieldId>117</TypeFieldId><ParentVarFieldId>1</ParentVarFieldId><MappedObjectName>SC_VENDOR</MappedObjectName><ExtObjId>8</ExtObjId><MappedObjectType>C</MappedObjectType><FieldLength>50</FieldLength><VarPrecision>0</VarPrecision><RelationId>0</RelationId><IsEncrypted>N</IsEncrypted><IsMasked>N</IsMasked><MaskingPattern>X</MaskingPattern>
	</RowData>
	<RowData><ProcessDefId>4</ProcessDefId><VariableId>104</VariableId><VarFieldId>119</VarFieldId><TypeId>7</TypeId><TypeFieldId>118</TypeFieldId><ParentVarFieldId>1</ParentVarFieldId><MappedObjectName>CONF_MATL</MappedObjectName><ExtObjId>8</ExtObjId><MappedObjectType>C</MappedObjectType><FieldLength>50</FieldLength><VarPrecision>0</VarPrecision><RelationId>0</RelationId><IsEncrypted>N</IsEncrypted><IsMasked>N</IsMasked><MaskingPattern>X</MaskingPattern>
	</RowData>
	<RowData><ProcessDefId>4</ProcessDefId><VariableId>104</VariableId><VarFieldId>120</VarFieldId><TypeId>7</TypeId><TypeFieldId>119</TypeFieldId><ParentVarFieldId>1</ParentVarFieldId><MappedObjectName>MAT_CAT</MappedObjectName><ExtObjId>8</ExtObjId><MappedObjectType>C</MappedObjectType><FieldLength>50</FieldLength><VarPrecision>0</VarPrecision><RelationId>0</RelationId><IsEncrypted>N</IsEncrypted><IsMasked>N</IsMasked><MaskingPattern>X</MaskingPattern>
	</RowData>
	<RowData><ProcessDefId>4</ProcessDefId><VariableId>104</VariableId><VarFieldId>121</VarFieldId><TypeId>7</TypeId><TypeFieldId>120</TypeFieldId><ParentVarFieldId>1</ParentVarFieldId><MappedObjectName>KANBAN_IND</MappedObjectName><ExtObjId>8</ExtObjId><MappedObjectType>C</MappedObjectType><FieldLength>50</FieldLength><VarPrecision>0</VarPrecision><RelationId>0</RelationId><IsEncrypted>N</IsEncrypted><IsMasked>N</IsMasked><MaskingPattern>X</MaskingPattern>
	</RowData>
	<RowData><ProcessDefId>4</ProcessDefId><VariableId>104</VariableId><VarFieldId>122</VarFieldId><TypeId>7</TypeId><TypeFieldId>121</TypeFieldId><ParentVarFieldId>1</ParentVarFieldId><MappedObjectName>ADDRESS2</MappedObjectName><ExtObjId>8</ExtObjId><MappedObjectType>C</MappedObjectType><FieldLength>50</FieldLength><VarPrecision>0</VarPrecision><RelationId>0</RelationId><IsEncrypted>N</IsEncrypted><IsMasked>N</IsMasked><MaskingPattern>X</MaskingPattern>
	</RowData>
	<RowData><ProcessDefId>4</ProcessDefId><VariableId>104</VariableId><VarFieldId>123</VarFieldId><TypeId>7</TypeId><TypeFieldId>122</TypeFieldId><ParentVarFieldId>1</ParentVarFieldId><MappedObjectName>INT_OBJ_NO</MappedObjectName><ExtObjId>8</ExtObjId><MappedObjectType>C</MappedObjectType><FieldLength>2</FieldLength><VarPrecision>0</VarPrecision><RelationId>0</RelationId><IsEncrypted>N</IsEncrypted><IsMasked>N</IsMasked><MaskingPattern>X</MaskingPattern>
	</RowData>
	<RowData><ProcessDefId>4</ProcessDefId><VariableId>104</VariableId><VarFieldId>124</VarFieldId><TypeId>7</TypeId><TypeFieldId>123</TypeFieldId><ParentVarFieldId>1</ParentVarFieldId><MappedObjectName>ERS</MappedObjectName><ExtObjId>8</ExtObjId><MappedObjectType>C</MappedObjectType><FieldLength>50</FieldLength><VarPrecision>0</VarPrecision><RelationId>0</RelationId><IsEncrypted>N</IsEncrypted><IsMasked>N</IsMasked><MaskingPattern>X</MaskingPattern>
	</RowData>
	<RowData><ProcessDefId>4</ProcessDefId><VariableId>104</VariableId><VarFieldId>125</VarFieldId><TypeId>7</TypeId><TypeFieldId>124</TypeFieldId><ParentVarFieldId>1</ParentVarFieldId><MappedObjectName>GRSETTFROM</MappedObjectName><ExtObjId>8</ExtObjId><MappedObjectType>C</MappedObjectType><FieldLength>8</FieldLength><VarPrecision>0</VarPrecision><RelationId>0</RelationId><IsEncrypted>N</IsEncrypted><IsMasked>N</IsMasked><MaskingPattern>X</MaskingPattern>
	</RowData>
	<RowData><ProcessDefId>4</ProcessDefId><VariableId>104</VariableId><VarFieldId>126</VarFieldId><TypeId>7</TypeId><TypeFieldId>125</TypeFieldId><ParentVarFieldId>1</ParentVarFieldId><MappedObjectName>LAST_TRANS</MappedObjectName><ExtObjId>8</ExtObjId><MappedObjectType>C</MappedObjectType><FieldLength>8</FieldLength><VarPrecision>0</VarPrecision><RelationId>0</RelationId><IsEncrypted>N</IsEncrypted><IsMasked>N</IsMasked><MaskingPattern>X</MaskingPattern>
	</RowData>
	<RowData><ProcessDefId>4</ProcessDefId><VariableId>104</VariableId><VarFieldId>127</VarFieldId><TypeId>7</TypeId><TypeFieldId>126</TypeFieldId><ParentVarFieldId>1</ParentVarFieldId><MappedObjectName>TRANS_TIME</MappedObjectName><ExtObjId>8</ExtObjId><MappedObjectType>C</MappedObjectType><FieldLength>50</FieldLength><VarPrecision>0</VarPrecision><RelationId>0</RelationId><IsEncrypted>N</IsEncrypted><IsMasked>N</IsMasked><MaskingPattern>X</MaskingPattern>
	</RowData>
	<RowData><ProcessDefId>4</ProcessDefId><VariableId>104</VariableId><VarFieldId>128</VarFieldId><TypeId>7</TypeId><TypeFieldId>127</TypeFieldId><ParentVarFieldId>1</ParentVarFieldId><MappedObjectName>SER_NO</MappedObjectName><ExtObjId>8</ExtObjId><MappedObjectType>C</MappedObjectType><FieldLength>2</FieldLength><VarPrecision>0</VarPrecision><RelationId>0</RelationId><IsEncrypted>N</IsEncrypted><IsMasked>N</IsMasked><MaskingPattern>X</MaskingPattern>
	</RowData>
	<RowData><ProcessDefId>4</ProcessDefId><VariableId>104</VariableId><VarFieldId>129</VarFieldId><TypeId>7</TypeId><TypeFieldId>128</TypeFieldId><ParentVarFieldId>1</ParentVarFieldId><MappedObjectName>PROMOTION</MappedObjectName><ExtObjId>8</ExtObjId><MappedObjectType>C</MappedObjectType><FieldLength>50</FieldLength><VarPrecision>0</VarPrecision><RelationId>0</RelationId><IsEncrypted>N</IsEncrypted><IsMasked>N</IsMasked><MaskingPattern>X</MaskingPattern>
	</RowData>
	<RowData><ProcessDefId>4</ProcessDefId><VariableId>104</VariableId><VarFieldId>130</VarFieldId><TypeId>7</TypeId><TypeFieldId>129</TypeFieldId><ParentVarFieldId>1</ParentVarFieldId><MappedObjectName>ALLOC_TBL</MappedObjectName><ExtObjId>8</ExtObjId><MappedObjectType>C</MappedObjectType><FieldLength>50</FieldLength><VarPrecision>0</VarPrecision><RelationId>0</RelationId><IsEncrypted>N</IsEncrypted><IsMasked>N</IsMasked><MaskingPattern>X</MaskingPattern>
	</RowData>
	<RowData><ProcessDefId>4</ProcessDefId><VariableId>104</VariableId><VarFieldId>131</VarFieldId><TypeId>7</TypeId><TypeFieldId>130</TypeFieldId><ParentVarFieldId>1</ParentVarFieldId><MappedObjectName>AT_ITEM</MappedObjectName><ExtObjId>8</ExtObjId><MappedObjectType>C</MappedObjectType><FieldLength>2</FieldLength><VarPrecision>0</VarPrecision><RelationId>0</RelationId><IsEncrypted>N</IsEncrypted><IsMasked>N</IsMasked><MaskingPattern>X</MaskingPattern>
	</RowData>
	<RowData><ProcessDefId>4</ProcessDefId><VariableId>104</VariableId><VarFieldId>132</VarFieldId><TypeId>7</TypeId><TypeFieldId>131</TypeFieldId><ParentVarFieldId>1</ParentVarFieldId><MappedObjectName>POINTS</MappedObjectName><ExtObjId>8</ExtObjId><MappedObjectType>C</MappedObjectType><FieldLength>50</FieldLength><VarPrecision>0</VarPrecision><RelationId>0</RelationId><IsEncrypted>N</IsEncrypted><IsMasked>N</IsMasked><MaskingPattern>X</MaskingPattern>
	</RowData>
	<RowData><ProcessDefId>4</ProcessDefId><VariableId>104</VariableId><VarFieldId>133</VarFieldId><TypeId>7</TypeId><TypeFieldId>132</TypeFieldId><ParentVarFieldId>1</ParentVarFieldId><MappedObjectName>POINTS_UN</MappedObjectName><ExtObjId>8</ExtObjId><MappedObjectType>C</MappedObjectType><FieldLength>50</FieldLength><VarPrecision>0</VarPrecision><RelationId>0</RelationId><IsEncrypted>N</IsEncrypted><IsMasked>N</IsMasked><MaskingPattern>X</MaskingPattern>
	</RowData>
	<RowData><ProcessDefId>4</ProcessDefId><VariableId>104</VariableId><VarFieldId>134</VarFieldId><TypeId>7</TypeId><TypeFieldId>133</TypeFieldId><ParentVarFieldId>1</ParentVarFieldId><MappedObjectName>SEASON_TY</MappedObjectName><ExtObjId>8</ExtObjId><MappedObjectType>C</MappedObjectType><FieldLength>50</FieldLength><VarPrecision>0</VarPrecision><RelationId>0</RelationId><IsEncrypted>N</IsEncrypted><IsMasked>N</IsMasked><MaskingPattern>X</MaskingPattern>
	</RowData>
</PMWUDTVarMappingTable_2>