<PMWVarRelationTable>
	<RowData><ProcessDefId>4</ProcessDefId><RelationId>1</RelationId><OrderId>1</OrderId><ParentObject>WFINSTRUMENTTABLE</ParentObject><Foreignkey>ProcessInstanceId</Foreignkey><FautoGen>N</FautoGen><ChildObject>complex_polineitem</ChildObject><Refkey>pinstanceid</Refkey><RautoGen>N</RautoGen>
	</RowData>
	<RowData><ProcessDefId>4</ProcessDefId><RelationId>2</RelationId><OrderId>1</OrderId><ParentObject>WFINSTRUMENTTABLE</ParentObject><Foreignkey>ProcessInstanceId</Foreignkey><FautoGen>N</FautoGen><ChildObject>complex_orient_po_lineitem</ChildObject><Refkey>pinstanceid</Refkey><RautoGen>N</RautoGen>
	</RowData>
	<RowData><ProcessDefId>4</ProcessDefId><RelationId>3</RelationId><OrderId>1</OrderId><ParentObject>WFINSTRUMENTTABLE</ParentObject><Foreignkey>ProcessInstanceId</Foreignkey><FautoGen>N</FautoGen><ChildObject>complex_orient_pohistory</ChildObject><Refkey>pinstanceid</Refkey><RautoGen>N</RautoGen>
	</RowData>
	<RowData><ProcessDefId>4</ProcessDefId><RelationId>6</RelationId><OrderId>1</OrderId><ParentObject>WFINSTRUMENTTABLE</ParentObject><Foreignkey>ProcessInstanceId</Foreignkey><FautoGen>N</FautoGen><ChildObject>complex_orient_pr_item</ChildObject><Refkey>pinstanceid</Refkey><RautoGen>N</RautoGen>
	</RowData>
	<RowData><ProcessDefId>4</ProcessDefId><RelationId>8</RelationId><OrderId>1</OrderId><ParentObject>WFINSTRUMENTTABLE</ParentObject><Foreignkey>ProcessInstanceId</Foreignkey><FautoGen>N</FautoGen><ChildObject>complex_orient_entry_service</ChildObject><Refkey>pinstanceid</Refkey><RautoGen>N</RautoGen>
	</RowData>
	<RowData><ProcessDefId>4</ProcessDefId><RelationId>9</RelationId><OrderId>1</OrderId><ParentObject>WFINSTRUMENTTABLE</ParentObject><Foreignkey>ProcessInstanceId</Foreignkey><FautoGen>N</FautoGen><ChildObject>complex_orient_acc_assignment</ChildObject><Refkey>pinstanceid</Refkey><RautoGen>N</RautoGen>
	</RowData>
	<RowData><ProcessDefId>4</ProcessDefId><RelationId>10</RelationId><OrderId>1</OrderId><ParentObject>WFINSTRUMENTTABLE</ParentObject><Foreignkey>ProcessInstanceId</Foreignkey><FautoGen>N</FautoGen><ChildObject>complex_orient_serviceapproval</ChildObject><Refkey>pinstanceid</Refkey><RautoGen>N</RautoGen>
	</RowData>
	<RowData><ProcessDefId>4</ProcessDefId><RelationId>11</RelationId><OrderId>1</OrderId><ParentObject>WFINSTRUMENTTABLE</ParentObject><Foreignkey>ProcessInstanceId</Foreignkey><FautoGen>N</FautoGen><ChildObject>complex_orient_service_itemsel</ChildObject><Refkey>pinstanceid</Refkey><RautoGen>N</RautoGen>
	</RowData>
	<RowData><ProcessDefId>4</ProcessDefId><RelationId>14</RelationId><OrderId>1</OrderId><ParentObject>WFINSTRUMENTTABLE</ParentObject><Foreignkey>ProcessInstanceId</Foreignkey><FautoGen>N</FautoGen><ChildObject>complex_orient_po_item</ChildObject><Refkey>pinstanceid</Refkey><RautoGen>N</RautoGen>
	</RowData>
	<RowData><ProcessDefId>4</ProcessDefId><RelationId>15</RelationId><OrderId>1</OrderId><ParentObject>WFINSTRUMENTTABLE</ParentObject><Foreignkey>ProcessInstanceId</Foreignkey><FautoGen>N</FautoGen><ChildObject>complex_orient_multiplepo</ChildObject><Refkey>pinstanceid</Refkey><RautoGen>N</RautoGen>
	</RowData>
	<RowData><ProcessDefId>4</ProcessDefId><RelationId>16</RelationId><OrderId>1</OrderId><ParentObject>WFINSTRUMENTTABLE</ParentObject><Foreignkey>ProcessInstanceId</Foreignkey><FautoGen>N</FautoGen><ChildObject>complex_orient_poitem_history</ChildObject><Refkey>pinstanceid</Refkey><RautoGen>N</RautoGen>
	</RowData>
	<RowData><ProcessDefId>4</ProcessDefId><RelationId>17</RelationId><OrderId>1</OrderId><ParentObject>WFINSTRUMENTTABLE</ParentObject><Foreignkey>ProcessInstanceId</Foreignkey><FautoGen>N</FautoGen><ChildObject>complex_orient_invoice_item</ChildObject><Refkey>pinstanceid</Refkey><RautoGen>N</RautoGen>
	</RowData>
	<RowData><ProcessDefId>4</ProcessDefId><RelationId>18</RelationId><OrderId>1</OrderId><ParentObject>WFINSTRUMENTTABLE</ParentObject><Foreignkey>ProcessInstanceId</Foreignkey><FautoGen>N</FautoGen><ChildObject>complex_exception_details</ChildObject><Refkey>pinstanceid</Refkey><RautoGen>N</RautoGen>
	</RowData>
	<RowData><ProcessDefId>4</ProcessDefId><RelationId>19</RelationId><OrderId>1</OrderId><ParentObject>WFINSTRUMENTTABLE</ParentObject><Foreignkey>ProcessInstanceId</Foreignkey><FautoGen>N</FautoGen><ChildObject>complex_exception_details</ChildObject><Refkey>pinstanceid</Refkey><RautoGen>N</RautoGen>
	</RowData>
</PMWVarRelationTable>