<PMWVARMAPPINGTABLE_1>
	<RowData><ProcessDefId>4</ProcessDefId><VariableId>154</VariableId><SystemDefinedName>gstn_sap</SystemDefinedName><UserDefinedName>gstn_sap</UserDefinedName><VariableType>10</VariableType><VariableScope>I</VariableScope><ExtObjId>1</ExtObjId><VariableLength>50</VariableLength><VarPrecision>0</VarPrecision><Unbounded>N</Unbounded><IsEncrypted>N</IsEncrypted><IsMasked>N</IsMasked><MaskingPattern>X</MaskingPattern>
	</RowData>
	<RowData><ProcessDefId>4</ProcessDefId><VariableId>155</VariableId><SystemDefinedName>gstn_inv</SystemDefinedName><UserDefinedName>gstn_inv</UserDefinedName><VariableType>10</VariableType><VariableScope>I</VariableScope><ExtObjId>1</ExtObjId><VariableLength>50</VariableLength><VarPrecision>0</VarPrecision><Unbounded>N</Unbounded><IsEncrypted>N</IsEncrypted><IsMasked>N</IsMasked><MaskingPattern>X</MaskingPattern>
	</RowData>
	<RowData><ProcessDefId>4</ProcessDefId><VariableId>156</VariableId><SystemDefinedName>mdoc103_rev</SystemDefinedName><UserDefinedName>mdoc103_rev</UserDefinedName><VariableType>10</VariableType><VariableScope>I</VariableScope><ExtObjId>1</ExtObjId><VariableLength>50</VariableLength><VarPrecision>0</VarPrecision><Unbounded>N</Unbounded><IsEncrypted>N</IsEncrypted><IsMasked>N</IsMasked><MaskingPattern>X</MaskingPattern>
	</RowData>
	<RowData><ProcessDefId>4</ProcessDefId><VariableId>157</VariableId><SystemDefinedName>mdoc105_rev</SystemDefinedName><UserDefinedName>mdoc105_rev</UserDefinedName><VariableType>10</VariableType><VariableScope>I</VariableScope><ExtObjId>1</ExtObjId><VariableLength>50</VariableLength><VarPrecision>0</VarPrecision><Unbounded>N</Unbounded><IsEncrypted>N</IsEncrypted><IsMasked>N</IsMasked><MaskingPattern>X</MaskingPattern>
	</RowData>
	<RowData><ProcessDefId>4</ProcessDefId><VariableId>158</VariableId><SystemDefinedName>orient_gstn</SystemDefinedName><UserDefinedName>orient_gstn</UserDefinedName><VariableType>10</VariableType><VariableScope>I</VariableScope><ExtObjId>1</ExtObjId><VariableLength>50</VariableLength><VarPrecision>0</VarPrecision><Unbounded>N</Unbounded><IsEncrypted>N</IsEncrypted><IsMasked>N</IsMasked><MaskingPattern>X</MaskingPattern>
	</RowData>
	<RowData><ProcessDefId>4</ProcessDefId><VariableId>159</VariableId><SystemDefinedName>pan_sap</SystemDefinedName><UserDefinedName>pan_sap</UserDefinedName><VariableType>10</VariableType><VariableScope>I</VariableScope><ExtObjId>1</ExtObjId><VariableLength>50</VariableLength><VarPrecision>0</VarPrecision><Unbounded>N</Unbounded><IsEncrypted>N</IsEncrypted><IsMasked>N</IsMasked><MaskingPattern>X</MaskingPattern>
	</RowData>
	<RowData><ProcessDefId>4</ProcessDefId><VariableId>160</VariableId><SystemDefinedName>finance_decision</SystemDefinedName><UserDefinedName>finance_decision</UserDefinedName><VariableType>10</VariableType><VariableScope>I</VariableScope><ExtObjId>1</ExtObjId><VariableLength>50</VariableLength><VarPrecision>0</VarPrecision><Unbounded>N</Unbounded><IsEncrypted>N</IsEncrypted><IsMasked>N</IsMasked><MaskingPattern>X</MaskingPattern>
	</RowData>
	<RowData><ProcessDefId>4</ProcessDefId><VariableId>161</VariableId><SystemDefinedName>orient_GST</SystemDefinedName><UserDefinedName>orient_GST</UserDefinedName><VariableType>10</VariableType><VariableScope>I</VariableScope><ExtObjId>1</ExtObjId><VariableLength>1000</VariableLength><VarPrecision>0</VarPrecision><Unbounded>N</Unbounded><IsEncrypted>N</IsEncrypted><IsMasked>N</IsMasked><MaskingPattern>X</MaskingPattern>
	</RowData>
	<RowData><ProcessDefId>4</ProcessDefId><VariableId>162</VariableId><SystemDefinedName>orient_PAN</SystemDefinedName><UserDefinedName>orient_PAN</UserDefinedName><VariableType>10</VariableType><VariableScope>I</VariableScope><ExtObjId>1</ExtObjId><VariableLength>1000</VariableLength><VarPrecision>0</VarPrecision><Unbounded>N</Unbounded><IsEncrypted>N</IsEncrypted><IsMasked>N</IsMasked><MaskingPattern>X</MaskingPattern>
	</RowData>
	<RowData><ProcessDefId>4</ProcessDefId><VariableId>163</VariableId><SystemDefinedName>pan_inv</SystemDefinedName><UserDefinedName>pan_inv</UserDefinedName><VariableType>10</VariableType><VariableScope>I</VariableScope><ExtObjId>1</ExtObjId><VariableLength>50</VariableLength><VarPrecision>0</VarPrecision><Unbounded>N</Unbounded><IsEncrypted>N</IsEncrypted><IsMasked>N</IsMasked><MaskingPattern>X</MaskingPattern>
	</RowData>
	<RowData><ProcessDefId>4</ProcessDefId><VariableId>164</VariableId><SystemDefinedName>mdoc_sap_push</SystemDefinedName><UserDefinedName>mdoc_sap_push</UserDefinedName><VariableType>10</VariableType><VariableScope>I</VariableScope><ExtObjId>1</ExtObjId><VariableLength>50</VariableLength><VarPrecision>0</VarPrecision><Unbounded>N</Unbounded><IsEncrypted>N</IsEncrypted><IsMasked>N</IsMasked><MaskingPattern>X</MaskingPattern>
	</RowData>
	<RowData><ProcessDefId>4</ProcessDefId><VariableId>165</VariableId><SystemDefinedName>service_itemselect</SystemDefinedName><UserDefinedName>service_itemselect</UserDefinedName><VariableType>10</VariableType><VariableScope>I</VariableScope><ExtObjId>1</ExtObjId><VariableLength>250</VariableLength><VarPrecision>0</VarPrecision><Unbounded>N</Unbounded><IsEncrypted>N</IsEncrypted><IsMasked>N</IsMasked><MaskingPattern>X</MaskingPattern>
	</RowData>
	<RowData><ProcessDefId>4</ProcessDefId><VariableId>166</VariableId><SystemDefinedName>complex_orient_service_itemsel</SystemDefinedName><UserDefinedName>q_orient_service_itemsel</UserDefinedName><VariableType>11</VariableType><VariableScope>I</VariableScope><ExtObjId>13</ExtObjId><VariableLength>187</VariableLength><VarPrecision>0</VarPrecision><Unbounded>Y</Unbounded><IsEncrypted>N</IsEncrypted><IsMasked>N</IsMasked><MaskingPattern>X</MaskingPattern>
	</RowData>
	<RowData><ProcessDefId>4</ProcessDefId><VariableId>167</VariableId><SystemDefinedName>asn_number</SystemDefinedName><UserDefinedName>asn_number</UserDefinedName><VariableType>10</VariableType><VariableScope>I</VariableScope><ExtObjId>1</ExtObjId><VariableLength>50</VariableLength><VarPrecision>0</VarPrecision><Unbounded>N</Unbounded><IsEncrypted>N</IsEncrypted><IsMasked>N</IsMasked><MaskingPattern>X</MaskingPattern>
	</RowData>
	<RowData><ProcessDefId>4</ProcessDefId><VariableId>168</VariableId><SystemDefinedName>po_cat</SystemDefinedName><UserDefinedName>po_cat</UserDefinedName><VariableType>10</VariableType><VariableScope>I</VariableScope><ExtObjId>1</ExtObjId><VariableLength>50</VariableLength><VarPrecision>0</VarPrecision><Unbounded>N</Unbounded><IsEncrypted>N</IsEncrypted><IsMasked>N</IsMasked><MaskingPattern>X</MaskingPattern>
	</RowData>
	<RowData><ProcessDefId>4</ProcessDefId><VariableId>169</VariableId><SystemDefinedName>accounts_decision</SystemDefinedName><UserDefinedName>accounts_decision</UserDefinedName><VariableType>10</VariableType><VariableScope>I</VariableScope><ExtObjId>1</ExtObjId><VariableLength>50</VariableLength><VarPrecision>0</VarPrecision><Unbounded>N</Unbounded><IsEncrypted>N</IsEncrypted><IsMasked>N</IsMasked><MaskingPattern>X</MaskingPattern>
	</RowData>
	<RowData><ProcessDefId>4</ProcessDefId><VariableId>170</VariableId><SystemDefinedName>movement_type</SystemDefinedName><UserDefinedName>movement_type</UserDefinedName><VariableType>10</VariableType><VariableScope>I</VariableScope><ExtObjId>1</ExtObjId><VariableLength>50</VariableLength><VarPrecision>0</VarPrecision><Unbounded>N</Unbounded><IsEncrypted>N</IsEncrypted><IsMasked>N</IsMasked><MaskingPattern>X</MaskingPattern>
	</RowData>
	<RowData><ProcessDefId>4</ProcessDefId><VariableId>171</VariableId><SystemDefinedName>inv_post_rev</SystemDefinedName><UserDefinedName>inv_post_rev</UserDefinedName><VariableType>10</VariableType><VariableScope>I</VariableScope><ExtObjId>1</ExtObjId><VariableLength>50</VariableLength><VarPrecision>0</VarPrecision><Unbounded>N</Unbounded><IsEncrypted>N</IsEncrypted><IsMasked>N</IsMasked><MaskingPattern>X</MaskingPattern>
	</RowData>
	<RowData><ProcessDefId>4</ProcessDefId><VariableId>172</VariableId><SystemDefinedName>gateexception_flag</SystemDefinedName><UserDefinedName>gateexception_flag</UserDefinedName><VariableType>10</VariableType><VariableScope>I</VariableScope><ExtObjId>1</ExtObjId><VariableLength>50</VariableLength><VarPrecision>0</VarPrecision><Unbounded>N</Unbounded><IsEncrypted>N</IsEncrypted><IsMasked>N</IsMasked><MaskingPattern>X</MaskingPattern>
	</RowData>
	<RowData><ProcessDefId>4</ProcessDefId><VariableId>173</VariableId><SystemDefinedName>gatehold_decision</SystemDefinedName><UserDefinedName>gatehold_decision</UserDefinedName><VariableType>10</VariableType><VariableScope>I</VariableScope><ExtObjId>1</ExtObjId><VariableLength>50</VariableLength><VarPrecision>0</VarPrecision><Unbounded>N</Unbounded><IsEncrypted>N</IsEncrypted><IsMasked>N</IsMasked><MaskingPattern>X</MaskingPattern>
	</RowData>
	<RowData><ProcessDefId>4</ProcessDefId><VariableId>174</VariableId><SystemDefinedName>gatehold_remarks</SystemDefinedName><UserDefinedName>gatehold_remarks</UserDefinedName><VariableType>10</VariableType><VariableScope>I</VariableScope><ExtObjId>1</ExtObjId><VariableLength>250</VariableLength><VarPrecision>0</VarPrecision><Unbounded>N</Unbounded><IsEncrypted>N</IsEncrypted><IsMasked>N</IsMasked><MaskingPattern>X</MaskingPattern>
	</RowData>
	<RowData><ProcessDefId>4</ProcessDefId><VariableId>175</VariableId><SystemDefinedName>taxcode_service</SystemDefinedName><UserDefinedName>taxcode_service</UserDefinedName><VariableType>10</VariableType><VariableScope>I</VariableScope><ExtObjId>1</ExtObjId><VariableLength>50</VariableLength><VarPrecision>0</VarPrecision><Unbounded>N</Unbounded><IsEncrypted>N</IsEncrypted><IsMasked>N</IsMasked><MaskingPattern>X</MaskingPattern>
	</RowData>
	<RowData><ProcessDefId>4</ProcessDefId><VariableId>176</VariableId><SystemDefinedName>complex_orient_multiplepo</SystemDefinedName><UserDefinedName>q_multiplepo</UserDefinedName><VariableType>11</VariableType><VariableScope>I</VariableScope><ExtObjId>14</ExtObjId><VarPrecision>0</VarPrecision><Unbounded>Y</Unbounded><IsEncrypted>N</IsEncrypted><IsMasked>N</IsMasked><MaskingPattern>X</MaskingPattern>
	</RowData>
	<RowData><ProcessDefId>4</ProcessDefId><VariableId>177</VariableId><SystemDefinedName>inv_park_sap</SystemDefinedName><UserDefinedName>inv_park_sap</UserDefinedName><VariableType>10</VariableType><VariableScope>I</VariableScope><ExtObjId>1</ExtObjId><VariableLength>50</VariableLength><VarPrecision>0</VarPrecision><Unbounded>N</Unbounded><IsEncrypted>N</IsEncrypted><IsMasked>N</IsMasked><MaskingPattern>X</MaskingPattern>
	</RowData>
	<RowData><ProcessDefId>4</ProcessDefId><VariableId>178</VariableId><SystemDefinedName>ParkingSyncStatus</SystemDefinedName><UserDefinedName>ParkingSyncStatus</UserDefinedName><VariableType>10</VariableType><VariableScope>I</VariableScope><ExtObjId>1</ExtObjId><VariableLength>255</VariableLength><VarPrecision>0</VarPrecision><Unbounded>N</Unbounded><IsEncrypted>N</IsEncrypted><IsMasked>N</IsMasked><MaskingPattern>X</MaskingPattern>
	</RowData>
	<RowData><ProcessDefId>4</ProcessDefId><VariableId>179</VariableId><SystemDefinedName>ParkingSyncDate</SystemDefinedName><UserDefinedName>ParkingSyncDate</UserDefinedName><VariableType>10</VariableType><VariableScope>I</VariableScope><ExtObjId>1</ExtObjId><VariableLength>255</VariableLength><VarPrecision>0</VarPrecision><Unbounded>N</Unbounded><IsEncrypted>N</IsEncrypted><IsMasked>N</IsMasked><MaskingPattern>X</MaskingPattern>
	</RowData>
	<RowData><ProcessDefId>4</ProcessDefId><VariableId>180</VariableId><SystemDefinedName>PostingSyncStatus</SystemDefinedName><UserDefinedName>PostingSyncStatus</UserDefinedName><VariableType>10</VariableType><VariableScope>I</VariableScope><ExtObjId>1</ExtObjId><VariableLength>255</VariableLength><VarPrecision>0</VarPrecision><Unbounded>N</Unbounded><IsEncrypted>N</IsEncrypted><IsMasked>N</IsMasked><MaskingPattern>X</MaskingPattern>
	</RowData>
	<RowData><ProcessDefId>4</ProcessDefId><VariableId>181</VariableId><SystemDefinedName>PostingSyncDate</SystemDefinedName><UserDefinedName>PostingSyncDate</UserDefinedName><VariableType>10</VariableType><VariableScope>I</VariableScope><ExtObjId>1</ExtObjId><VariableLength>255</VariableLength><VarPrecision>0</VarPrecision><Unbounded>N</Unbounded><IsEncrypted>N</IsEncrypted><IsMasked>N</IsMasked><MaskingPattern>X</MaskingPattern>
	</RowData>
	<RowData><ProcessDefId>4</ProcessDefId><VariableId>182</VariableId><SystemDefinedName>complex_exception_details</SystemDefinedName><UserDefinedName>q_exception_details</UserDefinedName><VariableType>11</VariableType><VariableScope>I</VariableScope><ExtObjId>15</ExtObjId><VarPrecision>0</VarPrecision><Unbounded>N</Unbounded><IsEncrypted>N</IsEncrypted><IsMasked>N</IsMasked><MaskingPattern>X</MaskingPattern>
	</RowData>
	<RowData><ProcessDefId>4</ProcessDefId><VariableId>183</VariableId><SystemDefinedName>complex_exception_details</SystemDefinedName><UserDefinedName>q1_exception_details</UserDefinedName><VariableType>11</VariableType><VariableScope>I</VariableScope><ExtObjId>15</ExtObjId><VarPrecision>0</VarPrecision><Unbounded>Y</Unbounded><IsEncrypted>N</IsEncrypted><IsMasked>N</IsMasked><MaskingPattern>X</MaskingPattern>
	</RowData>
	<RowData><ProcessDefId>4</ProcessDefId><VariableId>184</VariableId><SystemDefinedName>jobtypepo</SystemDefinedName><UserDefinedName>jobtypepo</UserDefinedName><VariableType>10</VariableType><VariableScope>I</VariableScope><ExtObjId>1</ExtObjId><VariableLength>50</VariableLength><VarPrecision>0</VarPrecision><Unbounded>N</Unbounded><IsEncrypted>N</IsEncrypted><IsMasked>N</IsMasked><MaskingPattern>X</MaskingPattern>
	</RowData>
	<RowData><ProcessDefId>4</ProcessDefId><VariableId>185</VariableId><SystemDefinedName>tcs</SystemDefinedName><UserDefinedName>tcs</UserDefinedName><VariableType>10</VariableType><VariableScope>I</VariableScope><ExtObjId>1</ExtObjId><VariableLength>50</VariableLength><VarPrecision>0</VarPrecision><Unbounded>N</Unbounded><IsEncrypted>N</IsEncrypted><IsMasked>N</IsMasked><MaskingPattern>X</MaskingPattern>
	</RowData>
	<RowData><ProcessDefId>4</ProcessDefId><VariableId>186</VariableId><SystemDefinedName>tsc_flag</SystemDefinedName><UserDefinedName>tsc_flag</UserDefinedName><VariableType>10</VariableType><VariableScope>I</VariableScope><ExtObjId>1</ExtObjId><VariableLength>50</VariableLength><VarPrecision>0</VarPrecision><Unbounded>N</Unbounded><IsEncrypted>N</IsEncrypted><IsMasked>N</IsMasked><MaskingPattern>X</MaskingPattern>
	</RowData>
	<RowData><ProcessDefId>4</ProcessDefId><VariableId>187</VariableId><SystemDefinedName>ParkingException_decision</SystemDefinedName><UserDefinedName>ParkingException_decision</UserDefinedName><VariableType>10</VariableType><VariableScope>I</VariableScope><ExtObjId>1</ExtObjId><VariableLength>50</VariableLength><VarPrecision>0</VarPrecision><Unbounded>N</Unbounded><IsEncrypted>N</IsEncrypted><IsMasked>N</IsMasked><MaskingPattern>X</MaskingPattern>
	</RowData>
	<RowData><ProcessDefId>4</ProcessDefId><VariableId>188</VariableId><SystemDefinedName>total_inv</SystemDefinedName><UserDefinedName>total_inv</UserDefinedName><VariableType>10</VariableType><VariableScope>I</VariableScope><ExtObjId>1</ExtObjId><VariableLength>50</VariableLength><VarPrecision>0</VarPrecision><Unbounded>N</Unbounded><IsEncrypted>N</IsEncrypted><IsMasked>N</IsMasked><MaskingPattern>X</MaskingPattern>
	</RowData>
	<RowData><ProcessDefId>4</ProcessDefId><VariableId>189</VariableId><SystemDefinedName>total_tcs_freight</SystemDefinedName><UserDefinedName>total_tcs_freight</UserDefinedName><VariableType>10</VariableType><VariableScope>I</VariableScope><ExtObjId>1</ExtObjId><VariableLength>50</VariableLength><VarPrecision>0</VarPrecision><Unbounded>N</Unbounded><IsEncrypted>N</IsEncrypted><IsMasked>N</IsMasked><MaskingPattern>X</MaskingPattern>
	</RowData>
	<RowData><ProcessDefId>4</ProcessDefId><VariableId>190</VariableId><SystemDefinedName>freight</SystemDefinedName><UserDefinedName>freight</UserDefinedName><VariableType>10</VariableType><VariableScope>I</VariableScope><ExtObjId>1</ExtObjId><VariableLength>50</VariableLength><VarPrecision>0</VarPrecision><Unbounded>N</Unbounded><IsEncrypted>N</IsEncrypted><IsMasked>N</IsMasked><MaskingPattern>X</MaskingPattern>
	</RowData>
	<RowData><ProcessDefId>4</ProcessDefId><VariableId>191</VariableId><SystemDefinedName>freight_value</SystemDefinedName><UserDefinedName>freight_value</UserDefinedName><VariableType>6</VariableType><VariableScope>I</VariableScope><ExtObjId>1</ExtObjId><VariableLength>38</VariableLength><VarPrecision>2</VarPrecision><Unbounded>N</Unbounded><IsEncrypted>N</IsEncrypted><IsMasked>N</IsMasked><MaskingPattern>X</MaskingPattern>
	</RowData>
	<RowData><ProcessDefId>4</ProcessDefId><VariableId>192</VariableId><SystemDefinedName>po_total</SystemDefinedName><UserDefinedName>po_total</UserDefinedName><VariableType>10</VariableType><VariableScope>I</VariableScope><ExtObjId>1</ExtObjId><VariableLength>50</VariableLength><VarPrecision>0</VarPrecision><Unbounded>N</Unbounded><IsEncrypted>N</IsEncrypted><IsMasked>N</IsMasked><MaskingPattern>X</MaskingPattern>
	</RowData>
	<RowData><ProcessDefId>4</ProcessDefId><VariableId>193</VariableId><SystemDefinedName>fiscalyear</SystemDefinedName><UserDefinedName>fiscalyear</UserDefinedName><VariableType>10</VariableType><VariableScope>I</VariableScope><ExtObjId>1</ExtObjId><VariableLength>50</VariableLength><VarPrecision>0</VarPrecision><Unbounded>N</Unbounded><IsEncrypted>N</IsEncrypted><IsMasked>N</IsMasked><MaskingPattern>X</MaskingPattern>
	</RowData>
	<RowData><ProcessDefId>4</ProcessDefId><VariableId>194</VariableId><SystemDefinedName>invoiceamount_int</SystemDefinedName><UserDefinedName>invoiceamount_int</UserDefinedName><VariableType>6</VariableType><VariableScope>I</VariableScope><ExtObjId>1</ExtObjId><VariableLength>38</VariableLength><VarPrecision>2</VarPrecision><Unbounded>N</Unbounded><IsEncrypted>N</IsEncrypted><IsMasked>N</IsMasked><MaskingPattern>X</MaskingPattern>
	</RowData>
	<RowData><ProcessDefId>4</ProcessDefId><VariableId>195</VariableId><SystemDefinedName>PostingException_decision</SystemDefinedName><UserDefinedName>PostingException_decision</UserDefinedName><VariableType>10</VariableType><VariableScope>I</VariableScope><ExtObjId>1</ExtObjId><VariableLength>50</VariableLength><VarPrecision>0</VarPrecision><Unbounded>N</Unbounded><IsEncrypted>N</IsEncrypted><IsMasked>N</IsMasked><MaskingPattern>X</MaskingPattern>
	</RowData>
	<RowData><ProcessDefId>4</ProcessDefId><VariableId>196</VariableId><SystemDefinedName>tdsflag</SystemDefinedName><UserDefinedName>tdsflag</UserDefinedName><VariableType>10</VariableType><VariableScope>I</VariableScope><ExtObjId>1</ExtObjId><VariableLength>50</VariableLength><VarPrecision>0</VarPrecision><Unbounded>N</Unbounded><IsEncrypted>N</IsEncrypted><IsMasked>N</IsMasked><MaskingPattern>X</MaskingPattern>
	</RowData>
	<RowData><ProcessDefId>4</ProcessDefId><VariableId>197</VariableId><SystemDefinedName>manual_inv_park</SystemDefinedName><UserDefinedName>manual_inv_park</UserDefinedName><VariableType>10</VariableType><VariableScope>I</VariableScope><ExtObjId>1</ExtObjId><VariableLength>255</VariableLength><VarPrecision>0</VarPrecision><Unbounded>N</Unbounded><IsEncrypted>N</IsEncrypted><IsMasked>N</IsMasked><MaskingPattern>X</MaskingPattern>
	</RowData>
	<RowData><ProcessDefId>4</ProcessDefId><VariableId>10001</VariableId><SystemDefinedName>CalendarName</SystemDefinedName><UserDefinedName>CalendarName</UserDefinedName><VariableType>10</VariableType><VariableScope>M</VariableScope><ExtObjId>0</ExtObjId><VarPrecision>0</VarPrecision><Unbounded>N</Unbounded><IsEncrypted>N</IsEncrypted><IsMasked>N</IsMasked><MaskingPattern>X</MaskingPattern>
	</RowData>
	<RowData><ProcessDefId>4</ProcessDefId><VariableId>10002</VariableId><SystemDefinedName>ExpectedWorkitemDelay</SystemDefinedName><UserDefinedName>TurnAroundDateTime</UserDefinedName><VariableType>8</VariableType><VariableScope>S</VariableScope><ExtObjId>0</ExtObjId><VarPrecision>0</VarPrecision><Unbounded>N</Unbounded><IsEncrypted>N</IsEncrypted><IsMasked>N</IsMasked><MaskingPattern>X</MaskingPattern>
	</RowData>
	<RowData><ProcessDefId>4</ProcessDefId><VariableId>10003</VariableId><SystemDefinedName>IntroducedAt</SystemDefinedName><UserDefinedName>IntroducedAt</UserDefinedName><VariableType>10</VariableType><VariableScope>S</VariableScope><ExtObjId>0</ExtObjId><VarPrecision>0</VarPrecision><Unbounded>N</Unbounded><IsEncrypted>N</IsEncrypted><IsMasked>N</IsMasked><MaskingPattern>X</MaskingPattern>
	</RowData>
	<RowData><ProcessDefId>4</ProcessDefId><VariableId>10004</VariableId><SystemDefinedName>WorkItemId</SystemDefinedName><UserDefinedName>WorkItemId</UserDefinedName><VariableType>3</VariableType><VariableScope>S</VariableScope><ExtObjId>0</ExtObjId><VarPrecision>0</VarPrecision><Unbounded>N</Unbounded><IsEncrypted>N</IsEncrypted><IsMasked>N</IsMasked><MaskingPattern>X</MaskingPattern>
	</RowData>
	<RowData><ProcessDefId>4</ProcessDefId><VariableId>10006</VariableId><SystemDefinedName>VAR_DATE5</SystemDefinedName><VariableType>8</VariableType><VariableScope>U</VariableScope><ExtObjId>0</ExtObjId><VarPrecision>0</VarPrecision><Unbounded>N</Unbounded><IsEncrypted>N</IsEncrypted><IsMasked>N</IsMasked><MaskingPattern>X</MaskingPattern>
	</RowData>
	<RowData><ProcessDefId>4</ProcessDefId><VariableId>10007</VariableId><SystemDefinedName>VAR_DATE6</SystemDefinedName><VariableType>8</VariableType><VariableScope>U</VariableScope><ExtObjId>0</ExtObjId><VarPrecision>0</VarPrecision><Unbounded>N</Unbounded><IsEncrypted>N</IsEncrypted><IsMasked>N</IsMasked><MaskingPattern>X</MaskingPattern>
	</RowData>
	<RowData><ProcessDefId>4</ProcessDefId><VariableId>10008</VariableId><SystemDefinedName>VAR_LONG5</SystemDefinedName><VariableType>4</VariableType><VariableScope>U</VariableScope><ExtObjId>0</ExtObjId><VarPrecision>0</VarPrecision><Unbounded>N</Unbounded><IsEncrypted>N</IsEncrypted><IsMasked>N</IsMasked><MaskingPattern>X</MaskingPattern>
	</RowData>
	<RowData><ProcessDefId>4</ProcessDefId><VariableId>10009</VariableId><SystemDefinedName>VAR_LONG6</SystemDefinedName><VariableType>4</VariableType><VariableScope>U</VariableScope><ExtObjId>0</ExtObjId><VarPrecision>0</VarPrecision><Unbounded>N</Unbounded><IsEncrypted>N</IsEncrypted><IsMasked>N</IsMasked><MaskingPattern>X</MaskingPattern>
	</RowData>
	<RowData><ProcessDefId>4</ProcessDefId><VariableId>10010</VariableId><SystemDefinedName>VAR_STR9</SystemDefinedName><VariableType>10</VariableType><VariableScope>U</VariableScope><ExtObjId>0</ExtObjId><VariableLength>255</VariableLength><VarPrecision>0</VarPrecision><Unbounded>N</Unbounded><IsEncrypted>N</IsEncrypted><IsMasked>N</IsMasked><MaskingPattern>X</MaskingPattern>
	</RowData>
	<RowData><ProcessDefId>4</ProcessDefId><VariableId>10011</VariableId><SystemDefinedName>VAR_STR10</SystemDefinedName><VariableType>10</VariableType><VariableScope>U</VariableScope><ExtObjId>0</ExtObjId><VariableLength>255</VariableLength><VarPrecision>0</VarPrecision><Unbounded>N</Unbounded><IsEncrypted>N</IsEncrypted><IsMasked>N</IsMasked><MaskingPattern>X</MaskingPattern>
	</RowData>
	<RowData><ProcessDefId>4</ProcessDefId><VariableId>10012</VariableId><SystemDefinedName>VAR_STR11</SystemDefinedName><VariableType>10</VariableType><VariableScope>U</VariableScope><ExtObjId>0</ExtObjId><VariableLength>255</VariableLength><VarPrecision>0</VarPrecision><Unbounded>N</Unbounded><IsEncrypted>N</IsEncrypted><IsMasked>N</IsMasked><MaskingPattern>X</MaskingPattern>
	</RowData>
	<RowData><ProcessDefId>4</ProcessDefId><VariableId>10013</VariableId><SystemDefinedName>VAR_STR12</SystemDefinedName><VariableType>10</VariableType><VariableScope>U</VariableScope><ExtObjId>0</ExtObjId><VariableLength>255</VariableLength><VarPrecision>0</VarPrecision><Unbounded>N</Unbounded><IsEncrypted>N</IsEncrypted><IsMasked>N</IsMasked><MaskingPattern>X</MaskingPattern>
	</RowData>
	<RowData><ProcessDefId>4</ProcessDefId><VariableId>10014</VariableId><SystemDefinedName>VAR_STR13</SystemDefinedName><VariableType>10</VariableType><VariableScope>U</VariableScope><ExtObjId>0</ExtObjId><VariableLength>255</VariableLength><VarPrecision>0</VarPrecision><Unbounded>N</Unbounded><IsEncrypted>N</IsEncrypted><IsMasked>N</IsMasked><MaskingPattern>X</MaskingPattern>
	</RowData>
	<RowData><ProcessDefId>4</ProcessDefId><VariableId>10015</VariableId><SystemDefinedName>VAR_STR14</SystemDefinedName><VariableType>10</VariableType><VariableScope>U</VariableScope><ExtObjId>0</ExtObjId><VariableLength>255</VariableLength><VarPrecision>0</VarPrecision><Unbounded>N</Unbounded><IsEncrypted>N</IsEncrypted><IsMasked>N</IsMasked><MaskingPattern>X</MaskingPattern>
	</RowData>
	<RowData><ProcessDefId>4</ProcessDefId><VariableId>10016</VariableId><SystemDefinedName>VAR_STR15</SystemDefinedName><VariableType>10</VariableType><VariableScope>U</VariableScope><ExtObjId>0</ExtObjId><VariableLength>255</VariableLength><VarPrecision>0</VarPrecision><Unbounded>N</Unbounded><IsEncrypted>N</IsEncrypted><IsMasked>N</IsMasked><MaskingPattern>X</MaskingPattern>
	</RowData>
	<RowData><ProcessDefId>4</ProcessDefId><VariableId>10017</VariableId><SystemDefinedName>VAR_STR16</SystemDefinedName><VariableType>10</VariableType><VariableScope>U</VariableScope><ExtObjId>0</ExtObjId><VariableLength>255</VariableLength><VarPrecision>0</VarPrecision><Unbounded>N</Unbounded><IsEncrypted>N</IsEncrypted><IsMasked>N</IsMasked><MaskingPattern>X</MaskingPattern>
	</RowData>
	<RowData><ProcessDefId>4</ProcessDefId><VariableId>10018</VariableId><SystemDefinedName>VAR_STR17</SystemDefinedName><VariableType>10</VariableType><VariableScope>U</VariableScope><ExtObjId>0</ExtObjId><VariableLength>255</VariableLength><VarPrecision>0</VarPrecision><Unbounded>N</Unbounded><IsEncrypted>N</IsEncrypted><IsMasked>N</IsMasked><MaskingPattern>X</MaskingPattern>
	</RowData>
	<RowData><ProcessDefId>4</ProcessDefId><VariableId>10019</VariableId><SystemDefinedName>VAR_STR18</SystemDefinedName><VariableType>10</VariableType><VariableScope>U</VariableScope><ExtObjId>0</ExtObjId><VariableLength>255</VariableLength><VarPrecision>0</VarPrecision><Unbounded>N</Unbounded><IsEncrypted>N</IsEncrypted><IsMasked>N</IsMasked><MaskingPattern>X</MaskingPattern>
	</RowData>
	<RowData><ProcessDefId>4</ProcessDefId><VariableId>10020</VariableId><SystemDefinedName>VAR_STR19</SystemDefinedName><VariableType>10</VariableType><VariableScope>U</VariableScope><ExtObjId>0</ExtObjId><VariableLength>255</VariableLength><VarPrecision>0</VarPrecision><Unbounded>N</Unbounded><IsEncrypted>N</IsEncrypted><IsMasked>N</IsMasked><MaskingPattern>X</MaskingPattern>
	</RowData>
	<RowData><ProcessDefId>4</ProcessDefId><VariableId>10021</VariableId><SystemDefinedName>VAR_STR20</SystemDefinedName><UserDefinedName>q_autopost</UserDefinedName><VariableType>10</VariableType><VariableScope>U</VariableScope><ExtObjId>0</ExtObjId><VariableLength>255</VariableLength><VarPrecision>0</VarPrecision><Unbounded>N</Unbounded><IsEncrypted>N</IsEncrypted><IsMasked>N</IsMasked><MaskingPattern>X</MaskingPattern>
	</RowData>
</PMWVARMAPPINGTABLE_1>