<PMWWORKSTAGELINKTABLE>
	<RowData><ProcessDefId>4</ProcessDefId><SourceId>14</SourceId><TargetId>17</TargetId><Color>1234</Color><Type>D</Type><ConnectionId>16</ConnectionId>
	</RowData>
	<RowData><ProcessDefId>4</ProcessDefId><SourceId>31</SourceId><TargetId>5</TargetId><Color>1234</Color><Type>D</Type><ConnectionId>69</ConnectionId>
	</RowData>
	<RowData><ProcessDefId>4</ProcessDefId><SourceId>16</SourceId><TargetId>14</TargetId><Color>1234</Color><Type>D</Type><ConnectionId>108</ConnectionId>
	</RowData>
	<RowData><ProcessDefId>4</ProcessDefId><SourceId>45</SourceId><TargetId>12</TargetId><Color>1234</Color><Type>D</Type><ConnectionId>123</ConnectionId>
	</RowData>
	<RowData><ProcessDefId>4</ProcessDefId><SourceId>10</SourceId><TargetId>7</TargetId><Color>1234</Color><Type>D</Type><ConnectionId>174</ConnectionId>
	</RowData>
	<RowData><ProcessDefId>4</ProcessDefId><SourceId>20</SourceId><TargetId>23</TargetId><Color>1234</Color><Type>D</Type><ConnectionId>29</ConnectionId>
	</RowData>
	<RowData><ProcessDefId>4</ProcessDefId><SourceId>54</SourceId><TargetId>55</TargetId><Color>1234</Color><Type>D</Type><ConnectionId>179</ConnectionId>
	</RowData>
	<RowData><ProcessDefId>4</ProcessDefId><SourceId>1</SourceId><TargetId>59</TargetId><Color>1234</Color><Type>D</Type><ConnectionId>191</ConnectionId>
	</RowData>
	<RowData><ProcessDefId>4</ProcessDefId><SourceId>59</SourceId><TargetId>60</TargetId><Color>1234</Color><Type>D</Type><ConnectionId>192</ConnectionId>
	</RowData>
	<RowData><ProcessDefId>4</ProcessDefId><SourceId>42</SourceId><TargetId>62</TargetId><Color>1234</Color><Type>D</Type><ConnectionId>200</ConnectionId>
	</RowData>
	<RowData><ProcessDefId>4</ProcessDefId><SourceId>60</SourceId><TargetId>3</TargetId><Color>1234</Color><Type>D</Type><ConnectionId>203</ConnectionId>
	</RowData>
	<RowData><ProcessDefId>4</ProcessDefId><SourceId>63</SourceId><TargetId>3</TargetId><Color>1234</Color><Type>D</Type><ConnectionId>204</ConnectionId>
	</RowData>
	<RowData><ProcessDefId>4</ProcessDefId><SourceId>30</SourceId><TargetId>64</TargetId><Color>1234</Color><Type>D</Type><ConnectionId>206</ConnectionId>
	</RowData>
	<RowData><ProcessDefId>4</ProcessDefId><SourceId>28</SourceId><TargetId>3</TargetId><Color>1234</Color><Type>D</Type><ConnectionId>213</ConnectionId>
	</RowData>
	<RowData><ProcessDefId>4</ProcessDefId><SourceId>7</SourceId><TargetId>53</TargetId><Color>1234</Color><Type>D</Type><ConnectionId>228</ConnectionId>
	</RowData>
	<RowData><ProcessDefId>4</ProcessDefId><SourceId>3</SourceId><TargetId>5</TargetId><Color>1234</Color><Type>D</Type><ConnectionId>238</ConnectionId>
	</RowData>
	<RowData><ProcessDefId>4</ProcessDefId><SourceId>67</SourceId><TargetId>69</TargetId><Color>1234</Color><Type>D</Type><ConnectionId>273</ConnectionId>
	</RowData>
	<RowData><ProcessDefId>4</ProcessDefId><SourceId>66</SourceId><TargetId>68</TargetId><Color>1234</Color><Type>D</Type><ConnectionId>274</ConnectionId>
	</RowData>
	<RowData><ProcessDefId>4</ProcessDefId><SourceId>5</SourceId><TargetId>28</TargetId><Color>1234</Color><Type>D</Type><ConnectionId>279</ConnectionId>
	</RowData>
	<RowData><ProcessDefId>4</ProcessDefId><SourceId>5</SourceId><TargetId>14</TargetId><Color>1234</Color><Type>D</Type><ConnectionId>280</ConnectionId>
	</RowData>
	<RowData><ProcessDefId>4</ProcessDefId><SourceId>5</SourceId><TargetId>7</TargetId><Color>1234</Color><Type>D</Type><ConnectionId>281</ConnectionId>
	</RowData>
	<RowData><ProcessDefId>4</ProcessDefId><SourceId>5</SourceId><TargetId>31</TargetId><Color>1234</Color><Type>D</Type><ConnectionId>282</ConnectionId>
	</RowData>
	<RowData><ProcessDefId>4</ProcessDefId><SourceId>68</SourceId><TargetId>54</TargetId><Color>1234</Color><Type>D</Type><ConnectionId>287</ConnectionId>
	</RowData>
	<RowData><ProcessDefId>4</ProcessDefId><SourceId>68</SourceId><TargetId>71</TargetId><Color>1234</Color><Type>D</Type><ConnectionId>288</ConnectionId>
	</RowData>
	<RowData><ProcessDefId>4</ProcessDefId><SourceId>53</SourceId><TargetId>65</TargetId><Color>1234</Color><Type>D</Type><ConnectionId>292</ConnectionId>
	</RowData>
	<RowData><ProcessDefId>4</ProcessDefId><SourceId>53</SourceId><TargetId>10</TargetId><Color>1234</Color><Type>D</Type><ConnectionId>293</ConnectionId>
	</RowData>
	<RowData><ProcessDefId>4</ProcessDefId><SourceId>53</SourceId><TargetId>67</TargetId><Color>1234</Color><Type>D</Type><ConnectionId>294</ConnectionId>
	</RowData>
	<RowData><ProcessDefId>4</ProcessDefId><SourceId>53</SourceId><TargetId>14</TargetId><Color>1234</Color><Type>D</Type><ConnectionId>295</ConnectionId>
	</RowData>
	<RowData><ProcessDefId>4</ProcessDefId><SourceId>53</SourceId><TargetId>20</TargetId><Color>1234</Color><Type>D</Type><ConnectionId>296</ConnectionId>
	</RowData>
	<RowData><ProcessDefId>4</ProcessDefId><SourceId>55</SourceId><TargetId>30</TargetId><Color>1234</Color><Type>D</Type><ConnectionId>302</ConnectionId>
	</RowData>
	<RowData><ProcessDefId>4</ProcessDefId><SourceId>55</SourceId><TargetId>45</TargetId><Color>1234</Color><Type>D</Type><ConnectionId>303</ConnectionId>
	</RowData>
	<RowData><ProcessDefId>4</ProcessDefId><SourceId>64</SourceId><TargetId>65</TargetId><Color>1234</Color><Type>D</Type><ConnectionId>308</ConnectionId>
	</RowData>
	<RowData><ProcessDefId>4</ProcessDefId><SourceId>64</SourceId><TargetId>42</TargetId><Color>1234</Color><Type>D</Type><ConnectionId>309</ConnectionId>
	</RowData>
	<RowData><ProcessDefId>4</ProcessDefId><SourceId>70</SourceId><TargetId>72</TargetId><Color>1234</Color><Type>D</Type><ConnectionId>310</ConnectionId>
	</RowData>
	<RowData><ProcessDefId>4</ProcessDefId><SourceId>72</SourceId><TargetId>65</TargetId><Color>1234</Color><Type>D</Type><ConnectionId>311</ConnectionId>
	</RowData>
	<RowData><ProcessDefId>4</ProcessDefId><SourceId>72</SourceId><TargetId>14</TargetId><Color>1234</Color><Type>D</Type><ConnectionId>312</ConnectionId>
	</RowData>
	<RowData><ProcessDefId>4</ProcessDefId><SourceId>72</SourceId><TargetId>42</TargetId><Color>1234</Color><Type>D</Type><ConnectionId>313</ConnectionId>
	</RowData>
	<RowData><ProcessDefId>4</ProcessDefId><SourceId>72</SourceId><TargetId>67</TargetId><Color>1234</Color><Type>D</Type><ConnectionId>314</ConnectionId>
	</RowData>
	<RowData><ProcessDefId>4</ProcessDefId><SourceId>17</SourceId><TargetId>65</TargetId><Color>1234</Color><Type>D</Type><ConnectionId>315</ConnectionId>
	</RowData>
	<RowData><ProcessDefId>4</ProcessDefId><SourceId>17</SourceId><TargetId>16</TargetId><Color>1234</Color><Type>D</Type><ConnectionId>316</ConnectionId>
	</RowData>
	<RowData><ProcessDefId>4</ProcessDefId><SourceId>17</SourceId><TargetId>67</TargetId><Color>1234</Color><Type>D</Type><ConnectionId>317</ConnectionId>
	</RowData>
	<RowData><ProcessDefId>4</ProcessDefId><SourceId>17</SourceId><TargetId>20</TargetId><Color>1234</Color><Type>D</Type><ConnectionId>318</ConnectionId>
	</RowData>
	<RowData><ProcessDefId>4</ProcessDefId><SourceId>17</SourceId><TargetId>7</TargetId><Color>1234</Color><Type>D</Type><ConnectionId>319</ConnectionId>
	</RowData>
	<RowData><ProcessDefId>4</ProcessDefId><SourceId>62</SourceId><TargetId>65</TargetId><Color>1234</Color><Type>D</Type><ConnectionId>320</ConnectionId>
	</RowData>
	<RowData><ProcessDefId>4</ProcessDefId><SourceId>62</SourceId><TargetId>54</TargetId><Color>1234</Color><Type>D</Type><ConnectionId>321</ConnectionId>
	</RowData>
	<RowData><ProcessDefId>4</ProcessDefId><SourceId>62</SourceId><TargetId>30</TargetId><Color>1234</Color><Type>D</Type><ConnectionId>322</ConnectionId>
	</RowData>
	<RowData><ProcessDefId>4</ProcessDefId><SourceId>23</SourceId><TargetId>67</TargetId><Color>1234</Color><Type>D</Type><ConnectionId>323</ConnectionId>
	</RowData>
	<RowData><ProcessDefId>4</ProcessDefId><SourceId>23</SourceId><TargetId>14</TargetId><Color>1234</Color><Type>D</Type><ConnectionId>324</ConnectionId>
	</RowData>
	<RowData><ProcessDefId>4</ProcessDefId><SourceId>71</SourceId><TargetId>73</TargetId><Color>1234</Color><Type>D</Type><ConnectionId>328</ConnectionId>
	</RowData>
	<RowData><ProcessDefId>4</ProcessDefId><SourceId>73</SourceId><TargetId>54</TargetId><Color>1234</Color><Type>D</Type><ConnectionId>329</ConnectionId>
	</RowData>
	<RowData><ProcessDefId>4</ProcessDefId><SourceId>73</SourceId><TargetId>65</TargetId><Color>1234</Color><Type>D</Type><ConnectionId>330</ConnectionId>
	</RowData>
	<RowData><ProcessDefId>4</ProcessDefId><SourceId>69</SourceId><TargetId>70</TargetId><Color>1234</Color><Type>D</Type><ConnectionId>331</ConnectionId>
	</RowData>
	<RowData><ProcessDefId>4</ProcessDefId><SourceId>69</SourceId><TargetId>42</TargetId><Color>1234</Color><Type>D</Type><ConnectionId>332</ConnectionId>
	</RowData>
	<RowData><ProcessDefId>4</ProcessDefId><SourceId>69</SourceId><TargetId>66</TargetId><Color>1234</Color><Type>D</Type><ConnectionId>333</ConnectionId>
	</RowData>
</PMWWORKSTAGELINKTABLE>